timestamp,threshold,expiry_bucket,avg_ms,min_ms,max_ms,count
2026-01-08T00:28:55.740Z,0.95,60-300s,4,4,4,1
2026-01-08T00:28:55.740Z,0.98,60-300s,16,4,35,3
2026-01-08T00:28:55.740Z,0.985,60-300s,16,4,35,3
2026-01-08T00:28:55.740Z,0.99,60-300s,22,4,42,4
2026-01-08T00:28:55.740Z,0.995,60-300s,22,4,42,4
2026-01-08T00:29:55.739Z,0.95,60-300s,4,4,4,1
2026-01-08T00:29:55.739Z,0.98,30-60s,0,0,0,1
2026-01-08T00:29:55.739Z,0.98,60-300s,25,4,51,4
2026-01-08T00:29:55.739Z,0.985,30-60s,0,0,0,1
2026-01-08T00:29:55.739Z,0.985,60-300s,25,4,51,4
2026-01-08T00:29:55.739Z,0.99,30-60s,0,0,0,1
2026-01-08T00:29:55.739Z,0.99,60-300s,28,4,51,5
2026-01-08T00:29:55.739Z,0.995,30-60s,0,0,0,1
2026-01-08T00:29:55.739Z,0.995,60-300s,28,4,51,5
2026-01-08T00:30:55.739Z,0.95,60-300s,4,4,4,1
2026-01-08T00:30:55.739Z,0.98,30-60s,0,0,0,1
2026-01-08T00:30:55.739Z,0.98,60-300s,25,4,51,4
2026-01-08T00:30:55.739Z,0.98,5-15m,14,1,46,7
2026-01-08T00:30:55.739Z,0.985,30-60s,0,0,0,1
2026-01-08T00:30:55.739Z,0.985,60-300s,25,4,51,4
2026-01-08T00:30:55.739Z,0.985,5-15m,14,1,46,7
2026-01-08T00:30:55.739Z,0.99,30-60s,0,0,0,1
2026-01-08T00:30:55.739Z,0.99,60-300s,28,4,51,5
2026-01-08T00:30:55.739Z,0.99,5-15m,12,0,46,10
2026-01-08T00:30:55.739Z,0.995,30-60s,0,0,0,1
2026-01-08T00:30:55.739Z,0.995,60-300s,28,4,51,5
2026-01-08T00:30:55.739Z,0.995,5-15m,12,0,46,10
2026-01-08T00:31:55.740Z,0.95,60-300s,4,4,4,1
2026-01-08T00:31:55.740Z,0.98,30-60s,0,0,0,1
2026-01-08T00:31:55.740Z,0.98,60-300s,25,4,51,4
2026-01-08T00:31:55.740Z,0.98,5-15m,25,1,84,10
2026-01-08T00:31:55.740Z,0.985,30-60s,0,0,0,1
2026-01-08T00:31:55.740Z,0.985,60-300s,25,4,51,4
2026-01-08T00:31:55.740Z,0.985,5-15m,25,1,84,10
2026-01-08T00:31:55.740Z,0.99,30-60s,0,0,0,1
2026-01-08T00:31:55.740Z,0.99,60-300s,28,4,51,5
2026-01-08T00:31:55.740Z,0.99,5-15m,20,0,84,18
2026-01-08T00:31:55.740Z,0.995,30-60s,0,0,0,1
2026-01-08T00:31:55.740Z,0.995,60-300s,28,4,51,5
2026-01-08T00:31:55.740Z,0.995,5-15m,20,0,84,18
2026-01-08T00:32:55.740Z,0.95,60-300s,4,4,4,1
2026-01-08T00:32:55.740Z,0.98,30-60s,0,0,0,1
2026-01-08T00:32:55.740Z,0.98,60-300s,25,4,51,4
2026-01-08T00:32:55.740Z,0.98,5-15m,27,1,84,11
2026-01-08T00:32:55.740Z,0.985,30-60s,0,0,0,1
2026-01-08T00:32:55.740Z,0.985,60-300s,25,4,51,4
2026-01-08T00:32:55.740Z,0.985,5-15m,27,1,84,11
2026-01-08T00:32:55.740Z,0.99,30-60s,0,0,0,1
2026-01-08T00:32:55.740Z,0.99,60-300s,28,4,51,5
2026-01-08T00:32:55.740Z,0.99,5-15m,20,0,84,22
2026-01-08T00:32:55.740Z,0.995,30-60s,0,0,0,1
2026-01-08T00:32:55.740Z,0.995,60-300s,28,4,51,5
2026-01-08T00:32:55.740Z,0.995,5-15m,20,0,84,22
2026-01-08T00:33:55.741Z,0.95,60-300s,4,4,4,1
2026-01-08T00:33:55.741Z,0.98,30-60s,0,0,0,1
2026-01-08T00:33:55.741Z,0.98,60-300s,25,4,51,4
2026-01-08T00:33:55.741Z,0.98,5-15m,22,0,84,15
2026-01-08T00:33:55.741Z,0.985,30-60s,0,0,0,1
2026-01-08T00:33:55.741Z,0.985,60-300s,25,4,51,4
2026-01-08T00:33:55.741Z,0.985,5-15m,22,0,84,15
2026-01-08T00:33:55.741Z,0.99,30-60s,0,0,0,1
2026-01-08T00:33:55.741Z,0.99,60-300s,28,4,51,5
2026-01-08T00:33:55.741Z,0.99,5-15m,18,0,84,34
2026-01-08T00:33:55.741Z,0.995,30-60s,0,0,0,1
2026-01-08T00:33:55.741Z,0.995,60-300s,28,4,51,5
2026-01-08T00:33:55.741Z,0.995,5-15m,18,0,84,34
2026-01-08T00:34:55.741Z,0.95,60-300s,4,4,4,1
2026-01-08T00:34:55.741Z,0.98,30-60s,0,0,0,1
2026-01-08T00:34:55.741Z,0.98,60-300s,25,4,51,4
2026-01-08T00:34:55.741Z,0.98,5-15m,19,0,84,21
2026-01-08T00:34:55.741Z,0.985,30-60s,0,0,0,1
2026-01-08T00:34:55.741Z,0.985,60-300s,25,4,51,4
2026-01-08T00:34:55.741Z,0.985,5-15m,19,0,84,21
2026-01-08T00:34:55.741Z,0.99,30-60s,0,0,0,1
2026-01-08T00:34:55.741Z,0.99,60-300s,28,4,51,5
2026-01-08T00:34:55.741Z,0.99,5-15m,15,0,84,45
2026-01-08T00:34:55.741Z,0.995,30-60s,0,0,0,1
2026-01-08T00:34:55.741Z,0.995,60-300s,28,4,51,5
2026-01-08T00:34:55.741Z,0.995,5-15m,15,0,84,45
2026-01-08T00:35:55.741Z,0.95,60-300s,4,4,4,1
2026-01-08T00:35:55.741Z,0.95,5-15m,5,3,7,2
2026-01-08T00:35:55.741Z,0.98,30-60s,0,0,0,1
2026-01-08T00:35:55.741Z,0.98,60-300s,25,4,51,4
2026-01-08T00:35:55.741Z,0.98,5-15m,17,0,84,27
2026-01-08T00:35:55.741Z,0.985,30-60s,0,0,0,1
2026-01-08T00:35:55.741Z,0.985,60-300s,25,4,51,4
2026-01-08T00:35:55.741Z,0.985,5-15m,17,0,84,27
2026-01-08T00:35:55.741Z,0.99,30-60s,0,0,0,1
2026-01-08T00:35:55.741Z,0.99,60-300s,28,4,51,5
2026-01-08T00:35:55.741Z,0.99,5-15m,14,0,84,58
2026-01-08T00:35:55.741Z,0.995,30-60s,0,0,0,1
2026-01-08T00:35:55.741Z,0.995,60-300s,28,4,51,5
2026-01-08T00:35:55.741Z,0.995,5-15m,14,0,84,58
2026-01-08T00:36:55.742Z,0.95,60-300s,4,4,4,1
2026-01-08T00:36:55.742Z,0.95,5-15m,5,3,7,2
2026-01-08T00:36:55.742Z,0.98,30-60s,0,0,0,1
2026-01-08T00:36:55.742Z,0.98,60-300s,25,4,51,4
2026-01-08T00:36:55.742Z,0.98,5-15m,16,0,84,30
2026-01-08T00:36:55.742Z,0.985,30-60s,0,0,0,1
2026-01-08T00:36:55.742Z,0.985,60-300s,25,4,51,4
2026-01-08T00:36:55.742Z,0.985,5-15m,16,0,84,30
2026-01-08T00:36:55.742Z,0.99,30-60s,0,0,0,1
2026-01-08T00:36:55.742Z,0.99,60-300s,28,4,51,5
2026-01-08T00:36:55.742Z,0.99,5-15m,15,0,84,70
2026-01-08T00:36:55.742Z,0.995,30-60s,0,0,0,1
2026-01-08T00:36:55.742Z,0.995,60-300s,28,4,51,5
2026-01-08T00:36:55.742Z,0.995,5-15m,15,0,84,70
2026-01-08T00:37:55.742Z,0.95,60-300s,4,4,4,1
2026-01-08T00:37:55.742Z,0.95,5-15m,5,3,7,3
2026-01-08T00:37:55.742Z,0.98,30-60s,0,0,0,1
2026-01-08T00:37:55.742Z,0.98,60-300s,25,4,51,4
2026-01-08T00:37:55.742Z,0.98,5-15m,17,0,84,33
2026-01-08T00:37:55.742Z,0.985,30-60s,0,0,0,1
2026-01-08T00:37:55.742Z,0.985,60-300s,25,4,51,4
2026-01-08T00:37:55.742Z,0.985,5-15m,17,0,84,33
2026-01-08T00:37:55.742Z,0.99,30-60s,0,0,0,1
2026-01-08T00:37:55.742Z,0.99,60-300s,28,4,51,5
2026-01-08T00:37:55.742Z,0.99,5-15m,15,0,84,76
2026-01-08T00:37:55.742Z,0.995,30-60s,0,0,0,1
2026-01-08T00:37:55.742Z,0.995,60-300s,28,4,51,5
2026-01-08T00:37:55.742Z,0.995,5-15m,15,0,84,76
2026-01-08T00:38:55.744Z,0.95,60-300s,4,4,4,1
2026-01-08T00:38:55.744Z,0.95,5-15m,13,3,46,5
2026-01-08T00:38:55.744Z,0.98,30-60s,0,0,0,1
2026-01-08T00:38:55.744Z,0.98,60-300s,25,4,51,4
2026-01-08T00:38:55.744Z,0.98,5-15m,18,0,84,40
2026-01-08T00:38:55.744Z,0.985,30-60s,0,0,0,1
2026-01-08T00:38:55.744Z,0.985,60-300s,25,4,51,4
2026-01-08T00:38:55.744Z,0.985,5-15m,18,0,84,40
2026-01-08T00:38:55.744Z,0.99,30-60s,0,0,0,1
2026-01-08T00:38:55.744Z,0.99,60-300s,28,4,51,5
2026-01-08T00:38:55.744Z,0.99,5-15m,17,0,84,88
2026-01-08T00:38:55.744Z,0.995,30-60s,0,0,0,1
2026-01-08T00:38:55.744Z,0.995,60-300s,28,4,51,5
2026-01-08T00:38:55.744Z,0.995,5-15m,17,0,84,88
2026-01-08T00:39:55.744Z,0.95,60-300s,4,4,4,1
2026-01-08T00:39:55.744Z,0.95,5-15m,10,2,46,7
2026-01-08T00:39:55.744Z,0.98,30-60s,0,0,0,1
2026-01-08T00:39:55.744Z,0.98,60-300s,25,4,51,4
2026-01-08T00:39:55.744Z,0.98,5-15m,16,0,84,46
2026-01-08T00:39:55.744Z,0.985,30-60s,0,0,0,1
2026-01-08T00:39:55.744Z,0.985,60-300s,25,4,51,4
2026-01-08T00:39:55.744Z,0.985,5-15m,16,0,84,46
2026-01-08T00:39:55.744Z,0.99,30-60s,0,0,0,1
2026-01-08T00:39:55.744Z,0.99,60-300s,28,4,51,5
2026-01-08T00:39:55.744Z,0.99,5-15m,16,0,84,99
2026-01-08T00:39:55.744Z,0.995,30-60s,0,0,0,1
2026-01-08T00:39:55.744Z,0.995,60-300s,28,4,51,5
2026-01-08T00:39:55.744Z,0.995,5-15m,16,0,84,99
2026-01-08T00:40:55.745Z,0.95,60-300s,4,4,4,1
2026-01-08T00:40:55.745Z,0.95,5-15m,10,2,46,7
2026-01-08T00:40:55.745Z,0.98,30-60s,0,0,0,1
2026-01-08T00:40:55.745Z,0.98,60-300s,25,4,51,4
2026-01-08T00:40:55.745Z,0.98,5-15m,16,0,84,46
2026-01-08T00:40:55.745Z,0.985,30-60s,0,0,0,1
2026-01-08T00:40:55.745Z,0.985,60-300s,25,4,51,4
2026-01-08T00:40:55.745Z,0.985,5-15m,16,0,84,46
2026-01-08T00:40:55.745Z,0.99,30-60s,0,0,0,1
2026-01-08T00:40:55.745Z,0.99,60-300s,25,4,51,6
2026-01-08T00:40:55.745Z,0.99,5-15m,16,0,84,99
2026-01-08T00:40:55.745Z,0.995,30-60s,0,0,0,1
2026-01-08T00:40:55.745Z,0.995,60-300s,25,4,51,6
2026-01-08T00:40:55.745Z,0.995,5-15m,16,0,84,99
2026-01-08T00:41:55.745Z,0.95,60-300s,4,4,4,1
2026-01-08T00:41:55.745Z,0.95,5-15m,10,2,46,7
2026-01-08T00:41:55.745Z,0.98,30-60s,0,0,0,1
2026-01-08T00:41:55.745Z,0.98,60-300s,25,4,51,4
2026-01-08T00:41:55.745Z,0.98,5-15m,16,0,84,46
2026-01-08T00:41:55.745Z,0.985,30-60s,0,0,0,1
2026-01-08T00:41:55.745Z,0.985,60-300s,25,4,51,4
2026-01-08T00:41:55.745Z,0.985,5-15m,16,0,84,46
2026-01-08T00:41:55.745Z,0.99,30-60s,0,0,0,1
2026-01-08T00:41:55.745Z,0.99,60-300s,25,4,51,6
2026-01-08T00:41:55.745Z,0.99,5-15m,16,0,84,99
2026-01-08T00:41:55.745Z,0.995,30-60s,0,0,0,1
2026-01-08T00:41:55.745Z,0.995,60-300s,25,4,51,6
2026-01-08T00:41:55.745Z,0.995,5-15m,16,0,84,99
2026-01-08T00:42:55.745Z,0.95,60-300s,1000,4,1996,2
2026-01-08T00:42:55.745Z,0.95,5-15m,10,2,46,7
2026-01-08T00:42:55.745Z,0.98,30-60s,0,0,0,1
2026-01-08T00:42:55.745Z,0.98,60-300s,349,0,1996,6
2026-01-08T00:42:55.745Z,0.98,5-15m,16,0,84,46
2026-01-08T00:42:55.745Z,0.985,30-60s,0,0,0,1
2026-01-08T00:42:55.745Z,0.985,60-300s,349,0,1996,6
2026-01-08T00:42:55.745Z,0.985,5-15m,16,0,84,46
2026-01-08T00:42:55.745Z,0.99,30-60s,0,0,0,1
2026-01-08T00:42:55.745Z,0.99,60-300s,241,0,1996,9
2026-01-08T00:42:55.745Z,0.99,5-15m,16,0,84,99
2026-01-08T00:42:55.745Z,0.995,30-60s,0,0,0,1
2026-01-08T00:42:55.745Z,0.995,60-300s,241,0,1996,9
2026-01-08T00:42:55.745Z,0.995,5-15m,16,0,84,99
2026-01-08T00:43:55.745Z,0.95,60-300s,1000,4,1996,2
2026-01-08T00:43:55.745Z,0.95,5-15m,10,2,46,7
2026-01-08T00:43:55.745Z,0.98,30-60s,0,0,0,1
2026-01-08T00:43:55.745Z,0.98,60-300s,299,0,1996,7
2026-01-08T00:43:55.745Z,0.98,5-15m,16,0,84,46
2026-01-08T00:43:55.745Z,0.985,30-60s,0,0,0,1
2026-01-08T00:43:55.745Z,0.985,60-300s,299,0,1996,7
2026-01-08T00:43:55.745Z,0.985,5-15m,16,0,84,46
2026-01-08T00:43:55.745Z,0.99,30-60s,0,0,0,1
2026-01-08T00:43:55.745Z,0.99,60-300s,199,0,1996,11
2026-01-08T00:43:55.745Z,0.99,5-15m,16,0,84,99
2026-01-08T00:43:55.745Z,0.995,30-60s,0,0,0,1
2026-01-08T00:43:55.745Z,0.995,60-300s,199,0,1996,11
2026-01-08T00:43:55.745Z,0.995,5-15m,16,0,84,99
2026-01-08T00:44:55.745Z,0.95,60-300s,1000,4,1996,2
2026-01-08T00:44:55.745Z,0.95,5-15m,10,2,46,7
2026-01-08T00:44:55.745Z,0.98,30-60s,0,0,0,1
2026-01-08T00:44:55.745Z,0.98,60-300s,299,0,1996,7
2026-01-08T00:44:55.745Z,0.98,5-15m,16,0,84,46
2026-01-08T00:44:55.745Z,0.985,30-60s,0,0,0,1
2026-01-08T00:44:55.745Z,0.985,60-300s,299,0,1996,7
2026-01-08T00:44:55.745Z,0.985,5-15m,16,0,84,46
2026-01-08T00:44:55.745Z,0.99,30-60s,0,0,0,1
2026-01-08T00:44:55.745Z,0.99,60-300s,199,0,1996,11
2026-01-08T00:44:55.745Z,0.99,5-15m,16,0,84,99
2026-01-08T00:44:55.745Z,0.995,30-60s,0,0,0,1
2026-01-08T00:44:55.745Z,0.995,60-300s,199,0,1996,11
2026-01-08T00:44:55.745Z,0.995,5-15m,16,0,84,99
2026-01-08T00:45:55.745Z,0.95,60-300s,1000,4,1996,2
2026-01-08T00:45:55.745Z,0.95,5-15m,10,2,46,7
2026-01-08T00:45:55.745Z,0.98,30-60s,0,0,0,1
2026-01-08T00:45:55.745Z,0.98,60-300s,299,0,1996,7
2026-01-08T00:45:55.745Z,0.98,5-15m,16,0,84,55
2026-01-08T00:45:55.745Z,0.985,30-60s,0,0,0,1
2026-01-08T00:45:55.745Z,0.985,60-300s,299,0,1996,7
2026-01-08T00:45:55.745Z,0.985,5-15m,16,0,84,55
2026-01-08T00:45:55.745Z,0.99,30-60s,0,0,0,1
2026-01-08T00:45:55.745Z,0.99,60-300s,199,0,1996,11
2026-01-08T00:45:55.745Z,0.99,5-15m,20,0,426,118
2026-01-08T00:45:55.745Z,0.995,30-60s,0,0,0,1
2026-01-08T00:45:55.745Z,0.995,60-300s,199,0,1996,11
2026-01-08T00:45:55.745Z,0.995,5-15m,20,0,426,118
2026-01-08T00:46:55.745Z,0.95,60-300s,1000,4,1996,2
2026-01-08T00:46:55.745Z,0.95,5-15m,10,2,46,7
2026-01-08T00:46:55.745Z,0.98,30-60s,0,0,0,1
2026-01-08T00:46:55.745Z,0.98,60-300s,299,0,1996,7
2026-01-08T00:46:55.745Z,0.98,5-15m,16,0,84,58
2026-01-08T00:46:55.745Z,0.985,30-60s,0,0,0,1
2026-01-08T00:46:55.745Z,0.985,60-300s,299,0,1996,7
2026-01-08T00:46:55.745Z,0.985,5-15m,16,0,84,58
2026-01-08T00:46:55.745Z,0.99,30-60s,0,0,0,1
2026-01-08T00:46:55.745Z,0.99,60-300s,199,0,1996,11
2026-01-08T00:46:55.745Z,0.99,5-15m,20,0,426,123
2026-01-08T00:46:55.745Z,0.995,30-60s,0,0,0,1
2026-01-08T00:46:55.745Z,0.995,60-300s,199,0,1996,11
2026-01-08T00:46:55.745Z,0.995,5-15m,20,0,426,123
2026-01-08T00:47:55.745Z,0.95,60-300s,1000,4,1996,2
2026-01-08T00:47:55.745Z,0.95,5-15m,10,2,46,7
2026-01-08T00:47:55.745Z,0.98,30-60s,0,0,0,1
2026-01-08T00:47:55.745Z,0.98,60-300s,299,0,1996,7
2026-01-08T00:47:55.745Z,0.98,5-15m,16,0,84,58
2026-01-08T00:47:55.745Z,0.985,30-60s,0,0,0,1
2026-01-08T00:47:55.745Z,0.985,60-300s,299,0,1996,7
2026-01-08T00:47:55.745Z,0.985,5-15m,16,0,84,58
2026-01-08T00:47:55.745Z,0.99,30-60s,0,0,0,1
2026-01-08T00:47:55.745Z,0.99,60-300s,199,0,1996,11
2026-01-08T00:47:55.745Z,0.99,5-15m,19,0,426,128
2026-01-08T00:47:55.745Z,0.995,30-60s,0,0,0,1
2026-01-08T00:47:55.745Z,0.995,60-300s,199,0,1996,11
2026-01-08T00:47:55.745Z,0.995,5-15m,19,0,426,128
2026-01-08T00:48:55.745Z,0.95,60-300s,1000,4,1996,2
2026-01-08T00:48:55.745Z,0.95,5-15m,10,2,46,7
2026-01-08T00:48:55.745Z,0.98,30-60s,0,0,0,1
2026-01-08T00:48:55.745Z,0.98,60-300s,299,0,1996,7
2026-01-08T00:48:55.745Z,0.98,5-15m,16,0,84,58
2026-01-08T00:48:55.745Z,0.985,30-60s,0,0,0,1
2026-01-08T00:48:55.745Z,0.985,60-300s,299,0,1996,7
2026-01-08T00:48:55.745Z,0.985,5-15m,16,0,84,58
2026-01-08T00:48:55.745Z,0.99,30-60s,0,0,0,1
2026-01-08T00:48:55.745Z,0.99,60-300s,199,0,1996,11
2026-01-08T00:48:55.745Z,0.99,5-15m,19,0,426,131
2026-01-08T00:48:55.745Z,0.995,30-60s,0,0,0,1
2026-01-08T00:48:55.745Z,0.995,60-300s,199,0,1996,11
2026-01-08T00:48:55.745Z,0.995,5-15m,19,0,426,131
2026-01-08T00:49:55.745Z,0.95,60-300s,1000,4,1996,2
2026-01-08T00:49:55.745Z,0.95,5-15m,10,2,46,7
2026-01-08T00:49:55.745Z,0.98,30-60s,0,0,0,1
2026-01-08T00:49:55.745Z,0.98,60-300s,299,0,1996,7
2026-01-08T00:49:55.745Z,0.98,5-15m,16,0,84,59
2026-01-08T00:49:55.745Z,0.985,30-60s,0,0,0,1
2026-01-08T00:49:55.745Z,0.985,60-300s,299,0,1996,7
2026-01-08T00:49:55.745Z,0.985,5-15m,16,0,84,59
2026-01-08T00:49:55.745Z,0.99,30-60s,0,0,0,1
2026-01-08T00:49:55.745Z,0.99,60-300s,199,0,1996,11
2026-01-08T00:49:55.745Z,0.99,5-15m,19,0,426,133
2026-01-08T00:49:55.745Z,0.995,30-60s,0,0,0,1
2026-01-08T00:49:55.745Z,0.995,60-300s,199,0,1996,11
2026-01-08T00:49:55.745Z,0.995,5-15m,19,0,426,133
2026-01-08T00:50:55.747Z,0.95,60-300s,1000,4,1996,2
2026-01-08T00:50:55.747Z,0.95,5-15m,10,2,46,7
2026-01-08T00:50:55.747Z,0.98,30-60s,0,0,0,1
2026-01-08T00:50:55.747Z,0.98,60-300s,299,0,1996,7
2026-01-08T00:50:55.747Z,0.98,5-15m,16,0,84,59
2026-01-08T00:50:55.747Z,0.985,30-60s,0,0,0,1
2026-01-08T00:50:55.747Z,0.985,60-300s,299,0,1996,7
2026-01-08T00:50:55.747Z,0.985,5-15m,16,0,84,59
2026-01-08T00:50:55.747Z,0.99,30-60s,0,0,0,1
2026-01-08T00:50:55.747Z,0.99,60-300s,199,0,1996,11
2026-01-08T00:50:55.747Z,0.99,5-15m,19,0,426,136
2026-01-08T00:50:55.747Z,0.995,30-60s,0,0,0,1
2026-01-08T00:50:55.747Z,0.995,60-300s,199,0,1996,11
2026-01-08T00:50:55.747Z,0.995,5-15m,19,0,426,136
2026-01-08T00:51:55.745Z,0.95,60-300s,1000,4,1996,2
2026-01-08T00:51:55.745Z,0.95,5-15m,10,2,46,7
2026-01-08T00:51:55.745Z,0.98,30-60s,0,0,0,1
2026-01-08T00:51:55.745Z,0.98,60-300s,299,0,1996,7
2026-01-08T00:51:55.745Z,0.98,5-15m,16,0,84,59
2026-01-08T00:51:55.745Z,0.985,30-60s,0,0,0,1
2026-01-08T00:51:55.745Z,0.985,60-300s,299,0,1996,7
2026-01-08T00:51:55.745Z,0.985,5-15m,16,0,84,59
2026-01-08T00:51:55.745Z,0.99,30-60s,0,0,0,1
2026-01-08T00:51:55.745Z,0.99,60-300s,199,0,1996,11
2026-01-08T00:51:55.745Z,0.99,5-15m,19,0,426,137
2026-01-08T00:51:55.745Z,0.995,30-60s,0,0,0,1
2026-01-08T00:51:55.745Z,0.995,60-300s,199,0,1996,11
2026-01-08T00:51:55.745Z,0.995,5-15m,19,0,426,137
2026-01-08T00:52:55.746Z,0.95,60-300s,1000,4,1996,2
2026-01-08T00:52:55.746Z,0.95,5-15m,12,2,46,8
2026-01-08T00:52:55.746Z,0.98,30-60s,0,0,0,1
2026-01-08T00:52:55.746Z,0.98,60-300s,299,0,1996,7
2026-01-08T00:52:55.746Z,0.98,5-15m,16,0,84,63
2026-01-08T00:52:55.746Z,0.985,30-60s,0,0,0,1
2026-01-08T00:52:55.746Z,0.985,60-300s,299,0,1996,7
2026-01-08T00:52:55.746Z,0.985,5-15m,16,0,84,64
2026-01-08T00:52:55.746Z,0.99,30-60s,0,0,0,1
2026-01-08T00:52:55.746Z,0.99,60-300s,199,0,1996,11
2026-01-08T00:52:55.746Z,0.99,5-15m,19,0,426,143
2026-01-08T00:52:55.746Z,0.995,30-60s,0,0,0,1
2026-01-08T00:52:55.746Z,0.995,60-300s,199,0,1996,11
2026-01-08T00:52:55.746Z,0.995,5-15m,19,0,426,143
2026-01-08T00:53:55.746Z,0.95,60-300s,1000,4,1996,2
2026-01-08T00:53:55.746Z,0.95,5-15m,12,2,46,8
2026-01-08T00:53:55.746Z,0.98,30-60s,0,0,0,1
2026-01-08T00:53:55.746Z,0.98,60-300s,299,0,1996,7
2026-01-08T00:53:55.746Z,0.98,5-15m,16,0,84,63
2026-01-08T00:53:55.746Z,0.985,30-60s,0,0,0,1
2026-01-08T00:53:55.746Z,0.985,60-300s,299,0,1996,7
2026-01-08T00:53:55.746Z,0.985,5-15m,16,0,84,65
2026-01-08T00:53:55.746Z,0.99,30-60s,0,0,0,1
2026-01-08T00:53:55.746Z,0.99,60-300s,199,0,1996,11
2026-01-08T00:53:55.746Z,0.99,5-15m,19,0,426,144
2026-01-08T00:53:55.746Z,0.995,30-60s,0,0,0,1
2026-01-08T00:53:55.746Z,0.995,60-300s,199,0,1996,11
2026-01-08T00:53:55.746Z,0.995,5-15m,19,0,426,144
2026-01-08T00:54:55.746Z,0.95,60-300s,1000,4,1996,2
2026-01-08T00:54:55.746Z,0.95,5-15m,12,2,46,8
2026-01-08T00:54:55.746Z,0.98,30-60s,0,0,0,1
2026-01-08T00:54:55.746Z,0.98,60-300s,299,0,1996,7
2026-01-08T00:54:55.746Z,0.98,5-15m,16,0,84,63
2026-01-08T00:54:55.746Z,0.985,30-60s,0,0,0,1
2026-01-08T00:54:55.746Z,0.985,60-300s,299,0,1996,7
2026-01-08T00:54:55.746Z,0.985,5-15m,16,0,84,65
2026-01-08T00:54:55.746Z,0.99,30-60s,0,0,0,1
2026-01-08T00:54:55.746Z,0.99,60-300s,199,0,1996,11
2026-01-08T00:54:55.746Z,0.99,5-15m,19,0,426,144
2026-01-08T00:54:55.746Z,0.995,30-60s,0,0,0,1
2026-01-08T00:54:55.746Z,0.995,60-300s,199,0,1996,11
2026-01-08T00:54:55.746Z,0.995,5-15m,19,0,426,144
2026-01-08T00:55:55.746Z,0.95,60-300s,1000,4,1996,2
2026-01-08T00:55:55.746Z,0.95,5-15m,12,2,46,8
2026-01-08T00:55:55.746Z,0.95,15-60m,6,6,6,1
2026-01-08T00:55:55.746Z,0.98,30-60s,0,0,0,1
2026-01-08T00:55:55.746Z,0.98,60-300s,299,0,1996,7
2026-01-08T00:55:55.746Z,0.98,5-15m,16,0,84,63
2026-01-08T00:55:55.746Z,0.98,15-60m,6,6,6,1
2026-01-08T00:55:55.746Z,0.985,30-60s,0,0,0,1
2026-01-08T00:55:55.746Z,0.985,60-300s,299,0,1996,7
2026-01-08T00:55:55.746Z,0.985,5-15m,16,0,84,65
2026-01-08T00:55:55.746Z,0.985,15-60m,6,6,6,1
2026-01-08T00:55:55.746Z,0.99,30-60s,0,0,0,1
2026-01-08T00:55:55.746Z,0.99,60-300s,199,0,1996,11
2026-01-08T00:55:55.746Z,0.99,5-15m,19,0,426,144
2026-01-08T00:55:55.746Z,0.99,15-60m,6,6,6,1
2026-01-08T00:55:55.746Z,0.995,30-60s,0,0,0,1
2026-01-08T00:55:55.746Z,0.995,60-300s,199,0,1996,11
2026-01-08T00:55:55.746Z,0.995,5-15m,19,0,426,144
2026-01-08T00:55:55.746Z,0.995,15-60m,6,6,6,1
2026-01-08T00:56:55.746Z,0.95,60-300s,1000,4,1996,2
2026-01-08T00:56:55.746Z,0.95,5-15m,12,2,46,8
2026-01-08T00:56:55.746Z,0.95,15-60m,6,6,6,1
2026-01-08T00:56:55.746Z,0.98,30-60s,0,0,0,1
2026-01-08T00:56:55.746Z,0.98,60-300s,299,0,1996,7
2026-01-08T00:56:55.746Z,0.98,5-15m,16,0,84,63
2026-01-08T00:56:55.746Z,0.98,15-60m,6,6,6,1
2026-01-08T00:56:55.746Z,0.985,30-60s,0,0,0,1
2026-01-08T00:56:55.746Z,0.985,60-300s,299,0,1996,7
2026-01-08T00:56:55.746Z,0.985,5-15m,16,0,84,65
2026-01-08T00:56:55.746Z,0.985,15-60m,6,6,6,1
2026-01-08T00:56:55.746Z,0.99,30-60s,0,0,0,1
2026-01-08T00:56:55.746Z,0.99,60-300s,199,0,1996,11
2026-01-08T00:56:55.746Z,0.99,5-15m,19,0,426,144
2026-01-08T00:56:55.746Z,0.99,15-60m,6,6,6,1
2026-01-08T00:56:55.746Z,0.995,30-60s,0,0,0,1
2026-01-08T00:56:55.746Z,0.995,60-300s,199,0,1996,11
2026-01-08T00:56:55.746Z,0.995,5-15m,19,0,426,144
2026-01-08T00:56:55.746Z,0.995,15-60m,6,6,6,1
2026-01-08T00:57:55.746Z,0.95,60-300s,1000,4,1996,2
2026-01-08T00:57:55.746Z,0.95,5-15m,12,2,46,8
2026-01-08T00:57:55.746Z,0.95,15-60m,6,6,6,1
2026-01-08T00:57:55.746Z,0.98,30-60s,0,0,0,1
2026-01-08T00:57:55.746Z,0.98,60-300s,299,0,1996,7
2026-01-08T00:57:55.746Z,0.98,5-15m,16,0,84,63
2026-01-08T00:57:55.746Z,0.98,15-60m,6,6,6,1
2026-01-08T00:57:55.746Z,0.985,30-60s,0,0,0,1
2026-01-08T00:57:55.746Z,0.985,60-300s,299,0,1996,7
2026-01-08T00:57:55.746Z,0.985,5-15m,16,0,84,65
2026-01-08T00:57:55.746Z,0.985,15-60m,6,6,6,1
2026-01-08T00:57:55.746Z,0.99,30-60s,0,0,0,1
2026-01-08T00:57:55.746Z,0.99,60-300s,199,0,1996,11
2026-01-08T00:57:55.746Z,0.99,5-15m,19,0,426,144
2026-01-08T00:57:55.746Z,0.99,15-60m,6,6,6,1
2026-01-08T00:57:55.746Z,0.995,30-60s,0,0,0,1
2026-01-08T00:57:55.746Z,0.995,60-300s,199,0,1996,11
2026-01-08T00:57:55.746Z,0.995,5-15m,19,0,426,144
2026-01-08T00:57:55.746Z,0.995,15-60m,6,6,6,1
2026-01-08T00:58:55.747Z,0.95,60-300s,1000,4,1996,2
2026-01-08T00:58:55.747Z,0.95,5-15m,12,2,46,8
2026-01-08T00:58:55.747Z,0.95,15-60m,6,6,6,1
2026-01-08T00:58:55.747Z,0.98,30-60s,0,0,0,1
2026-01-08T00:58:55.747Z,0.98,60-300s,299,0,1996,7
2026-01-08T00:58:55.747Z,0.98,5-15m,16,0,84,63
2026-01-08T00:58:55.747Z,0.98,15-60m,4,2,6,2
2026-01-08T00:58:55.747Z,0.985,30-60s,0,0,0,1
2026-01-08T00:58:55.747Z,0.985,60-300s,299,0,1996,7
2026-01-08T00:58:55.747Z,0.985,5-15m,16,0,84,65
2026-01-08T00:58:55.747Z,0.985,15-60m,4,2,6,2
2026-01-08T00:58:55.747Z,0.99,30-60s,0,0,0,1
2026-01-08T00:58:55.747Z,0.99,60-300s,199,0,1996,11
2026-01-08T00:58:55.747Z,0.99,5-15m,19,0,426,144
2026-01-08T00:58:55.747Z,0.99,15-60m,4,2,6,2
2026-01-08T00:58:55.747Z,0.995,30-60s,0,0,0,1
2026-01-08T00:58:55.747Z,0.995,60-300s,199,0,1996,11
2026-01-08T00:58:55.747Z,0.995,5-15m,19,0,426,144
2026-01-08T00:58:55.747Z,0.995,15-60m,4,2,6,2
2026-01-08T00:59:55.747Z,0.95,60-300s,1000,4,1996,2
2026-01-08T00:59:55.747Z,0.95,5-15m,12,2,46,8
2026-01-08T00:59:55.747Z,0.95,15-60m,6,6,6,1
2026-01-08T00:59:55.747Z,0.98,30-60s,0,0,0,1
2026-01-08T00:59:55.747Z,0.98,60-300s,299,0,1996,7
2026-01-08T00:59:55.747Z,0.98,5-15m,16,0,84,63
2026-01-08T00:59:55.747Z,0.98,15-60m,4,2,6,2
2026-01-08T00:59:55.747Z,0.985,30-60s,0,0,0,1
2026-01-08T00:59:55.747Z,0.985,60-300s,299,0,1996,7
2026-01-08T00:59:55.747Z,0.985,5-15m,16,0,84,65
2026-01-08T00:59:55.747Z,0.985,15-60m,4,2,6,2
2026-01-08T00:59:55.747Z,0.99,30-60s,0,0,0,1
2026-01-08T00:59:55.747Z,0.99,60-300s,199,0,1996,11
2026-01-08T00:59:55.747Z,0.99,5-15m,19,0,426,144
2026-01-08T00:59:55.747Z,0.99,15-60m,4,2,6,2
2026-01-08T00:59:55.747Z,0.995,30-60s,0,0,0,1
2026-01-08T00:59:55.747Z,0.995,60-300s,199,0,1996,11
2026-01-08T00:59:55.747Z,0.995,5-15m,19,0,426,144
2026-01-08T00:59:55.747Z,0.995,15-60m,4,2,6,2
2026-01-08T01:00:55.748Z,0.95,60-300s,1000,4,1996,2
2026-01-08T01:00:55.748Z,0.95,5-15m,12,2,46,8
2026-01-08T01:00:55.748Z,0.95,15-60m,6,6,6,1
2026-01-08T01:00:55.748Z,0.98,30-60s,0,0,0,1
2026-01-08T01:00:55.748Z,0.98,60-300s,299,0,1996,7
2026-01-08T01:00:55.748Z,0.98,5-15m,16,0,84,64
2026-01-08T01:00:55.748Z,0.98,15-60m,4,2,6,2
2026-01-08T01:00:55.748Z,0.985,30-60s,0,0,0,1
2026-01-08T01:00:55.748Z,0.985,60-300s,299,0,1996,7
2026-01-08T01:00:55.748Z,0.985,5-15m,16,0,84,66
2026-01-08T01:00:55.748Z,0.985,15-60m,4,2,6,2
2026-01-08T01:00:55.748Z,0.99,30-60s,0,0,0,1
2026-01-08T01:00:55.748Z,0.99,60-300s,199,0,1996,11
2026-01-08T01:00:55.748Z,0.99,5-15m,19,0,426,145
2026-01-08T01:00:55.748Z,0.99,15-60m,4,2,6,2
2026-01-08T01:00:55.748Z,0.995,30-60s,0,0,0,1
2026-01-08T01:00:55.748Z,0.995,60-300s,199,0,1996,11
2026-01-08T01:00:55.748Z,0.995,5-15m,19,0,426,145
2026-01-08T01:00:55.748Z,0.995,15-60m,4,2,6,2
2026-01-08T01:01:55.749Z,0.95,60-300s,1000,4,1996,2
2026-01-08T01:01:55.749Z,0.95,5-15m,12,2,46,8
2026-01-08T01:01:55.749Z,0.95,15-60m,6,6,6,1
2026-01-08T01:01:55.749Z,0.98,30-60s,0,0,0,1
2026-01-08T01:01:55.749Z,0.98,60-300s,299,0,1996,7
2026-01-08T01:01:55.749Z,0.98,5-15m,16,0,84,66
2026-01-08T01:01:55.749Z,0.98,15-60m,4,2,6,2
2026-01-08T01:01:55.749Z,0.985,30-60s,0,0,0,1
2026-01-08T01:01:55.749Z,0.985,60-300s,299,0,1996,7
2026-01-08T01:01:55.749Z,0.985,5-15m,16,0,84,68
2026-01-08T01:01:55.749Z,0.985,15-60m,4,2,6,2
2026-01-08T01:01:55.749Z,0.99,30-60s,0,0,0,1
2026-01-08T01:01:55.749Z,0.99,60-300s,199,0,1996,11
2026-01-08T01:01:55.749Z,0.99,5-15m,19,0,426,151
2026-01-08T01:01:55.749Z,0.99,15-60m,4,2,6,2
2026-01-08T01:01:55.749Z,0.995,30-60s,0,0,0,1
2026-01-08T01:01:55.749Z,0.995,60-300s,199,0,1996,11
2026-01-08T01:01:55.749Z,0.995,5-15m,19,0,426,151
2026-01-08T01:01:55.749Z,0.995,15-60m,4,2,6,2
2026-01-08T01:02:55.749Z,0.95,60-300s,1000,4,1996,2
2026-01-08T01:02:55.749Z,0.95,5-15m,12,2,46,8
2026-01-08T01:02:55.749Z,0.95,15-60m,6,6,6,1
2026-01-08T01:02:55.749Z,0.98,30-60s,0,0,0,1
2026-01-08T01:02:55.749Z,0.98,60-300s,299,0,1996,7
2026-01-08T01:02:55.749Z,0.98,5-15m,15,0,84,67
2026-01-08T01:02:55.749Z,0.98,15-60m,4,2,6,2
2026-01-08T01:02:55.749Z,0.985,30-60s,0,0,0,1
2026-01-08T01:02:55.749Z,0.985,60-300s,299,0,1996,7
2026-01-08T01:02:55.749Z,0.985,5-15m,15,0,84,69
2026-01-08T01:02:55.749Z,0.985,15-60m,4,2,6,2
2026-01-08T01:02:55.749Z,0.99,30-60s,0,0,0,1
2026-01-08T01:02:55.749Z,0.99,60-300s,199,0,1996,11
2026-01-08T01:02:55.749Z,0.99,5-15m,18,0,426,154
2026-01-08T01:02:55.749Z,0.99,15-60m,4,2,6,2
2026-01-08T01:02:55.749Z,0.995,30-60s,0,0,0,1
2026-01-08T01:02:55.749Z,0.995,60-300s,199,0,1996,11
2026-01-08T01:02:55.749Z,0.995,5-15m,18,0,426,154
2026-01-08T01:02:55.749Z,0.995,15-60m,4,2,6,2
2026-01-08T01:03:55.749Z,0.95,60-300s,1000,4,1996,2
2026-01-08T01:03:55.749Z,0.95,5-15m,12,2,46,8
2026-01-08T01:03:55.749Z,0.95,15-60m,6,6,6,1
2026-01-08T01:03:55.749Z,0.98,30-60s,0,0,0,1
2026-01-08T01:03:55.749Z,0.98,60-300s,299,0,1996,7
2026-01-08T01:03:55.749Z,0.98,5-15m,16,0,84,68
2026-01-08T01:03:55.749Z,0.98,15-60m,4,2,6,2
2026-01-08T01:03:55.749Z,0.985,30-60s,0,0,0,1
2026-01-08T01:03:55.749Z,0.985,60-300s,299,0,1996,7
2026-01-08T01:03:55.749Z,0.985,5-15m,16,0,84,70
2026-01-08T01:03:55.749Z,0.985,15-60m,4,2,6,2
2026-01-08T01:03:55.749Z,0.99,30-60s,0,0,0,1
2026-01-08T01:03:55.749Z,0.99,60-300s,199,0,1996,11
2026-01-08T01:03:55.749Z,0.99,5-15m,18,0,426,156
2026-01-08T01:03:55.749Z,0.99,15-60m,4,2,6,2
2026-01-08T01:03:55.749Z,0.995,30-60s,0,0,0,1
2026-01-08T01:03:55.749Z,0.995,60-300s,199,0,1996,11
2026-01-08T01:03:55.749Z,0.995,5-15m,18,0,426,156
2026-01-08T01:03:55.749Z,0.995,15-60m,4,2,6,2
2026-01-08T01:04:55.751Z,0.95,60-300s,1000,4,1996,2
2026-01-08T01:04:55.751Z,0.95,5-15m,12,2,46,8
2026-01-08T01:04:55.751Z,0.95,15-60m,6,6,6,1
2026-01-08T01:04:55.751Z,0.98,30-60s,0,0,0,1
2026-01-08T01:04:55.751Z,0.98,60-300s,299,0,1996,7
2026-01-08T01:04:55.751Z,0.98,5-15m,15,0,84,71
2026-01-08T01:04:55.751Z,0.98,15-60m,4,2,6,2
2026-01-08T01:04:55.751Z,0.985,30-60s,0,0,0,1
2026-01-08T01:04:55.751Z,0.985,60-300s,299,0,1996,7
2026-01-08T01:04:55.751Z,0.985,5-15m,15,0,84,73
2026-01-08T01:04:55.751Z,0.985,15-60m,4,2,6,2
2026-01-08T01:04:55.751Z,0.99,30-60s,0,0,0,1
2026-01-08T01:04:55.751Z,0.99,60-300s,199,0,1996,11
2026-01-08T01:04:55.751Z,0.99,5-15m,18,0,426,164
2026-01-08T01:04:55.751Z,0.99,15-60m,4,2,6,2
2026-01-08T01:04:55.751Z,0.995,30-60s,0,0,0,1
2026-01-08T01:04:55.751Z,0.995,60-300s,199,0,1996,11
2026-01-08T01:04:55.751Z,0.995,5-15m,18,0,426,164
2026-01-08T01:04:55.751Z,0.995,15-60m,4,2,6,2
2026-01-08T01:05:55.751Z,0.95,60-300s,1000,4,1996,2
2026-01-08T01:05:55.751Z,0.95,5-15m,12,2,46,8
2026-01-08T01:05:55.751Z,0.95,15-60m,6,6,6,1
2026-01-08T01:05:55.751Z,0.98,30-60s,0,0,0,1
2026-01-08T01:05:55.751Z,0.98,60-300s,299,0,1996,7
2026-01-08T01:05:55.751Z,0.98,5-15m,15,0,84,71
2026-01-08T01:05:55.751Z,0.98,15-60m,4,2,6,2
2026-01-08T01:05:55.751Z,0.985,30-60s,0,0,0,1
2026-01-08T01:05:55.751Z,0.985,60-300s,299,0,1996,7
2026-01-08T01:05:55.751Z,0.985,5-15m,15,0,84,73
2026-01-08T01:05:55.751Z,0.985,15-60m,4,2,6,2
2026-01-08T01:05:55.751Z,0.99,30-60s,0,0,0,1
2026-01-08T01:05:55.751Z,0.99,60-300s,199,0,1996,11
2026-01-08T01:05:55.751Z,0.99,5-15m,18,0,426,165
2026-01-08T01:05:55.751Z,0.99,15-60m,4,2,6,2
2026-01-08T01:05:55.751Z,0.995,30-60s,0,0,0,1
2026-01-08T01:05:55.751Z,0.995,60-300s,199,0,1996,11
2026-01-08T01:05:55.751Z,0.995,5-15m,18,0,426,165
2026-01-08T01:05:55.751Z,0.995,15-60m,4,2,6,2
2026-01-08T01:06:55.751Z,0.95,60-300s,1000,4,1996,2
2026-01-08T01:06:55.751Z,0.95,5-15m,12,2,46,9
2026-01-08T01:06:55.751Z,0.95,15-60m,6,6,6,1
2026-01-08T01:06:55.751Z,0.98,30-60s,0,0,0,1
2026-01-08T01:06:55.751Z,0.98,60-300s,299,0,1996,7
2026-01-08T01:06:55.751Z,0.98,5-15m,15,0,84,72
2026-01-08T01:06:55.751Z,0.98,15-60m,4,2,6,2
2026-01-08T01:06:55.751Z,0.985,30-60s,0,0,0,1
2026-01-08T01:06:55.751Z,0.985,60-300s,299,0,1996,7
2026-01-08T01:06:55.751Z,0.985,5-15m,15,0,84,74
2026-01-08T01:06:55.751Z,0.985,15-60m,4,2,6,2
2026-01-08T01:06:55.751Z,0.99,30-60s,0,0,0,1
2026-01-08T01:06:55.751Z,0.99,60-300s,199,0,1996,11
2026-01-08T01:06:55.751Z,0.99,5-15m,18,0,426,168
2026-01-08T01:06:55.751Z,0.99,15-60m,4,2,6,2
2026-01-08T01:06:55.751Z,0.995,30-60s,0,0,0,1
2026-01-08T01:06:55.751Z,0.995,60-300s,199,0,1996,11
2026-01-08T01:06:55.751Z,0.995,5-15m,18,0,426,168
2026-01-08T01:06:55.751Z,0.995,15-60m,4,2,6,2
2026-01-08T01:07:55.751Z,0.95,60-300s,1000,4,1996,2
2026-01-08T01:07:55.751Z,0.95,5-15m,12,2,46,9
2026-01-08T01:07:55.751Z,0.95,15-60m,6,6,6,1
2026-01-08T01:07:55.751Z,0.98,30-60s,0,0,0,1
2026-01-08T01:07:55.751Z,0.98,60-300s,299,0,1996,7
2026-01-08T01:07:55.751Z,0.98,5-15m,15,0,84,73
2026-01-08T01:07:55.751Z,0.98,15-60m,4,2,6,2
2026-01-08T01:07:55.751Z,0.985,30-60s,0,0,0,1
2026-01-08T01:07:55.751Z,0.985,60-300s,299,0,1996,7
2026-01-08T01:07:55.751Z,0.985,5-15m,15,0,84,75
2026-01-08T01:07:55.751Z,0.985,15-60m,4,2,6,2
2026-01-08T01:07:55.751Z,0.99,30-60s,0,0,0,1
2026-01-08T01:07:55.751Z,0.99,60-300s,199,0,1996,11
2026-01-08T01:07:55.751Z,0.99,5-15m,18,0,426,175
2026-01-08T01:07:55.751Z,0.99,15-60m,4,2,6,2
2026-01-08T01:07:55.751Z,0.995,30-60s,0,0,0,1
2026-01-08T01:07:55.751Z,0.995,60-300s,199,0,1996,11
2026-01-08T01:07:55.751Z,0.995,5-15m,18,0,426,175
2026-01-08T01:07:55.751Z,0.995,15-60m,4,2,6,2
2026-01-08T01:08:55.753Z,0.95,60-300s,1000,4,1996,2
2026-01-08T01:08:55.753Z,0.95,5-15m,12,2,46,13
2026-01-08T01:08:55.753Z,0.95,15-60m,6,6,6,1
2026-01-08T01:08:55.753Z,0.98,30-60s,0,0,0,1
2026-01-08T01:08:55.753Z,0.98,60-300s,299,0,1996,7
2026-01-08T01:08:55.753Z,0.98,5-15m,15,0,84,84
2026-01-08T01:08:55.753Z,0.98,15-60m,4,2,6,2
2026-01-08T01:08:55.753Z,0.985,30-60s,0,0,0,1
2026-01-08T01:08:55.753Z,0.985,60-300s,299,0,1996,7
2026-01-08T01:08:55.753Z,0.985,5-15m,15,0,84,86
2026-01-08T01:08:55.753Z,0.985,15-60m,4,2,6,2
2026-01-08T01:08:55.753Z,0.99,30-60s,0,0,0,1
2026-01-08T01:08:55.753Z,0.99,60-300s,199,0,1996,11
2026-01-08T01:08:55.753Z,0.99,5-15m,18,0,426,192
2026-01-08T01:08:55.753Z,0.99,15-60m,4,2,6,2
2026-01-08T01:08:55.753Z,0.995,30-60s,0,0,0,1
2026-01-08T01:08:55.753Z,0.995,60-300s,199,0,1996,11
2026-01-08T01:08:55.753Z,0.995,5-15m,18,0,426,192
2026-01-08T01:08:55.753Z,0.995,15-60m,4,2,6,2
2026-01-08T01:09:55.753Z,0.95,60-300s,1000,4,1996,2
2026-01-08T01:09:55.753Z,0.95,5-15m,12,2,46,13
2026-01-08T01:09:55.753Z,0.95,15-60m,6,6,6,1
2026-01-08T01:09:55.753Z,0.98,30-60s,0,0,0,1
2026-01-08T01:09:55.753Z,0.98,60-300s,299,0,1996,7
2026-01-08T01:09:55.753Z,0.98,5-15m,15,0,84,90
2026-01-08T01:09:55.753Z,0.98,15-60m,4,2,6,2
2026-01-08T01:09:55.753Z,0.985,30-60s,0,0,0,1
2026-01-08T01:09:55.753Z,0.985,60-300s,299,0,1996,7
2026-01-08T01:09:55.753Z,0.985,5-15m,15,0,84,92
2026-01-08T01:09:55.753Z,0.985,15-60m,4,2,6,2
2026-01-08T01:09:55.753Z,0.99,30-60s,0,0,0,1
2026-01-08T01:09:55.753Z,0.99,60-300s,199,0,1996,11
2026-01-08T01:09:55.753Z,0.99,5-15m,18,0,426,202
2026-01-08T01:09:55.753Z,0.99,15-60m,4,2,6,2
2026-01-08T01:09:55.753Z,0.995,30-60s,0,0,0,1
2026-01-08T01:09:55.753Z,0.995,60-300s,199,0,1996,11
2026-01-08T01:09:55.753Z,0.995,5-15m,18,0,426,202
2026-01-08T01:09:55.753Z,0.995,15-60m,4,2,6,2
2026-01-08T01:10:55.755Z,0.95,60-300s,1000,4,1996,2
2026-01-08T01:10:55.755Z,0.95,5-15m,12,2,46,13
2026-01-08T01:10:55.755Z,0.95,15-60m,6,6,6,1
2026-01-08T01:10:55.755Z,0.98,30-60s,0,0,0,1
2026-01-08T01:10:55.755Z,0.98,60-300s,157,0,1996,14
2026-01-08T01:10:55.755Z,0.98,5-15m,15,0,84,90
2026-01-08T01:10:55.755Z,0.98,15-60m,4,2,6,2
2026-01-08T01:10:55.755Z,0.985,30-60s,0,0,0,1
2026-01-08T01:10:55.755Z,0.985,60-300s,157,0,1996,14
2026-01-08T01:10:55.755Z,0.985,5-15m,15,0,84,92
2026-01-08T01:10:55.755Z,0.985,15-60m,4,2,6,2
2026-01-08T01:10:55.755Z,0.99,30-60s,0,0,0,1
2026-01-08T01:10:55.755Z,0.99,60-300s,99,0,1996,25
2026-01-08T01:10:55.755Z,0.99,5-15m,18,0,426,202
2026-01-08T01:10:55.755Z,0.99,15-60m,4,2,6,2
2026-01-08T01:10:55.755Z,0.995,30-60s,0,0,0,1
2026-01-08T01:10:55.755Z,0.995,60-300s,99,0,1996,25
2026-01-08T01:10:55.755Z,0.995,5-15m,18,0,426,202
2026-01-08T01:10:55.755Z,0.995,15-60m,4,2,6,2
2026-01-08T01:11:55.756Z,0.95,60-300s,1000,4,1996,2
2026-01-08T01:11:55.756Z,0.95,5-15m,12,2,46,13
2026-01-08T01:11:55.756Z,0.95,15-60m,6,6,6,1
2026-01-08T01:11:55.756Z,0.98,30-60s,0,0,0,1
2026-01-08T01:11:55.756Z,0.98,60-300s,100,0,1996,23
2026-01-08T01:11:55.756Z,0.98,5-15m,15,0,84,90
2026-01-08T01:11:55.756Z,0.98,15-60m,4,2,6,2
2026-01-08T01:11:55.756Z,0.985,30-60s,0,0,0,1
2026-01-08T01:11:55.756Z,0.985,60-300s,100,0,1996,23
2026-01-08T01:11:55.756Z,0.985,5-15m,15,0,84,92
2026-01-08T01:11:55.756Z,0.985,15-60m,4,2,6,2
2026-01-08T01:11:55.756Z,0.99,30-60s,0,0,0,1
2026-01-08T01:11:55.756Z,0.99,60-300s,63,0,1996,44
2026-01-08T01:11:55.756Z,0.99,5-15m,18,0,426,202
2026-01-08T01:11:55.756Z,0.99,15-60m,4,2,6,2
2026-01-08T01:11:55.756Z,0.995,30-60s,0,0,0,1
2026-01-08T01:11:55.756Z,0.995,60-300s,63,0,1996,44
2026-01-08T01:11:55.756Z,0.995,5-15m,18,0,426,202
2026-01-08T01:11:55.756Z,0.995,15-60m,4,2,6,2
2026-01-08T01:12:55.757Z,0.95,60-300s,1000,4,1996,2
2026-01-08T01:12:55.757Z,0.95,5-15m,12,2,46,13
2026-01-08T01:12:55.757Z,0.95,15-60m,6,6,6,1
2026-01-08T01:12:55.757Z,0.98,30-60s,0,0,0,1
2026-01-08T01:12:55.757Z,0.98,60-300s,89,0,1996,26
2026-01-08T01:12:55.757Z,0.98,5-15m,15,0,84,90
2026-01-08T01:12:55.757Z,0.98,15-60m,4,2,6,2
2026-01-08T01:12:55.757Z,0.985,30-60s,0,0,0,1
2026-01-08T01:12:55.757Z,0.985,60-300s,89,0,1996,26
2026-01-08T01:12:55.757Z,0.985,5-15m,15,0,84,92
2026-01-08T01:12:55.757Z,0.985,15-60m,4,2,6,2
2026-01-08T01:12:55.757Z,0.99,30-60s,0,0,0,1
2026-01-08T01:12:55.757Z,0.99,60-300s,57,0,1996,51
2026-01-08T01:12:55.757Z,0.99,5-15m,18,0,426,202
2026-01-08T01:12:55.757Z,0.99,15-60m,4,2,6,2
2026-01-08T01:12:55.757Z,0.995,30-60s,0,0,0,1
2026-01-08T01:12:55.757Z,0.995,60-300s,57,0,1996,51
2026-01-08T01:12:55.757Z,0.995,5-15m,18,0,426,202
2026-01-08T01:12:55.757Z,0.995,15-60m,4,2,6,2
2026-01-08T01:13:55.757Z,0.95,60-300s,352,1,1996,6
2026-01-08T01:13:55.757Z,0.95,5-15m,12,2,46,13
2026-01-08T01:13:55.757Z,0.95,15-60m,6,6,6,1
2026-01-08T01:13:55.757Z,0.98,30-60s,0,0,0,1
2026-01-08T01:13:55.757Z,0.98,60-300s,58,0,1996,45
2026-01-08T01:13:55.757Z,0.98,5-15m,15,0,84,90
2026-01-08T01:13:55.757Z,0.98,15-60m,4,2,6,2
2026-01-08T01:13:55.757Z,0.985,30-60s,0,0,0,1
2026-01-08T01:13:55.757Z,0.985,60-300s,58,0,1996,45
2026-01-08T01:13:55.757Z,0.985,5-15m,15,0,84,92
2026-01-08T01:13:55.757Z,0.985,15-60m,4,2,6,2
2026-01-08T01:13:55.757Z,0.99,30-60s,0,0,0,1
2026-01-08T01:13:55.757Z,0.99,60-300s,41,0,1996,83
2026-01-08T01:13:55.757Z,0.99,5-15m,18,0,426,202
2026-01-08T01:13:55.757Z,0.99,15-60m,4,2,6,2
2026-01-08T01:13:55.757Z,0.995,30-60s,0,0,0,1
2026-01-08T01:13:55.757Z,0.995,60-300s,41,0,1996,83
2026-01-08T01:13:55.757Z,0.995,5-15m,18,0,426,202
2026-01-08T01:13:55.757Z,0.995,15-60m,4,2,6,2
2026-01-08T01:14:55.757Z,0.95,15-30s,4,4,4,1
2026-01-08T01:14:55.757Z,0.95,60-300s,352,1,1996,6
2026-01-08T01:14:55.757Z,0.95,5-15m,12,2,46,13
2026-01-08T01:14:55.757Z,0.95,15-60m,6,6,6,1
2026-01-08T01:14:55.757Z,0.98,15-30s,14,4,35,4
2026-01-08T01:14:55.757Z,0.98,30-60s,14,0,27,2
2026-01-08T01:14:55.757Z,0.98,60-300s,58,0,1996,45
2026-01-08T01:14:55.757Z,0.98,5-15m,15,0,84,90
2026-01-08T01:14:55.757Z,0.98,15-60m,4,2,6,2
2026-01-08T01:14:55.757Z,0.985,15-30s,14,4,35,4
2026-01-08T01:14:55.757Z,0.985,30-60s,14,0,27,2
2026-01-08T01:14:55.757Z,0.985,60-300s,58,0,1996,45
2026-01-08T01:14:55.757Z,0.985,5-15m,15,0,84,92
2026-01-08T01:14:55.757Z,0.985,15-60m,4,2,6,2
2026-01-08T01:14:55.757Z,0.99,15-30s,14,4,35,4
2026-01-08T01:14:55.757Z,0.99,30-60s,13,0,27,4
2026-01-08T01:14:55.757Z,0.99,60-300s,41,0,1996,83
2026-01-08T01:14:55.757Z,0.99,5-15m,18,0,426,202
2026-01-08T01:14:55.757Z,0.99,15-60m,8,2,15,3
2026-01-08T01:14:55.757Z,0.995,15-30s,14,4,35,4
2026-01-08T01:14:55.757Z,0.995,30-60s,13,0,27,4
2026-01-08T01:14:55.757Z,0.995,60-300s,41,0,1996,83
2026-01-08T01:14:55.757Z,0.995,5-15m,18,0,426,202
2026-01-08T01:14:55.757Z,0.995,15-60m,8,2,15,3
2026-01-08T01:15:55.758Z,0.95,15-30s,4,4,4,1
2026-01-08T01:15:55.758Z,0.95,60-300s,352,1,1996,6
2026-01-08T01:15:55.758Z,0.95,5-15m,12,2,46,13
2026-01-08T01:15:55.758Z,0.95,15-60m,6,6,6,1
2026-01-08T01:15:55.758Z,0.98,15-30s,14,4,35,4
2026-01-08T01:15:55.758Z,0.98,30-60s,14,0,27,2
2026-01-08T01:15:55.758Z,0.98,60-300s,58,0,1996,45
2026-01-08T01:15:55.758Z,0.98,5-15m,15,0,84,90
2026-01-08T01:15:55.758Z,0.98,15-60m,4,2,6,2
2026-01-08T01:15:55.758Z,0.985,15-30s,14,4,35,4
2026-01-08T01:15:55.758Z,0.985,30-60s,14,0,27,2
2026-01-08T01:15:55.758Z,0.985,60-300s,58,0,1996,45
2026-01-08T01:15:55.758Z,0.985,5-15m,15,0,84,92
2026-01-08T01:15:55.758Z,0.985,15-60m,4,2,6,2
2026-01-08T01:15:55.758Z,0.99,15-30s,14,4,35,4
2026-01-08T01:15:55.758Z,0.99,30-60s,13,0,27,4
2026-01-08T01:15:55.758Z,0.99,60-300s,41,0,1996,83
2026-01-08T01:15:55.758Z,0.99,5-15m,18,0,426,204
2026-01-08T01:15:55.758Z,0.99,15-60m,8,2,15,3
2026-01-08T01:15:55.758Z,0.995,15-30s,14,4,35,4
2026-01-08T01:15:55.758Z,0.995,30-60s,13,0,27,4
2026-01-08T01:15:55.758Z,0.995,60-300s,41,0,1996,83
2026-01-08T01:15:55.758Z,0.995,5-15m,18,0,426,204
2026-01-08T01:15:55.758Z,0.995,15-60m,8,2,15,3
2026-01-08T01:16:55.759Z,0.95,15-30s,4,4,4,1
2026-01-08T01:16:55.759Z,0.95,60-300s,352,1,1996,6
2026-01-08T01:16:55.759Z,0.95,5-15m,12,2,46,13
2026-01-08T01:16:55.759Z,0.95,15-60m,6,6,6,1
2026-01-08T01:16:55.759Z,0.98,15-30s,14,4,35,4
2026-01-08T01:16:55.759Z,0.98,30-60s,14,0,27,2
2026-01-08T01:16:55.759Z,0.98,60-300s,58,0,1996,45
2026-01-08T01:16:55.759Z,0.98,5-15m,15,0,84,93
2026-01-08T01:16:55.759Z,0.98,15-60m,4,2,6,2
2026-01-08T01:16:55.759Z,0.985,15-30s,14,4,35,4
2026-01-08T01:16:55.759Z,0.985,30-60s,14,0,27,2
2026-01-08T01:16:55.759Z,0.985,60-300s,58,0,1996,45
2026-01-08T01:16:55.759Z,0.985,5-15m,15,0,84,95
2026-01-08T01:16:55.759Z,0.985,15-60m,4,2,6,2
2026-01-08T01:16:55.759Z,0.99,15-30s,14,4,35,4
2026-01-08T01:16:55.759Z,0.99,30-60s,13,0,27,4
2026-01-08T01:16:55.759Z,0.99,60-300s,41,0,1996,83
2026-01-08T01:16:55.759Z,0.99,5-15m,18,0,426,215
2026-01-08T01:16:55.759Z,0.99,15-60m,8,2,15,3
2026-01-08T01:16:55.759Z,0.995,15-30s,14,4,35,4
2026-01-08T01:16:55.759Z,0.995,30-60s,13,0,27,4
2026-01-08T01:16:55.759Z,0.995,60-300s,41,0,1996,83
2026-01-08T01:16:55.759Z,0.995,5-15m,18,0,426,215
2026-01-08T01:16:55.759Z,0.995,15-60m,8,2,15,3
2026-01-08T01:17:55.761Z,0.95,15-30s,4,4,4,1
2026-01-08T01:17:55.761Z,0.95,60-300s,352,1,1996,6
2026-01-08T01:17:55.761Z,0.95,5-15m,12,2,46,13
2026-01-08T01:17:55.761Z,0.95,15-60m,6,6,6,1
2026-01-08T01:17:55.761Z,0.98,15-30s,14,4,35,4
2026-01-08T01:17:55.761Z,0.98,30-60s,14,0,27,2
2026-01-08T01:17:55.761Z,0.98,60-300s,58,0,1996,45
2026-01-08T01:17:55.761Z,0.98,5-15m,15,0,84,93
2026-01-08T01:17:55.761Z,0.98,15-60m,4,2,6,2
2026-01-08T01:17:55.761Z,0.985,15-30s,14,4,35,4
2026-01-08T01:17:55.761Z,0.985,30-60s,14,0,27,2
2026-01-08T01:17:55.761Z,0.985,60-300s,58,0,1996,45
2026-01-08T01:17:55.761Z,0.985,5-15m,15,0,84,95
2026-01-08T01:17:55.761Z,0.985,15-60m,4,2,6,2
2026-01-08T01:17:55.761Z,0.99,15-30s,14,4,35,4
2026-01-08T01:17:55.761Z,0.99,30-60s,13,0,27,4
2026-01-08T01:17:55.761Z,0.99,60-300s,41,0,1996,83
2026-01-08T01:17:55.761Z,0.99,5-15m,19,0,426,220
2026-01-08T01:17:55.761Z,0.99,15-60m,8,2,15,3
2026-01-08T01:17:55.761Z,0.995,15-30s,14,4,35,4
2026-01-08T01:17:55.761Z,0.995,30-60s,13,0,27,4
2026-01-08T01:17:55.761Z,0.995,60-300s,41,0,1996,83
2026-01-08T01:17:55.761Z,0.995,5-15m,19,0,426,220
2026-01-08T01:17:55.761Z,0.995,15-60m,8,2,15,3
2026-01-08T01:18:55.761Z,0.95,15-30s,4,4,4,1
2026-01-08T01:18:55.761Z,0.95,60-300s,352,1,1996,6
2026-01-08T01:18:55.761Z,0.95,5-15m,12,2,46,13
2026-01-08T01:18:55.761Z,0.95,15-60m,6,6,6,1
2026-01-08T01:18:55.761Z,0.98,15-30s,14,4,35,4
2026-01-08T01:18:55.761Z,0.98,30-60s,14,0,27,2
2026-01-08T01:18:55.761Z,0.98,60-300s,58,0,1996,45
2026-01-08T01:18:55.761Z,0.98,5-15m,15,0,84,93
2026-01-08T01:18:55.761Z,0.98,15-60m,4,2,6,2
2026-01-08T01:18:55.761Z,0.985,15-30s,14,4,35,4
2026-01-08T01:18:55.761Z,0.985,30-60s,14,0,27,2
2026-01-08T01:18:55.761Z,0.985,60-300s,58,0,1996,45
2026-01-08T01:18:55.761Z,0.985,5-15m,15,0,84,95
2026-01-08T01:18:55.761Z,0.985,15-60m,4,2,6,2
2026-01-08T01:18:55.761Z,0.99,15-30s,14,4,35,4
2026-01-08T01:18:55.761Z,0.99,30-60s,13,0,27,4
2026-01-08T01:18:55.761Z,0.99,60-300s,41,0,1996,83
2026-01-08T01:18:55.761Z,0.99,5-15m,18,0,426,225
2026-01-08T01:18:55.761Z,0.99,15-60m,8,2,15,3
2026-01-08T01:18:55.761Z,0.995,15-30s,14,4,35,4
2026-01-08T01:18:55.761Z,0.995,30-60s,13,0,27,4
2026-01-08T01:18:55.761Z,0.995,60-300s,41,0,1996,83
2026-01-08T01:18:55.761Z,0.995,5-15m,18,0,426,225
2026-01-08T01:18:55.761Z,0.995,15-60m,8,2,15,3
2026-01-08T01:19:55.763Z,0.95,15-30s,4,4,4,1
2026-01-08T01:19:55.763Z,0.95,60-300s,352,1,1996,6
2026-01-08T01:19:55.763Z,0.95,5-15m,12,2,46,13
2026-01-08T01:19:55.763Z,0.95,15-60m,6,6,6,1
2026-01-08T01:19:55.763Z,0.98,15-30s,14,4,35,4
2026-01-08T01:19:55.763Z,0.98,30-60s,14,0,27,2
2026-01-08T01:19:55.763Z,0.98,60-300s,58,0,1996,45
2026-01-08T01:19:55.763Z,0.98,5-15m,15,0,84,93
2026-01-08T01:19:55.763Z,0.98,15-60m,4,2,6,2
2026-01-08T01:19:55.763Z,0.985,15-30s,14,4,35,4
2026-01-08T01:19:55.763Z,0.985,30-60s,14,0,27,2
2026-01-08T01:19:55.763Z,0.985,60-300s,58,0,1996,45
2026-01-08T01:19:55.763Z,0.985,5-15m,15,0,84,95
2026-01-08T01:19:55.763Z,0.985,15-60m,4,2,6,2
2026-01-08T01:19:55.763Z,0.99,15-30s,14,4,35,4
2026-01-08T01:19:55.763Z,0.99,30-60s,13,0,27,4
2026-01-08T01:19:55.763Z,0.99,60-300s,41,0,1996,83
2026-01-08T01:19:55.763Z,0.99,5-15m,18,0,426,226
2026-01-08T01:19:55.763Z,0.99,15-60m,8,2,15,3
2026-01-08T01:19:55.763Z,0.995,15-30s,14,4,35,4
2026-01-08T01:19:55.763Z,0.995,30-60s,13,0,27,4
2026-01-08T01:19:55.763Z,0.995,60-300s,41,0,1996,83
2026-01-08T01:19:55.763Z,0.995,5-15m,18,0,426,226
2026-01-08T01:19:55.763Z,0.995,15-60m,8,2,15,3
2026-01-08T01:20:55.764Z,0.95,15-30s,4,4,4,1
2026-01-08T01:20:55.764Z,0.95,60-300s,352,1,1996,6
2026-01-08T01:20:55.764Z,0.95,5-15m,12,2,46,13
2026-01-08T01:20:55.764Z,0.95,15-60m,6,6,6,1
2026-01-08T01:20:55.764Z,0.98,15-30s,14,4,35,4
2026-01-08T01:20:55.764Z,0.98,30-60s,14,0,27,2
2026-01-08T01:20:55.764Z,0.98,60-300s,58,0,1996,45
2026-01-08T01:20:55.764Z,0.98,5-15m,15,0,84,93
2026-01-08T01:20:55.764Z,0.98,15-60m,4,2,6,2
2026-01-08T01:20:55.764Z,0.985,15-30s,14,4,35,4
2026-01-08T01:20:55.764Z,0.985,30-60s,14,0,27,2
2026-01-08T01:20:55.764Z,0.985,60-300s,58,0,1996,45
2026-01-08T01:20:55.764Z,0.985,5-15m,15,0,84,95
2026-01-08T01:20:55.764Z,0.985,15-60m,4,2,6,2
2026-01-08T01:20:55.764Z,0.99,15-30s,14,4,35,4
2026-01-08T01:20:55.764Z,0.99,30-60s,13,0,27,4
2026-01-08T01:20:55.764Z,0.99,60-300s,41,0,1996,83
2026-01-08T01:20:55.764Z,0.99,5-15m,18,0,426,231
2026-01-08T01:20:55.764Z,0.99,15-60m,8,2,15,3
2026-01-08T01:20:55.764Z,0.995,15-30s,14,4,35,4
2026-01-08T01:20:55.764Z,0.995,30-60s,13,0,27,4
2026-01-08T01:20:55.764Z,0.995,60-300s,41,0,1996,83
2026-01-08T01:20:55.764Z,0.995,5-15m,18,0,426,231
2026-01-08T01:20:55.764Z,0.995,15-60m,8,2,15,3
2026-01-08T01:21:55.766Z,0.95,15-30s,4,4,4,1
2026-01-08T01:21:55.766Z,0.95,60-300s,352,1,1996,6
2026-01-08T01:21:55.766Z,0.95,5-15m,12,2,46,14
2026-01-08T01:21:55.766Z,0.95,15-60m,6,6,6,1
2026-01-08T01:21:55.766Z,0.98,15-30s,14,4,35,4
2026-01-08T01:21:55.766Z,0.98,30-60s,14,0,27,2
2026-01-08T01:21:55.766Z,0.98,60-300s,58,0,1996,45
2026-01-08T01:21:55.766Z,0.98,5-15m,15,0,84,96
2026-01-08T01:21:55.766Z,0.98,15-60m,4,2,6,2
2026-01-08T01:21:55.766Z,0.985,15-30s,14,4,35,4
2026-01-08T01:21:55.766Z,0.985,30-60s,14,0,27,2
2026-01-08T01:21:55.766Z,0.985,60-300s,58,0,1996,45
2026-01-08T01:21:55.766Z,0.985,5-15m,15,0,84,99
2026-01-08T01:21:55.766Z,0.985,15-60m,4,2,6,2
2026-01-08T01:21:55.766Z,0.99,15-30s,14,4,35,4
2026-01-08T01:21:55.766Z,0.99,30-60s,13,0,27,4
2026-01-08T01:21:55.766Z,0.99,60-300s,41,0,1996,83
2026-01-08T01:21:55.766Z,0.99,5-15m,18,0,426,237
2026-01-08T01:21:55.766Z,0.99,15-60m,8,2,15,3
2026-01-08T01:21:55.766Z,0.995,15-30s,14,4,35,4
2026-01-08T01:21:55.766Z,0.995,30-60s,13,0,27,4
2026-01-08T01:21:55.766Z,0.995,60-300s,41,0,1996,83
2026-01-08T01:21:55.766Z,0.995,5-15m,18,0,426,237
2026-01-08T01:21:55.766Z,0.995,15-60m,8,2,15,3
2026-01-08T01:22:55.766Z,0.95,15-30s,4,4,4,1
2026-01-08T01:22:55.766Z,0.95,60-300s,352,1,1996,6
2026-01-08T01:22:55.766Z,0.95,5-15m,12,2,46,14
2026-01-08T01:22:55.766Z,0.95,15-60m,6,6,6,1
2026-01-08T01:22:55.766Z,0.98,15-30s,14,4,35,4
2026-01-08T01:22:55.766Z,0.98,30-60s,14,0,27,2
2026-01-08T01:22:55.766Z,0.98,60-300s,58,0,1996,45
2026-01-08T01:22:55.766Z,0.98,5-15m,15,0,84,99
2026-01-08T01:22:55.766Z,0.98,15-60m,4,2,6,2
2026-01-08T01:22:55.766Z,0.985,15-30s,14,4,35,4
2026-01-08T01:22:55.766Z,0.985,30-60s,14,0,27,2
2026-01-08T01:22:55.766Z,0.985,60-300s,58,0,1996,45
2026-01-08T01:22:55.766Z,0.985,5-15m,15,0,84,102
2026-01-08T01:22:55.766Z,0.985,15-60m,4,2,6,2
2026-01-08T01:22:55.766Z,0.99,15-30s,14,4,35,4
2026-01-08T01:22:55.766Z,0.99,30-60s,13,0,27,4
2026-01-08T01:22:55.766Z,0.99,60-300s,41,0,1996,83
2026-01-08T01:22:55.766Z,0.99,5-15m,18,0,426,244
2026-01-08T01:22:55.766Z,0.99,15-60m,8,2,15,3
2026-01-08T01:22:55.766Z,0.995,15-30s,14,4,35,4
2026-01-08T01:22:55.766Z,0.995,30-60s,13,0,27,4
2026-01-08T01:22:55.766Z,0.995,60-300s,41,0,1996,83
2026-01-08T01:22:55.766Z,0.995,5-15m,18,0,426,244
2026-01-08T01:22:55.766Z,0.995,15-60m,8,2,15,3
2026-01-08T01:23:55.768Z,0.95,15-30s,4,4,4,1
2026-01-08T01:23:55.768Z,0.95,60-300s,352,1,1996,6
2026-01-08T01:23:55.768Z,0.95,5-15m,12,2,46,14
2026-01-08T01:23:55.768Z,0.95,15-60m,6,6,6,1
2026-01-08T01:23:55.768Z,0.98,15-30s,14,4,35,4
2026-01-08T01:23:55.768Z,0.98,30-60s,14,0,27,2
2026-01-08T01:23:55.768Z,0.98,60-300s,58,0,1996,45
2026-01-08T01:23:55.768Z,0.98,5-15m,17,0,277,107
2026-01-08T01:23:55.768Z,0.98,15-60m,4,2,6,2
2026-01-08T01:23:55.768Z,0.985,15-30s,14,4,35,4
2026-01-08T01:23:55.768Z,0.985,30-60s,14,0,27,2
2026-01-08T01:23:55.768Z,0.985,60-300s,58,0,1996,45
2026-01-08T01:23:55.768Z,0.985,5-15m,17,0,277,110
2026-01-08T01:23:55.768Z,0.985,15-60m,4,2,6,2
2026-01-08T01:23:55.768Z,0.99,15-30s,14,4,35,4
2026-01-08T01:23:55.768Z,0.99,30-60s,13,0,27,4
2026-01-08T01:23:55.768Z,0.99,60-300s,41,0,1996,83
2026-01-08T01:23:55.768Z,0.99,5-15m,19,0,426,269
2026-01-08T01:23:55.768Z,0.99,15-60m,8,2,15,3
2026-01-08T01:23:55.768Z,0.995,15-30s,14,4,35,4
2026-01-08T01:23:55.768Z,0.995,30-60s,13,0,27,4
2026-01-08T01:23:55.768Z,0.995,60-300s,41,0,1996,83
2026-01-08T01:23:55.768Z,0.995,5-15m,19,0,426,269
2026-01-08T01:23:55.768Z,0.995,15-60m,8,2,15,3
2026-01-08T01:24:55.768Z,0.9,5-15m,24,24,24,1
2026-01-08T01:24:55.768Z,0.95,15-30s,4,4,4,1
2026-01-08T01:24:55.768Z,0.95,60-300s,352,1,1996,6
2026-01-08T01:24:55.768Z,0.95,5-15m,15,2,68,18
2026-01-08T01:24:55.768Z,0.95,15-60m,6,6,6,1
2026-01-08T01:24:55.768Z,0.98,15-30s,14,4,35,4
2026-01-08T01:24:55.768Z,0.98,30-60s,14,0,27,2
2026-01-08T01:24:55.768Z,0.98,60-300s,58,0,1996,45
2026-01-08T01:24:55.768Z,0.98,5-15m,17,0,277,124
2026-01-08T01:24:55.768Z,0.98,15-60m,4,2,6,2
2026-01-08T01:24:55.768Z,0.985,15-30s,14,4,35,4
2026-01-08T01:24:55.768Z,0.985,30-60s,14,0,27,2
2026-01-08T01:24:55.768Z,0.985,60-300s,58,0,1996,45
2026-01-08T01:24:55.768Z,0.985,5-15m,17,0,277,128
2026-01-08T01:24:55.768Z,0.985,15-60m,4,2,6,2
2026-01-08T01:24:55.768Z,0.99,15-30s,14,4,35,4
2026-01-08T01:24:55.768Z,0.99,30-60s,13,0,27,4
2026-01-08T01:24:55.768Z,0.99,60-300s,41,0,1996,83
2026-01-08T01:24:55.768Z,0.99,5-15m,20,0,426,301
2026-01-08T01:24:55.768Z,0.99,15-60m,21,2,60,4
2026-01-08T01:24:55.768Z,0.995,15-30s,14,4,35,4
2026-01-08T01:24:55.768Z,0.995,30-60s,13,0,27,4
2026-01-08T01:24:55.768Z,0.995,60-300s,41,0,1996,83
2026-01-08T01:24:55.768Z,0.995,5-15m,20,0,426,301
2026-01-08T01:24:55.768Z,0.995,15-60m,21,2,60,4
2026-01-08T01:25:55.770Z,0.9,5-15m,24,24,24,1
2026-01-08T01:25:55.770Z,0.95,15-30s,4,4,4,1
2026-01-08T01:25:55.770Z,0.95,60-300s,239,0,1996,9
2026-01-08T01:25:55.770Z,0.95,5-15m,15,2,68,18
2026-01-08T01:25:55.770Z,0.95,15-60m,6,6,6,1
2026-01-08T01:25:55.770Z,0.98,15-30s,14,4,35,4
2026-01-08T01:25:55.770Z,0.98,30-60s,14,0,27,2
2026-01-08T01:25:55.770Z,0.98,60-300s,51,0,1996,59
2026-01-08T01:25:55.770Z,0.98,5-15m,17,0,277,125
2026-01-08T01:25:55.770Z,0.98,15-60m,4,2,6,2
2026-01-08T01:25:55.770Z,0.985,15-30s,14,4,35,4
2026-01-08T01:25:55.770Z,0.985,30-60s,14,0,27,2
2026-01-08T01:25:55.770Z,0.985,60-300s,51,0,1996,59
2026-01-08T01:25:55.770Z,0.985,5-15m,17,0,277,129
2026-01-08T01:25:55.770Z,0.985,15-60m,4,2,6,2
2026-01-08T01:25:55.770Z,0.99,15-30s,14,4,35,4
2026-01-08T01:25:55.770Z,0.99,30-60s,13,0,27,4
2026-01-08T01:25:55.770Z,0.99,60-300s,37,0,1996,105
2026-01-08T01:25:55.770Z,0.99,5-15m,20,0,426,303
2026-01-08T01:25:55.770Z,0.99,15-60m,21,2,60,4
2026-01-08T01:25:55.770Z,0.995,15-30s,14,4,35,4
2026-01-08T01:25:55.770Z,0.995,30-60s,13,0,27,4
2026-01-08T01:25:55.770Z,0.995,60-300s,37,0,1996,105
2026-01-08T01:25:55.770Z,0.995,5-15m,20,0,426,303
2026-01-08T01:25:55.770Z,0.995,15-60m,21,2,60,4
2026-01-08T01:26:55.772Z,0.9,5-15m,24,24,24,1
2026-01-08T01:26:55.772Z,0.95,15-30s,4,4,4,1
2026-01-08T01:26:55.772Z,0.95,60-300s,239,0,1996,9
2026-01-08T01:26:55.772Z,0.95,5-15m,15,2,68,18
2026-01-08T01:26:55.772Z,0.95,15-60m,6,6,6,1
2026-01-08T01:26:55.772Z,0.98,15-30s,14,4,35,4
2026-01-08T01:26:55.772Z,0.98,30-60s,14,0,27,2
2026-01-08T01:26:55.772Z,0.98,60-300s,50,0,1996,60
2026-01-08T01:26:55.772Z,0.98,5-15m,17,0,277,125
2026-01-08T01:26:55.772Z,0.98,15-60m,4,2,6,2
2026-01-08T01:26:55.772Z,0.985,15-30s,14,4,35,4
2026-01-08T01:26:55.772Z,0.985,30-60s,14,0,27,2
2026-01-08T01:26:55.772Z,0.985,60-300s,50,0,1996,60
2026-01-08T01:26:55.772Z,0.985,5-15m,17,0,277,129
2026-01-08T01:26:55.772Z,0.985,15-60m,4,2,6,2
2026-01-08T01:26:55.772Z,0.99,15-30s,14,4,35,4
2026-01-08T01:26:55.772Z,0.99,30-60s,13,0,27,4
2026-01-08T01:26:55.772Z,0.99,60-300s,36,0,1996,111
2026-01-08T01:26:55.772Z,0.99,5-15m,20,0,426,303
2026-01-08T01:26:55.772Z,0.99,15-60m,21,2,60,4
2026-01-08T01:26:55.772Z,0.995,15-30s,14,4,35,4
2026-01-08T01:26:55.772Z,0.995,30-60s,13,0,27,4
2026-01-08T01:26:55.772Z,0.995,60-300s,36,0,1996,111
2026-01-08T01:26:55.772Z,0.995,5-15m,20,0,426,303
2026-01-08T01:26:55.772Z,0.995,15-60m,21,2,60,4
2026-01-08T01:27:55.781Z,0.9,60-300s,4,4,4,1
2026-01-08T01:27:55.781Z,0.9,5-15m,24,24,24,1
2026-01-08T01:27:55.781Z,0.95,15-30s,4,4,4,1
2026-01-08T01:27:55.781Z,0.95,60-300s,216,0,1996,10
2026-01-08T01:27:55.781Z,0.95,5-15m,15,2,68,18
2026-01-08T01:27:55.781Z,0.95,15-60m,6,6,6,1
2026-01-08T01:27:55.781Z,0.98,15-30s,14,4,35,4
2026-01-08T01:27:55.781Z,0.98,30-60s,14,0,27,2
2026-01-08T01:27:55.781Z,0.98,60-300s,50,0,1996,61
2026-01-08T01:27:55.781Z,0.98,5-15m,17,0,277,125
2026-01-08T01:27:55.781Z,0.98,15-60m,4,2,6,2
2026-01-08T01:27:55.781Z,0.985,15-30s,14,4,35,4
2026-01-08T01:27:55.781Z,0.985,30-60s,14,0,27,2
2026-01-08T01:27:55.781Z,0.985,60-300s,50,0,1996,61
2026-01-08T01:27:55.781Z,0.985,5-15m,17,0,277,129
2026-01-08T01:27:55.781Z,0.985,15-60m,4,2,6,2
2026-01-08T01:27:55.781Z,0.99,15-30s,14,4,35,4
2026-01-08T01:27:55.781Z,0.99,30-60s,13,0,27,4
2026-01-08T01:27:55.781Z,0.99,60-300s,36,0,1996,112
2026-01-08T01:27:55.781Z,0.99,5-15m,20,0,426,303
2026-01-08T01:27:55.781Z,0.99,15-60m,21,2,60,4
2026-01-08T01:27:55.781Z,0.995,15-30s,14,4,35,4
2026-01-08T01:27:55.781Z,0.995,30-60s,13,0,27,4
2026-01-08T01:27:55.781Z,0.995,60-300s,36,0,1996,112
2026-01-08T01:27:55.781Z,0.995,5-15m,20,0,426,303
2026-01-08T01:27:55.781Z,0.995,15-60m,21,2,60,4
2026-01-08T01:28:55.777Z,0.9,60-300s,4,4,4,1
2026-01-08T01:28:55.777Z,0.9,5-15m,24,24,24,1
2026-01-08T01:28:55.777Z,0.95,15-30s,4,4,4,1
2026-01-08T01:28:55.777Z,0.95,60-300s,216,0,1996,10
2026-01-08T01:28:55.777Z,0.95,5-15m,15,2,68,18
2026-01-08T01:28:55.777Z,0.95,15-60m,6,6,6,1
2026-01-08T01:28:55.777Z,0.98,15-30s,14,4,35,4
2026-01-08T01:28:55.777Z,0.98,30-60s,14,0,27,2
2026-01-08T01:28:55.777Z,0.98,60-300s,50,0,1996,61
2026-01-08T01:28:55.777Z,0.98,5-15m,17,0,277,125
2026-01-08T01:28:55.777Z,0.98,15-60m,4,2,6,2
2026-01-08T01:28:55.777Z,0.985,15-30s,14,4,35,4
2026-01-08T01:28:55.777Z,0.985,30-60s,14,0,27,2
2026-01-08T01:28:55.777Z,0.985,60-300s,50,0,1996,61
2026-01-08T01:28:55.777Z,0.985,5-15m,17,0,277,129
2026-01-08T01:28:55.777Z,0.985,15-60m,4,2,6,2
2026-01-08T01:28:55.777Z,0.99,15-30s,14,4,35,4
2026-01-08T01:28:55.777Z,0.99,30-60s,13,0,27,4
2026-01-08T01:28:55.777Z,0.99,60-300s,36,0,1996,112
2026-01-08T01:28:55.777Z,0.99,5-15m,20,0,426,303
2026-01-08T01:28:55.777Z,0.99,15-60m,21,2,60,4
2026-01-08T01:28:55.777Z,0.995,15-30s,14,4,35,4
2026-01-08T01:28:55.777Z,0.995,30-60s,13,0,27,4
2026-01-08T01:28:55.777Z,0.995,60-300s,36,0,1996,112
2026-01-08T01:28:55.777Z,0.995,5-15m,20,0,426,303
2026-01-08T01:28:55.777Z,0.995,15-60m,21,2,60,4
2026-01-08T01:29:55.779Z,0.9,60-300s,4,4,4,1
2026-01-08T01:29:55.779Z,0.9,5-15m,24,24,24,1
2026-01-08T01:29:55.779Z,0.95,15-30s,4,4,4,1
2026-01-08T01:29:55.779Z,0.95,60-300s,216,0,1996,10
2026-01-08T01:29:55.779Z,0.95,5-15m,15,2,68,18
2026-01-08T01:29:55.779Z,0.95,15-60m,6,6,6,1
2026-01-08T01:29:55.779Z,0.98,5-15s,548,548,548,1
2026-01-08T01:29:55.779Z,0.98,15-30s,14,4,35,4
2026-01-08T01:29:55.779Z,0.98,30-60s,14,0,27,2
2026-01-08T01:29:55.779Z,0.98,60-300s,50,0,1996,61
2026-01-08T01:29:55.779Z,0.98,5-15m,17,0,277,125
2026-01-08T01:29:55.779Z,0.98,15-60m,4,2,6,2
2026-01-08T01:29:55.779Z,0.985,5-15s,548,548,548,1
2026-01-08T01:29:55.779Z,0.985,15-30s,14,4,35,4
2026-01-08T01:29:55.779Z,0.985,30-60s,14,0,27,2
2026-01-08T01:29:55.779Z,0.985,60-300s,50,0,1996,61
2026-01-08T01:29:55.779Z,0.985,5-15m,17,0,277,129
2026-01-08T01:29:55.779Z,0.985,15-60m,4,2,6,2
2026-01-08T01:29:55.779Z,0.99,5-15s,548,548,548,1
2026-01-08T01:29:55.779Z,0.99,15-30s,14,4,35,4
2026-01-08T01:29:55.779Z,0.99,30-60s,13,0,27,4
2026-01-08T01:29:55.779Z,0.99,60-300s,36,0,1996,112
2026-01-08T01:29:55.779Z,0.99,5-15m,20,0,426,303
2026-01-08T01:29:55.779Z,0.99,15-60m,18,2,60,5
2026-01-08T01:29:55.779Z,0.995,5-15s,548,548,548,1
2026-01-08T01:29:55.779Z,0.995,15-30s,14,4,35,4
2026-01-08T01:29:55.779Z,0.995,30-60s,13,0,27,4
2026-01-08T01:29:55.779Z,0.995,60-300s,36,0,1996,112
2026-01-08T01:29:55.779Z,0.995,5-15m,20,0,426,303
2026-01-08T01:29:55.779Z,0.995,15-60m,18,2,60,5
2026-01-08T01:30:55.781Z,0.9,60-300s,4,4,4,1
2026-01-08T01:30:55.781Z,0.9,5-15m,24,24,24,1
2026-01-08T01:30:55.781Z,0.95,15-30s,4,4,4,1
2026-01-08T01:30:55.781Z,0.95,60-300s,216,0,1996,10
2026-01-08T01:30:55.781Z,0.95,5-15m,15,2,68,18
2026-01-08T01:30:55.781Z,0.95,15-60m,6,6,6,1
2026-01-08T01:30:55.781Z,0.98,5-15s,548,548,548,1
2026-01-08T01:30:55.781Z,0.98,15-30s,14,4,35,4
2026-01-08T01:30:55.781Z,0.98,30-60s,14,0,27,2
2026-01-08T01:30:55.781Z,0.98,60-300s,50,0,1996,61
2026-01-08T01:30:55.781Z,0.98,5-15m,17,0,277,129
2026-01-08T01:30:55.781Z,0.98,15-60m,4,2,6,2
2026-01-08T01:30:55.781Z,0.985,5-15s,548,548,548,1
2026-01-08T01:30:55.781Z,0.985,15-30s,14,4,35,4
2026-01-08T01:30:55.781Z,0.985,30-60s,14,0,27,2
2026-01-08T01:30:55.781Z,0.985,60-300s,50,0,1996,61
2026-01-08T01:30:55.781Z,0.985,5-15m,17,0,277,133
2026-01-08T01:30:55.781Z,0.985,15-60m,4,2,6,2
2026-01-08T01:30:55.781Z,0.99,5-15s,548,548,548,1
2026-01-08T01:30:55.781Z,0.99,15-30s,14,4,35,4
2026-01-08T01:30:55.781Z,0.99,30-60s,13,0,27,4
2026-01-08T01:30:55.781Z,0.99,60-300s,36,0,1996,112
2026-01-08T01:30:55.781Z,0.99,5-15m,20,0,426,312
2026-01-08T01:30:55.781Z,0.99,15-60m,18,2,60,5
2026-01-08T01:30:55.781Z,0.995,5-15s,548,548,548,1
2026-01-08T01:30:55.781Z,0.995,15-30s,14,4,35,4
2026-01-08T01:30:55.781Z,0.995,30-60s,13,0,27,4
2026-01-08T01:30:55.781Z,0.995,60-300s,36,0,1996,112
2026-01-08T01:30:55.781Z,0.995,5-15m,20,0,426,312
2026-01-08T01:30:55.781Z,0.995,15-60m,18,2,60,5
2026-01-08T01:31:55.780Z,0.9,60-300s,4,4,4,1
2026-01-08T01:31:55.780Z,0.9,5-15m,24,24,24,1
2026-01-08T01:31:55.780Z,0.95,15-30s,4,4,4,1
2026-01-08T01:31:55.780Z,0.95,60-300s,216,0,1996,10
2026-01-08T01:31:55.780Z,0.95,5-15m,15,2,68,18
2026-01-08T01:31:55.780Z,0.95,15-60m,6,6,6,1
2026-01-08T01:31:55.780Z,0.98,5-15s,548,548,548,1
2026-01-08T01:31:55.780Z,0.98,15-30s,14,4,35,4
2026-01-08T01:31:55.780Z,0.98,30-60s,14,0,27,2
2026-01-08T01:31:55.780Z,0.98,60-300s,50,0,1996,61
2026-01-08T01:31:55.780Z,0.98,5-15m,17,0,277,130
2026-01-08T01:31:55.780Z,0.98,15-60m,4,2,6,2
2026-01-08T01:31:55.780Z,0.985,5-15s,548,548,548,1
2026-01-08T01:31:55.780Z,0.985,15-30s,14,4,35,4
2026-01-08T01:31:55.780Z,0.985,30-60s,14,0,27,2
2026-01-08T01:31:55.780Z,0.985,60-300s,50,0,1996,61
2026-01-08T01:31:55.780Z,0.985,5-15m,17,0,277,134
2026-01-08T01:31:55.780Z,0.985,15-60m,4,2,6,2
2026-01-08T01:31:55.780Z,0.99,5-15s,548,548,548,1
2026-01-08T01:31:55.780Z,0.99,15-30s,14,4,35,4
2026-01-08T01:31:55.780Z,0.99,30-60s,13,0,27,4
2026-01-08T01:31:55.780Z,0.99,60-300s,36,0,1996,112
2026-01-08T01:31:55.780Z,0.99,5-15m,20,0,426,315
2026-01-08T01:31:55.780Z,0.99,15-60m,18,2,60,5
2026-01-08T01:31:55.780Z,0.995,5-15s,548,548,548,1
2026-01-08T01:31:55.780Z,0.995,15-30s,14,4,35,4
2026-01-08T01:31:55.780Z,0.995,30-60s,13,0,27,4
2026-01-08T01:31:55.780Z,0.995,60-300s,36,0,1996,112
2026-01-08T01:31:55.780Z,0.995,5-15m,20,0,426,315
2026-01-08T01:31:55.780Z,0.995,15-60m,18,2,60,5
2026-01-08T01:32:55.782Z,0.9,60-300s,4,4,4,1
2026-01-08T01:32:55.782Z,0.9,5-15m,24,24,24,1
2026-01-08T01:32:55.782Z,0.95,15-30s,4,4,4,1
2026-01-08T01:32:55.782Z,0.95,60-300s,216,0,1996,10
2026-01-08T01:32:55.782Z,0.95,5-15m,15,2,68,18
2026-01-08T01:32:55.782Z,0.95,15-60m,6,6,6,1
2026-01-08T01:32:55.782Z,0.98,5-15s,548,548,548,1
2026-01-08T01:32:55.782Z,0.98,15-30s,14,4,35,4
2026-01-08T01:32:55.782Z,0.98,30-60s,14,0,27,2
2026-01-08T01:32:55.782Z,0.98,60-300s,50,0,1996,61
2026-01-08T01:32:55.782Z,0.98,5-15m,21,0,452,133
2026-01-08T01:32:55.782Z,0.98,15-60m,4,2,6,2
2026-01-08T01:32:55.782Z,0.985,5-15s,548,548,548,1
2026-01-08T01:32:55.782Z,0.985,15-30s,14,4,35,4
2026-01-08T01:32:55.782Z,0.985,30-60s,14,0,27,2
2026-01-08T01:32:55.782Z,0.985,60-300s,50,0,1996,61
2026-01-08T01:32:55.782Z,0.985,5-15m,21,0,452,137
2026-01-08T01:32:55.782Z,0.985,15-60m,4,2,6,2
2026-01-08T01:32:55.782Z,0.99,5-15s,548,548,548,1
2026-01-08T01:32:55.782Z,0.99,15-30s,14,4,35,4
2026-01-08T01:32:55.782Z,0.99,30-60s,13,0,27,4
2026-01-08T01:32:55.782Z,0.99,60-300s,36,0,1996,112
2026-01-08T01:32:55.782Z,0.99,5-15m,21,0,452,319
2026-01-08T01:32:55.782Z,0.99,15-60m,18,2,60,5
2026-01-08T01:32:55.782Z,0.995,5-15s,548,548,548,1
2026-01-08T01:32:55.782Z,0.995,15-30s,14,4,35,4
2026-01-08T01:32:55.782Z,0.995,30-60s,13,0,27,4
2026-01-08T01:32:55.782Z,0.995,60-300s,36,0,1996,112
2026-01-08T01:32:55.782Z,0.995,5-15m,21,0,452,319
2026-01-08T01:32:55.782Z,0.995,15-60m,18,2,60,5
2026-01-08T01:33:55.781Z,0.9,60-300s,4,4,4,1
2026-01-08T01:33:55.781Z,0.9,5-15m,24,24,24,1
2026-01-08T01:33:55.781Z,0.95,15-30s,4,4,4,1
2026-01-08T01:33:55.781Z,0.95,60-300s,216,0,1996,10
2026-01-08T01:33:55.781Z,0.95,5-15m,15,2,68,18
2026-01-08T01:33:55.781Z,0.95,15-60m,6,6,6,1
2026-01-08T01:33:55.781Z,0.98,5-15s,548,548,548,1
2026-01-08T01:33:55.781Z,0.98,15-30s,14,4,35,4
2026-01-08T01:33:55.781Z,0.98,30-60s,14,0,27,2
2026-01-08T01:33:55.781Z,0.98,60-300s,50,0,1996,61
2026-01-08T01:33:55.781Z,0.98,5-15m,22,0,452,134
2026-01-08T01:33:55.781Z,0.98,15-60m,4,2,6,2
2026-01-08T01:33:55.781Z,0.985,5-15s,548,548,548,1
2026-01-08T01:33:55.781Z,0.985,15-30s,14,4,35,4
2026-01-08T01:33:55.781Z,0.985,30-60s,14,0,27,2
2026-01-08T01:33:55.781Z,0.985,60-300s,50,0,1996,61
2026-01-08T01:33:55.781Z,0.985,5-15m,21,0,452,138
2026-01-08T01:33:55.781Z,0.985,15-60m,4,2,6,2
2026-01-08T01:33:55.781Z,0.99,5-15s,548,548,548,1
2026-01-08T01:33:55.781Z,0.99,15-30s,14,4,35,4
2026-01-08T01:33:55.781Z,0.99,30-60s,13,0,27,4
2026-01-08T01:33:55.781Z,0.99,60-300s,36,0,1996,112
2026-01-08T01:33:55.781Z,0.99,5-15m,21,0,452,322
2026-01-08T01:33:55.781Z,0.99,15-60m,18,2,60,5
2026-01-08T01:33:55.781Z,0.995,5-15s,548,548,548,1
2026-01-08T01:33:55.781Z,0.995,15-30s,14,4,35,4
2026-01-08T01:33:55.781Z,0.995,30-60s,13,0,27,4
2026-01-08T01:33:55.781Z,0.995,60-300s,36,0,1996,112
2026-01-08T01:33:55.781Z,0.995,5-15m,21,0,452,322
2026-01-08T01:33:55.781Z,0.995,15-60m,18,2,60,5
2026-01-08T01:34:55.783Z,0.9,60-300s,4,4,4,1
2026-01-08T01:34:55.783Z,0.9,5-15m,24,24,24,1
2026-01-08T01:34:55.783Z,0.95,15-30s,4,4,4,1
2026-01-08T01:34:55.783Z,0.95,60-300s,216,0,1996,10
2026-01-08T01:34:55.783Z,0.95,5-15m,15,2,68,18
2026-01-08T01:34:55.783Z,0.95,15-60m,6,6,6,1
2026-01-08T01:34:55.783Z,0.98,5-15s,548,548,548,1
2026-01-08T01:34:55.783Z,0.98,15-30s,14,4,35,4
2026-01-08T01:34:55.783Z,0.98,30-60s,14,0,27,2
2026-01-08T01:34:55.783Z,0.98,60-300s,50,0,1996,61
2026-01-08T01:34:55.783Z,0.98,5-15m,22,0,452,134
2026-01-08T01:34:55.783Z,0.98,15-60m,4,2,6,2
2026-01-08T01:34:55.783Z,0.985,5-15s,548,548,548,1
2026-01-08T01:34:55.783Z,0.985,15-30s,14,4,35,4
2026-01-08T01:34:55.783Z,0.985,30-60s,14,0,27,2
2026-01-08T01:34:55.783Z,0.985,60-300s,50,0,1996,61
2026-01-08T01:34:55.783Z,0.985,5-15m,21,0,452,138
2026-01-08T01:34:55.783Z,0.985,15-60m,4,2,6,2
2026-01-08T01:34:55.783Z,0.99,5-15s,548,548,548,1
2026-01-08T01:34:55.783Z,0.99,15-30s,14,4,35,4
2026-01-08T01:34:55.783Z,0.99,30-60s,13,0,27,4
2026-01-08T01:34:55.783Z,0.99,60-300s,36,0,1996,112
2026-01-08T01:34:55.783Z,0.99,5-15m,22,0,452,323
2026-01-08T01:34:55.783Z,0.99,15-60m,18,2,60,5
2026-01-08T01:34:55.783Z,0.995,5-15s,548,548,548,1
2026-01-08T01:34:55.783Z,0.995,15-30s,14,4,35,4
2026-01-08T01:34:55.783Z,0.995,30-60s,13,0,27,4
2026-01-08T01:34:55.783Z,0.995,60-300s,36,0,1996,112
2026-01-08T01:34:55.783Z,0.995,5-15m,22,0,452,323
2026-01-08T01:34:55.783Z,0.995,15-60m,18,2,60,5
2026-01-08T01:35:55.784Z,0.9,60-300s,4,4,4,1
2026-01-08T01:35:55.784Z,0.9,5-15m,24,24,24,1
2026-01-08T01:35:55.784Z,0.95,15-30s,4,4,4,1
2026-01-08T01:35:55.784Z,0.95,60-300s,216,0,1996,10
2026-01-08T01:35:55.784Z,0.95,5-15m,15,2,68,18
2026-01-08T01:35:55.784Z,0.95,15-60m,6,6,6,1
2026-01-08T01:35:55.784Z,0.98,5-15s,548,548,548,1
2026-01-08T01:35:55.784Z,0.98,15-30s,14,4,35,4
2026-01-08T01:35:55.784Z,0.98,30-60s,14,0,27,2
2026-01-08T01:35:55.784Z,0.98,60-300s,50,0,1996,61
2026-01-08T01:35:55.784Z,0.98,5-15m,22,0,452,137
2026-01-08T01:35:55.784Z,0.98,15-60m,4,2,6,2
2026-01-08T01:35:55.784Z,0.985,5-15s,548,548,548,1
2026-01-08T01:35:55.784Z,0.985,15-30s,14,4,35,4
2026-01-08T01:35:55.784Z,0.985,30-60s,14,0,27,2
2026-01-08T01:35:55.784Z,0.985,60-300s,50,0,1996,61
2026-01-08T01:35:55.784Z,0.985,5-15m,22,0,452,141
2026-01-08T01:35:55.784Z,0.985,15-60m,4,2,6,2
2026-01-08T01:35:55.784Z,0.99,5-15s,548,548,548,1
2026-01-08T01:35:55.784Z,0.99,15-30s,14,4,35,4
2026-01-08T01:35:55.784Z,0.99,30-60s,13,0,27,4
2026-01-08T01:35:55.784Z,0.99,60-300s,36,0,1996,112
2026-01-08T01:35:55.784Z,0.99,5-15m,22,0,452,329
2026-01-08T01:35:55.784Z,0.99,15-60m,18,2,60,5
2026-01-08T01:35:55.784Z,0.995,5-15s,548,548,548,1
2026-01-08T01:35:55.784Z,0.995,15-30s,14,4,35,4
2026-01-08T01:35:55.784Z,0.995,30-60s,13,0,27,4
2026-01-08T01:35:55.784Z,0.995,60-300s,36,0,1996,112
2026-01-08T01:35:55.784Z,0.995,5-15m,22,0,452,329
2026-01-08T01:35:55.784Z,0.995,15-60m,18,2,60,5
2026-01-08T01:36:55.784Z,0.9,60-300s,4,4,4,1
2026-01-08T01:36:55.784Z,0.9,5-15m,24,24,24,1
2026-01-08T01:36:55.784Z,0.95,15-30s,4,4,4,1
2026-01-08T01:36:55.784Z,0.95,60-300s,216,0,1996,10
2026-01-08T01:36:55.784Z,0.95,5-15m,15,2,68,18
2026-01-08T01:36:55.784Z,0.95,15-60m,6,6,6,1
2026-01-08T01:36:55.784Z,0.98,5-15s,548,548,548,1
2026-01-08T01:36:55.784Z,0.98,15-30s,14,4,35,4
2026-01-08T01:36:55.784Z,0.98,30-60s,14,0,27,2
2026-01-08T01:36:55.784Z,0.98,60-300s,50,0,1996,61
2026-01-08T01:36:55.784Z,0.98,5-15m,22,0,452,139
2026-01-08T01:36:55.784Z,0.98,15-60m,4,2,6,2
2026-01-08T01:36:55.784Z,0.985,5-15s,548,548,548,1
2026-01-08T01:36:55.784Z,0.985,15-30s,14,4,35,4
2026-01-08T01:36:55.784Z,0.985,30-60s,14,0,27,2
2026-01-08T01:36:55.784Z,0.985,60-300s,50,0,1996,61
2026-01-08T01:36:55.784Z,0.985,5-15m,22,0,452,143
2026-01-08T01:36:55.784Z,0.985,15-60m,4,2,6,2
2026-01-08T01:36:55.784Z,0.99,5-15s,548,548,548,1
2026-01-08T01:36:55.784Z,0.99,15-30s,14,4,35,4
2026-01-08T01:36:55.784Z,0.99,30-60s,13,0,27,4
2026-01-08T01:36:55.784Z,0.99,60-300s,36,0,1996,112
2026-01-08T01:36:55.784Z,0.99,5-15m,22,0,452,337
2026-01-08T01:36:55.784Z,0.99,15-60m,18,2,60,5
2026-01-08T01:36:55.784Z,0.995,5-15s,548,548,548,1
2026-01-08T01:36:55.784Z,0.995,15-30s,14,4,35,4
2026-01-08T01:36:55.784Z,0.995,30-60s,13,0,27,4
2026-01-08T01:36:55.784Z,0.995,60-300s,36,0,1996,112
2026-01-08T01:36:55.784Z,0.995,5-15m,22,0,452,337
2026-01-08T01:36:55.784Z,0.995,15-60m,18,2,60,5
2026-01-08T01:37:55.787Z,0.9,60-300s,4,4,4,1
2026-01-08T01:37:55.787Z,0.9,5-15m,24,24,24,1
2026-01-08T01:37:55.787Z,0.95,15-30s,4,4,4,1
2026-01-08T01:37:55.787Z,0.95,60-300s,216,0,1996,10
2026-01-08T01:37:55.787Z,0.95,5-15m,15,2,68,19
2026-01-08T01:37:55.787Z,0.95,15-60m,6,6,6,1
2026-01-08T01:37:55.787Z,0.98,5-15s,548,548,548,1
2026-01-08T01:37:55.787Z,0.98,15-30s,14,4,35,4
2026-01-08T01:37:55.787Z,0.98,30-60s,14,0,27,2
2026-01-08T01:37:55.787Z,0.98,60-300s,50,0,1996,61
2026-01-08T01:37:55.787Z,0.98,5-15m,22,0,452,142
2026-01-08T01:37:55.787Z,0.98,15-60m,4,2,6,2
2026-01-08T01:37:55.787Z,0.985,5-15s,548,548,548,1
2026-01-08T01:37:55.787Z,0.985,15-30s,14,4,35,4
2026-01-08T01:37:55.787Z,0.985,30-60s,14,0,27,2
2026-01-08T01:37:55.787Z,0.985,60-300s,50,0,1996,61
2026-01-08T01:37:55.787Z,0.985,5-15m,21,0,452,146
2026-01-08T01:37:55.787Z,0.985,15-60m,4,2,6,2
2026-01-08T01:37:55.787Z,0.99,5-15s,548,548,548,1
2026-01-08T01:37:55.787Z,0.99,15-30s,14,4,35,4
2026-01-08T01:37:55.787Z,0.99,30-60s,13,0,27,4
2026-01-08T01:37:55.787Z,0.99,60-300s,36,0,1996,112
2026-01-08T01:37:55.787Z,0.99,5-15m,21,0,452,344
2026-01-08T01:37:55.787Z,0.99,15-60m,18,2,60,5
2026-01-08T01:37:55.787Z,0.995,5-15s,548,548,548,1
2026-01-08T01:37:55.787Z,0.995,15-30s,14,4,35,4
2026-01-08T01:37:55.787Z,0.995,30-60s,13,0,27,4
2026-01-08T01:37:55.787Z,0.995,60-300s,36,0,1996,112
2026-01-08T01:37:55.787Z,0.995,5-15m,21,0,452,344
2026-01-08T01:37:55.787Z,0.995,15-60m,18,2,60,5
2026-01-08T01:38:55.788Z,0.9,60-300s,4,4,4,1
2026-01-08T01:38:55.788Z,0.9,5-15m,24,24,24,1
2026-01-08T01:38:55.788Z,0.95,15-30s,4,4,4,1
2026-01-08T01:38:55.788Z,0.95,60-300s,216,0,1996,10
2026-01-08T01:38:55.788Z,0.95,5-15m,15,2,68,20
2026-01-08T01:38:55.788Z,0.95,15-60m,6,6,6,1
2026-01-08T01:38:55.788Z,0.98,5-15s,548,548,548,1
2026-01-08T01:38:55.788Z,0.98,15-30s,14,4,35,4
2026-01-08T01:38:55.788Z,0.98,30-60s,14,0,27,2
2026-01-08T01:38:55.788Z,0.98,60-300s,50,0,1996,61
2026-01-08T01:38:55.788Z,0.98,5-15m,21,0,452,148
2026-01-08T01:38:55.788Z,0.98,15-60m,4,2,6,2
2026-01-08T01:38:55.788Z,0.985,5-15s,548,548,548,1
2026-01-08T01:38:55.788Z,0.985,15-30s,14,4,35,4
2026-01-08T01:38:55.788Z,0.985,30-60s,14,0,27,2
2026-01-08T01:38:55.788Z,0.985,60-300s,50,0,1996,61
2026-01-08T01:38:55.788Z,0.985,5-15m,21,0,452,152
2026-01-08T01:38:55.788Z,0.985,15-60m,4,2,6,2
2026-01-08T01:38:55.788Z,0.99,5-15s,548,548,548,1
2026-01-08T01:38:55.788Z,0.99,15-30s,14,4,35,4
2026-01-08T01:38:55.788Z,0.99,30-60s,13,0,27,4
2026-01-08T01:38:55.788Z,0.99,60-300s,36,0,1996,112
2026-01-08T01:38:55.788Z,0.99,5-15m,21,0,452,353
2026-01-08T01:38:55.788Z,0.99,15-60m,18,2,60,5
2026-01-08T01:38:55.788Z,0.995,5-15s,548,548,548,1
2026-01-08T01:38:55.788Z,0.995,15-30s,14,4,35,4
2026-01-08T01:38:55.788Z,0.995,30-60s,13,0,27,4
2026-01-08T01:38:55.788Z,0.995,60-300s,36,0,1996,112
2026-01-08T01:38:55.788Z,0.995,5-15m,21,0,452,353
2026-01-08T01:38:55.788Z,0.995,15-60m,18,2,60,5
2026-01-08T01:39:55.792Z,0.9,60-300s,4,4,4,1
2026-01-08T01:39:55.792Z,0.9,5-15m,24,24,24,1
2026-01-08T01:39:55.792Z,0.95,15-30s,4,4,4,1
2026-01-08T01:39:55.792Z,0.95,60-300s,216,0,1996,10
2026-01-08T01:39:55.792Z,0.95,5-15m,17,2,68,21
2026-01-08T01:39:55.792Z,0.95,15-60m,6,6,6,1
2026-01-08T01:39:55.792Z,0.98,5-15s,548,548,548,1
2026-01-08T01:39:55.792Z,0.98,15-30s,14,4,35,4
2026-01-08T01:39:55.792Z,0.98,30-60s,14,0,27,2
2026-01-08T01:39:55.792Z,0.98,60-300s,50,0,1996,61
2026-01-08T01:39:55.792Z,0.98,5-15m,21,0,452,151
2026-01-08T01:39:55.792Z,0.98,15-60m,4,2,6,2
2026-01-08T01:39:55.792Z,0.985,5-15s,548,548,548,1
2026-01-08T01:39:55.792Z,0.985,15-30s,14,4,35,4
2026-01-08T01:39:55.792Z,0.985,30-60s,14,0,27,2
2026-01-08T01:39:55.792Z,0.985,60-300s,50,0,1996,61
2026-01-08T01:39:55.792Z,0.985,5-15m,21,0,452,155
2026-01-08T01:39:55.792Z,0.985,15-60m,4,2,6,2
2026-01-08T01:39:55.792Z,0.99,5-15s,548,548,548,1
2026-01-08T01:39:55.792Z,0.99,15-30s,14,4,35,4
2026-01-08T01:39:55.792Z,0.99,30-60s,13,0,27,4
2026-01-08T01:39:55.792Z,0.99,60-300s,36,0,1996,112
2026-01-08T01:39:55.792Z,0.99,5-15m,21,0,452,359
2026-01-08T01:39:55.792Z,0.99,15-60m,18,2,60,5
2026-01-08T01:39:55.792Z,0.995,5-15s,548,548,548,1
2026-01-08T01:39:55.792Z,0.995,15-30s,14,4,35,4
2026-01-08T01:39:55.792Z,0.995,30-60s,13,0,27,4
2026-01-08T01:39:55.792Z,0.995,60-300s,36,0,1996,112
2026-01-08T01:39:55.792Z,0.995,5-15m,21,0,452,359
2026-01-08T01:39:55.792Z,0.995,15-60m,18,2,60,5
2026-01-08T01:40:55.796Z,0.9,60-300s,4,4,4,1
2026-01-08T01:40:55.796Z,0.9,5-15m,24,24,24,1
2026-01-08T01:40:55.796Z,0.95,15-30s,4,4,4,1
2026-01-08T01:40:55.796Z,0.95,60-300s,198,0,1996,11
2026-01-08T01:40:55.796Z,0.95,5-15m,17,2,68,21
2026-01-08T01:40:55.796Z,0.95,15-60m,6,6,6,1
2026-01-08T01:40:55.796Z,0.98,5-15s,548,548,548,1
2026-01-08T01:40:55.796Z,0.98,15-30s,14,4,35,4
2026-01-08T01:40:55.796Z,0.98,30-60s,14,0,27,2
2026-01-08T01:40:55.796Z,0.98,60-300s,48,0,1996,64
2026-01-08T01:40:55.796Z,0.98,5-15m,21,0,452,151
2026-01-08T01:40:55.796Z,0.98,15-60m,4,2,6,2
2026-01-08T01:40:55.796Z,0.985,5-15s,548,548,548,1
2026-01-08T01:40:55.796Z,0.985,15-30s,14,4,35,4
2026-01-08T01:40:55.796Z,0.985,30-60s,14,0,27,2
2026-01-08T01:40:55.796Z,0.985,60-300s,48,0,1996,64
2026-01-08T01:40:55.796Z,0.985,5-15m,21,0,452,155
2026-01-08T01:40:55.796Z,0.985,15-60m,4,2,6,2
2026-01-08T01:40:55.796Z,0.99,5-15s,548,548,548,1
2026-01-08T01:40:55.796Z,0.99,15-30s,14,4,35,4
2026-01-08T01:40:55.796Z,0.99,30-60s,13,0,27,4
2026-01-08T01:40:55.796Z,0.99,60-300s,34,0,1996,121
2026-01-08T01:40:55.796Z,0.99,5-15m,21,0,452,359
2026-01-08T01:40:55.796Z,0.99,15-60m,18,2,60,5
2026-01-08T01:40:55.796Z,0.995,5-15s,548,548,548,1
2026-01-08T01:40:55.796Z,0.995,15-30s,14,4,35,4
2026-01-08T01:40:55.796Z,0.995,30-60s,13,0,27,4
2026-01-08T01:40:55.796Z,0.995,60-300s,34,0,1996,121
2026-01-08T01:40:55.796Z,0.995,5-15m,21,0,452,359
2026-01-08T01:40:55.796Z,0.995,15-60m,18,2,60,5
2026-01-08T01:41:55.794Z,0.9,60-300s,4,4,4,1
2026-01-08T01:41:55.794Z,0.9,5-15m,24,24,24,1
2026-01-08T01:41:55.794Z,0.95,15-30s,4,4,4,1
2026-01-08T01:41:55.794Z,0.95,60-300s,198,0,1996,11
2026-01-08T01:41:55.794Z,0.95,5-15m,17,2,68,21
2026-01-08T01:41:55.794Z,0.95,15-60m,6,6,6,1
2026-01-08T01:41:55.794Z,0.98,5-15s,548,548,548,1
2026-01-08T01:41:55.794Z,0.98,15-30s,14,4,35,4
2026-01-08T01:41:55.794Z,0.98,30-60s,14,0,27,2
2026-01-08T01:41:55.794Z,0.98,60-300s,47,0,1996,66
2026-01-08T01:41:55.794Z,0.98,5-15m,21,0,452,151
2026-01-08T01:41:55.794Z,0.98,15-60m,4,2,6,2
2026-01-08T01:41:55.794Z,0.985,5-15s,548,548,548,1
2026-01-08T01:41:55.794Z,0.985,15-30s,14,4,35,4
2026-01-08T01:41:55.794Z,0.985,30-60s,14,0,27,2
2026-01-08T01:41:55.794Z,0.985,60-300s,47,0,1996,66
2026-01-08T01:41:55.794Z,0.985,5-15m,21,0,452,155
2026-01-08T01:41:55.794Z,0.985,15-60m,4,2,6,2
2026-01-08T01:41:55.794Z,0.99,5-15s,548,548,548,1
2026-01-08T01:41:55.794Z,0.99,15-30s,14,4,35,4
2026-01-08T01:41:55.794Z,0.99,30-60s,13,0,27,4
2026-01-08T01:41:55.794Z,0.99,60-300s,34,0,1996,124
2026-01-08T01:41:55.794Z,0.99,5-15m,21,0,452,359
2026-01-08T01:41:55.794Z,0.99,15-60m,18,2,60,5
2026-01-08T01:41:55.794Z,0.995,5-15s,548,548,548,1
2026-01-08T01:41:55.794Z,0.995,15-30s,14,4,35,4
2026-01-08T01:41:55.794Z,0.995,30-60s,13,0,27,4
2026-01-08T01:41:55.794Z,0.995,60-300s,34,0,1996,124
2026-01-08T01:41:55.794Z,0.995,5-15m,21,0,452,359
2026-01-08T01:41:55.794Z,0.995,15-60m,18,2,60,5
2026-01-08T01:42:55.793Z,0.9,60-300s,4,4,4,1
2026-01-08T01:42:55.793Z,0.9,5-15m,24,24,24,1
2026-01-08T01:42:55.793Z,0.95,15-30s,4,4,4,1
2026-01-08T01:42:55.793Z,0.95,60-300s,198,0,1996,11
2026-01-08T01:42:55.793Z,0.95,5-15m,17,2,68,21
2026-01-08T01:42:55.793Z,0.95,15-60m,6,6,6,1
2026-01-08T01:42:55.793Z,0.98,5-15s,548,548,548,1
2026-01-08T01:42:55.793Z,0.98,15-30s,14,4,35,4
2026-01-08T01:42:55.793Z,0.98,30-60s,14,0,27,2
2026-01-08T01:42:55.793Z,0.98,60-300s,47,0,1996,66
2026-01-08T01:42:55.793Z,0.98,5-15m,21,0,452,151
2026-01-08T01:42:55.793Z,0.98,15-60m,4,2,6,2
2026-01-08T01:42:55.793Z,0.985,5-15s,548,548,548,1
2026-01-08T01:42:55.793Z,0.985,15-30s,14,4,35,4
2026-01-08T01:42:55.793Z,0.985,30-60s,14,0,27,2
2026-01-08T01:42:55.793Z,0.985,60-300s,47,0,1996,66
2026-01-08T01:42:55.793Z,0.985,5-15m,21,0,452,155
2026-01-08T01:42:55.793Z,0.985,15-60m,4,2,6,2
2026-01-08T01:42:55.793Z,0.99,5-15s,548,548,548,1
2026-01-08T01:42:55.793Z,0.99,15-30s,14,4,35,4
2026-01-08T01:42:55.793Z,0.99,30-60s,13,0,27,4
2026-01-08T01:42:55.793Z,0.99,60-300s,33,0,1996,126
2026-01-08T01:42:55.793Z,0.99,5-15m,21,0,452,359
2026-01-08T01:42:55.793Z,0.99,15-60m,18,2,60,5
2026-01-08T01:42:55.793Z,0.995,5-15s,548,548,548,1
2026-01-08T01:42:55.793Z,0.995,15-30s,14,4,35,4
2026-01-08T01:42:55.793Z,0.995,30-60s,13,0,27,4
2026-01-08T01:42:55.793Z,0.995,60-300s,33,0,1996,126
2026-01-08T01:42:55.793Z,0.995,5-15m,21,0,452,359
2026-01-08T01:42:55.793Z,0.995,15-60m,18,2,60,5
2026-01-08T01:43:55.793Z,0.9,60-300s,4,4,4,1
2026-01-08T01:43:55.793Z,0.9,5-15m,24,24,24,1
2026-01-08T01:43:55.793Z,0.95,15-30s,4,4,4,1
2026-01-08T01:43:55.793Z,0.95,60-300s,198,0,1996,11
2026-01-08T01:43:55.793Z,0.95,5-15m,17,2,68,21
2026-01-08T01:43:55.793Z,0.95,15-60m,6,6,6,1
2026-01-08T01:43:55.793Z,0.98,5-15s,548,548,548,1
2026-01-08T01:43:55.793Z,0.98,15-30s,14,4,35,4
2026-01-08T01:43:55.793Z,0.98,30-60s,14,0,27,2
2026-01-08T01:43:55.793Z,0.98,60-300s,47,0,1996,66
2026-01-08T01:43:55.793Z,0.98,5-15m,21,0,452,151
2026-01-08T01:43:55.793Z,0.98,15-60m,4,2,6,2
2026-01-08T01:43:55.793Z,0.985,5-15s,548,548,548,1
2026-01-08T01:43:55.793Z,0.985,15-30s,14,4,35,4
2026-01-08T01:43:55.793Z,0.985,30-60s,14,0,27,2
2026-01-08T01:43:55.793Z,0.985,60-300s,47,0,1996,66
2026-01-08T01:43:55.793Z,0.985,5-15m,21,0,452,155
2026-01-08T01:43:55.793Z,0.985,15-60m,4,2,6,2
2026-01-08T01:43:55.793Z,0.99,5-15s,548,548,548,1
2026-01-08T01:43:55.793Z,0.99,15-30s,14,4,35,4
2026-01-08T01:43:55.793Z,0.99,30-60s,13,0,27,4
2026-01-08T01:43:55.793Z,0.99,60-300s,33,0,1996,126
2026-01-08T01:43:55.793Z,0.99,5-15m,21,0,452,359
2026-01-08T01:43:55.793Z,0.99,15-60m,18,2,60,5
2026-01-08T01:43:55.793Z,0.995,5-15s,548,548,548,1
2026-01-08T01:43:55.793Z,0.995,15-30s,14,4,35,4
2026-01-08T01:43:55.793Z,0.995,30-60s,13,0,27,4
2026-01-08T01:43:55.793Z,0.995,60-300s,33,0,1996,126
2026-01-08T01:43:55.793Z,0.995,5-15m,21,0,452,359
2026-01-08T01:43:55.793Z,0.995,15-60m,18,2,60,5
2026-01-08T01:44:55.794Z,0.9,60-300s,4,4,4,1
2026-01-08T01:44:55.794Z,0.9,5-15m,24,24,24,1
2026-01-08T01:44:55.794Z,0.95,15-30s,4,4,4,1
2026-01-08T01:44:55.794Z,0.95,60-300s,198,0,1996,11
2026-01-08T01:44:55.794Z,0.95,5-15m,17,2,68,21
2026-01-08T01:44:55.794Z,0.95,15-60m,6,6,6,1
2026-01-08T01:44:55.794Z,0.98,5-15s,548,548,548,1
2026-01-08T01:44:55.794Z,0.98,15-30s,14,4,35,4
2026-01-08T01:44:55.794Z,0.98,30-60s,14,0,27,2
2026-01-08T01:44:55.794Z,0.98,60-300s,47,0,1996,66
2026-01-08T01:44:55.794Z,0.98,5-15m,21,0,452,151
2026-01-08T01:44:55.794Z,0.98,15-60m,4,2,6,2
2026-01-08T01:44:55.794Z,0.985,5-15s,548,548,548,1
2026-01-08T01:44:55.794Z,0.985,15-30s,14,4,35,4
2026-01-08T01:44:55.794Z,0.985,30-60s,14,0,27,2
2026-01-08T01:44:55.794Z,0.985,60-300s,47,0,1996,66
2026-01-08T01:44:55.794Z,0.985,5-15m,21,0,452,155
2026-01-08T01:44:55.794Z,0.985,15-60m,4,2,6,2
2026-01-08T01:44:55.794Z,0.99,5-15s,548,548,548,1
2026-01-08T01:44:55.794Z,0.99,15-30s,14,4,35,4
2026-01-08T01:44:55.794Z,0.99,30-60s,13,0,27,4
2026-01-08T01:44:55.794Z,0.99,60-300s,33,0,1996,126
2026-01-08T01:44:55.794Z,0.99,5-15m,21,0,452,359
2026-01-08T01:44:55.794Z,0.99,15-60m,18,2,60,5
2026-01-08T01:44:55.794Z,0.995,5-15s,548,548,548,1
2026-01-08T01:44:55.794Z,0.995,15-30s,14,4,35,4
2026-01-08T01:44:55.794Z,0.995,30-60s,13,0,27,4
2026-01-08T01:44:55.794Z,0.995,60-300s,33,0,1996,126
2026-01-08T01:44:55.794Z,0.995,5-15m,21,0,452,359
2026-01-08T01:44:55.794Z,0.995,15-60m,18,2,60,5
2026-01-08T01:45:55.796Z,0.9,60-300s,4,4,4,1
2026-01-08T01:45:55.796Z,0.9,5-15m,24,24,24,1
2026-01-08T01:45:55.796Z,0.95,15-30s,4,4,4,1
2026-01-08T01:45:55.796Z,0.95,60-300s,198,0,1996,11
2026-01-08T01:45:55.796Z,0.95,5-15m,17,2,68,21
2026-01-08T01:45:55.796Z,0.95,15-60m,6,6,6,1
2026-01-08T01:45:55.796Z,0.98,5-15s,548,548,548,1
2026-01-08T01:45:55.796Z,0.98,15-30s,14,4,35,4
2026-01-08T01:45:55.796Z,0.98,30-60s,14,0,27,2
2026-01-08T01:45:55.796Z,0.98,60-300s,47,0,1996,66
2026-01-08T01:45:55.796Z,0.98,5-15m,21,0,452,155
2026-01-08T01:45:55.796Z,0.98,15-60m,4,2,6,2
2026-01-08T01:45:55.796Z,0.985,5-15s,548,548,548,1
2026-01-08T01:45:55.796Z,0.985,15-30s,14,4,35,4
2026-01-08T01:45:55.796Z,0.985,30-60s,14,0,27,2
2026-01-08T01:45:55.796Z,0.985,60-300s,47,0,1996,66
2026-01-08T01:45:55.796Z,0.985,5-15m,21,0,452,159
2026-01-08T01:45:55.796Z,0.985,15-60m,4,2,6,2
2026-01-08T01:45:55.796Z,0.99,5-15s,548,548,548,1
2026-01-08T01:45:55.796Z,0.99,15-30s,14,4,35,4
2026-01-08T01:45:55.796Z,0.99,30-60s,13,0,27,4
2026-01-08T01:45:55.796Z,0.99,60-300s,33,0,1996,126
2026-01-08T01:45:55.796Z,0.99,5-15m,21,0,452,365
2026-01-08T01:45:55.796Z,0.99,15-60m,18,2,60,5
2026-01-08T01:45:55.796Z,0.995,5-15s,548,548,548,1
2026-01-08T01:45:55.796Z,0.995,15-30s,14,4,35,4
2026-01-08T01:45:55.796Z,0.995,30-60s,13,0,27,4
2026-01-08T01:45:55.796Z,0.995,60-300s,33,0,1996,126
2026-01-08T01:45:55.796Z,0.995,5-15m,21,0,452,365
2026-01-08T01:45:55.796Z,0.995,15-60m,18,2,60,5
2026-01-08T01:46:55.802Z,0.9,60-300s,4,4,4,1
2026-01-08T01:46:55.802Z,0.9,5-15m,24,24,24,1
2026-01-08T01:46:55.802Z,0.95,15-30s,4,4,4,1
2026-01-08T01:46:55.802Z,0.95,60-300s,198,0,1996,11
2026-01-08T01:46:55.802Z,0.95,5-15m,16,2,68,22
2026-01-08T01:46:55.802Z,0.95,15-60m,6,6,6,1
2026-01-08T01:46:55.802Z,0.98,5-15s,548,548,548,1
2026-01-08T01:46:55.802Z,0.98,15-30s,14,4,35,4
2026-01-08T01:46:55.802Z,0.98,30-60s,14,0,27,2
2026-01-08T01:46:55.802Z,0.98,60-300s,47,0,1996,66
2026-01-08T01:46:55.802Z,0.98,5-15m,21,0,452,156
2026-01-08T01:46:55.802Z,0.98,15-60m,4,2,6,2
2026-01-08T01:46:55.802Z,0.985,5-15s,548,548,548,1
2026-01-08T01:46:55.802Z,0.985,15-30s,14,4,35,4
2026-01-08T01:46:55.802Z,0.985,30-60s,14,0,27,2
2026-01-08T01:46:55.802Z,0.985,60-300s,47,0,1996,66
2026-01-08T01:46:55.802Z,0.985,5-15m,21,0,452,160
2026-01-08T01:46:55.802Z,0.985,15-60m,4,2,6,2
2026-01-08T01:46:55.802Z,0.99,5-15s,548,548,548,1
2026-01-08T01:46:55.802Z,0.99,15-30s,14,4,35,4
2026-01-08T01:46:55.802Z,0.99,30-60s,13,0,27,4
2026-01-08T01:46:55.802Z,0.99,60-300s,33,0,1996,126
2026-01-08T01:46:55.802Z,0.99,5-15m,21,0,452,371
2026-01-08T01:46:55.802Z,0.99,15-60m,18,2,60,5
2026-01-08T01:46:55.802Z,0.995,5-15s,548,548,548,1
2026-01-08T01:46:55.802Z,0.995,15-30s,14,4,35,4
2026-01-08T01:46:55.802Z,0.995,30-60s,13,0,27,4
2026-01-08T01:46:55.802Z,0.995,60-300s,33,0,1996,126
2026-01-08T01:46:55.802Z,0.995,5-15m,21,0,452,371
2026-01-08T01:46:55.802Z,0.995,15-60m,18,2,60,5
2026-01-08T01:47:55.803Z,0.9,60-300s,4,4,4,1
2026-01-08T01:47:55.803Z,0.9,5-15m,24,24,24,1
2026-01-08T01:47:55.803Z,0.95,15-30s,4,4,4,1
2026-01-08T01:47:55.803Z,0.95,60-300s,198,0,1996,11
2026-01-08T01:47:55.803Z,0.95,5-15m,18,2,68,25
2026-01-08T01:47:55.803Z,0.95,15-60m,6,6,6,1
2026-01-08T01:47:55.803Z,0.98,5-15s,548,548,548,1
2026-01-08T01:47:55.803Z,0.98,15-30s,14,4,35,4
2026-01-08T01:47:55.803Z,0.98,30-60s,14,0,27,2
2026-01-08T01:47:55.803Z,0.98,60-300s,47,0,1996,66
2026-01-08T01:47:55.803Z,0.98,5-15m,22,0,452,160
2026-01-08T01:47:55.803Z,0.98,15-60m,4,2,6,2
2026-01-08T01:47:55.803Z,0.985,5-15s,548,548,548,1
2026-01-08T01:47:55.803Z,0.985,15-30s,14,4,35,4
2026-01-08T01:47:55.803Z,0.985,30-60s,14,0,27,2
2026-01-08T01:47:55.803Z,0.985,60-300s,47,0,1996,66
2026-01-08T01:47:55.803Z,0.985,5-15m,21,0,452,164
2026-01-08T01:47:55.803Z,0.985,15-60m,4,2,6,2
2026-01-08T01:47:55.803Z,0.99,5-15s,548,548,548,1
2026-01-08T01:47:55.803Z,0.99,15-30s,14,4,35,4
2026-01-08T01:47:55.803Z,0.99,30-60s,13,0,27,4
2026-01-08T01:47:55.803Z,0.99,60-300s,33,0,1996,126
2026-01-08T01:47:55.803Z,0.99,5-15m,28,0,1858,381
2026-01-08T01:47:55.803Z,0.99,15-60m,18,2,60,5
2026-01-08T01:47:55.803Z,0.995,5-15s,548,548,548,1
2026-01-08T01:47:55.803Z,0.995,15-30s,14,4,35,4
2026-01-08T01:47:55.803Z,0.995,30-60s,13,0,27,4
2026-01-08T01:47:55.803Z,0.995,60-300s,33,0,1996,126
2026-01-08T01:47:55.803Z,0.995,5-15m,28,0,1858,381
2026-01-08T01:47:55.803Z,0.995,15-60m,18,2,60,5
2026-01-08T01:48:55.800Z,0.9,60-300s,4,4,4,1
2026-01-08T01:48:55.800Z,0.9,5-15m,24,24,24,1
2026-01-08T01:48:55.800Z,0.95,15-30s,4,4,4,1
2026-01-08T01:48:55.800Z,0.95,60-300s,198,0,1996,11
2026-01-08T01:48:55.800Z,0.95,5-15m,19,2,68,26
2026-01-08T01:48:55.800Z,0.95,15-60m,6,6,6,1
2026-01-08T01:48:55.800Z,0.98,5-15s,548,548,548,1
2026-01-08T01:48:55.800Z,0.98,15-30s,14,4,35,4
2026-01-08T01:48:55.800Z,0.98,30-60s,14,0,27,2
2026-01-08T01:48:55.800Z,0.98,60-300s,47,0,1996,66
2026-01-08T01:48:55.800Z,0.98,5-15m,21,0,452,164
2026-01-08T01:48:55.800Z,0.98,15-60m,4,2,6,2
2026-01-08T01:48:55.800Z,0.985,5-15s,548,548,548,1
2026-01-08T01:48:55.800Z,0.985,15-30s,14,4,35,4
2026-01-08T01:48:55.800Z,0.985,30-60s,14,0,27,2
2026-01-08T01:48:55.800Z,0.985,60-300s,47,0,1996,66
2026-01-08T01:48:55.800Z,0.985,5-15m,21,0,452,168
2026-01-08T01:48:55.800Z,0.985,15-60m,4,2,6,2
2026-01-08T01:48:55.800Z,0.99,5-15s,548,548,548,1
2026-01-08T01:48:55.800Z,0.99,15-30s,14,4,35,4
2026-01-08T01:48:55.800Z,0.99,30-60s,13,0,27,4
2026-01-08T01:48:55.800Z,0.99,60-300s,33,0,1996,126
2026-01-08T01:48:55.800Z,0.99,5-15m,28,0,1858,389
2026-01-08T01:48:55.800Z,0.99,15-60m,18,2,60,5
2026-01-08T01:48:55.800Z,0.995,5-15s,548,548,548,1
2026-01-08T01:48:55.800Z,0.995,15-30s,14,4,35,4
2026-01-08T01:48:55.800Z,0.995,30-60s,13,0,27,4
2026-01-08T01:48:55.800Z,0.995,60-300s,33,0,1996,126
2026-01-08T01:48:55.800Z,0.995,5-15m,28,0,1858,389
2026-01-08T01:48:55.800Z,0.995,15-60m,18,2,60,5
2026-01-08T01:49:55.817Z,0.9,60-300s,4,4,4,1
2026-01-08T01:49:55.817Z,0.9,5-15m,24,24,24,1
2026-01-08T01:49:55.817Z,0.95,15-30s,4,4,4,1
2026-01-08T01:49:55.817Z,0.95,60-300s,198,0,1996,11
2026-01-08T01:49:55.817Z,0.95,5-15m,19,2,68,26
2026-01-08T01:49:55.817Z,0.95,15-60m,6,6,6,1
2026-01-08T01:49:55.817Z,0.98,5-15s,548,548,548,1
2026-01-08T01:49:55.817Z,0.98,15-30s,14,4,35,4
2026-01-08T01:49:55.817Z,0.98,30-60s,14,0,27,2
2026-01-08T01:49:55.817Z,0.98,60-300s,47,0,1996,66
2026-01-08T01:49:55.817Z,0.98,5-15m,22,0,452,166
2026-01-08T01:49:55.817Z,0.98,15-60m,4,2,6,2
2026-01-08T01:49:55.817Z,0.985,5-15s,548,548,548,1
2026-01-08T01:49:55.817Z,0.985,15-30s,14,4,35,4
2026-01-08T01:49:55.817Z,0.985,30-60s,14,0,27,2
2026-01-08T01:49:55.817Z,0.985,60-300s,47,0,1996,66
2026-01-08T01:49:55.817Z,0.985,5-15m,21,0,452,170
2026-01-08T01:49:55.817Z,0.985,15-60m,4,2,6,2
2026-01-08T01:49:55.817Z,0.99,5-15s,548,548,548,1
2026-01-08T01:49:55.817Z,0.99,15-30s,14,4,35,4
2026-01-08T01:49:55.817Z,0.99,30-60s,13,0,27,4
2026-01-08T01:49:55.817Z,0.99,60-300s,33,0,1996,126
2026-01-08T01:49:55.817Z,0.99,5-15m,27,0,1858,396
2026-01-08T01:49:55.817Z,0.99,15-60m,18,2,60,5
2026-01-08T01:49:55.817Z,0.995,5-15s,548,548,548,1
2026-01-08T01:49:55.817Z,0.995,15-30s,14,4,35,4
2026-01-08T01:49:55.817Z,0.995,30-60s,13,0,27,4
2026-01-08T01:49:55.817Z,0.995,60-300s,33,0,1996,126
2026-01-08T01:49:55.817Z,0.995,5-15m,27,0,1858,396
2026-01-08T01:49:55.817Z,0.995,15-60m,18,2,60,5
2026-01-08T01:50:55.822Z,0.9,60-300s,4,4,4,1
2026-01-08T01:50:55.822Z,0.9,5-15m,32,24,40,2
2026-01-08T01:50:55.822Z,0.95,15-30s,4,4,4,1
2026-01-08T01:50:55.822Z,0.95,60-300s,198,0,1996,11
2026-01-08T01:50:55.822Z,0.95,5-15m,20,2,68,27
2026-01-08T01:50:55.822Z,0.95,15-60m,6,6,6,1
2026-01-08T01:50:55.822Z,0.98,5-15s,548,548,548,1
2026-01-08T01:50:55.822Z,0.98,15-30s,14,4,35,4
2026-01-08T01:50:55.822Z,0.98,30-60s,14,0,27,2
2026-01-08T01:50:55.822Z,0.98,60-300s,47,0,1996,66
2026-01-08T01:50:55.822Z,0.98,5-15m,22,0,452,168
2026-01-08T01:50:55.822Z,0.98,15-60m,4,2,6,2
2026-01-08T01:50:55.822Z,0.985,5-15s,548,548,548,1
2026-01-08T01:50:55.822Z,0.985,15-30s,14,4,35,4
2026-01-08T01:50:55.822Z,0.985,30-60s,14,0,27,2
2026-01-08T01:50:55.822Z,0.985,60-300s,47,0,1996,66
2026-01-08T01:50:55.822Z,0.985,5-15m,21,0,452,172
2026-01-08T01:50:55.822Z,0.985,15-60m,4,2,6,2
2026-01-08T01:50:55.822Z,0.99,5-15s,548,548,548,1
2026-01-08T01:50:55.822Z,0.99,15-30s,14,4,35,4
2026-01-08T01:50:55.822Z,0.99,30-60s,13,0,27,4
2026-01-08T01:50:55.822Z,0.99,60-300s,33,0,1996,126
2026-01-08T01:50:55.822Z,0.99,5-15m,27,0,1858,402
2026-01-08T01:50:55.822Z,0.99,15-60m,18,2,60,5
2026-01-08T01:50:55.822Z,0.995,5-15s,548,548,548,1
2026-01-08T01:50:55.822Z,0.995,15-30s,14,4,35,4
2026-01-08T01:50:55.822Z,0.995,30-60s,13,0,27,4
2026-01-08T01:50:55.822Z,0.995,60-300s,33,0,1996,126
2026-01-08T01:50:55.822Z,0.995,5-15m,27,0,1858,402
2026-01-08T01:50:55.822Z,0.995,15-60m,18,2,60,5
2026-01-08T01:51:55.823Z,0.9,60-300s,4,4,4,1
2026-01-08T01:51:55.823Z,0.9,5-15m,32,24,40,2
2026-01-08T01:51:55.823Z,0.95,15-30s,4,4,4,1
2026-01-08T01:51:55.823Z,0.95,60-300s,198,0,1996,11
2026-01-08T01:51:55.823Z,0.95,5-15m,20,2,68,27
2026-01-08T01:51:55.823Z,0.95,15-60m,6,6,6,1
2026-01-08T01:51:55.823Z,0.98,5-15s,548,548,548,1
2026-01-08T01:51:55.823Z,0.98,15-30s,14,4,35,4
2026-01-08T01:51:55.823Z,0.98,30-60s,14,0,27,2
2026-01-08T01:51:55.823Z,0.98,60-300s,47,0,1996,66
2026-01-08T01:51:55.823Z,0.98,5-15m,21,0,452,171
2026-01-08T01:51:55.823Z,0.98,15-60m,4,2,6,2
2026-01-08T01:51:55.823Z,0.985,5-15s,548,548,548,1
2026-01-08T01:51:55.823Z,0.985,15-30s,14,4,35,4
2026-01-08T01:51:55.823Z,0.985,30-60s,14,0,27,2
2026-01-08T01:51:55.823Z,0.985,60-300s,47,0,1996,66
2026-01-08T01:51:55.823Z,0.985,5-15m,21,0,452,175
2026-01-08T01:51:55.823Z,0.985,15-60m,4,2,6,2
2026-01-08T01:51:55.823Z,0.99,5-15s,548,548,548,1
2026-01-08T01:51:55.823Z,0.99,15-30s,14,4,35,4
2026-01-08T01:51:55.823Z,0.99,30-60s,13,0,27,4
2026-01-08T01:51:55.823Z,0.99,60-300s,33,0,1996,126
2026-01-08T01:51:55.823Z,0.99,5-15m,27,0,1858,412
2026-01-08T01:51:55.823Z,0.99,15-60m,18,2,60,5
2026-01-08T01:51:55.823Z,0.995,5-15s,548,548,548,1
2026-01-08T01:51:55.823Z,0.995,15-30s,14,4,35,4
2026-01-08T01:51:55.823Z,0.995,30-60s,13,0,27,4
2026-01-08T01:51:55.823Z,0.995,60-300s,33,0,1996,126
2026-01-08T01:51:55.823Z,0.995,5-15m,27,0,1858,412
2026-01-08T01:51:55.823Z,0.995,15-60m,18,2,60,5
2026-01-08T01:52:55.822Z,0.9,60-300s,4,4,4,1
2026-01-08T01:52:55.822Z,0.9,5-15m,32,24,40,2
2026-01-08T01:52:55.822Z,0.95,15-30s,4,4,4,1
2026-01-08T01:52:55.822Z,0.95,60-300s,198,0,1996,11
2026-01-08T01:52:55.822Z,0.95,5-15m,20,2,68,27
2026-01-08T01:52:55.822Z,0.95,15-60m,6,6,6,1
2026-01-08T01:52:55.822Z,0.98,5-15s,548,548,548,1
2026-01-08T01:52:55.822Z,0.98,15-30s,14,4,35,4
2026-01-08T01:52:55.822Z,0.98,30-60s,14,0,27,2
2026-01-08T01:52:55.822Z,0.98,60-300s,47,0,1996,66
2026-01-08T01:52:55.822Z,0.98,5-15m,22,0,452,173
2026-01-08T01:52:55.822Z,0.98,15-60m,4,2,6,2
2026-01-08T01:52:55.822Z,0.985,5-15s,548,548,548,1
2026-01-08T01:52:55.822Z,0.985,15-30s,14,4,35,4
2026-01-08T01:52:55.822Z,0.985,30-60s,14,0,27,2
2026-01-08T01:52:55.822Z,0.985,60-300s,47,0,1996,66
2026-01-08T01:52:55.822Z,0.985,5-15m,22,0,452,177
2026-01-08T01:52:55.822Z,0.985,15-60m,4,2,6,2
2026-01-08T01:52:55.822Z,0.99,5-15s,548,548,548,1
2026-01-08T01:52:55.822Z,0.99,15-30s,14,4,35,4
2026-01-08T01:52:55.822Z,0.99,30-60s,13,0,27,4
2026-01-08T01:52:55.822Z,0.99,60-300s,33,0,1996,126
2026-01-08T01:52:55.822Z,0.99,5-15m,27,0,1858,418
2026-01-08T01:52:55.822Z,0.99,15-60m,18,2,60,5
2026-01-08T01:52:55.822Z,0.995,5-15s,548,548,548,1
2026-01-08T01:52:55.822Z,0.995,15-30s,14,4,35,4
2026-01-08T01:52:55.822Z,0.995,30-60s,13,0,27,4
2026-01-08T01:52:55.822Z,0.995,60-300s,33,0,1996,126
2026-01-08T01:52:55.822Z,0.995,5-15m,27,0,1858,418
2026-01-08T01:52:55.822Z,0.995,15-60m,18,2,60,5
2026-01-08T01:53:55.823Z,0.9,60-300s,4,4,4,1
2026-01-08T01:53:55.823Z,0.9,5-15m,32,24,40,2
2026-01-08T01:53:55.823Z,0.95,15-30s,4,4,4,1
2026-01-08T01:53:55.823Z,0.95,60-300s,198,0,1996,11
2026-01-08T01:53:55.823Z,0.95,5-15m,20,2,68,27
2026-01-08T01:53:55.823Z,0.95,15-60m,6,6,6,1
2026-01-08T01:53:55.823Z,0.98,5-15s,548,548,548,1
2026-01-08T01:53:55.823Z,0.98,15-30s,14,4,35,4
2026-01-08T01:53:55.823Z,0.98,30-60s,14,0,27,2
2026-01-08T01:53:55.823Z,0.98,60-300s,47,0,1996,66
2026-01-08T01:53:55.823Z,0.98,5-15m,22,0,452,178
2026-01-08T01:53:55.823Z,0.98,15-60m,4,2,6,2
2026-01-08T01:53:55.823Z,0.985,5-15s,548,548,548,1
2026-01-08T01:53:55.823Z,0.985,15-30s,14,4,35,4
2026-01-08T01:53:55.823Z,0.985,30-60s,14,0,27,2
2026-01-08T01:53:55.823Z,0.985,60-300s,47,0,1996,66
2026-01-08T01:53:55.823Z,0.985,5-15m,21,0,452,182
2026-01-08T01:53:55.823Z,0.985,15-60m,4,2,6,2
2026-01-08T01:53:55.823Z,0.99,5-15s,548,548,548,1
2026-01-08T01:53:55.823Z,0.99,15-30s,14,4,35,4
2026-01-08T01:53:55.823Z,0.99,30-60s,13,0,27,4
2026-01-08T01:53:55.823Z,0.99,60-300s,33,0,1996,126
2026-01-08T01:53:55.823Z,0.99,5-15m,27,0,1858,427
2026-01-08T01:53:55.823Z,0.99,15-60m,18,2,60,5
2026-01-08T01:53:55.823Z,0.995,5-15s,548,548,548,1
2026-01-08T01:53:55.823Z,0.995,15-30s,14,4,35,4
2026-01-08T01:53:55.823Z,0.995,30-60s,13,0,27,4
2026-01-08T01:53:55.823Z,0.995,60-300s,33,0,1996,126
2026-01-08T01:53:55.823Z,0.995,5-15m,27,0,1858,427
2026-01-08T01:53:55.823Z,0.995,15-60m,18,2,60,5
2026-01-08T01:54:55.825Z,0.9,60-300s,4,4,4,1
2026-01-08T01:54:55.825Z,0.9,5-15m,32,24,40,2
2026-01-08T01:54:55.825Z,0.95,15-30s,4,4,4,1
2026-01-08T01:54:55.825Z,0.95,60-300s,198,0,1996,11
2026-01-08T01:54:55.825Z,0.95,5-15m,20,2,68,27
2026-01-08T01:54:55.825Z,0.95,15-60m,6,6,6,1
2026-01-08T01:54:55.825Z,0.98,5-15s,548,548,548,1
2026-01-08T01:54:55.825Z,0.98,15-30s,14,4,35,4
2026-01-08T01:54:55.825Z,0.98,30-60s,14,0,27,2
2026-01-08T01:54:55.825Z,0.98,60-300s,47,0,1996,66
2026-01-08T01:54:55.825Z,0.98,5-15m,21,0,452,180
2026-01-08T01:54:55.825Z,0.98,15-60m,4,2,6,2
2026-01-08T01:54:55.825Z,0.985,5-15s,548,548,548,1
2026-01-08T01:54:55.825Z,0.985,15-30s,14,4,35,4
2026-01-08T01:54:55.825Z,0.985,30-60s,14,0,27,2
2026-01-08T01:54:55.825Z,0.985,60-300s,47,0,1996,66
2026-01-08T01:54:55.825Z,0.985,5-15m,21,0,452,184
2026-01-08T01:54:55.825Z,0.985,15-60m,4,2,6,2
2026-01-08T01:54:55.825Z,0.99,5-15s,548,548,548,1
2026-01-08T01:54:55.825Z,0.99,15-30s,14,4,35,4
2026-01-08T01:54:55.825Z,0.99,30-60s,13,0,27,4
2026-01-08T01:54:55.825Z,0.99,60-300s,33,0,1996,126
2026-01-08T01:54:55.825Z,0.99,5-15m,28,0,1858,430
2026-01-08T01:54:55.825Z,0.99,15-60m,18,2,60,5
2026-01-08T01:54:55.825Z,0.995,5-15s,548,548,548,1
2026-01-08T01:54:55.825Z,0.995,15-30s,14,4,35,4
2026-01-08T01:54:55.825Z,0.995,30-60s,13,0,27,4
2026-01-08T01:54:55.825Z,0.995,60-300s,33,0,1996,126
2026-01-08T01:54:55.825Z,0.995,5-15m,28,0,1858,430
2026-01-08T01:54:55.825Z,0.995,15-60m,18,2,60,5
2026-01-08T01:55:55.824Z,0.9,60-300s,4,4,4,1
2026-01-08T01:55:55.824Z,0.9,5-15m,32,24,40,2
2026-01-08T01:55:55.824Z,0.95,15-30s,4,4,4,1
2026-01-08T01:55:55.824Z,0.95,60-300s,198,0,1996,11
2026-01-08T01:55:55.824Z,0.95,5-15m,20,2,68,27
2026-01-08T01:55:55.824Z,0.95,15-60m,6,6,6,1
2026-01-08T01:55:55.824Z,0.98,5-15s,548,548,548,1
2026-01-08T01:55:55.824Z,0.98,15-30s,14,4,35,4
2026-01-08T01:55:55.824Z,0.98,30-60s,14,0,27,2
2026-01-08T01:55:55.824Z,0.98,60-300s,47,0,1996,68
2026-01-08T01:55:55.824Z,0.98,5-15m,21,0,452,180
2026-01-08T01:55:55.824Z,0.98,15-60m,4,2,6,2
2026-01-08T01:55:55.824Z,0.985,5-15s,548,548,548,1
2026-01-08T01:55:55.824Z,0.985,15-30s,14,4,35,4
2026-01-08T01:55:55.824Z,0.985,30-60s,14,0,27,2
2026-01-08T01:55:55.824Z,0.985,60-300s,47,0,1996,68
2026-01-08T01:55:55.824Z,0.985,5-15m,21,0,452,184
2026-01-08T01:55:55.824Z,0.985,15-60m,4,2,6,2
2026-01-08T01:55:55.824Z,0.99,5-15s,548,548,548,1
2026-01-08T01:55:55.824Z,0.99,15-30s,14,4,35,4
2026-01-08T01:55:55.824Z,0.99,30-60s,13,0,27,4
2026-01-08T01:55:55.824Z,0.99,60-300s,33,0,1996,136
2026-01-08T01:55:55.824Z,0.99,5-15m,28,0,1858,430
2026-01-08T01:55:55.824Z,0.99,15-60m,18,2,60,5
2026-01-08T01:55:55.824Z,0.995,5-15s,548,548,548,1
2026-01-08T01:55:55.824Z,0.995,15-30s,14,4,35,4
2026-01-08T01:55:55.824Z,0.995,30-60s,13,0,27,4
2026-01-08T01:55:55.824Z,0.995,60-300s,33,0,1996,136
2026-01-08T01:55:55.824Z,0.995,5-15m,28,0,1858,430
2026-01-08T01:55:55.824Z,0.995,15-60m,18,2,60,5
2026-01-08T01:56:55.824Z,0.9,60-300s,4,4,4,1
2026-01-08T01:56:55.824Z,0.9,5-15m,32,24,40,2
2026-01-08T01:56:55.824Z,0.95,15-30s,4,4,4,1
2026-01-08T01:56:55.824Z,0.95,60-300s,198,0,1996,11
2026-01-08T01:56:55.824Z,0.95,5-15m,20,2,68,27
2026-01-08T01:56:55.824Z,0.95,15-60m,6,6,6,1
2026-01-08T01:56:55.824Z,0.98,5-15s,548,548,548,1
2026-01-08T01:56:55.824Z,0.98,15-30s,14,4,35,4
2026-01-08T01:56:55.824Z,0.98,30-60s,14,0,27,2
2026-01-08T01:56:55.824Z,0.98,60-300s,46,0,1996,71
2026-01-08T01:56:55.824Z,0.98,5-15m,21,0,452,180
2026-01-08T01:56:55.824Z,0.98,15-60m,4,2,6,2
2026-01-08T01:56:55.824Z,0.985,5-15s,548,548,548,1
2026-01-08T01:56:55.824Z,0.985,15-30s,14,4,35,4
2026-01-08T01:56:55.824Z,0.985,30-60s,14,0,27,2
2026-01-08T01:56:55.824Z,0.985,60-300s,46,0,1996,71
2026-01-08T01:56:55.824Z,0.985,5-15m,21,0,452,184
2026-01-08T01:56:55.824Z,0.985,15-60m,4,2,6,2
2026-01-08T01:56:55.824Z,0.99,5-15s,548,548,548,1
2026-01-08T01:56:55.824Z,0.99,15-30s,14,4,35,4
2026-01-08T01:56:55.824Z,0.99,30-60s,13,0,27,4
2026-01-08T01:56:55.824Z,0.99,60-300s,33,0,1996,140
2026-01-08T01:56:55.824Z,0.99,5-15m,28,0,1858,430
2026-01-08T01:56:55.824Z,0.99,15-60m,18,2,60,5
2026-01-08T01:56:55.824Z,0.995,5-15s,548,548,548,1
2026-01-08T01:56:55.824Z,0.995,15-30s,14,4,35,4
2026-01-08T01:56:55.824Z,0.995,30-60s,13,0,27,4
2026-01-08T01:56:55.824Z,0.995,60-300s,33,0,1996,140
2026-01-08T01:56:55.824Z,0.995,5-15m,28,0,1858,430
2026-01-08T01:56:55.824Z,0.995,15-60m,18,2,60,5
2026-01-08T01:57:55.826Z,0.9,60-300s,4,4,4,1
2026-01-08T01:57:55.826Z,0.9,5-15m,32,24,40,2
2026-01-08T01:57:55.826Z,0.95,15-30s,4,4,4,1
2026-01-08T01:57:55.826Z,0.95,60-300s,198,0,1996,11
2026-01-08T01:57:55.826Z,0.95,5-15m,20,2,68,27
2026-01-08T01:57:55.826Z,0.95,15-60m,6,6,6,1
2026-01-08T01:57:55.826Z,0.98,5-15s,548,548,548,1
2026-01-08T01:57:55.826Z,0.98,15-30s,14,4,35,4
2026-01-08T01:57:55.826Z,0.98,30-60s,14,0,27,2
2026-01-08T01:57:55.826Z,0.98,60-300s,45,0,1996,73
2026-01-08T01:57:55.826Z,0.98,5-15m,21,0,452,180
2026-01-08T01:57:55.826Z,0.98,15-60m,4,2,6,2
2026-01-08T01:57:55.826Z,0.985,5-15s,548,548,548,1
2026-01-08T01:57:55.826Z,0.985,15-30s,14,4,35,4
2026-01-08T01:57:55.826Z,0.985,30-60s,14,0,27,2
2026-01-08T01:57:55.826Z,0.985,60-300s,45,0,1996,74
2026-01-08T01:57:55.826Z,0.985,5-15m,21,0,452,184
2026-01-08T01:57:55.826Z,0.985,15-60m,4,2,6,2
2026-01-08T01:57:55.826Z,0.99,5-15s,548,548,548,1
2026-01-08T01:57:55.826Z,0.99,15-30s,14,4,35,4
2026-01-08T01:57:55.826Z,0.99,30-60s,13,0,27,4
2026-01-08T01:57:55.826Z,0.99,60-300s,32,0,1996,146
2026-01-08T01:57:55.826Z,0.99,5-15m,28,0,1858,430
2026-01-08T01:57:55.826Z,0.99,15-60m,18,2,60,5
2026-01-08T01:57:55.826Z,0.995,5-15s,548,548,548,1
2026-01-08T01:57:55.826Z,0.995,15-30s,14,4,35,4
2026-01-08T01:57:55.826Z,0.995,30-60s,13,0,27,4
2026-01-08T01:57:55.826Z,0.995,60-300s,32,0,1996,146
2026-01-08T01:57:55.826Z,0.995,5-15m,28,0,1858,430
2026-01-08T01:57:55.826Z,0.995,15-60m,18,2,60,5
2026-01-08T01:58:55.826Z,0.9,60-300s,4,4,4,1
2026-01-08T01:58:55.826Z,0.9,5-15m,32,24,40,2
2026-01-08T01:58:55.826Z,0.95,15-30s,4,4,4,1
2026-01-08T01:58:55.826Z,0.95,60-300s,198,0,1996,11
2026-01-08T01:58:55.826Z,0.95,5-15m,20,2,68,27
2026-01-08T01:58:55.826Z,0.95,15-60m,6,6,6,1
2026-01-08T01:58:55.826Z,0.98,5-15s,548,548,548,1
2026-01-08T01:58:55.826Z,0.98,15-30s,14,4,35,4
2026-01-08T01:58:55.826Z,0.98,30-60s,14,0,27,2
2026-01-08T01:58:55.826Z,0.98,60-300s,45,0,1996,73
2026-01-08T01:58:55.826Z,0.98,5-15m,21,0,452,180
2026-01-08T01:58:55.826Z,0.98,15-60m,4,2,6,2
2026-01-08T01:58:55.826Z,0.985,5-15s,548,548,548,1
2026-01-08T01:58:55.826Z,0.985,15-30s,14,4,35,4
2026-01-08T01:58:55.826Z,0.985,30-60s,14,0,27,2
2026-01-08T01:58:55.826Z,0.985,60-300s,46,0,1996,75
2026-01-08T01:58:55.826Z,0.985,5-15m,21,0,452,184
2026-01-08T01:58:55.826Z,0.985,15-60m,4,2,6,2
2026-01-08T01:58:55.826Z,0.99,5-15s,548,548,548,1
2026-01-08T01:58:55.826Z,0.99,15-30s,14,4,35,4
2026-01-08T01:58:55.826Z,0.99,30-60s,13,0,27,4
2026-01-08T01:58:55.826Z,0.99,60-300s,43,0,1996,149
2026-01-08T01:58:55.826Z,0.99,5-15m,28,0,1858,430
2026-01-08T01:58:55.826Z,0.99,15-60m,18,2,60,5
2026-01-08T01:58:55.826Z,0.995,5-15s,548,548,548,1
2026-01-08T01:58:55.826Z,0.995,15-30s,14,4,35,4
2026-01-08T01:58:55.826Z,0.995,30-60s,13,0,27,4
2026-01-08T01:58:55.826Z,0.995,60-300s,43,0,1996,149
2026-01-08T01:58:55.826Z,0.995,5-15m,28,0,1858,430
2026-01-08T01:58:55.826Z,0.995,15-60m,18,2,60,5
2026-01-08T01:59:55.826Z,0.9,60-300s,4,4,4,1
2026-01-08T01:59:55.826Z,0.9,5-15m,32,24,40,2
2026-01-08T01:59:55.826Z,0.95,15-30s,4,4,4,1
2026-01-08T01:59:55.826Z,0.95,60-300s,198,0,1996,11
2026-01-08T01:59:55.826Z,0.95,5-15m,20,2,68,27
2026-01-08T01:59:55.826Z,0.95,15-60m,6,6,6,1
2026-01-08T01:59:55.826Z,0.98,5-15s,548,548,548,1
2026-01-08T01:59:55.826Z,0.98,15-30s,14,4,35,4
2026-01-08T01:59:55.826Z,0.98,30-60s,14,0,27,2
2026-01-08T01:59:55.826Z,0.98,60-300s,45,0,1996,73
2026-01-08T01:59:55.826Z,0.98,5-15m,21,0,452,180
2026-01-08T01:59:55.826Z,0.98,15-60m,4,2,6,2
2026-01-08T01:59:55.826Z,0.985,5-15s,548,548,548,1
2026-01-08T01:59:55.826Z,0.985,15-30s,14,4,35,4
2026-01-08T01:59:55.826Z,0.985,30-60s,14,0,27,2
2026-01-08T01:59:55.826Z,0.985,60-300s,46,0,1996,75
2026-01-08T01:59:55.826Z,0.985,5-15m,21,0,452,184
2026-01-08T01:59:55.826Z,0.985,15-60m,4,2,6,2
2026-01-08T01:59:55.826Z,0.99,5-15s,548,548,548,1
2026-01-08T01:59:55.826Z,0.99,15-30s,14,4,35,4
2026-01-08T01:59:55.826Z,0.99,30-60s,13,0,27,4
2026-01-08T01:59:55.826Z,0.99,60-300s,43,0,1996,149
2026-01-08T01:59:55.826Z,0.99,5-15m,28,0,1858,430
2026-01-08T01:59:55.826Z,0.99,15-60m,18,2,60,5
2026-01-08T01:59:55.826Z,0.995,5-15s,548,548,548,1
2026-01-08T01:59:55.826Z,0.995,15-30s,14,4,35,4
2026-01-08T01:59:55.826Z,0.995,30-60s,13,0,27,4
2026-01-08T01:59:55.826Z,0.995,60-300s,43,0,1996,149
2026-01-08T01:59:55.826Z,0.995,5-15m,28,0,1858,430
2026-01-08T01:59:55.826Z,0.995,15-60m,18,2,60,5
2026-01-08T02:00:55.833Z,0.9,60-300s,4,4,4,1
2026-01-08T02:00:55.833Z,0.9,5-15m,32,24,40,2
2026-01-08T02:00:55.833Z,0.95,15-30s,4,4,4,1
2026-01-08T02:00:55.833Z,0.95,60-300s,198,0,1996,11
2026-01-08T02:00:55.833Z,0.95,5-15m,20,2,68,27
2026-01-08T02:00:55.833Z,0.95,15-60m,6,6,6,1
2026-01-08T02:00:55.833Z,0.98,5-15s,548,548,548,1
2026-01-08T02:00:55.833Z,0.98,15-30s,14,4,35,4
2026-01-08T02:00:55.833Z,0.98,30-60s,14,0,27,2
2026-01-08T02:00:55.833Z,0.98,60-300s,45,0,1996,73
2026-01-08T02:00:55.833Z,0.98,5-15m,21,0,452,184
2026-01-08T02:00:55.833Z,0.98,15-60m,4,2,6,2
2026-01-08T02:00:55.833Z,0.985,5-15s,548,548,548,1
2026-01-08T02:00:55.833Z,0.985,15-30s,14,4,35,4
2026-01-08T02:00:55.833Z,0.985,30-60s,14,0,27,2
2026-01-08T02:00:55.833Z,0.985,60-300s,46,0,1996,75
2026-01-08T02:00:55.833Z,0.985,5-15m,21,0,452,188
2026-01-08T02:00:55.833Z,0.985,15-60m,4,2,6,2
2026-01-08T02:00:55.833Z,0.99,5-15s,548,548,548,1
2026-01-08T02:00:55.833Z,0.99,15-30s,14,4,35,4
2026-01-08T02:00:55.833Z,0.99,30-60s,13,0,27,4
2026-01-08T02:00:55.833Z,0.99,60-300s,43,0,1996,149
2026-01-08T02:00:55.833Z,0.99,5-15m,29,0,1858,444
2026-01-08T02:00:55.833Z,0.99,15-60m,18,2,60,5
2026-01-08T02:00:55.833Z,0.995,5-15s,548,548,548,1
2026-01-08T02:00:55.833Z,0.995,15-30s,14,4,35,4
2026-01-08T02:00:55.833Z,0.995,30-60s,13,0,27,4
2026-01-08T02:00:55.833Z,0.995,60-300s,43,0,1996,149
2026-01-08T02:00:55.833Z,0.995,5-15m,29,0,1858,444
2026-01-08T02:00:55.833Z,0.995,15-60m,18,2,60,5
2026-01-08T02:01:55.836Z,0.9,60-300s,4,4,4,1
2026-01-08T02:01:55.836Z,0.9,5-15m,32,24,40,2
2026-01-08T02:01:55.836Z,0.95,15-30s,4,4,4,1
2026-01-08T02:01:55.836Z,0.95,60-300s,198,0,1996,11
2026-01-08T02:01:55.836Z,0.95,5-15m,19,2,68,31
2026-01-08T02:01:55.836Z,0.95,15-60m,6,6,6,1
2026-01-08T02:01:55.836Z,0.98,5-15s,548,548,548,1
2026-01-08T02:01:55.836Z,0.98,15-30s,14,4,35,4
2026-01-08T02:01:55.836Z,0.98,30-60s,14,0,27,2
2026-01-08T02:01:55.836Z,0.98,60-300s,45,0,1996,73
2026-01-08T02:01:55.836Z,0.98,5-15m,21,0,452,199
2026-01-08T02:01:55.836Z,0.98,15-60m,4,2,6,2
2026-01-08T02:01:55.836Z,0.985,5-15s,548,548,548,1
2026-01-08T02:01:55.836Z,0.985,15-30s,14,4,35,4
2026-01-08T02:01:55.836Z,0.985,30-60s,14,0,27,2
2026-01-08T02:01:55.836Z,0.985,60-300s,46,0,1996,75
2026-01-08T02:01:55.836Z,0.985,5-15m,21,0,452,203
2026-01-08T02:01:55.836Z,0.985,15-60m,4,2,6,2
2026-01-08T02:01:55.836Z,0.99,5-15s,548,548,548,1
2026-01-08T02:01:55.836Z,0.99,15-30s,14,4,35,4
2026-01-08T02:01:55.836Z,0.99,30-60s,13,0,27,4
2026-01-08T02:01:55.836Z,0.99,60-300s,43,0,1996,149
2026-01-08T02:01:55.836Z,0.99,5-15m,28,0,1858,477
2026-01-08T02:01:55.836Z,0.99,15-60m,18,2,60,5
2026-01-08T02:01:55.836Z,0.995,5-15s,548,548,548,1
2026-01-08T02:01:55.836Z,0.995,15-30s,14,4,35,4
2026-01-08T02:01:55.836Z,0.995,30-60s,13,0,27,4
2026-01-08T02:01:55.836Z,0.995,60-300s,43,0,1996,149
2026-01-08T02:01:55.836Z,0.995,5-15m,28,0,1858,477
2026-01-08T02:01:55.836Z,0.995,15-60m,18,2,60,5
2026-01-08T02:02:55.838Z,0.9,60-300s,4,4,4,1
2026-01-08T02:02:55.838Z,0.9,5-15m,32,24,40,2
2026-01-08T02:02:55.838Z,0.95,15-30s,4,4,4,1
2026-01-08T02:02:55.838Z,0.95,60-300s,198,0,1996,11
2026-01-08T02:02:55.838Z,0.95,5-15m,19,2,68,31
2026-01-08T02:02:55.838Z,0.95,15-60m,6,6,6,1
2026-01-08T02:02:55.838Z,0.98,5-15s,548,548,548,1
2026-01-08T02:02:55.838Z,0.98,15-30s,14,4,35,4
2026-01-08T02:02:55.838Z,0.98,30-60s,14,0,27,2
2026-01-08T02:02:55.838Z,0.98,60-300s,45,0,1996,73
2026-01-08T02:02:55.838Z,0.98,5-15m,21,0,452,202
2026-01-08T02:02:55.838Z,0.98,15-60m,4,2,6,2
2026-01-08T02:02:55.838Z,0.985,5-15s,548,548,548,1
2026-01-08T02:02:55.838Z,0.985,15-30s,14,4,35,4
2026-01-08T02:02:55.838Z,0.985,30-60s,14,0,27,2
2026-01-08T02:02:55.838Z,0.985,60-300s,46,0,1996,75
2026-01-08T02:02:55.838Z,0.985,5-15m,21,0,452,206
2026-01-08T02:02:55.838Z,0.985,15-60m,4,2,6,2
2026-01-08T02:02:55.838Z,0.99,5-15s,548,548,548,1
2026-01-08T02:02:55.838Z,0.99,15-30s,14,4,35,4
2026-01-08T02:02:55.838Z,0.99,30-60s,13,0,27,4
2026-01-08T02:02:55.838Z,0.99,60-300s,43,0,1996,149
2026-01-08T02:02:55.838Z,0.99,5-15m,28,0,1858,488
2026-01-08T02:02:55.838Z,0.99,15-60m,18,2,60,5
2026-01-08T02:02:55.838Z,0.995,5-15s,548,548,548,1
2026-01-08T02:02:55.838Z,0.995,15-30s,14,4,35,4
2026-01-08T02:02:55.838Z,0.995,30-60s,13,0,27,4
2026-01-08T02:02:55.838Z,0.995,60-300s,43,0,1996,149
2026-01-08T02:02:55.838Z,0.995,5-15m,28,0,1858,488
2026-01-08T02:02:55.838Z,0.995,15-60m,18,2,60,5
2026-01-08T02:03:55.839Z,0.9,60-300s,4,4,4,1
2026-01-08T02:03:55.839Z,0.9,5-15m,32,24,40,2
2026-01-08T02:03:55.839Z,0.95,15-30s,4,4,4,1
2026-01-08T02:03:55.839Z,0.95,60-300s,198,0,1996,11
2026-01-08T02:03:55.839Z,0.95,5-15m,19,2,68,31
2026-01-08T02:03:55.839Z,0.95,15-60m,6,6,6,1
2026-01-08T02:03:55.839Z,0.98,5-15s,548,548,548,1
2026-01-08T02:03:55.839Z,0.98,15-30s,14,4,35,4
2026-01-08T02:03:55.839Z,0.98,30-60s,14,0,27,2
2026-01-08T02:03:55.839Z,0.98,60-300s,45,0,1996,73
2026-01-08T02:03:55.839Z,0.98,5-15m,21,0,452,204
2026-01-08T02:03:55.839Z,0.98,15-60m,4,2,6,2
2026-01-08T02:03:55.839Z,0.985,5-15s,548,548,548,1
2026-01-08T02:03:55.839Z,0.985,15-30s,14,4,35,4
2026-01-08T02:03:55.839Z,0.985,30-60s,14,0,27,2
2026-01-08T02:03:55.839Z,0.985,60-300s,46,0,1996,75
2026-01-08T02:03:55.839Z,0.985,5-15m,21,0,452,208
2026-01-08T02:03:55.839Z,0.985,15-60m,4,2,6,2
2026-01-08T02:03:55.839Z,0.99,5-15s,548,548,548,1
2026-01-08T02:03:55.839Z,0.99,15-30s,14,4,35,4
2026-01-08T02:03:55.839Z,0.99,30-60s,13,0,27,4
2026-01-08T02:03:55.839Z,0.99,60-300s,43,0,1996,149
2026-01-08T02:03:55.839Z,0.99,5-15m,28,0,1858,496
2026-01-08T02:03:55.839Z,0.99,15-60m,18,2,60,5
2026-01-08T02:03:55.839Z,0.995,5-15s,548,548,548,1
2026-01-08T02:03:55.839Z,0.995,15-30s,14,4,35,4
2026-01-08T02:03:55.839Z,0.995,30-60s,13,0,27,4
2026-01-08T02:03:55.839Z,0.995,60-300s,43,0,1996,149
2026-01-08T02:03:55.839Z,0.995,5-15m,28,0,1858,496
2026-01-08T02:03:55.839Z,0.995,15-60m,18,2,60,5
2026-01-08T02:04:55.843Z,0.9,60-300s,4,4,4,1
2026-01-08T02:04:55.843Z,0.9,5-15m,32,24,40,2
2026-01-08T02:04:55.843Z,0.95,15-30s,4,4,4,1
2026-01-08T02:04:55.843Z,0.95,60-300s,198,0,1996,11
2026-01-08T02:04:55.843Z,0.95,5-15m,19,2,68,31
2026-01-08T02:04:55.843Z,0.95,15-60m,6,6,6,1
2026-01-08T02:04:55.843Z,0.98,5-15s,548,548,548,1
2026-01-08T02:04:55.843Z,0.98,15-30s,14,4,35,4
2026-01-08T02:04:55.843Z,0.98,30-60s,14,0,27,2
2026-01-08T02:04:55.843Z,0.98,60-300s,45,0,1996,73
2026-01-08T02:04:55.843Z,0.98,5-15m,21,0,452,204
2026-01-08T02:04:55.843Z,0.98,15-60m,4,2,6,2
2026-01-08T02:04:55.843Z,0.985,5-15s,548,548,548,1
2026-01-08T02:04:55.843Z,0.985,15-30s,14,4,35,4
2026-01-08T02:04:55.843Z,0.985,30-60s,14,0,27,2
2026-01-08T02:04:55.843Z,0.985,60-300s,46,0,1996,75
2026-01-08T02:04:55.843Z,0.985,5-15m,21,0,452,208
2026-01-08T02:04:55.843Z,0.985,15-60m,4,2,6,2
2026-01-08T02:04:55.843Z,0.99,5-15s,548,548,548,1
2026-01-08T02:04:55.843Z,0.99,15-30s,14,4,35,4
2026-01-08T02:04:55.843Z,0.99,30-60s,13,0,27,4
2026-01-08T02:04:55.843Z,0.99,60-300s,43,0,1996,149
2026-01-08T02:04:55.843Z,0.99,5-15m,28,0,1858,497
2026-01-08T02:04:55.843Z,0.99,15-60m,18,2,60,5
2026-01-08T02:04:55.843Z,0.995,5-15s,548,548,548,1
2026-01-08T02:04:55.843Z,0.995,15-30s,14,4,35,4
2026-01-08T02:04:55.843Z,0.995,30-60s,13,0,27,4
2026-01-08T02:04:55.843Z,0.995,60-300s,43,0,1996,149
2026-01-08T02:04:55.843Z,0.995,5-15m,28,0,1858,497
2026-01-08T02:04:55.843Z,0.995,15-60m,18,2,60,5
2026-01-08T02:05:55.840Z,0.9,60-300s,4,4,4,1
2026-01-08T02:05:55.840Z,0.9,5-15m,32,24,40,2
2026-01-08T02:05:55.840Z,0.95,15-30s,4,4,4,1
2026-01-08T02:05:55.840Z,0.95,60-300s,198,0,1996,11
2026-01-08T02:05:55.840Z,0.95,5-15m,19,2,68,31
2026-01-08T02:05:55.840Z,0.95,15-60m,6,6,6,1
2026-01-08T02:05:55.840Z,0.98,5-15s,548,548,548,1
2026-01-08T02:05:55.840Z,0.98,15-30s,14,4,35,4
2026-01-08T02:05:55.840Z,0.98,30-60s,14,0,27,2
2026-01-08T02:05:55.840Z,0.98,60-300s,45,0,1996,73
2026-01-08T02:05:55.840Z,0.98,5-15m,21,0,452,209
2026-01-08T02:05:55.840Z,0.98,15-60m,4,2,6,2
2026-01-08T02:05:55.840Z,0.985,5-15s,548,548,548,1
2026-01-08T02:05:55.840Z,0.985,15-30s,14,4,35,4
2026-01-08T02:05:55.840Z,0.985,30-60s,14,0,27,2
2026-01-08T02:05:55.840Z,0.985,60-300s,46,0,1996,75
2026-01-08T02:05:55.840Z,0.985,5-15m,21,0,452,213
2026-01-08T02:05:55.840Z,0.985,15-60m,4,2,6,2
2026-01-08T02:05:55.840Z,0.99,5-15s,548,548,548,1
2026-01-08T02:05:55.840Z,0.99,15-30s,14,4,35,4
2026-01-08T02:05:55.840Z,0.99,30-60s,13,0,27,4
2026-01-08T02:05:55.840Z,0.99,60-300s,43,0,1996,149
2026-01-08T02:05:55.840Z,0.99,5-15m,28,0,1858,504
2026-01-08T02:05:55.840Z,0.99,15-60m,18,2,60,5
2026-01-08T02:05:55.840Z,0.995,5-15s,548,548,548,1
2026-01-08T02:05:55.840Z,0.995,15-30s,14,4,35,4
2026-01-08T02:05:55.840Z,0.995,30-60s,13,0,27,4
2026-01-08T02:05:55.840Z,0.995,60-300s,43,0,1996,149
2026-01-08T02:05:55.840Z,0.995,5-15m,28,0,1858,504
2026-01-08T02:05:55.840Z,0.995,15-60m,18,2,60,5
2026-01-08T02:06:55.842Z,0.9,60-300s,4,4,4,1
2026-01-08T02:06:55.842Z,0.9,5-15m,32,24,40,2
2026-01-08T02:06:55.842Z,0.95,15-30s,4,4,4,1
2026-01-08T02:06:55.842Z,0.95,60-300s,198,0,1996,11
2026-01-08T02:06:55.842Z,0.95,5-15m,19,2,68,31
2026-01-08T02:06:55.842Z,0.95,15-60m,6,6,6,1
2026-01-08T02:06:55.842Z,0.98,5-15s,548,548,548,1
2026-01-08T02:06:55.842Z,0.98,15-30s,14,4,35,4
2026-01-08T02:06:55.842Z,0.98,30-60s,14,0,27,2
2026-01-08T02:06:55.842Z,0.98,60-300s,45,0,1996,73
2026-01-08T02:06:55.842Z,0.98,5-15m,21,0,452,212
2026-01-08T02:06:55.842Z,0.98,15-60m,4,2,6,2
2026-01-08T02:06:55.842Z,0.985,5-15s,548,548,548,1
2026-01-08T02:06:55.842Z,0.985,15-30s,14,4,35,4
2026-01-08T02:06:55.842Z,0.985,30-60s,14,0,27,2
2026-01-08T02:06:55.842Z,0.985,60-300s,46,0,1996,75
2026-01-08T02:06:55.842Z,0.985,5-15m,21,0,452,216
2026-01-08T02:06:55.842Z,0.985,15-60m,4,2,6,2
2026-01-08T02:06:55.842Z,0.99,5-15s,548,548,548,1
2026-01-08T02:06:55.842Z,0.99,15-30s,14,4,35,4
2026-01-08T02:06:55.842Z,0.99,30-60s,13,0,27,4
2026-01-08T02:06:55.842Z,0.99,60-300s,43,0,1996,149
2026-01-08T02:06:55.842Z,0.99,5-15m,27,0,1858,516
2026-01-08T02:06:55.842Z,0.99,15-60m,18,2,60,5
2026-01-08T02:06:55.842Z,0.995,5-15s,548,548,548,1
2026-01-08T02:06:55.842Z,0.995,15-30s,14,4,35,4
2026-01-08T02:06:55.842Z,0.995,30-60s,13,0,27,4
2026-01-08T02:06:55.842Z,0.995,60-300s,43,0,1996,149
2026-01-08T02:06:55.842Z,0.995,5-15m,27,0,1858,516
2026-01-08T02:06:55.842Z,0.995,15-60m,18,2,60,5
2026-01-08T02:07:55.844Z,0.9,60-300s,4,4,4,1
2026-01-08T02:07:55.844Z,0.9,5-15m,32,24,40,2
2026-01-08T02:07:55.844Z,0.95,15-30s,4,4,4,1
2026-01-08T02:07:55.844Z,0.95,60-300s,198,0,1996,11
2026-01-08T02:07:55.844Z,0.95,5-15m,19,2,68,31
2026-01-08T02:07:55.844Z,0.95,15-60m,6,6,6,1
2026-01-08T02:07:55.844Z,0.98,5-15s,548,548,548,1
2026-01-08T02:07:55.844Z,0.98,15-30s,14,4,35,4
2026-01-08T02:07:55.844Z,0.98,30-60s,14,0,27,2
2026-01-08T02:07:55.844Z,0.98,60-300s,45,0,1996,73
2026-01-08T02:07:55.844Z,0.98,5-15m,21,0,452,214
2026-01-08T02:07:55.844Z,0.98,15-60m,4,2,6,2
2026-01-08T02:07:55.844Z,0.985,5-15s,548,548,548,1
2026-01-08T02:07:55.844Z,0.985,15-30s,14,4,35,4
2026-01-08T02:07:55.844Z,0.985,30-60s,14,0,27,2
2026-01-08T02:07:55.844Z,0.985,60-300s,46,0,1996,75
2026-01-08T02:07:55.844Z,0.985,5-15m,21,0,452,218
2026-01-08T02:07:55.844Z,0.985,15-60m,4,2,6,2
2026-01-08T02:07:55.844Z,0.99,5-15s,548,548,548,1
2026-01-08T02:07:55.844Z,0.99,15-30s,14,4,35,4
2026-01-08T02:07:55.844Z,0.99,30-60s,13,0,27,4
2026-01-08T02:07:55.844Z,0.99,60-300s,43,0,1996,149
2026-01-08T02:07:55.844Z,0.99,5-15m,28,0,1858,525
2026-01-08T02:07:55.844Z,0.99,15-60m,18,2,60,5
2026-01-08T02:07:55.844Z,0.995,5-15s,548,548,548,1
2026-01-08T02:07:55.844Z,0.995,15-30s,14,4,35,4
2026-01-08T02:07:55.844Z,0.995,30-60s,13,0,27,4
2026-01-08T02:07:55.844Z,0.995,60-300s,43,0,1996,149
2026-01-08T02:07:55.844Z,0.995,5-15m,28,0,1858,525
2026-01-08T02:07:55.844Z,0.995,15-60m,18,2,60,5
2026-01-08T02:08:55.842Z,0.9,60-300s,4,4,4,1
2026-01-08T02:08:55.842Z,0.9,5-15m,32,24,40,2
2026-01-08T02:08:55.842Z,0.95,15-30s,4,4,4,1
2026-01-08T02:08:55.842Z,0.95,60-300s,198,0,1996,11
2026-01-08T02:08:55.842Z,0.95,5-15m,19,2,68,32
2026-01-08T02:08:55.842Z,0.95,15-60m,6,6,6,1
2026-01-08T02:08:55.842Z,0.98,5-15s,548,548,548,1
2026-01-08T02:08:55.842Z,0.98,15-30s,14,4,35,4
2026-01-08T02:08:55.842Z,0.98,30-60s,14,0,27,2
2026-01-08T02:08:55.842Z,0.98,60-300s,45,0,1996,73
2026-01-08T02:08:55.842Z,0.98,5-15m,21,0,452,228
2026-01-08T02:08:55.842Z,0.98,15-60m,4,2,6,2
2026-01-08T02:08:55.842Z,0.985,5-15s,548,548,548,1
2026-01-08T02:08:55.842Z,0.985,15-30s,14,4,35,4
2026-01-08T02:08:55.842Z,0.985,30-60s,14,0,27,2
2026-01-08T02:08:55.842Z,0.985,60-300s,46,0,1996,75
2026-01-08T02:08:55.842Z,0.985,5-15m,21,0,452,232
2026-01-08T02:08:55.842Z,0.985,15-60m,4,2,6,2
2026-01-08T02:08:55.842Z,0.99,5-15s,548,548,548,1
2026-01-08T02:08:55.842Z,0.99,15-30s,14,4,35,4
2026-01-08T02:08:55.842Z,0.99,30-60s,13,0,27,4
2026-01-08T02:08:55.842Z,0.99,60-300s,43,0,1996,149
2026-01-08T02:08:55.842Z,0.99,5-15m,27,0,1858,549
2026-01-08T02:08:55.842Z,0.99,15-60m,18,2,60,5
2026-01-08T02:08:55.842Z,0.995,5-15s,548,548,548,1
2026-01-08T02:08:55.842Z,0.995,15-30s,14,4,35,4
2026-01-08T02:08:55.842Z,0.995,30-60s,13,0,27,4
2026-01-08T02:08:55.842Z,0.995,60-300s,43,0,1996,149
2026-01-08T02:08:55.842Z,0.995,5-15m,27,0,1858,549
2026-01-08T02:08:55.842Z,0.995,15-60m,18,2,60,5
2026-01-08T02:09:55.844Z,0.9,60-300s,4,4,4,1
2026-01-08T02:09:55.844Z,0.9,5-15m,32,24,40,2
2026-01-08T02:09:55.844Z,0.95,15-30s,4,4,4,1
2026-01-08T02:09:55.844Z,0.95,60-300s,198,0,1996,11
2026-01-08T02:09:55.844Z,0.95,5-15m,19,2,68,34
2026-01-08T02:09:55.844Z,0.95,15-60m,6,6,6,1
2026-01-08T02:09:55.844Z,0.98,5-15s,548,548,548,1
2026-01-08T02:09:55.844Z,0.98,15-30s,14,4,35,4
2026-01-08T02:09:55.844Z,0.98,30-60s,14,0,27,2
2026-01-08T02:09:55.844Z,0.98,60-300s,45,0,1996,73
2026-01-08T02:09:55.844Z,0.98,5-15m,21,0,452,234
2026-01-08T02:09:55.844Z,0.98,15-60m,4,2,6,2
2026-01-08T02:09:55.844Z,0.985,5-15s,548,548,548,1
2026-01-08T02:09:55.844Z,0.985,15-30s,14,4,35,4
2026-01-08T02:09:55.844Z,0.985,30-60s,14,0,27,2
2026-01-08T02:09:55.844Z,0.985,60-300s,46,0,1996,75
2026-01-08T02:09:55.844Z,0.985,5-15m,21,0,452,238
2026-01-08T02:09:55.844Z,0.985,15-60m,4,2,6,2
2026-01-08T02:09:55.844Z,0.99,5-15s,548,548,548,1
2026-01-08T02:09:55.844Z,0.99,15-30s,14,4,35,4
2026-01-08T02:09:55.844Z,0.99,30-60s,13,0,27,4
2026-01-08T02:09:55.844Z,0.99,60-300s,43,0,1996,149
2026-01-08T02:09:55.844Z,0.99,5-15m,27,0,1858,561
2026-01-08T02:09:55.844Z,0.99,15-60m,18,2,60,5
2026-01-08T02:09:55.844Z,0.995,5-15s,548,548,548,1
2026-01-08T02:09:55.844Z,0.995,15-30s,14,4,35,4
2026-01-08T02:09:55.844Z,0.995,30-60s,13,0,27,4
2026-01-08T02:09:55.844Z,0.995,60-300s,43,0,1996,149
2026-01-08T02:09:55.844Z,0.995,5-15m,27,0,1858,561
2026-01-08T02:09:55.844Z,0.995,15-60m,18,2,60,5
2026-01-08T02:10:55.844Z,0.9,60-300s,4,4,4,1
2026-01-08T02:10:55.844Z,0.9,5-15m,32,24,40,2
2026-01-08T02:10:55.844Z,0.95,15-30s,4,4,4,1
2026-01-08T02:10:55.844Z,0.95,60-300s,198,0,1996,11
2026-01-08T02:10:55.844Z,0.95,5-15m,19,2,68,34
2026-01-08T02:10:55.844Z,0.95,15-60m,6,6,6,1
2026-01-08T02:10:55.844Z,0.98,5-15s,548,548,548,1
2026-01-08T02:10:55.844Z,0.98,15-30s,14,4,35,4
2026-01-08T02:10:55.844Z,0.98,30-60s,14,0,27,2
2026-01-08T02:10:55.844Z,0.98,60-300s,44,0,1996,75
2026-01-08T02:10:55.844Z,0.98,5-15m,21,0,452,234
2026-01-08T02:10:55.844Z,0.98,15-60m,4,2,6,2
2026-01-08T02:10:55.844Z,0.985,5-15s,548,548,548,1
2026-01-08T02:10:55.844Z,0.985,15-30s,14,4,35,4
2026-01-08T02:10:55.844Z,0.985,30-60s,14,0,27,2
2026-01-08T02:10:55.844Z,0.985,60-300s,45,0,1996,77
2026-01-08T02:10:55.844Z,0.985,5-15m,21,0,452,238
2026-01-08T02:10:55.844Z,0.985,15-60m,4,2,6,2
2026-01-08T02:10:55.844Z,0.99,5-15s,548,548,548,1
2026-01-08T02:10:55.844Z,0.99,15-30s,14,4,35,4
2026-01-08T02:10:55.844Z,0.99,30-60s,13,0,27,4
2026-01-08T02:10:55.844Z,0.99,60-300s,42,0,1996,160
2026-01-08T02:10:55.844Z,0.99,5-15m,27,0,1858,561
2026-01-08T02:10:55.844Z,0.99,15-60m,18,2,60,5
2026-01-08T02:10:55.844Z,0.995,5-15s,548,548,548,1
2026-01-08T02:10:55.844Z,0.995,15-30s,14,4,35,4
2026-01-08T02:10:55.844Z,0.995,30-60s,13,0,27,4
2026-01-08T02:10:55.844Z,0.995,60-300s,42,0,1996,160
2026-01-08T02:10:55.844Z,0.995,5-15m,27,0,1858,561
2026-01-08T02:10:55.844Z,0.995,15-60m,18,2,60,5
2026-01-08T02:11:55.847Z,0.9,60-300s,4,4,4,1
2026-01-08T02:11:55.847Z,0.9,5-15m,32,24,40,2
2026-01-08T02:11:55.847Z,0.95,15-30s,4,4,4,1
2026-01-08T02:11:55.847Z,0.95,60-300s,198,0,1996,11
2026-01-08T02:11:55.847Z,0.95,5-15m,19,2,68,34
2026-01-08T02:11:55.847Z,0.95,15-60m,6,6,6,1
2026-01-08T02:11:55.847Z,0.98,5-15s,548,548,548,1
2026-01-08T02:11:55.847Z,0.98,15-30s,14,4,35,4
2026-01-08T02:11:55.847Z,0.98,30-60s,14,0,27,2
2026-01-08T02:11:55.847Z,0.98,60-300s,42,0,1996,81
2026-01-08T02:11:55.847Z,0.98,5-15m,21,0,452,234
2026-01-08T02:11:55.847Z,0.98,15-60m,4,2,6,2
2026-01-08T02:11:55.847Z,0.985,5-15s,548,548,548,1
2026-01-08T02:11:55.847Z,0.985,15-30s,14,4,35,4
2026-01-08T02:11:55.847Z,0.985,30-60s,14,0,27,2
2026-01-08T02:11:55.847Z,0.985,60-300s,43,0,1996,83
2026-01-08T02:11:55.847Z,0.985,5-15m,21,0,452,238
2026-01-08T02:11:55.847Z,0.985,15-60m,4,2,6,2
2026-01-08T02:11:55.847Z,0.99,5-15s,548,548,548,1
2026-01-08T02:11:55.847Z,0.99,15-30s,14,4,35,4
2026-01-08T02:11:55.847Z,0.99,30-60s,13,0,27,4
2026-01-08T02:11:55.847Z,0.99,60-300s,41,0,1996,175
2026-01-08T02:11:55.847Z,0.99,5-15m,27,0,1858,561
2026-01-08T02:11:55.847Z,0.99,15-60m,18,2,60,5
2026-01-08T02:11:55.847Z,0.995,5-15s,548,548,548,1
2026-01-08T02:11:55.847Z,0.995,15-30s,14,4,35,4
2026-01-08T02:11:55.847Z,0.995,30-60s,13,0,27,4
2026-01-08T02:11:55.847Z,0.995,60-300s,41,0,1996,175
2026-01-08T02:11:55.847Z,0.995,5-15m,27,0,1858,561
2026-01-08T02:11:55.847Z,0.995,15-60m,18,2,60,5
2026-01-08T02:12:55.846Z,0.9,60-300s,4,4,4,1
2026-01-08T02:12:55.846Z,0.9,5-15m,32,24,40,2
2026-01-08T02:12:55.846Z,0.95,15-30s,4,4,4,1
2026-01-08T02:12:55.846Z,0.95,60-300s,198,0,1996,11
2026-01-08T02:12:55.846Z,0.95,5-15m,19,2,68,34
2026-01-08T02:12:55.846Z,0.95,15-60m,6,6,6,1
2026-01-08T02:12:55.846Z,0.98,5-15s,548,548,548,1
2026-01-08T02:12:55.846Z,0.98,15-30s,14,4,35,4
2026-01-08T02:12:55.846Z,0.98,30-60s,14,0,27,2
2026-01-08T02:12:55.846Z,0.98,60-300s,43,0,1996,88
2026-01-08T02:12:55.846Z,0.98,5-15m,21,0,452,234
2026-01-08T02:12:55.846Z,0.98,15-60m,4,2,6,2
2026-01-08T02:12:55.846Z,0.985,5-15s,548,548,548,1
2026-01-08T02:12:55.846Z,0.985,15-30s,14,4,35,4
2026-01-08T02:12:55.846Z,0.985,30-60s,14,0,27,2
2026-01-08T02:12:55.846Z,0.985,60-300s,44,0,1996,90
2026-01-08T02:12:55.846Z,0.985,5-15m,21,0,452,238
2026-01-08T02:12:55.846Z,0.985,15-60m,4,2,6,2
2026-01-08T02:12:55.846Z,0.99,5-15s,548,548,548,1
2026-01-08T02:12:55.846Z,0.99,15-30s,14,4,35,4
2026-01-08T02:12:55.846Z,0.99,30-60s,13,0,27,4
2026-01-08T02:12:55.846Z,0.99,60-300s,40,0,1996,191
2026-01-08T02:12:55.846Z,0.99,5-15m,27,0,1858,561
2026-01-08T02:12:55.846Z,0.99,15-60m,18,2,60,5
2026-01-08T02:12:55.846Z,0.995,5-15s,548,548,548,1
2026-01-08T02:12:55.846Z,0.995,15-30s,14,4,35,4
2026-01-08T02:12:55.846Z,0.995,30-60s,13,0,27,4
2026-01-08T02:12:55.846Z,0.995,60-300s,40,0,1996,191
2026-01-08T02:12:55.846Z,0.995,5-15m,27,0,1858,561
2026-01-08T02:12:55.846Z,0.995,15-60m,18,2,60,5
2026-01-08T02:13:55.848Z,0.9,60-300s,4,4,4,1
2026-01-08T02:13:55.848Z,0.9,5-15m,32,24,40,2
2026-01-08T02:13:55.848Z,0.95,15-30s,4,4,4,1
2026-01-08T02:13:55.848Z,0.95,60-300s,198,0,1996,11
2026-01-08T02:13:55.848Z,0.95,5-15m,19,2,68,34
2026-01-08T02:13:55.848Z,0.95,15-60m,6,6,6,1
2026-01-08T02:13:55.848Z,0.98,5-15s,548,548,548,1
2026-01-08T02:13:55.848Z,0.98,15-30s,14,4,35,4
2026-01-08T02:13:55.848Z,0.98,30-60s,14,0,27,2
2026-01-08T02:13:55.848Z,0.98,60-300s,43,0,1996,88
2026-01-08T02:13:55.848Z,0.98,5-15m,21,0,452,234
2026-01-08T02:13:55.848Z,0.98,15-60m,4,2,6,2
2026-01-08T02:13:55.848Z,0.985,5-15s,548,548,548,1
2026-01-08T02:13:55.848Z,0.985,15-30s,14,4,35,4
2026-01-08T02:13:55.848Z,0.985,30-60s,14,0,27,2
2026-01-08T02:13:55.848Z,0.985,60-300s,44,0,1996,90
2026-01-08T02:13:55.848Z,0.985,5-15m,21,0,452,238
2026-01-08T02:13:55.848Z,0.985,15-60m,4,2,6,2
2026-01-08T02:13:55.848Z,0.99,5-15s,548,548,548,1
2026-01-08T02:13:55.848Z,0.99,15-30s,14,4,35,4
2026-01-08T02:13:55.848Z,0.99,30-60s,13,0,27,4
2026-01-08T02:13:55.848Z,0.99,60-300s,40,0,1996,192
2026-01-08T02:13:55.848Z,0.99,5-15m,27,0,1858,561
2026-01-08T02:13:55.848Z,0.99,15-60m,18,2,60,5
2026-01-08T02:13:55.848Z,0.995,5-15s,548,548,548,1
2026-01-08T02:13:55.848Z,0.995,15-30s,14,4,35,4
2026-01-08T02:13:55.848Z,0.995,30-60s,13,0,27,4
2026-01-08T02:13:55.848Z,0.995,60-300s,40,0,1996,192
2026-01-08T02:13:55.848Z,0.995,5-15m,27,0,1858,561
2026-01-08T02:13:55.848Z,0.995,15-60m,18,2,60,5
2026-01-08T02:14:55.850Z,0.9,15-30s,5,5,5,1
2026-01-08T02:14:55.850Z,0.9,60-300s,4,4,4,1
2026-01-08T02:14:55.850Z,0.9,5-15m,32,24,40,2
2026-01-08T02:14:55.850Z,0.95,15-30s,11,0,49,6
2026-01-08T02:14:55.850Z,0.95,30-60s,3,3,3,1
2026-01-08T02:14:55.850Z,0.95,60-300s,198,0,1996,11
2026-01-08T02:14:55.850Z,0.95,5-15m,19,2,68,34
2026-01-08T02:14:55.850Z,0.95,15-60m,6,6,6,1
2026-01-08T02:14:55.850Z,0.98,5-15s,548,548,548,1
2026-01-08T02:14:55.850Z,0.98,15-30s,23,2,76,17
2026-01-08T02:14:55.850Z,0.98,30-60s,12,0,40,18
2026-01-08T02:14:55.850Z,0.98,60-300s,43,0,1996,88
2026-01-08T02:14:55.850Z,0.98,5-15m,21,0,452,234
2026-01-08T02:14:55.850Z,0.98,15-60m,4,2,6,2
2026-01-08T02:14:55.850Z,0.985,5-15s,548,548,548,1
2026-01-08T02:14:55.850Z,0.985,15-30s,23,2,76,17
2026-01-08T02:14:55.850Z,0.985,30-60s,11,0,40,20
2026-01-08T02:14:55.850Z,0.985,60-300s,44,0,1996,90
2026-01-08T02:14:55.850Z,0.985,5-15m,21,0,452,238
2026-01-08T02:14:55.850Z,0.985,15-60m,4,2,6,2
2026-01-08T02:14:55.850Z,0.99,5-15s,548,548,548,1
2026-01-08T02:14:55.850Z,0.99,15-30s,23,2,76,17
2026-01-08T02:14:55.850Z,0.99,30-60s,14,0,55,25
2026-01-08T02:14:55.850Z,0.99,60-300s,42,0,1996,194
2026-01-08T02:14:55.850Z,0.99,5-15m,27,0,1858,561
2026-01-08T02:14:55.850Z,0.99,15-60m,18,2,60,5
2026-01-08T02:14:55.850Z,0.995,5-15s,548,548,548,1
2026-01-08T02:14:55.850Z,0.995,15-30s,23,2,76,17
2026-01-08T02:14:55.850Z,0.995,30-60s,14,0,55,25
2026-01-08T02:14:55.850Z,0.995,60-300s,42,0,1996,194
2026-01-08T02:14:55.850Z,0.995,5-15m,27,0,1858,561
2026-01-08T02:14:55.850Z,0.995,15-60m,18,2,60,5
2026-01-08T02:15:55.848Z,0.9,15-30s,5,5,5,1
2026-01-08T02:15:55.848Z,0.9,60-300s,4,4,4,1
2026-01-08T02:15:55.848Z,0.9,5-15m,32,24,40,2
2026-01-08T02:15:55.848Z,0.95,0-5s,6,6,6,1
2026-01-08T02:15:55.848Z,0.95,15-30s,11,0,49,6
2026-01-08T02:15:55.848Z,0.95,30-60s,3,3,3,1
2026-01-08T02:15:55.848Z,0.95,60-300s,198,0,1996,11
2026-01-08T02:15:55.848Z,0.95,5-15m,19,2,68,34
2026-01-08T02:15:55.848Z,0.95,15-60m,6,6,6,1
2026-01-08T02:15:55.848Z,0.98,0-5s,6,6,6,1
2026-01-08T02:15:55.848Z,0.98,5-15s,548,548,548,1
2026-01-08T02:15:55.848Z,0.98,15-30s,23,2,76,17
2026-01-08T02:15:55.848Z,0.98,30-60s,12,0,40,18
2026-01-08T02:15:55.848Z,0.98,60-300s,43,0,1996,88
2026-01-08T02:15:55.848Z,0.98,5-15m,21,0,452,241
2026-01-08T02:15:55.848Z,0.98,15-60m,4,2,6,2
2026-01-08T02:15:55.848Z,0.985,0-5s,6,6,6,1
2026-01-08T02:15:55.848Z,0.985,5-15s,548,548,548,1
2026-01-08T02:15:55.848Z,0.985,15-30s,23,2,76,17
2026-01-08T02:15:55.848Z,0.985,30-60s,11,0,40,20
2026-01-08T02:15:55.848Z,0.985,60-300s,44,0,1996,90
2026-01-08T02:15:55.848Z,0.985,5-15m,21,0,452,245
2026-01-08T02:15:55.848Z,0.985,15-60m,4,2,6,2
2026-01-08T02:15:55.848Z,0.99,0-5s,6,6,6,1
2026-01-08T02:15:55.848Z,0.99,5-15s,548,548,548,1
2026-01-08T02:15:55.848Z,0.99,15-30s,23,2,76,17
2026-01-08T02:15:55.848Z,0.99,30-60s,14,0,55,25
2026-01-08T02:15:55.848Z,0.99,60-300s,42,0,1996,194
2026-01-08T02:15:55.848Z,0.99,5-15m,27,0,1858,573
2026-01-08T02:15:55.848Z,0.99,15-60m,18,2,60,5
2026-01-08T02:15:55.848Z,0.995,0-5s,6,6,6,1
2026-01-08T02:15:55.848Z,0.995,5-15s,548,548,548,1
2026-01-08T02:15:55.848Z,0.995,15-30s,23,2,76,17
2026-01-08T02:15:55.848Z,0.995,30-60s,14,0,55,25
2026-01-08T02:15:55.848Z,0.995,60-300s,42,0,1996,194
2026-01-08T02:15:55.848Z,0.995,5-15m,27,0,1858,573
2026-01-08T02:15:55.848Z,0.995,15-60m,18,2,60,5
2026-01-08T02:16:55.850Z,0.9,15-30s,5,5,5,1
2026-01-08T02:16:55.850Z,0.9,60-300s,4,4,4,1
2026-01-08T02:16:55.850Z,0.9,5-15m,32,24,40,2
2026-01-08T02:16:55.850Z,0.95,0-5s,6,6,6,1
2026-01-08T02:16:55.850Z,0.95,15-30s,11,0,49,6
2026-01-08T02:16:55.850Z,0.95,30-60s,3,3,3,1
2026-01-08T02:16:55.850Z,0.95,60-300s,198,0,1996,11
2026-01-08T02:16:55.850Z,0.95,5-15m,19,2,68,34
2026-01-08T02:16:55.850Z,0.95,15-60m,6,6,6,1
2026-01-08T02:16:55.850Z,0.98,0-5s,6,6,6,1
2026-01-08T02:16:55.850Z,0.98,5-15s,548,548,548,1
2026-01-08T02:16:55.850Z,0.98,15-30s,23,2,76,17
2026-01-08T02:16:55.850Z,0.98,30-60s,12,0,40,18
2026-01-08T02:16:55.850Z,0.98,60-300s,43,0,1996,88
2026-01-08T02:16:55.850Z,0.98,5-15m,21,0,452,244
2026-01-08T02:16:55.850Z,0.98,15-60m,4,2,6,2
2026-01-08T02:16:55.850Z,0.985,0-5s,6,6,6,1
2026-01-08T02:16:55.850Z,0.985,5-15s,548,548,548,1
2026-01-08T02:16:55.850Z,0.985,15-30s,23,2,76,17
2026-01-08T02:16:55.850Z,0.985,30-60s,11,0,40,20
2026-01-08T02:16:55.850Z,0.985,60-300s,44,0,1996,90
2026-01-08T02:16:55.850Z,0.985,5-15m,20,0,452,248
2026-01-08T02:16:55.850Z,0.985,15-60m,4,2,6,2
2026-01-08T02:16:55.850Z,0.99,0-5s,6,6,6,1
2026-01-08T02:16:55.850Z,0.99,5-15s,548,548,548,1
2026-01-08T02:16:55.850Z,0.99,15-30s,23,2,76,17
2026-01-08T02:16:55.850Z,0.99,30-60s,14,0,55,25
2026-01-08T02:16:55.850Z,0.99,60-300s,42,0,1996,194
2026-01-08T02:16:55.850Z,0.99,5-15m,27,0,1858,580
2026-01-08T02:16:55.850Z,0.99,15-60m,18,2,60,5
2026-01-08T02:16:55.850Z,0.995,0-5s,6,6,6,1
2026-01-08T02:16:55.850Z,0.995,5-15s,548,548,548,1
2026-01-08T02:16:55.850Z,0.995,15-30s,23,2,76,17
2026-01-08T02:16:55.850Z,0.995,30-60s,14,0,55,25
2026-01-08T02:16:55.850Z,0.995,60-300s,42,0,1996,194
2026-01-08T02:16:55.850Z,0.995,5-15m,27,0,1858,580
2026-01-08T02:16:55.850Z,0.995,15-60m,18,2,60,5
2026-01-08T02:17:55.851Z,0.9,15-30s,5,5,5,1
2026-01-08T02:17:55.851Z,0.9,60-300s,4,4,4,1
2026-01-08T02:17:55.851Z,0.9,5-15m,32,24,40,2
2026-01-08T02:17:55.851Z,0.95,0-5s,6,6,6,1
2026-01-08T02:17:55.851Z,0.95,15-30s,11,0,49,6
2026-01-08T02:17:55.851Z,0.95,30-60s,3,3,3,1
2026-01-08T02:17:55.851Z,0.95,60-300s,198,0,1996,11
2026-01-08T02:17:55.851Z,0.95,5-15m,19,2,68,34
2026-01-08T02:17:55.851Z,0.95,15-60m,6,6,6,1
2026-01-08T02:17:55.851Z,0.98,0-5s,6,6,6,1
2026-01-08T02:17:55.851Z,0.98,5-15s,548,548,548,1
2026-01-08T02:17:55.851Z,0.98,15-30s,23,2,76,17
2026-01-08T02:17:55.851Z,0.98,30-60s,12,0,40,18
2026-01-08T02:17:55.851Z,0.98,60-300s,43,0,1996,88
2026-01-08T02:17:55.851Z,0.98,5-15m,21,0,452,245
2026-01-08T02:17:55.851Z,0.98,15-60m,4,2,6,2
2026-01-08T02:17:55.851Z,0.985,0-5s,6,6,6,1
2026-01-08T02:17:55.851Z,0.985,5-15s,548,548,548,1
2026-01-08T02:17:55.851Z,0.985,15-30s,23,2,76,17
2026-01-08T02:17:55.851Z,0.985,30-60s,11,0,40,20
2026-01-08T02:17:55.851Z,0.985,60-300s,44,0,1996,90
2026-01-08T02:17:55.851Z,0.985,5-15m,21,0,452,249
2026-01-08T02:17:55.851Z,0.985,15-60m,4,2,6,2
2026-01-08T02:17:55.851Z,0.99,0-5s,6,6,6,1
2026-01-08T02:17:55.851Z,0.99,5-15s,548,548,548,1
2026-01-08T02:17:55.851Z,0.99,15-30s,23,2,76,17
2026-01-08T02:17:55.851Z,0.99,30-60s,14,0,55,25
2026-01-08T02:17:55.851Z,0.99,60-300s,42,0,1996,194
2026-01-08T02:17:55.851Z,0.99,5-15m,27,0,1858,584
2026-01-08T02:17:55.851Z,0.99,15-60m,18,2,60,5
2026-01-08T02:17:55.851Z,0.995,0-5s,6,6,6,1
2026-01-08T02:17:55.851Z,0.995,5-15s,548,548,548,1
2026-01-08T02:17:55.851Z,0.995,15-30s,23,2,76,17
2026-01-08T02:17:55.851Z,0.995,30-60s,14,0,55,25
2026-01-08T02:17:55.851Z,0.995,60-300s,42,0,1996,194
2026-01-08T02:17:55.851Z,0.995,5-15m,27,0,1858,584
2026-01-08T02:17:55.851Z,0.995,15-60m,18,2,60,5
2026-01-08T02:18:55.851Z,0.9,15-30s,5,5,5,1
2026-01-08T02:18:55.851Z,0.9,60-300s,4,4,4,1
2026-01-08T02:18:55.851Z,0.9,5-15m,32,24,40,2
2026-01-08T02:18:55.851Z,0.95,0-5s,6,6,6,1
2026-01-08T02:18:55.851Z,0.95,15-30s,11,0,49,6
2026-01-08T02:18:55.851Z,0.95,30-60s,3,3,3,1
2026-01-08T02:18:55.851Z,0.95,60-300s,198,0,1996,11
2026-01-08T02:18:55.851Z,0.95,5-15m,19,2,68,34
2026-01-08T02:18:55.851Z,0.95,15-60m,6,6,6,1
2026-01-08T02:18:55.851Z,0.98,0-5s,6,6,6,1
2026-01-08T02:18:55.851Z,0.98,5-15s,548,548,548,1
2026-01-08T02:18:55.851Z,0.98,15-30s,23,2,76,17
2026-01-08T02:18:55.851Z,0.98,30-60s,12,0,40,18
2026-01-08T02:18:55.851Z,0.98,60-300s,43,0,1996,88
2026-01-08T02:18:55.851Z,0.98,5-15m,21,0,452,249
2026-01-08T02:18:55.851Z,0.98,15-60m,4,2,6,2
2026-01-08T02:18:55.851Z,0.985,0-5s,6,6,6,1
2026-01-08T02:18:55.851Z,0.985,5-15s,548,548,548,1
2026-01-08T02:18:55.851Z,0.985,15-30s,23,2,76,17
2026-01-08T02:18:55.851Z,0.985,30-60s,11,0,40,20
2026-01-08T02:18:55.851Z,0.985,60-300s,44,0,1996,90
2026-01-08T02:18:55.851Z,0.985,5-15m,21,0,452,253
2026-01-08T02:18:55.851Z,0.985,15-60m,4,2,6,2
2026-01-08T02:18:55.851Z,0.99,0-5s,6,6,6,1
2026-01-08T02:18:55.851Z,0.99,5-15s,548,548,548,1
2026-01-08T02:18:55.851Z,0.99,15-30s,23,2,76,17
2026-01-08T02:18:55.851Z,0.99,30-60s,14,0,55,25
2026-01-08T02:18:55.851Z,0.99,60-300s,42,0,1996,194
2026-01-08T02:18:55.851Z,0.99,5-15m,27,0,1858,596
2026-01-08T02:18:55.851Z,0.99,15-60m,18,2,60,5
2026-01-08T02:18:55.851Z,0.995,0-5s,6,6,6,1
2026-01-08T02:18:55.851Z,0.995,5-15s,548,548,548,1
2026-01-08T02:18:55.851Z,0.995,15-30s,23,2,76,17
2026-01-08T02:18:55.851Z,0.995,30-60s,14,0,55,25
2026-01-08T02:18:55.851Z,0.995,60-300s,42,0,1996,194
2026-01-08T02:18:55.851Z,0.995,5-15m,27,0,1858,596
2026-01-08T02:18:55.851Z,0.995,15-60m,18,2,60,5
2026-01-08T02:19:55.853Z,0.9,15-30s,5,5,5,1
2026-01-08T02:19:55.853Z,0.9,60-300s,4,4,4,1
2026-01-08T02:19:55.853Z,0.9,5-15m,32,24,40,2
2026-01-08T02:19:55.853Z,0.95,0-5s,6,6,6,1
2026-01-08T02:19:55.853Z,0.95,15-30s,11,0,49,6
2026-01-08T02:19:55.853Z,0.95,30-60s,3,3,3,1
2026-01-08T02:19:55.853Z,0.95,60-300s,198,0,1996,11
2026-01-08T02:19:55.853Z,0.95,5-15m,19,2,68,34
2026-01-08T02:19:55.853Z,0.95,15-60m,6,6,6,1
2026-01-08T02:19:55.853Z,0.98,0-5s,6,6,6,1
2026-01-08T02:19:55.853Z,0.98,5-15s,548,548,548,1
2026-01-08T02:19:55.853Z,0.98,15-30s,23,2,76,17
2026-01-08T02:19:55.853Z,0.98,30-60s,12,0,40,18
2026-01-08T02:19:55.853Z,0.98,60-300s,43,0,1996,88
2026-01-08T02:19:55.853Z,0.98,5-15m,21,0,452,252
2026-01-08T02:19:55.853Z,0.98,15-60m,4,2,6,2
2026-01-08T02:19:55.853Z,0.985,0-5s,6,6,6,1
2026-01-08T02:19:55.853Z,0.985,5-15s,548,548,548,1
2026-01-08T02:19:55.853Z,0.985,15-30s,23,2,76,17
2026-01-08T02:19:55.853Z,0.985,30-60s,11,0,40,20
2026-01-08T02:19:55.853Z,0.985,60-300s,44,0,1996,90
2026-01-08T02:19:55.853Z,0.985,5-15m,21,0,452,256
2026-01-08T02:19:55.853Z,0.985,15-60m,4,2,6,2
2026-01-08T02:19:55.853Z,0.99,0-5s,6,6,6,1
2026-01-08T02:19:55.853Z,0.99,5-15s,548,548,548,1
2026-01-08T02:19:55.853Z,0.99,15-30s,23,2,76,17
2026-01-08T02:19:55.853Z,0.99,30-60s,14,0,55,25
2026-01-08T02:19:55.853Z,0.99,60-300s,42,0,1996,194
2026-01-08T02:19:55.853Z,0.99,5-15m,26,0,1858,606
2026-01-08T02:19:55.853Z,0.99,15-60m,18,2,60,5
2026-01-08T02:19:55.853Z,0.995,0-5s,6,6,6,1
2026-01-08T02:19:55.853Z,0.995,5-15s,548,548,548,1
2026-01-08T02:19:55.853Z,0.995,15-30s,23,2,76,17
2026-01-08T02:19:55.853Z,0.995,30-60s,14,0,55,25
2026-01-08T02:19:55.853Z,0.995,60-300s,42,0,1996,194
2026-01-08T02:19:55.853Z,0.995,5-15m,26,0,1858,606
2026-01-08T02:19:55.853Z,0.995,15-60m,18,2,60,5
2026-01-08T02:20:55.853Z,0.9,15-30s,5,5,5,1
2026-01-08T02:20:55.853Z,0.9,60-300s,4,4,4,1
2026-01-08T02:20:55.853Z,0.9,5-15m,32,24,40,2
2026-01-08T02:20:55.853Z,0.95,0-5s,6,6,6,1
2026-01-08T02:20:55.853Z,0.95,15-30s,11,0,49,6
2026-01-08T02:20:55.853Z,0.95,30-60s,3,3,3,1
2026-01-08T02:20:55.853Z,0.95,60-300s,198,0,1996,11
2026-01-08T02:20:55.853Z,0.95,5-15m,19,2,68,34
2026-01-08T02:20:55.853Z,0.95,15-60m,6,6,6,1
2026-01-08T02:20:55.853Z,0.98,0-5s,6,6,6,1
2026-01-08T02:20:55.853Z,0.98,5-15s,548,548,548,1
2026-01-08T02:20:55.853Z,0.98,15-30s,23,2,76,17
2026-01-08T02:20:55.853Z,0.98,30-60s,12,0,40,18
2026-01-08T02:20:55.853Z,0.98,60-300s,43,0,1996,88
2026-01-08T02:20:55.853Z,0.98,5-15m,21,0,452,255
2026-01-08T02:20:55.853Z,0.98,15-60m,4,2,6,2
2026-01-08T02:20:55.853Z,0.985,0-5s,6,6,6,1
2026-01-08T02:20:55.853Z,0.985,5-15s,548,548,548,1
2026-01-08T02:20:55.853Z,0.985,15-30s,23,2,76,17
2026-01-08T02:20:55.853Z,0.985,30-60s,11,0,40,20
2026-01-08T02:20:55.853Z,0.985,60-300s,44,0,1996,90
2026-01-08T02:20:55.853Z,0.985,5-15m,21,0,452,259
2026-01-08T02:20:55.853Z,0.985,15-60m,4,2,6,2
2026-01-08T02:20:55.853Z,0.99,0-5s,6,6,6,1
2026-01-08T02:20:55.853Z,0.99,5-15s,548,548,548,1
2026-01-08T02:20:55.853Z,0.99,15-30s,23,2,76,17
2026-01-08T02:20:55.853Z,0.99,30-60s,14,0,55,25
2026-01-08T02:20:55.853Z,0.99,60-300s,42,0,1996,194
2026-01-08T02:20:55.853Z,0.99,5-15m,26,0,1858,617
2026-01-08T02:20:55.853Z,0.99,15-60m,18,2,60,5
2026-01-08T02:20:55.853Z,0.995,0-5s,6,6,6,1
2026-01-08T02:20:55.853Z,0.995,5-15s,548,548,548,1
2026-01-08T02:20:55.853Z,0.995,15-30s,23,2,76,17
2026-01-08T02:20:55.853Z,0.995,30-60s,14,0,55,25
2026-01-08T02:20:55.853Z,0.995,60-300s,42,0,1996,194
2026-01-08T02:20:55.853Z,0.995,5-15m,26,0,1858,617
2026-01-08T02:20:55.853Z,0.995,15-60m,18,2,60,5
2026-01-08T02:21:55.854Z,0.9,15-30s,5,5,5,1
2026-01-08T02:21:55.854Z,0.9,60-300s,4,4,4,1
2026-01-08T02:21:55.854Z,0.9,5-15m,32,24,40,2
2026-01-08T02:21:55.854Z,0.95,0-5s,6,6,6,1
2026-01-08T02:21:55.854Z,0.95,15-30s,11,0,49,6
2026-01-08T02:21:55.854Z,0.95,30-60s,3,3,3,1
2026-01-08T02:21:55.854Z,0.95,60-300s,198,0,1996,11
2026-01-08T02:21:55.854Z,0.95,5-15m,19,2,68,34
2026-01-08T02:21:55.854Z,0.95,15-60m,6,6,6,1
2026-01-08T02:21:55.854Z,0.98,0-5s,6,6,6,1
2026-01-08T02:21:55.854Z,0.98,5-15s,548,548,548,1
2026-01-08T02:21:55.854Z,0.98,15-30s,23,2,76,17
2026-01-08T02:21:55.854Z,0.98,30-60s,12,0,40,18
2026-01-08T02:21:55.854Z,0.98,60-300s,43,0,1996,88
2026-01-08T02:21:55.854Z,0.98,5-15m,24,0,958,260
2026-01-08T02:21:55.854Z,0.98,15-60m,4,2,6,2
2026-01-08T02:21:55.854Z,0.985,0-5s,6,6,6,1
2026-01-08T02:21:55.854Z,0.985,5-15s,548,548,548,1
2026-01-08T02:21:55.854Z,0.985,15-30s,23,2,76,17
2026-01-08T02:21:55.854Z,0.985,30-60s,11,0,40,20
2026-01-08T02:21:55.854Z,0.985,60-300s,44,0,1996,90
2026-01-08T02:21:55.854Z,0.985,5-15m,24,0,958,264
2026-01-08T02:21:55.854Z,0.985,15-60m,4,2,6,2
2026-01-08T02:21:55.854Z,0.99,0-5s,6,6,6,1
2026-01-08T02:21:55.854Z,0.99,5-15s,548,548,548,1
2026-01-08T02:21:55.854Z,0.99,15-30s,23,2,76,17
2026-01-08T02:21:55.854Z,0.99,30-60s,14,0,55,25
2026-01-08T02:21:55.854Z,0.99,60-300s,42,0,1996,194
2026-01-08T02:21:55.854Z,0.99,5-15m,28,0,1858,628
2026-01-08T02:21:55.854Z,0.99,15-60m,18,2,60,5
2026-01-08T02:21:55.854Z,0.995,0-5s,6,6,6,1
2026-01-08T02:21:55.854Z,0.995,5-15s,548,548,548,1
2026-01-08T02:21:55.854Z,0.995,15-30s,23,2,76,17
2026-01-08T02:21:55.854Z,0.995,30-60s,14,0,55,25
2026-01-08T02:21:55.854Z,0.995,60-300s,42,0,1996,194
2026-01-08T02:21:55.854Z,0.995,5-15m,28,0,1858,628
2026-01-08T02:21:55.854Z,0.995,15-60m,18,2,60,5
2026-01-08T02:22:55.855Z,0.9,15-30s,5,5,5,1
2026-01-08T02:22:55.855Z,0.9,60-300s,4,4,4,1
2026-01-08T02:22:55.855Z,0.9,5-15m,32,24,40,2
2026-01-08T02:22:55.855Z,0.95,0-5s,6,6,6,1
2026-01-08T02:22:55.855Z,0.95,15-30s,11,0,49,6
2026-01-08T02:22:55.855Z,0.95,30-60s,3,3,3,1
2026-01-08T02:22:55.855Z,0.95,60-300s,198,0,1996,11
2026-01-08T02:22:55.855Z,0.95,5-15m,19,2,68,34
2026-01-08T02:22:55.855Z,0.95,15-60m,6,6,6,1
2026-01-08T02:22:55.855Z,0.98,0-5s,6,6,6,1
2026-01-08T02:22:55.855Z,0.98,5-15s,548,548,548,1
2026-01-08T02:22:55.855Z,0.98,15-30s,23,2,76,17
2026-01-08T02:22:55.855Z,0.98,30-60s,12,0,40,18
2026-01-08T02:22:55.855Z,0.98,60-300s,43,0,1996,88
2026-01-08T02:22:55.855Z,0.98,5-15m,24,0,958,262
2026-01-08T02:22:55.855Z,0.98,15-60m,4,2,6,2
2026-01-08T02:22:55.855Z,0.985,0-5s,6,6,6,1
2026-01-08T02:22:55.855Z,0.985,5-15s,548,548,548,1
2026-01-08T02:22:55.855Z,0.985,15-30s,23,2,76,17
2026-01-08T02:22:55.855Z,0.985,30-60s,11,0,40,20
2026-01-08T02:22:55.855Z,0.985,60-300s,44,0,1996,90
2026-01-08T02:22:55.855Z,0.985,5-15m,24,0,958,266
2026-01-08T02:22:55.855Z,0.985,15-60m,4,2,6,2
2026-01-08T02:22:55.855Z,0.99,0-5s,6,6,6,1
2026-01-08T02:22:55.855Z,0.99,5-15s,548,548,548,1
2026-01-08T02:22:55.855Z,0.99,15-30s,23,2,76,17
2026-01-08T02:22:55.855Z,0.99,30-60s,14,0,55,25
2026-01-08T02:22:55.855Z,0.99,60-300s,42,0,1996,194
2026-01-08T02:22:55.855Z,0.99,5-15m,28,0,1858,635
2026-01-08T02:22:55.855Z,0.99,15-60m,18,2,60,5
2026-01-08T02:22:55.855Z,0.995,0-5s,6,6,6,1
2026-01-08T02:22:55.855Z,0.995,5-15s,548,548,548,1
2026-01-08T02:22:55.855Z,0.995,15-30s,23,2,76,17
2026-01-08T02:22:55.855Z,0.995,30-60s,14,0,55,25
2026-01-08T02:22:55.855Z,0.995,60-300s,42,0,1996,194
2026-01-08T02:22:55.855Z,0.995,5-15m,28,0,1858,635
2026-01-08T02:22:55.855Z,0.995,15-60m,18,2,60,5
2026-01-08T02:23:55.853Z,0.9,15-30s,5,5,5,1
2026-01-08T02:23:55.853Z,0.9,60-300s,4,4,4,1
2026-01-08T02:23:55.853Z,0.9,5-15m,32,24,40,2
2026-01-08T02:23:55.853Z,0.95,0-5s,6,6,6,1
2026-01-08T02:23:55.853Z,0.95,15-30s,11,0,49,6
2026-01-08T02:23:55.853Z,0.95,30-60s,3,3,3,1
2026-01-08T02:23:55.853Z,0.95,60-300s,198,0,1996,11
2026-01-08T02:23:55.853Z,0.95,5-15m,20,2,68,38
2026-01-08T02:23:55.853Z,0.95,15-60m,6,6,6,1
2026-01-08T02:23:55.853Z,0.98,0-5s,6,6,6,1
2026-01-08T02:23:55.853Z,0.98,5-15s,548,548,548,1
2026-01-08T02:23:55.853Z,0.98,15-30s,23,2,76,17
2026-01-08T02:23:55.853Z,0.98,30-60s,12,0,40,18
2026-01-08T02:23:55.853Z,0.98,60-300s,43,0,1996,88
2026-01-08T02:23:55.853Z,0.98,5-15m,24,0,958,269
2026-01-08T02:23:55.853Z,0.98,15-60m,4,2,6,2
2026-01-08T02:23:55.853Z,0.985,0-5s,6,6,6,1
2026-01-08T02:23:55.853Z,0.985,5-15s,548,548,548,1
2026-01-08T02:23:55.853Z,0.985,15-30s,23,2,76,17
2026-01-08T02:23:55.853Z,0.985,30-60s,11,0,40,20
2026-01-08T02:23:55.853Z,0.985,60-300s,44,0,1996,90
2026-01-08T02:23:55.853Z,0.985,5-15m,24,0,958,273
2026-01-08T02:23:55.853Z,0.985,15-60m,4,2,6,2
2026-01-08T02:23:55.853Z,0.99,0-5s,6,6,6,1
2026-01-08T02:23:55.853Z,0.99,5-15s,548,548,548,1
2026-01-08T02:23:55.853Z,0.99,15-30s,23,2,76,17
2026-01-08T02:23:55.853Z,0.99,30-60s,14,0,55,25
2026-01-08T02:23:55.853Z,0.99,60-300s,42,0,1996,194
2026-01-08T02:23:55.853Z,0.99,5-15m,28,0,1858,647
2026-01-08T02:23:55.853Z,0.99,15-60m,18,2,60,5
2026-01-08T02:23:55.853Z,0.995,0-5s,6,6,6,1
2026-01-08T02:23:55.853Z,0.995,5-15s,548,548,548,1
2026-01-08T02:23:55.853Z,0.995,15-30s,23,2,76,17
2026-01-08T02:23:55.853Z,0.995,30-60s,14,0,55,25
2026-01-08T02:23:55.853Z,0.995,60-300s,42,0,1996,194
2026-01-08T02:23:55.853Z,0.995,5-15m,28,0,1858,647
2026-01-08T02:23:55.853Z,0.995,15-60m,18,2,60,5
2026-01-08T02:24:55.856Z,0.9,15-30s,5,5,5,1
2026-01-08T02:24:55.856Z,0.9,60-300s,4,4,4,1
2026-01-08T02:24:55.856Z,0.9,5-15m,32,24,40,2
2026-01-08T02:24:55.856Z,0.95,0-5s,6,6,6,1
2026-01-08T02:24:55.856Z,0.95,15-30s,11,0,49,6
2026-01-08T02:24:55.856Z,0.95,30-60s,3,3,3,1
2026-01-08T02:24:55.856Z,0.95,60-300s,198,0,1996,11
2026-01-08T02:24:55.856Z,0.95,5-15m,20,2,68,38
2026-01-08T02:24:55.856Z,0.95,15-60m,6,6,6,1
2026-01-08T02:24:55.856Z,0.98,0-5s,6,6,6,1
2026-01-08T02:24:55.856Z,0.98,5-15s,548,548,548,1
2026-01-08T02:24:55.856Z,0.98,15-30s,23,2,76,17
2026-01-08T02:24:55.856Z,0.98,30-60s,12,0,40,18
2026-01-08T02:24:55.856Z,0.98,60-300s,43,0,1996,88
2026-01-08T02:24:55.856Z,0.98,5-15m,24,0,958,270
2026-01-08T02:24:55.856Z,0.98,15-60m,4,2,6,2
2026-01-08T02:24:55.856Z,0.985,0-5s,6,6,6,1
2026-01-08T02:24:55.856Z,0.985,5-15s,548,548,548,1
2026-01-08T02:24:55.856Z,0.985,15-30s,23,2,76,17
2026-01-08T02:24:55.856Z,0.985,30-60s,11,0,40,20
2026-01-08T02:24:55.856Z,0.985,60-300s,44,0,1996,90
2026-01-08T02:24:55.856Z,0.985,5-15m,24,0,958,274
2026-01-08T02:24:55.856Z,0.985,15-60m,4,2,6,2
2026-01-08T02:24:55.856Z,0.99,0-5s,6,6,6,1
2026-01-08T02:24:55.856Z,0.99,5-15s,548,548,548,1
2026-01-08T02:24:55.856Z,0.99,15-30s,23,2,76,17
2026-01-08T02:24:55.856Z,0.99,30-60s,14,0,55,25
2026-01-08T02:24:55.856Z,0.99,60-300s,42,0,1996,194
2026-01-08T02:24:55.856Z,0.99,5-15m,30,0,1858,653
2026-01-08T02:24:55.856Z,0.99,15-60m,18,2,60,5
2026-01-08T02:24:55.856Z,0.995,0-5s,6,6,6,1
2026-01-08T02:24:55.856Z,0.995,5-15s,548,548,548,1
2026-01-08T02:24:55.856Z,0.995,15-30s,23,2,76,17
2026-01-08T02:24:55.856Z,0.995,30-60s,14,0,55,25
2026-01-08T02:24:55.856Z,0.995,60-300s,42,0,1996,194
2026-01-08T02:24:55.856Z,0.995,5-15m,30,0,1858,653
2026-01-08T02:24:55.856Z,0.995,15-60m,18,2,60,5
2026-01-08T02:25:55.857Z,0.9,15-30s,5,5,5,1
2026-01-08T02:25:55.857Z,0.9,60-300s,4,4,4,1
2026-01-08T02:25:55.857Z,0.9,5-15m,32,24,40,2
2026-01-08T02:25:55.857Z,0.95,0-5s,6,6,6,1
2026-01-08T02:25:55.857Z,0.95,15-30s,11,0,49,6
2026-01-08T02:25:55.857Z,0.95,30-60s,3,3,3,1
2026-01-08T02:25:55.857Z,0.95,60-300s,198,0,1996,11
2026-01-08T02:25:55.857Z,0.95,5-15m,20,2,68,38
2026-01-08T02:25:55.857Z,0.95,15-60m,6,6,6,1
2026-01-08T02:25:55.857Z,0.98,0-5s,6,6,6,1
2026-01-08T02:25:55.857Z,0.98,5-15s,548,548,548,1
2026-01-08T02:25:55.857Z,0.98,15-30s,23,2,76,17
2026-01-08T02:25:55.857Z,0.98,30-60s,12,0,40,18
2026-01-08T02:25:55.857Z,0.98,60-300s,43,0,1996,88
2026-01-08T02:25:55.857Z,0.98,5-15m,24,0,958,270
2026-01-08T02:25:55.857Z,0.98,15-60m,4,2,6,2
2026-01-08T02:25:55.857Z,0.985,0-5s,6,6,6,1
2026-01-08T02:25:55.857Z,0.985,5-15s,548,548,548,1
2026-01-08T02:25:55.857Z,0.985,15-30s,23,2,76,17
2026-01-08T02:25:55.857Z,0.985,30-60s,11,0,40,20
2026-01-08T02:25:55.857Z,0.985,60-300s,44,0,1996,90
2026-01-08T02:25:55.857Z,0.985,5-15m,24,0,958,274
2026-01-08T02:25:55.857Z,0.985,15-60m,4,2,6,2
2026-01-08T02:25:55.857Z,0.99,0-5s,6,6,6,1
2026-01-08T02:25:55.857Z,0.99,5-15s,548,548,548,1
2026-01-08T02:25:55.857Z,0.99,15-30s,23,2,76,17
2026-01-08T02:25:55.857Z,0.99,30-60s,14,0,55,25
2026-01-08T02:25:55.857Z,0.99,60-300s,42,0,1996,194
2026-01-08T02:25:55.857Z,0.99,5-15m,30,0,1858,653
2026-01-08T02:25:55.857Z,0.99,15-60m,18,2,60,5
2026-01-08T02:25:55.857Z,0.995,0-5s,6,6,6,1
2026-01-08T02:25:55.857Z,0.995,5-15s,548,548,548,1
2026-01-08T02:25:55.857Z,0.995,15-30s,23,2,76,17
2026-01-08T02:25:55.857Z,0.995,30-60s,14,0,55,25
2026-01-08T02:25:55.857Z,0.995,60-300s,42,0,1996,194
2026-01-08T02:25:55.857Z,0.995,5-15m,30,0,1858,653
2026-01-08T02:25:55.857Z,0.995,15-60m,18,2,60,5
2026-01-08T02:26:55.860Z,0.9,15-30s,5,5,5,1
2026-01-08T02:26:55.860Z,0.9,60-300s,4,4,4,1
2026-01-08T02:26:55.860Z,0.9,5-15m,32,24,40,2
2026-01-08T02:26:55.860Z,0.95,0-5s,6,6,6,1
2026-01-08T02:26:55.860Z,0.95,15-30s,11,0,49,6
2026-01-08T02:26:55.860Z,0.95,30-60s,3,3,3,1
2026-01-08T02:26:55.860Z,0.95,60-300s,198,0,1996,11
2026-01-08T02:26:55.860Z,0.95,5-15m,20,2,68,38
2026-01-08T02:26:55.860Z,0.95,15-60m,6,6,6,1
2026-01-08T02:26:55.860Z,0.98,0-5s,6,6,6,1
2026-01-08T02:26:55.860Z,0.98,5-15s,548,548,548,1
2026-01-08T02:26:55.860Z,0.98,15-30s,23,2,76,17
2026-01-08T02:26:55.860Z,0.98,30-60s,12,0,40,18
2026-01-08T02:26:55.860Z,0.98,60-300s,42,0,1996,90
2026-01-08T02:26:55.860Z,0.98,5-15m,24,0,958,270
2026-01-08T02:26:55.860Z,0.98,15-60m,4,2,6,2
2026-01-08T02:26:55.860Z,0.985,0-5s,6,6,6,1
2026-01-08T02:26:55.860Z,0.985,5-15s,548,548,548,1
2026-01-08T02:26:55.860Z,0.985,15-30s,23,2,76,17
2026-01-08T02:26:55.860Z,0.985,30-60s,11,0,40,20
2026-01-08T02:26:55.860Z,0.985,60-300s,43,0,1996,92
2026-01-08T02:26:55.860Z,0.985,5-15m,24,0,958,274
2026-01-08T02:26:55.860Z,0.985,15-60m,4,2,6,2
2026-01-08T02:26:55.860Z,0.99,0-5s,6,6,6,1
2026-01-08T02:26:55.860Z,0.99,5-15s,548,548,548,1
2026-01-08T02:26:55.860Z,0.99,15-30s,23,2,76,17
2026-01-08T02:26:55.860Z,0.99,30-60s,14,0,55,25
2026-01-08T02:26:55.860Z,0.99,60-300s,42,0,1996,197
2026-01-08T02:26:55.860Z,0.99,5-15m,30,0,1858,653
2026-01-08T02:26:55.860Z,0.99,15-60m,18,2,60,5
2026-01-08T02:26:55.860Z,0.995,0-5s,6,6,6,1
2026-01-08T02:26:55.860Z,0.995,5-15s,548,548,548,1
2026-01-08T02:26:55.860Z,0.995,15-30s,23,2,76,17
2026-01-08T02:26:55.860Z,0.995,30-60s,14,0,55,25
2026-01-08T02:26:55.860Z,0.995,60-300s,42,0,1996,197
2026-01-08T02:26:55.860Z,0.995,5-15m,30,0,1858,653
2026-01-08T02:26:55.860Z,0.995,15-60m,18,2,60,5
2026-01-08T02:27:55.860Z,0.9,15-30s,5,5,5,1
2026-01-08T02:27:55.860Z,0.9,60-300s,4,4,4,1
2026-01-08T02:27:55.860Z,0.9,5-15m,32,24,40,2
2026-01-08T02:27:55.860Z,0.95,0-5s,6,6,6,1
2026-01-08T02:27:55.860Z,0.95,15-30s,11,0,49,6
2026-01-08T02:27:55.860Z,0.95,30-60s,3,3,3,1
2026-01-08T02:27:55.860Z,0.95,60-300s,198,0,1996,11
2026-01-08T02:27:55.860Z,0.95,5-15m,20,2,68,38
2026-01-08T02:27:55.860Z,0.95,15-60m,6,6,6,1
2026-01-08T02:27:55.860Z,0.98,0-5s,6,6,6,1
2026-01-08T02:27:55.860Z,0.98,5-15s,548,548,548,1
2026-01-08T02:27:55.860Z,0.98,15-30s,23,2,76,17
2026-01-08T02:27:55.860Z,0.98,30-60s,12,0,40,18
2026-01-08T02:27:55.860Z,0.98,60-300s,42,0,1996,90
2026-01-08T02:27:55.860Z,0.98,5-15m,24,0,958,270
2026-01-08T02:27:55.860Z,0.98,15-60m,4,2,6,2
2026-01-08T02:27:55.860Z,0.985,0-5s,6,6,6,1
2026-01-08T02:27:55.860Z,0.985,5-15s,548,548,548,1
2026-01-08T02:27:55.860Z,0.985,15-30s,23,2,76,17
2026-01-08T02:27:55.860Z,0.985,30-60s,11,0,40,20
2026-01-08T02:27:55.860Z,0.985,60-300s,43,0,1996,92
2026-01-08T02:27:55.860Z,0.985,5-15m,24,0,958,274
2026-01-08T02:27:55.860Z,0.985,15-60m,4,2,6,2
2026-01-08T02:27:55.860Z,0.99,0-5s,6,6,6,1
2026-01-08T02:27:55.860Z,0.99,5-15s,548,548,548,1
2026-01-08T02:27:55.860Z,0.99,15-30s,23,2,76,17
2026-01-08T02:27:55.860Z,0.99,30-60s,14,0,55,25
2026-01-08T02:27:55.860Z,0.99,60-300s,42,0,1996,197
2026-01-08T02:27:55.860Z,0.99,5-15m,30,0,1858,653
2026-01-08T02:27:55.860Z,0.99,15-60m,18,2,60,5
2026-01-08T02:27:55.860Z,0.995,0-5s,6,6,6,1
2026-01-08T02:27:55.860Z,0.995,5-15s,548,548,548,1
2026-01-08T02:27:55.860Z,0.995,15-30s,23,2,76,17
2026-01-08T02:27:55.860Z,0.995,30-60s,14,0,55,25
2026-01-08T02:27:55.860Z,0.995,60-300s,42,0,1996,197
2026-01-08T02:27:55.860Z,0.995,5-15m,30,0,1858,653
2026-01-08T02:27:55.860Z,0.995,15-60m,18,2,60,5
2026-01-08T02:28:55.858Z,0.9,15-30s,5,5,5,1
2026-01-08T02:28:55.858Z,0.9,60-300s,4,4,4,1
2026-01-08T02:28:55.858Z,0.9,5-15m,32,24,40,2
2026-01-08T02:28:55.858Z,0.95,0-5s,6,6,6,1
2026-01-08T02:28:55.858Z,0.95,15-30s,11,0,49,6
2026-01-08T02:28:55.858Z,0.95,30-60s,3,3,3,1
2026-01-08T02:28:55.858Z,0.95,60-300s,198,0,1996,11
2026-01-08T02:28:55.858Z,0.95,5-15m,20,2,68,38
2026-01-08T02:28:55.858Z,0.95,15-60m,6,6,6,1
2026-01-08T02:28:55.858Z,0.98,0-5s,6,6,6,1
2026-01-08T02:28:55.858Z,0.98,5-15s,548,548,548,1
2026-01-08T02:28:55.858Z,0.98,15-30s,23,2,76,17
2026-01-08T02:28:55.858Z,0.98,30-60s,12,0,40,18
2026-01-08T02:28:55.858Z,0.98,60-300s,42,0,1996,91
2026-01-08T02:28:55.858Z,0.98,5-15m,24,0,958,270
2026-01-08T02:28:55.858Z,0.98,15-60m,4,2,6,2
2026-01-08T02:28:55.858Z,0.985,0-5s,6,6,6,1
2026-01-08T02:28:55.858Z,0.985,5-15s,548,548,548,1
2026-01-08T02:28:55.858Z,0.985,15-30s,23,2,76,17
2026-01-08T02:28:55.858Z,0.985,30-60s,11,0,40,20
2026-01-08T02:28:55.858Z,0.985,60-300s,43,0,1996,93
2026-01-08T02:28:55.858Z,0.985,5-15m,24,0,958,274
2026-01-08T02:28:55.858Z,0.985,15-60m,4,2,6,2
2026-01-08T02:28:55.858Z,0.99,0-5s,6,6,6,1
2026-01-08T02:28:55.858Z,0.99,5-15s,548,548,548,1
2026-01-08T02:28:55.858Z,0.99,15-30s,23,2,76,17
2026-01-08T02:28:55.858Z,0.99,30-60s,14,0,55,25
2026-01-08T02:28:55.858Z,0.99,60-300s,41,0,1996,198
2026-01-08T02:28:55.858Z,0.99,5-15m,30,0,1858,653
2026-01-08T02:28:55.858Z,0.99,15-60m,18,2,60,5
2026-01-08T02:28:55.858Z,0.995,0-5s,6,6,6,1
2026-01-08T02:28:55.858Z,0.995,5-15s,548,548,548,1
2026-01-08T02:28:55.858Z,0.995,15-30s,23,2,76,17
2026-01-08T02:28:55.858Z,0.995,30-60s,14,0,55,25
2026-01-08T02:28:55.858Z,0.995,60-300s,41,0,1996,198
2026-01-08T02:28:55.858Z,0.995,5-15m,30,0,1858,653
2026-01-08T02:28:55.858Z,0.995,15-60m,18,2,60,5
2026-01-08T02:29:55.859Z,0.9,15-30s,5,5,5,1
2026-01-08T02:29:55.859Z,0.9,60-300s,4,4,4,1
2026-01-08T02:29:55.859Z,0.9,5-15m,32,24,40,2
2026-01-08T02:29:55.859Z,0.95,0-5s,6,6,6,1
2026-01-08T02:29:55.859Z,0.95,15-30s,11,0,49,6
2026-01-08T02:29:55.859Z,0.95,30-60s,3,3,3,1
2026-01-08T02:29:55.859Z,0.95,60-300s,198,0,1996,11
2026-01-08T02:29:55.859Z,0.95,5-15m,20,2,68,38
2026-01-08T02:29:55.859Z,0.95,15-60m,6,6,6,1
2026-01-08T02:29:55.859Z,0.98,0-5s,12,6,17,2
2026-01-08T02:29:55.859Z,0.98,5-15s,548,548,548,1
2026-01-08T02:29:55.859Z,0.98,15-30s,22,2,76,18
2026-01-08T02:29:55.859Z,0.98,30-60s,12,0,40,18
2026-01-08T02:29:55.859Z,0.98,60-300s,42,0,1996,91
2026-01-08T02:29:55.859Z,0.98,5-15m,24,0,958,270
2026-01-08T02:29:55.859Z,0.98,15-60m,4,2,6,2
2026-01-08T02:29:55.859Z,0.985,0-5s,12,6,17,2
2026-01-08T02:29:55.859Z,0.985,5-15s,613,548,677,2
2026-01-08T02:29:55.859Z,0.985,15-30s,22,2,76,18
2026-01-08T02:29:55.859Z,0.985,30-60s,11,0,40,20
2026-01-08T02:29:55.859Z,0.985,60-300s,43,0,1996,93
2026-01-08T02:29:55.859Z,0.985,5-15m,24,0,958,274
2026-01-08T02:29:55.859Z,0.985,15-60m,4,2,6,2
2026-01-08T02:29:55.859Z,0.99,0-5s,12,6,17,2
2026-01-08T02:29:55.859Z,0.99,5-15s,613,548,677,2
2026-01-08T02:29:55.859Z,0.99,15-30s,23,2,76,18
2026-01-08T02:29:55.859Z,0.99,30-60s,14,0,55,26
2026-01-08T02:29:55.859Z,0.99,60-300s,41,0,1996,198
2026-01-08T02:29:55.859Z,0.99,5-15m,30,0,1858,653
2026-01-08T02:29:55.859Z,0.99,15-60m,18,2,60,5
2026-01-08T02:29:55.859Z,0.995,0-5s,12,6,17,2
2026-01-08T02:29:55.859Z,0.995,5-15s,613,548,677,2
2026-01-08T02:29:55.859Z,0.995,15-30s,23,2,76,18
2026-01-08T02:29:55.859Z,0.995,30-60s,14,0,55,26
2026-01-08T02:29:55.859Z,0.995,60-300s,41,0,1996,198
2026-01-08T02:29:55.859Z,0.995,5-15m,30,0,1858,653
2026-01-08T02:29:55.859Z,0.995,15-60m,18,2,60,5
2026-01-08T02:30:55.856Z,0.9,15-30s,5,5,5,1
2026-01-08T02:30:55.856Z,0.9,60-300s,4,4,4,1
2026-01-08T02:30:55.856Z,0.9,5-15m,32,24,40,2
2026-01-08T02:30:55.856Z,0.95,0-5s,6,6,6,1
2026-01-08T02:30:55.856Z,0.95,15-30s,11,0,49,6
2026-01-08T02:30:55.856Z,0.95,30-60s,3,3,3,1
2026-01-08T02:30:55.856Z,0.95,60-300s,198,0,1996,11
2026-01-08T02:30:55.856Z,0.95,5-15m,20,2,68,38
2026-01-08T02:30:55.856Z,0.95,15-60m,6,6,6,1
2026-01-08T02:30:55.856Z,0.98,0-5s,12,6,17,2
2026-01-08T02:30:55.856Z,0.98,5-15s,548,548,548,1
2026-01-08T02:30:55.856Z,0.98,15-30s,22,2,76,18
2026-01-08T02:30:55.856Z,0.98,30-60s,12,0,40,18
2026-01-08T02:30:55.856Z,0.98,60-300s,42,0,1996,91
2026-01-08T02:30:55.856Z,0.98,5-15m,24,0,958,272
2026-01-08T02:30:55.856Z,0.98,15-60m,4,2,6,2
2026-01-08T02:30:55.856Z,0.985,0-5s,12,6,17,2
2026-01-08T02:30:55.856Z,0.985,5-15s,613,548,677,2
2026-01-08T02:30:55.856Z,0.985,15-30s,22,2,76,18
2026-01-08T02:30:55.856Z,0.985,30-60s,11,0,40,20
2026-01-08T02:30:55.856Z,0.985,60-300s,43,0,1996,93
2026-01-08T02:30:55.856Z,0.985,5-15m,24,0,958,276
2026-01-08T02:30:55.856Z,0.985,15-60m,4,2,6,2
2026-01-08T02:30:55.856Z,0.99,0-5s,12,6,17,2
2026-01-08T02:30:55.856Z,0.99,5-15s,613,548,677,2
2026-01-08T02:30:55.856Z,0.99,15-30s,23,2,76,18
2026-01-08T02:30:55.856Z,0.99,30-60s,14,0,55,26
2026-01-08T02:30:55.856Z,0.99,60-300s,41,0,1996,198
2026-01-08T02:30:55.856Z,0.99,5-15m,30,0,1858,660
2026-01-08T02:30:55.856Z,0.99,15-60m,15,0,60,6
2026-01-08T02:30:55.856Z,0.995,0-5s,12,6,17,2
2026-01-08T02:30:55.856Z,0.995,5-15s,613,548,677,2
2026-01-08T02:30:55.856Z,0.995,15-30s,23,2,76,18
2026-01-08T02:30:55.856Z,0.995,30-60s,14,0,55,26
2026-01-08T02:30:55.856Z,0.995,60-300s,41,0,1996,198
2026-01-08T02:30:55.856Z,0.995,5-15m,30,0,1858,660
2026-01-08T02:30:55.856Z,0.995,15-60m,15,0,60,6
2026-01-08T02:31:55.860Z,0.9,15-30s,5,5,5,1
2026-01-08T02:31:55.860Z,0.9,60-300s,4,4,4,1
2026-01-08T02:31:55.860Z,0.9,5-15m,32,24,40,2
2026-01-08T02:31:55.860Z,0.95,0-5s,6,6,6,1
2026-01-08T02:31:55.860Z,0.95,15-30s,11,0,49,6
2026-01-08T02:31:55.860Z,0.95,30-60s,3,3,3,1
2026-01-08T02:31:55.860Z,0.95,60-300s,198,0,1996,11
2026-01-08T02:31:55.860Z,0.95,5-15m,20,2,68,38
2026-01-08T02:31:55.860Z,0.95,15-60m,6,6,6,1
2026-01-08T02:31:55.860Z,0.98,0-5s,12,6,17,2
2026-01-08T02:31:55.860Z,0.98,5-15s,548,548,548,1
2026-01-08T02:31:55.860Z,0.98,15-30s,22,2,76,18
2026-01-08T02:31:55.860Z,0.98,30-60s,12,0,40,18
2026-01-08T02:31:55.860Z,0.98,60-300s,42,0,1996,91
2026-01-08T02:31:55.860Z,0.98,5-15m,24,0,958,272
2026-01-08T02:31:55.860Z,0.98,15-60m,4,2,6,2
2026-01-08T02:31:55.860Z,0.985,0-5s,12,6,17,2
2026-01-08T02:31:55.860Z,0.985,5-15s,613,548,677,2
2026-01-08T02:31:55.860Z,0.985,15-30s,22,2,76,18
2026-01-08T02:31:55.860Z,0.985,30-60s,11,0,40,20
2026-01-08T02:31:55.860Z,0.985,60-300s,43,0,1996,93
2026-01-08T02:31:55.860Z,0.985,5-15m,24,0,958,276
2026-01-08T02:31:55.860Z,0.985,15-60m,4,2,6,2
2026-01-08T02:31:55.860Z,0.99,0-5s,12,6,17,2
2026-01-08T02:31:55.860Z,0.99,5-15s,613,548,677,2
2026-01-08T02:31:55.860Z,0.99,15-30s,23,2,76,18
2026-01-08T02:31:55.860Z,0.99,30-60s,14,0,55,26
2026-01-08T02:31:55.860Z,0.99,60-300s,41,0,1996,198
2026-01-08T02:31:55.860Z,0.99,5-15m,30,0,1858,665
2026-01-08T02:31:55.860Z,0.99,15-60m,15,0,60,6
2026-01-08T02:31:55.860Z,0.995,0-5s,12,6,17,2
2026-01-08T02:31:55.860Z,0.995,5-15s,613,548,677,2
2026-01-08T02:31:55.860Z,0.995,15-30s,23,2,76,18
2026-01-08T02:31:55.860Z,0.995,30-60s,14,0,55,26
2026-01-08T02:31:55.860Z,0.995,60-300s,41,0,1996,198
2026-01-08T02:31:55.860Z,0.995,5-15m,30,0,1858,665
2026-01-08T02:31:55.860Z,0.995,15-60m,15,0,60,6
2026-01-08T02:32:55.859Z,0.9,15-30s,5,5,5,1
2026-01-08T02:32:55.859Z,0.9,60-300s,4,4,4,1
2026-01-08T02:32:55.859Z,0.9,5-15m,32,24,40,2
2026-01-08T02:32:55.859Z,0.95,0-5s,6,6,6,1
2026-01-08T02:32:55.859Z,0.95,15-30s,11,0,49,6
2026-01-08T02:32:55.859Z,0.95,30-60s,3,3,3,1
2026-01-08T02:32:55.859Z,0.95,60-300s,198,0,1996,11
2026-01-08T02:32:55.859Z,0.95,5-15m,20,2,68,38
2026-01-08T02:32:55.859Z,0.95,15-60m,6,6,6,1
2026-01-08T02:32:55.859Z,0.98,0-5s,12,6,17,2
2026-01-08T02:32:55.859Z,0.98,5-15s,548,548,548,1
2026-01-08T02:32:55.859Z,0.98,15-30s,22,2,76,18
2026-01-08T02:32:55.859Z,0.98,30-60s,12,0,40,18
2026-01-08T02:32:55.859Z,0.98,60-300s,42,0,1996,91
2026-01-08T02:32:55.859Z,0.98,5-15m,24,0,958,272
2026-01-08T02:32:55.859Z,0.98,15-60m,4,2,6,2
2026-01-08T02:32:55.859Z,0.985,0-5s,12,6,17,2
2026-01-08T02:32:55.859Z,0.985,5-15s,613,548,677,2
2026-01-08T02:32:55.859Z,0.985,15-30s,22,2,76,18
2026-01-08T02:32:55.859Z,0.985,30-60s,11,0,40,20
2026-01-08T02:32:55.859Z,0.985,60-300s,43,0,1996,93
2026-01-08T02:32:55.859Z,0.985,5-15m,24,0,958,276
2026-01-08T02:32:55.859Z,0.985,15-60m,4,2,6,2
2026-01-08T02:32:55.859Z,0.99,0-5s,12,6,17,2
2026-01-08T02:32:55.859Z,0.99,5-15s,613,548,677,2
2026-01-08T02:32:55.859Z,0.99,15-30s,23,2,76,18
2026-01-08T02:32:55.859Z,0.99,30-60s,14,0,55,26
2026-01-08T02:32:55.859Z,0.99,60-300s,41,0,1996,198
2026-01-08T02:32:55.859Z,0.99,5-15m,30,0,1858,666
2026-01-08T02:32:55.859Z,0.99,15-60m,15,0,60,6
2026-01-08T02:32:55.859Z,0.995,0-5s,12,6,17,2
2026-01-08T02:32:55.859Z,0.995,5-15s,613,548,677,2
2026-01-08T02:32:55.859Z,0.995,15-30s,23,2,76,18
2026-01-08T02:32:55.859Z,0.995,30-60s,14,0,55,26
2026-01-08T02:32:55.859Z,0.995,60-300s,41,0,1996,198
2026-01-08T02:32:55.859Z,0.995,5-15m,30,0,1858,666
2026-01-08T02:32:55.859Z,0.995,15-60m,15,0,60,6
2026-01-08T02:33:55.862Z,0.9,15-30s,5,5,5,1
2026-01-08T02:33:55.862Z,0.9,60-300s,4,4,4,1
2026-01-08T02:33:55.862Z,0.9,5-15m,32,24,40,2
2026-01-08T02:33:55.862Z,0.95,0-5s,6,6,6,1
2026-01-08T02:33:55.862Z,0.95,15-30s,11,0,49,6
2026-01-08T02:33:55.862Z,0.95,30-60s,3,3,3,1
2026-01-08T02:33:55.862Z,0.95,60-300s,198,0,1996,11
2026-01-08T02:33:55.862Z,0.95,5-15m,20,2,68,38
2026-01-08T02:33:55.862Z,0.95,15-60m,6,6,6,1
2026-01-08T02:33:55.862Z,0.98,0-5s,12,6,17,2
2026-01-08T02:33:55.862Z,0.98,5-15s,548,548,548,1
2026-01-08T02:33:55.862Z,0.98,15-30s,22,2,76,18
2026-01-08T02:33:55.862Z,0.98,30-60s,12,0,40,18
2026-01-08T02:33:55.862Z,0.98,60-300s,42,0,1996,91
2026-01-08T02:33:55.862Z,0.98,5-15m,24,0,958,272
2026-01-08T02:33:55.862Z,0.98,15-60m,4,2,6,2
2026-01-08T02:33:55.862Z,0.985,0-5s,12,6,17,2
2026-01-08T02:33:55.862Z,0.985,5-15s,613,548,677,2
2026-01-08T02:33:55.862Z,0.985,15-30s,22,2,76,18
2026-01-08T02:33:55.862Z,0.985,30-60s,11,0,40,20
2026-01-08T02:33:55.862Z,0.985,60-300s,43,0,1996,93
2026-01-08T02:33:55.862Z,0.985,5-15m,24,0,958,276
2026-01-08T02:33:55.862Z,0.985,15-60m,4,2,6,2
2026-01-08T02:33:55.862Z,0.99,0-5s,12,6,17,2
2026-01-08T02:33:55.862Z,0.99,5-15s,613,548,677,2
2026-01-08T02:33:55.862Z,0.99,15-30s,23,2,76,18
2026-01-08T02:33:55.862Z,0.99,30-60s,14,0,55,26
2026-01-08T02:33:55.862Z,0.99,60-300s,41,0,1996,198
2026-01-08T02:33:55.862Z,0.99,5-15m,30,0,1858,668
2026-01-08T02:33:55.862Z,0.99,15-60m,15,0,60,6
2026-01-08T02:33:55.862Z,0.995,0-5s,12,6,17,2
2026-01-08T02:33:55.862Z,0.995,5-15s,613,548,677,2
2026-01-08T02:33:55.862Z,0.995,15-30s,23,2,76,18
2026-01-08T02:33:55.862Z,0.995,30-60s,14,0,55,26
2026-01-08T02:33:55.862Z,0.995,60-300s,41,0,1996,198
2026-01-08T02:33:55.862Z,0.995,5-15m,30,0,1858,668
2026-01-08T02:33:55.862Z,0.995,15-60m,15,0,60,6
2026-01-08T02:34:55.865Z,0.9,15-30s,5,5,5,1
2026-01-08T02:34:55.865Z,0.9,60-300s,4,4,4,1
2026-01-08T02:34:55.865Z,0.9,5-15m,32,24,40,2
2026-01-08T02:34:55.865Z,0.95,0-5s,6,6,6,1
2026-01-08T02:34:55.865Z,0.95,15-30s,11,0,49,6
2026-01-08T02:34:55.865Z,0.95,30-60s,3,3,3,1
2026-01-08T02:34:55.865Z,0.95,60-300s,198,0,1996,11
2026-01-08T02:34:55.865Z,0.95,5-15m,20,2,68,38
2026-01-08T02:34:55.865Z,0.95,15-60m,6,6,6,1
2026-01-08T02:34:55.865Z,0.98,0-5s,12,6,17,2
2026-01-08T02:34:55.865Z,0.98,5-15s,548,548,548,1
2026-01-08T02:34:55.865Z,0.98,15-30s,22,2,76,18
2026-01-08T02:34:55.865Z,0.98,30-60s,12,0,40,18
2026-01-08T02:34:55.865Z,0.98,60-300s,42,0,1996,91
2026-01-08T02:34:55.865Z,0.98,5-15m,24,0,958,273
2026-01-08T02:34:55.865Z,0.98,15-60m,4,2,6,2
2026-01-08T02:34:55.865Z,0.985,0-5s,12,6,17,2
2026-01-08T02:34:55.865Z,0.985,5-15s,613,548,677,2
2026-01-08T02:34:55.865Z,0.985,15-30s,22,2,76,18
2026-01-08T02:34:55.865Z,0.985,30-60s,11,0,40,20
2026-01-08T02:34:55.865Z,0.985,60-300s,43,0,1996,93
2026-01-08T02:34:55.865Z,0.985,5-15m,24,0,958,277
2026-01-08T02:34:55.865Z,0.985,15-60m,4,2,6,2
2026-01-08T02:34:55.865Z,0.99,0-5s,12,6,17,2
2026-01-08T02:34:55.865Z,0.99,5-15s,613,548,677,2
2026-01-08T02:34:55.865Z,0.99,15-30s,23,2,76,18
2026-01-08T02:34:55.865Z,0.99,30-60s,14,0,55,26
2026-01-08T02:34:55.865Z,0.99,60-300s,41,0,1996,198
2026-01-08T02:34:55.865Z,0.99,5-15m,30,0,1858,672
2026-01-08T02:34:55.865Z,0.99,15-60m,15,0,60,6
2026-01-08T02:34:55.865Z,0.995,0-5s,12,6,17,2
2026-01-08T02:34:55.865Z,0.995,5-15s,613,548,677,2
2026-01-08T02:34:55.865Z,0.995,15-30s,23,2,76,18
2026-01-08T02:34:55.865Z,0.995,30-60s,14,0,55,26
2026-01-08T02:34:55.865Z,0.995,60-300s,41,0,1996,198
2026-01-08T02:34:55.865Z,0.995,5-15m,30,0,1858,672
2026-01-08T02:34:55.865Z,0.995,15-60m,15,0,60,6
2026-01-08T02:35:55.863Z,0.9,15-30s,5,5,5,1
2026-01-08T02:35:55.863Z,0.9,60-300s,4,4,4,1
2026-01-08T02:35:55.863Z,0.9,5-15m,32,24,40,2
2026-01-08T02:35:55.863Z,0.95,0-5s,6,6,6,1
2026-01-08T02:35:55.863Z,0.95,15-30s,11,0,49,6
2026-01-08T02:35:55.863Z,0.95,30-60s,3,3,3,1
2026-01-08T02:35:55.863Z,0.95,60-300s,198,0,1996,11
2026-01-08T02:35:55.863Z,0.95,5-15m,20,2,68,38
2026-01-08T02:35:55.863Z,0.95,15-60m,6,6,6,1
2026-01-08T02:35:55.863Z,0.98,0-5s,12,6,17,2
2026-01-08T02:35:55.863Z,0.98,5-15s,548,548,548,1
2026-01-08T02:35:55.863Z,0.98,15-30s,22,2,76,18
2026-01-08T02:35:55.863Z,0.98,30-60s,12,0,40,18
2026-01-08T02:35:55.863Z,0.98,60-300s,42,0,1996,91
2026-01-08T02:35:55.863Z,0.98,5-15m,24,0,958,276
2026-01-08T02:35:55.863Z,0.98,15-60m,4,2,6,2
2026-01-08T02:35:55.863Z,0.985,0-5s,12,6,17,2
2026-01-08T02:35:55.863Z,0.985,5-15s,613,548,677,2
2026-01-08T02:35:55.863Z,0.985,15-30s,22,2,76,18
2026-01-08T02:35:55.863Z,0.985,30-60s,11,0,40,20
2026-01-08T02:35:55.863Z,0.985,60-300s,43,0,1996,93
2026-01-08T02:35:55.863Z,0.985,5-15m,24,0,958,280
2026-01-08T02:35:55.863Z,0.985,15-60m,4,2,6,2
2026-01-08T02:35:55.863Z,0.99,0-5s,12,6,17,2
2026-01-08T02:35:55.863Z,0.99,5-15s,613,548,677,2
2026-01-08T02:35:55.863Z,0.99,15-30s,23,2,76,18
2026-01-08T02:35:55.863Z,0.99,30-60s,14,0,55,26
2026-01-08T02:35:55.863Z,0.99,60-300s,41,0,1996,198
2026-01-08T02:35:55.863Z,0.99,5-15m,29,0,1858,681
2026-01-08T02:35:55.863Z,0.99,15-60m,15,0,60,6
2026-01-08T02:35:55.863Z,0.995,0-5s,12,6,17,2
2026-01-08T02:35:55.863Z,0.995,5-15s,613,548,677,2
2026-01-08T02:35:55.863Z,0.995,15-30s,23,2,76,18
2026-01-08T02:35:55.863Z,0.995,30-60s,14,0,55,26
2026-01-08T02:35:55.863Z,0.995,60-300s,41,0,1996,198
2026-01-08T02:35:55.863Z,0.995,5-15m,29,0,1858,681
2026-01-08T02:35:55.863Z,0.995,15-60m,15,0,60,6
2026-01-08T02:36:55.862Z,0.9,15-30s,5,5,5,1
2026-01-08T02:36:55.862Z,0.9,60-300s,4,4,4,1
2026-01-08T02:36:55.862Z,0.9,5-15m,32,24,40,2
2026-01-08T02:36:55.862Z,0.95,0-5s,6,6,6,1
2026-01-08T02:36:55.862Z,0.95,15-30s,11,0,49,6
2026-01-08T02:36:55.862Z,0.95,30-60s,3,3,3,1
2026-01-08T02:36:55.862Z,0.95,60-300s,198,0,1996,11
2026-01-08T02:36:55.862Z,0.95,5-15m,20,2,68,38
2026-01-08T02:36:55.862Z,0.95,15-60m,6,6,6,1
2026-01-08T02:36:55.862Z,0.98,0-5s,12,6,17,2
2026-01-08T02:36:55.862Z,0.98,5-15s,548,548,548,1
2026-01-08T02:36:55.862Z,0.98,15-30s,22,2,76,18
2026-01-08T02:36:55.862Z,0.98,30-60s,12,0,40,18
2026-01-08T02:36:55.862Z,0.98,60-300s,42,0,1996,91
2026-01-08T02:36:55.862Z,0.98,5-15m,24,0,958,276
2026-01-08T02:36:55.862Z,0.98,15-60m,4,2,6,2
2026-01-08T02:36:55.862Z,0.985,0-5s,12,6,17,2
2026-01-08T02:36:55.862Z,0.985,5-15s,613,548,677,2
2026-01-08T02:36:55.862Z,0.985,15-30s,22,2,76,18
2026-01-08T02:36:55.862Z,0.985,30-60s,11,0,40,20
2026-01-08T02:36:55.862Z,0.985,60-300s,43,0,1996,93
2026-01-08T02:36:55.862Z,0.985,5-15m,24,0,958,280
2026-01-08T02:36:55.862Z,0.985,15-60m,4,2,6,2
2026-01-08T02:36:55.862Z,0.99,0-5s,12,6,17,2
2026-01-08T02:36:55.862Z,0.99,5-15s,613,548,677,2
2026-01-08T02:36:55.862Z,0.99,15-30s,23,2,76,18
2026-01-08T02:36:55.862Z,0.99,30-60s,14,0,55,26
2026-01-08T02:36:55.862Z,0.99,60-300s,41,0,1996,198
2026-01-08T02:36:55.862Z,0.99,5-15m,29,0,1858,681
2026-01-08T02:36:55.862Z,0.99,15-60m,15,0,60,6
2026-01-08T02:36:55.862Z,0.995,0-5s,12,6,17,2
2026-01-08T02:36:55.862Z,0.995,5-15s,613,548,677,2
2026-01-08T02:36:55.862Z,0.995,15-30s,23,2,76,18
2026-01-08T02:36:55.862Z,0.995,30-60s,14,0,55,26
2026-01-08T02:36:55.862Z,0.995,60-300s,41,0,1996,198
2026-01-08T02:36:55.862Z,0.995,5-15m,29,0,1858,681
2026-01-08T02:36:55.862Z,0.995,15-60m,15,0,60,6
2026-01-08T02:37:55.866Z,0.9,15-30s,5,5,5,1
2026-01-08T02:37:55.866Z,0.9,60-300s,4,4,4,1
2026-01-08T02:37:55.866Z,0.9,5-15m,32,24,40,2
2026-01-08T02:37:55.866Z,0.95,0-5s,6,6,6,1
2026-01-08T02:37:55.866Z,0.95,15-30s,11,0,49,6
2026-01-08T02:37:55.866Z,0.95,30-60s,3,3,3,1
2026-01-08T02:37:55.866Z,0.95,60-300s,198,0,1996,11
2026-01-08T02:37:55.866Z,0.95,5-15m,20,2,68,38
2026-01-08T02:37:55.866Z,0.95,15-60m,6,6,6,1
2026-01-08T02:37:55.866Z,0.98,0-5s,12,6,17,2
2026-01-08T02:37:55.866Z,0.98,5-15s,548,548,548,1
2026-01-08T02:37:55.866Z,0.98,15-30s,22,2,76,18
2026-01-08T02:37:55.866Z,0.98,30-60s,12,0,40,18
2026-01-08T02:37:55.866Z,0.98,60-300s,42,0,1996,91
2026-01-08T02:37:55.866Z,0.98,5-15m,24,0,958,276
2026-01-08T02:37:55.866Z,0.98,15-60m,4,2,6,2
2026-01-08T02:37:55.866Z,0.985,0-5s,12,6,17,2
2026-01-08T02:37:55.866Z,0.985,5-15s,613,548,677,2
2026-01-08T02:37:55.866Z,0.985,15-30s,22,2,76,18
2026-01-08T02:37:55.866Z,0.985,30-60s,11,0,40,20
2026-01-08T02:37:55.866Z,0.985,60-300s,43,0,1996,93
2026-01-08T02:37:55.866Z,0.985,5-15m,24,0,958,280
2026-01-08T02:37:55.866Z,0.985,15-60m,4,2,6,2
2026-01-08T02:37:55.866Z,0.99,0-5s,12,6,17,2
2026-01-08T02:37:55.866Z,0.99,5-15s,613,548,677,2
2026-01-08T02:37:55.866Z,0.99,15-30s,23,2,76,18
2026-01-08T02:37:55.866Z,0.99,30-60s,14,0,55,26
2026-01-08T02:37:55.866Z,0.99,60-300s,41,0,1996,198
2026-01-08T02:37:55.866Z,0.99,5-15m,29,0,1858,681
2026-01-08T02:37:55.866Z,0.99,15-60m,15,0,60,6
2026-01-08T02:37:55.866Z,0.995,0-5s,12,6,17,2
2026-01-08T02:37:55.866Z,0.995,5-15s,613,548,677,2
2026-01-08T02:37:55.866Z,0.995,15-30s,23,2,76,18
2026-01-08T02:37:55.866Z,0.995,30-60s,14,0,55,26
2026-01-08T02:37:55.866Z,0.995,60-300s,41,0,1996,198
2026-01-08T02:37:55.866Z,0.995,5-15m,29,0,1858,681
2026-01-08T02:37:55.866Z,0.995,15-60m,15,0,60,6
2026-01-08T02:38:55.867Z,0.9,15-30s,5,5,5,1
2026-01-08T02:38:55.867Z,0.9,60-300s,4,4,4,1
2026-01-08T02:38:55.867Z,0.9,5-15m,32,24,40,2
2026-01-08T02:38:55.867Z,0.95,0-5s,6,6,6,1
2026-01-08T02:38:55.867Z,0.95,15-30s,11,0,49,6
2026-01-08T02:38:55.867Z,0.95,30-60s,3,3,3,1
2026-01-08T02:38:55.867Z,0.95,60-300s,198,0,1996,11
2026-01-08T02:38:55.867Z,0.95,5-15m,250,2,8995,39
2026-01-08T02:38:55.867Z,0.95,15-60m,6,6,6,1
2026-01-08T02:38:55.867Z,0.98,0-5s,12,6,17,2
2026-01-08T02:38:55.867Z,0.98,5-15s,548,548,548,1
2026-01-08T02:38:55.867Z,0.98,15-30s,22,2,76,18
2026-01-08T02:38:55.867Z,0.98,30-60s,12,0,40,18
2026-01-08T02:38:55.867Z,0.98,60-300s,42,0,1996,91
2026-01-08T02:38:55.867Z,0.98,5-15m,85,0,16739,277
2026-01-08T02:38:55.867Z,0.98,15-60m,4,2,6,2
2026-01-08T02:38:55.867Z,0.985,0-5s,12,6,17,2
2026-01-08T02:38:55.867Z,0.985,5-15s,613,548,677,2
2026-01-08T02:38:55.867Z,0.985,15-30s,22,2,76,18
2026-01-08T02:38:55.867Z,0.985,30-60s,11,0,40,20
2026-01-08T02:38:55.867Z,0.985,60-300s,43,0,1996,93
2026-01-08T02:38:55.867Z,0.985,5-15m,84,0,16739,281
2026-01-08T02:38:55.867Z,0.985,15-60m,4,2,6,2
2026-01-08T02:38:55.867Z,0.99,0-5s,12,6,17,2
2026-01-08T02:38:55.867Z,0.99,5-15s,613,548,677,2
2026-01-08T02:38:55.867Z,0.99,15-30s,23,2,76,18
2026-01-08T02:38:55.867Z,0.99,30-60s,14,0,55,26
2026-01-08T02:38:55.867Z,0.99,60-300s,41,0,1996,198
2026-01-08T02:38:55.867Z,0.99,5-15m,54,0,16739,683
2026-01-08T02:38:55.867Z,0.99,15-60m,15,0,60,6
2026-01-08T02:38:55.867Z,0.995,0-5s,12,6,17,2
2026-01-08T02:38:55.867Z,0.995,5-15s,613,548,677,2
2026-01-08T02:38:55.867Z,0.995,15-30s,23,2,76,18
2026-01-08T02:38:55.867Z,0.995,30-60s,14,0,55,26
2026-01-08T02:38:55.867Z,0.995,60-300s,41,0,1996,198
2026-01-08T02:38:55.867Z,0.995,5-15m,54,0,16739,683
2026-01-08T02:38:55.867Z,0.995,15-60m,15,0,60,6
2026-01-08T02:39:55.868Z,0.9,15-30s,5,5,5,1
2026-01-08T02:39:55.868Z,0.9,60-300s,4,4,4,1
2026-01-08T02:39:55.868Z,0.9,5-15m,32,24,40,2
2026-01-08T02:39:55.868Z,0.95,0-5s,6,6,6,1
2026-01-08T02:39:55.868Z,0.95,15-30s,11,0,49,6
2026-01-08T02:39:55.868Z,0.95,30-60s,3,3,3,1
2026-01-08T02:39:55.868Z,0.95,60-300s,198,0,1996,11
2026-01-08T02:39:55.868Z,0.95,5-15m,250,2,8995,39
2026-01-08T02:39:55.868Z,0.95,15-60m,6,6,6,1
2026-01-08T02:39:55.868Z,0.98,0-5s,12,6,17,2
2026-01-08T02:39:55.868Z,0.98,5-15s,548,548,548,1
2026-01-08T02:39:55.868Z,0.98,15-30s,22,2,76,18
2026-01-08T02:39:55.868Z,0.98,30-60s,12,0,40,18
2026-01-08T02:39:55.868Z,0.98,60-300s,42,0,1996,91
2026-01-08T02:39:55.868Z,0.98,5-15m,84,0,16739,278
2026-01-08T02:39:55.868Z,0.98,15-60m,4,2,6,2
2026-01-08T02:39:55.868Z,0.985,0-5s,12,6,17,2
2026-01-08T02:39:55.868Z,0.985,5-15s,613,548,677,2
2026-01-08T02:39:55.868Z,0.985,15-30s,22,2,76,18
2026-01-08T02:39:55.868Z,0.985,30-60s,11,0,40,20
2026-01-08T02:39:55.868Z,0.985,60-300s,43,0,1996,93
2026-01-08T02:39:55.868Z,0.985,5-15m,83,0,16739,282
2026-01-08T02:39:55.868Z,0.985,15-60m,4,2,6,2
2026-01-08T02:39:55.868Z,0.99,0-5s,12,6,17,2
2026-01-08T02:39:55.868Z,0.99,5-15s,613,548,677,2
2026-01-08T02:39:55.868Z,0.99,15-30s,23,2,76,18
2026-01-08T02:39:55.868Z,0.99,30-60s,14,0,55,26
2026-01-08T02:39:55.868Z,0.99,60-300s,41,0,1996,198
2026-01-08T02:39:55.868Z,0.99,5-15m,54,0,16739,685
2026-01-08T02:39:55.868Z,0.99,15-60m,15,0,60,6
2026-01-08T02:39:55.868Z,0.995,0-5s,12,6,17,2
2026-01-08T02:39:55.868Z,0.995,5-15s,613,548,677,2
2026-01-08T02:39:55.868Z,0.995,15-30s,23,2,76,18
2026-01-08T02:39:55.868Z,0.995,30-60s,14,0,55,26
2026-01-08T02:39:55.868Z,0.995,60-300s,41,0,1996,198
2026-01-08T02:39:55.868Z,0.995,5-15m,54,0,16739,685
2026-01-08T02:39:55.868Z,0.995,15-60m,15,0,60,6
2026-01-08T02:40:55.871Z,0.9,15-30s,5,5,5,1
2026-01-08T02:40:55.871Z,0.9,60-300s,4,4,4,1
2026-01-08T02:40:55.871Z,0.9,5-15m,32,24,40,2
2026-01-08T02:40:55.871Z,0.95,0-5s,6,6,6,1
2026-01-08T02:40:55.871Z,0.95,15-30s,11,0,49,6
2026-01-08T02:40:55.871Z,0.95,30-60s,3,3,3,1
2026-01-08T02:40:55.871Z,0.95,60-300s,198,0,1996,11
2026-01-08T02:40:55.871Z,0.95,5-15m,250,2,8995,39
2026-01-08T02:40:55.871Z,0.95,15-60m,6,6,6,1
2026-01-08T02:40:55.871Z,0.98,0-5s,12,6,17,2
2026-01-08T02:40:55.871Z,0.98,5-15s,548,548,548,1
2026-01-08T02:40:55.871Z,0.98,15-30s,22,2,76,18
2026-01-08T02:40:55.871Z,0.98,30-60s,12,0,40,18
2026-01-08T02:40:55.871Z,0.98,60-300s,42,0,1996,91
2026-01-08T02:40:55.871Z,0.98,5-15m,84,0,16739,278
2026-01-08T02:40:55.871Z,0.98,15-60m,4,2,6,2
2026-01-08T02:40:55.871Z,0.985,0-5s,12,6,17,2
2026-01-08T02:40:55.871Z,0.985,5-15s,613,548,677,2
2026-01-08T02:40:55.871Z,0.985,15-30s,22,2,76,18
2026-01-08T02:40:55.871Z,0.985,30-60s,11,0,40,20
2026-01-08T02:40:55.871Z,0.985,60-300s,43,0,1996,93
2026-01-08T02:40:55.871Z,0.985,5-15m,83,0,16739,282
2026-01-08T02:40:55.871Z,0.985,15-60m,4,2,6,2
2026-01-08T02:40:55.871Z,0.99,0-5s,12,6,17,2
2026-01-08T02:40:55.871Z,0.99,5-15s,613,548,677,2
2026-01-08T02:40:55.871Z,0.99,15-30s,23,2,76,18
2026-01-08T02:40:55.871Z,0.99,30-60s,14,0,55,26
2026-01-08T02:40:55.871Z,0.99,60-300s,41,0,1996,198
2026-01-08T02:40:55.871Z,0.99,5-15m,54,0,16739,685
2026-01-08T02:40:55.871Z,0.99,15-60m,15,0,60,6
2026-01-08T02:40:55.871Z,0.995,0-5s,12,6,17,2
2026-01-08T02:40:55.871Z,0.995,5-15s,613,548,677,2
2026-01-08T02:40:55.871Z,0.995,15-30s,23,2,76,18
2026-01-08T02:40:55.871Z,0.995,30-60s,14,0,55,26
2026-01-08T02:40:55.871Z,0.995,60-300s,41,0,1996,198
2026-01-08T02:40:55.871Z,0.995,5-15m,54,0,16739,685
2026-01-08T02:40:55.871Z,0.995,15-60m,15,0,60,6
2026-01-08T02:41:55.871Z,0.9,15-30s,5,5,5,1
2026-01-08T02:41:55.871Z,0.9,60-300s,4,4,4,1
2026-01-08T02:41:55.871Z,0.9,5-15m,32,24,40,2
2026-01-08T02:41:55.871Z,0.95,0-5s,6,6,6,1
2026-01-08T02:41:55.871Z,0.95,15-30s,11,0,49,6
2026-01-08T02:41:55.871Z,0.95,30-60s,3,3,3,1
2026-01-08T02:41:55.871Z,0.95,60-300s,198,0,1996,11
2026-01-08T02:41:55.871Z,0.95,5-15m,250,2,8995,39
2026-01-08T02:41:55.871Z,0.95,15-60m,6,6,6,1
2026-01-08T02:41:55.871Z,0.98,0-5s,12,6,17,2
2026-01-08T02:41:55.871Z,0.98,5-15s,548,548,548,1
2026-01-08T02:41:55.871Z,0.98,15-30s,22,2,76,18
2026-01-08T02:41:55.871Z,0.98,30-60s,12,0,40,18
2026-01-08T02:41:55.871Z,0.98,60-300s,42,0,1996,91
2026-01-08T02:41:55.871Z,0.98,5-15m,84,0,16739,278
2026-01-08T02:41:55.871Z,0.98,15-60m,4,2,6,2
2026-01-08T02:41:55.871Z,0.985,0-5s,12,6,17,2
2026-01-08T02:41:55.871Z,0.985,5-15s,613,548,677,2
2026-01-08T02:41:55.871Z,0.985,15-30s,22,2,76,18
2026-01-08T02:41:55.871Z,0.985,30-60s,11,0,40,20
2026-01-08T02:41:55.871Z,0.985,60-300s,43,0,1996,93
2026-01-08T02:41:55.871Z,0.985,5-15m,83,0,16739,282
2026-01-08T02:41:55.871Z,0.985,15-60m,4,2,6,2
2026-01-08T02:41:55.871Z,0.99,0-5s,12,6,17,2
2026-01-08T02:41:55.871Z,0.99,5-15s,613,548,677,2
2026-01-08T02:41:55.871Z,0.99,15-30s,23,2,76,18
2026-01-08T02:41:55.871Z,0.99,30-60s,14,0,55,26
2026-01-08T02:41:55.871Z,0.99,60-300s,41,0,1996,198
2026-01-08T02:41:55.871Z,0.99,5-15m,54,0,16739,685
2026-01-08T02:41:55.871Z,0.99,15-60m,15,0,60,6
2026-01-08T02:41:55.871Z,0.995,0-5s,12,6,17,2
2026-01-08T02:41:55.871Z,0.995,5-15s,613,548,677,2
2026-01-08T02:41:55.871Z,0.995,15-30s,23,2,76,18
2026-01-08T02:41:55.871Z,0.995,30-60s,14,0,55,26
2026-01-08T02:41:55.871Z,0.995,60-300s,41,0,1996,198
2026-01-08T02:41:55.871Z,0.995,5-15m,54,0,16739,685
2026-01-08T02:41:55.871Z,0.995,15-60m,15,0,60,6
2026-01-08T02:42:55.870Z,0.9,15-30s,5,5,5,1
2026-01-08T02:42:55.870Z,0.9,60-300s,4,4,4,1
2026-01-08T02:42:55.870Z,0.9,5-15m,32,24,40,2
2026-01-08T02:42:55.870Z,0.95,0-5s,6,6,6,1
2026-01-08T02:42:55.870Z,0.95,15-30s,11,0,49,6
2026-01-08T02:42:55.870Z,0.95,30-60s,3,3,3,1
2026-01-08T02:42:55.870Z,0.95,60-300s,198,0,1996,11
2026-01-08T02:42:55.870Z,0.95,5-15m,250,2,8995,39
2026-01-08T02:42:55.870Z,0.95,15-60m,6,6,6,1
2026-01-08T02:42:55.870Z,0.98,0-5s,12,6,17,2
2026-01-08T02:42:55.870Z,0.98,5-15s,548,548,548,1
2026-01-08T02:42:55.870Z,0.98,15-30s,22,2,76,18
2026-01-08T02:42:55.870Z,0.98,30-60s,12,0,40,18
2026-01-08T02:42:55.870Z,0.98,60-300s,42,0,1996,91
2026-01-08T02:42:55.870Z,0.98,5-15m,84,0,16739,278
2026-01-08T02:42:55.870Z,0.98,15-60m,4,2,6,2
2026-01-08T02:42:55.870Z,0.985,0-5s,12,6,17,2
2026-01-08T02:42:55.870Z,0.985,5-15s,613,548,677,2
2026-01-08T02:42:55.870Z,0.985,15-30s,22,2,76,18
2026-01-08T02:42:55.870Z,0.985,30-60s,11,0,40,20
2026-01-08T02:42:55.870Z,0.985,60-300s,43,0,1996,93
2026-01-08T02:42:55.870Z,0.985,5-15m,83,0,16739,282
2026-01-08T02:42:55.870Z,0.985,15-60m,4,2,6,2
2026-01-08T02:42:55.870Z,0.99,0-5s,12,6,17,2
2026-01-08T02:42:55.870Z,0.99,5-15s,613,548,677,2
2026-01-08T02:42:55.870Z,0.99,15-30s,23,2,76,18
2026-01-08T02:42:55.870Z,0.99,30-60s,14,0,55,26
2026-01-08T02:42:55.870Z,0.99,60-300s,41,0,1996,198
2026-01-08T02:42:55.870Z,0.99,5-15m,54,0,16739,685
2026-01-08T02:42:55.870Z,0.99,15-60m,15,0,60,6
2026-01-08T02:42:55.870Z,0.995,0-5s,12,6,17,2
2026-01-08T02:42:55.870Z,0.995,5-15s,613,548,677,2
2026-01-08T02:42:55.870Z,0.995,15-30s,23,2,76,18
2026-01-08T02:42:55.870Z,0.995,30-60s,14,0,55,26
2026-01-08T02:42:55.870Z,0.995,60-300s,41,0,1996,198
2026-01-08T02:42:55.870Z,0.995,5-15m,54,0,16739,685
2026-01-08T02:42:55.870Z,0.995,15-60m,15,0,60,6
2026-01-08T02:43:55.867Z,0.9,15-30s,5,5,5,1
2026-01-08T02:43:55.867Z,0.9,60-300s,4,4,4,1
2026-01-08T02:43:55.867Z,0.9,5-15m,32,24,40,2
2026-01-08T02:43:55.867Z,0.95,0-5s,6,6,6,1
2026-01-08T02:43:55.867Z,0.95,15-30s,11,0,49,6
2026-01-08T02:43:55.867Z,0.95,30-60s,3,3,3,1
2026-01-08T02:43:55.867Z,0.95,60-300s,198,0,1996,11
2026-01-08T02:43:55.867Z,0.95,5-15m,250,2,8995,39
2026-01-08T02:43:55.867Z,0.95,15-60m,6,6,6,1
2026-01-08T02:43:55.867Z,0.98,0-5s,12,6,17,2
2026-01-08T02:43:55.867Z,0.98,5-15s,548,548,548,1
2026-01-08T02:43:55.867Z,0.98,15-30s,22,2,76,18
2026-01-08T02:43:55.867Z,0.98,30-60s,12,0,40,18
2026-01-08T02:43:55.867Z,0.98,60-300s,42,0,1996,91
2026-01-08T02:43:55.867Z,0.98,5-15m,84,0,16739,278
2026-01-08T02:43:55.867Z,0.98,15-60m,4,2,6,2
2026-01-08T02:43:55.867Z,0.985,0-5s,12,6,17,2
2026-01-08T02:43:55.867Z,0.985,5-15s,613,548,677,2
2026-01-08T02:43:55.867Z,0.985,15-30s,22,2,76,18
2026-01-08T02:43:55.867Z,0.985,30-60s,11,0,40,20
2026-01-08T02:43:55.867Z,0.985,60-300s,43,0,1996,93
2026-01-08T02:43:55.867Z,0.985,5-15m,83,0,16739,282
2026-01-08T02:43:55.867Z,0.985,15-60m,4,2,6,2
2026-01-08T02:43:55.867Z,0.99,0-5s,12,6,17,2
2026-01-08T02:43:55.867Z,0.99,5-15s,613,548,677,2
2026-01-08T02:43:55.867Z,0.99,15-30s,23,2,76,18
2026-01-08T02:43:55.867Z,0.99,30-60s,14,0,55,26
2026-01-08T02:43:55.867Z,0.99,60-300s,41,0,1996,198
2026-01-08T02:43:55.867Z,0.99,5-15m,54,0,16739,685
2026-01-08T02:43:55.867Z,0.99,15-60m,15,0,60,6
2026-01-08T02:43:55.867Z,0.995,0-5s,12,6,17,2
2026-01-08T02:43:55.867Z,0.995,5-15s,613,548,677,2
2026-01-08T02:43:55.867Z,0.995,15-30s,23,2,76,18
2026-01-08T02:43:55.867Z,0.995,30-60s,14,0,55,26
2026-01-08T02:43:55.867Z,0.995,60-300s,41,0,1996,198
2026-01-08T02:43:55.867Z,0.995,5-15m,54,0,16739,685
2026-01-08T02:43:55.867Z,0.995,15-60m,15,0,60,6
2026-01-08T02:44:55.871Z,0.9,15-30s,5,5,5,1
2026-01-08T02:44:55.871Z,0.9,60-300s,4,4,4,1
2026-01-08T02:44:55.871Z,0.9,5-15m,32,24,40,2
2026-01-08T02:44:55.871Z,0.95,0-5s,6,6,6,1
2026-01-08T02:44:55.871Z,0.95,15-30s,11,0,49,6
2026-01-08T02:44:55.871Z,0.95,30-60s,3,3,3,1
2026-01-08T02:44:55.871Z,0.95,60-300s,198,0,1996,11
2026-01-08T02:44:55.871Z,0.95,5-15m,250,2,8995,39
2026-01-08T02:44:55.871Z,0.95,15-60m,6,6,6,1
2026-01-08T02:44:55.871Z,0.98,0-5s,12,6,17,2
2026-01-08T02:44:55.871Z,0.98,5-15s,548,548,548,1
2026-01-08T02:44:55.871Z,0.98,15-30s,22,2,76,18
2026-01-08T02:44:55.871Z,0.98,30-60s,12,0,40,18
2026-01-08T02:44:55.871Z,0.98,60-300s,42,0,1996,91
2026-01-08T02:44:55.871Z,0.98,5-15m,84,0,16739,278
2026-01-08T02:44:55.871Z,0.98,15-60m,4,2,6,2
2026-01-08T02:44:55.871Z,0.985,0-5s,12,6,17,2
2026-01-08T02:44:55.871Z,0.985,5-15s,613,548,677,2
2026-01-08T02:44:55.871Z,0.985,15-30s,22,2,76,18
2026-01-08T02:44:55.871Z,0.985,30-60s,11,0,40,20
2026-01-08T02:44:55.871Z,0.985,60-300s,43,0,1996,93
2026-01-08T02:44:55.871Z,0.985,5-15m,83,0,16739,282
2026-01-08T02:44:55.871Z,0.985,15-60m,4,2,6,2
2026-01-08T02:44:55.871Z,0.99,0-5s,12,6,17,2
2026-01-08T02:44:55.871Z,0.99,5-15s,613,548,677,2
2026-01-08T02:44:55.871Z,0.99,15-30s,23,2,76,18
2026-01-08T02:44:55.871Z,0.99,30-60s,14,0,55,26
2026-01-08T02:44:55.871Z,0.99,60-300s,41,0,1996,198
2026-01-08T02:44:55.871Z,0.99,5-15m,54,0,16739,685
2026-01-08T02:44:55.871Z,0.99,15-60m,15,0,60,6
2026-01-08T02:44:55.871Z,0.995,0-5s,12,6,17,2
2026-01-08T02:44:55.871Z,0.995,5-15s,613,548,677,2
2026-01-08T02:44:55.871Z,0.995,15-30s,23,2,76,18
2026-01-08T02:44:55.871Z,0.995,30-60s,14,0,55,26
2026-01-08T02:44:55.871Z,0.995,60-300s,41,0,1996,198
2026-01-08T02:44:55.871Z,0.995,5-15m,54,0,16739,685
2026-01-08T02:44:55.871Z,0.995,15-60m,15,0,60,6
2026-01-08T02:45:55.873Z,0.9,15-30s,5,5,5,1
2026-01-08T02:45:55.873Z,0.9,60-300s,4,4,4,1
2026-01-08T02:45:55.873Z,0.9,5-15m,32,24,40,2
2026-01-08T02:45:55.873Z,0.95,0-5s,6,6,6,1
2026-01-08T02:45:55.873Z,0.95,15-30s,11,0,49,6
2026-01-08T02:45:55.873Z,0.95,30-60s,3,3,3,1
2026-01-08T02:45:55.873Z,0.95,60-300s,198,0,1996,11
2026-01-08T02:45:55.873Z,0.95,5-15m,250,2,8995,39
2026-01-08T02:45:55.873Z,0.95,15-60m,6,6,6,1
2026-01-08T02:45:55.873Z,0.98,0-5s,12,6,17,2
2026-01-08T02:45:55.873Z,0.98,5-15s,548,548,548,1
2026-01-08T02:45:55.873Z,0.98,15-30s,22,2,76,18
2026-01-08T02:45:55.873Z,0.98,30-60s,12,0,40,18
2026-01-08T02:45:55.873Z,0.98,60-300s,42,0,1996,91
2026-01-08T02:45:55.873Z,0.98,5-15m,84,0,16739,279
2026-01-08T02:45:55.873Z,0.98,15-60m,4,2,6,2
2026-01-08T02:45:55.873Z,0.985,0-5s,12,6,17,2
2026-01-08T02:45:55.873Z,0.985,5-15s,613,548,677,2
2026-01-08T02:45:55.873Z,0.985,15-30s,22,2,76,18
2026-01-08T02:45:55.873Z,0.985,30-60s,11,0,40,20
2026-01-08T02:45:55.873Z,0.985,60-300s,43,0,1996,93
2026-01-08T02:45:55.873Z,0.985,5-15m,83,0,16739,283
2026-01-08T02:45:55.873Z,0.985,15-60m,4,2,6,2
2026-01-08T02:45:55.873Z,0.99,0-5s,12,6,17,2
2026-01-08T02:45:55.873Z,0.99,5-15s,613,548,677,2
2026-01-08T02:45:55.873Z,0.99,15-30s,23,2,76,18
2026-01-08T02:45:55.873Z,0.99,30-60s,14,0,55,26
2026-01-08T02:45:55.873Z,0.99,60-300s,41,0,1996,198
2026-01-08T02:45:55.873Z,0.99,5-15m,53,0,16739,691
2026-01-08T02:45:55.873Z,0.99,15-60m,15,0,60,6
2026-01-08T02:45:55.873Z,0.995,0-5s,12,6,17,2
2026-01-08T02:45:55.873Z,0.995,5-15s,613,548,677,2
2026-01-08T02:45:55.873Z,0.995,15-30s,23,2,76,18
2026-01-08T02:45:55.873Z,0.995,30-60s,14,0,55,26
2026-01-08T02:45:55.873Z,0.995,60-300s,41,0,1996,198
2026-01-08T02:45:55.873Z,0.995,5-15m,53,0,16739,691
2026-01-08T02:45:55.873Z,0.995,15-60m,15,0,60,6
2026-01-08T02:46:55.879Z,0.9,15-30s,5,5,5,1
2026-01-08T02:46:55.879Z,0.9,60-300s,4,4,4,1
2026-01-08T02:46:55.879Z,0.9,5-15m,32,24,40,2
2026-01-08T02:46:55.879Z,0.95,0-5s,6,6,6,1
2026-01-08T02:46:55.879Z,0.95,15-30s,11,0,49,6
2026-01-08T02:46:55.879Z,0.95,30-60s,3,3,3,1
2026-01-08T02:46:55.879Z,0.95,60-300s,198,0,1996,11
2026-01-08T02:46:55.879Z,0.95,5-15m,244,2,8995,40
2026-01-08T02:46:55.879Z,0.95,15-60m,6,6,6,1
2026-01-08T02:46:55.879Z,0.98,0-5s,12,6,17,2
2026-01-08T02:46:55.879Z,0.98,5-15s,548,548,548,1
2026-01-08T02:46:55.879Z,0.98,15-30s,22,2,76,18
2026-01-08T02:46:55.879Z,0.98,30-60s,12,0,40,18
2026-01-08T02:46:55.879Z,0.98,60-300s,42,0,1996,91
2026-01-08T02:46:55.879Z,0.98,5-15m,83,0,16739,285
2026-01-08T02:46:55.879Z,0.98,15-60m,4,2,6,2
2026-01-08T02:46:55.879Z,0.985,0-5s,12,6,17,2
2026-01-08T02:46:55.879Z,0.985,5-15s,613,548,677,2
2026-01-08T02:46:55.879Z,0.985,15-30s,22,2,76,18
2026-01-08T02:46:55.879Z,0.985,30-60s,11,0,40,20
2026-01-08T02:46:55.879Z,0.985,60-300s,43,0,1996,93
2026-01-08T02:46:55.879Z,0.985,5-15m,82,0,16739,289
2026-01-08T02:46:55.879Z,0.985,15-60m,4,2,6,2
2026-01-08T02:46:55.879Z,0.99,0-5s,12,6,17,2
2026-01-08T02:46:55.879Z,0.99,5-15s,613,548,677,2
2026-01-08T02:46:55.879Z,0.99,15-30s,23,2,76,18
2026-01-08T02:46:55.879Z,0.99,30-60s,14,0,55,26
2026-01-08T02:46:55.879Z,0.99,60-300s,41,0,1996,198
2026-01-08T02:46:55.879Z,0.99,5-15m,53,0,16739,705
2026-01-08T02:46:55.879Z,0.99,15-60m,15,0,60,6
2026-01-08T02:46:55.879Z,0.995,0-5s,12,6,17,2
2026-01-08T02:46:55.879Z,0.995,5-15s,613,548,677,2
2026-01-08T02:46:55.879Z,0.995,15-30s,23,2,76,18
2026-01-08T02:46:55.879Z,0.995,30-60s,14,0,55,26
2026-01-08T02:46:55.879Z,0.995,60-300s,41,0,1996,198
2026-01-08T02:46:55.879Z,0.995,5-15m,53,0,16739,705
2026-01-08T02:46:55.879Z,0.995,15-60m,15,0,60,6
2026-01-08T02:47:55.882Z,0.9,15-30s,5,5,5,1
2026-01-08T02:47:55.882Z,0.9,60-300s,4,4,4,1
2026-01-08T02:47:55.882Z,0.9,5-15m,32,24,40,2
2026-01-08T02:47:55.882Z,0.95,0-5s,6,6,6,1
2026-01-08T02:47:55.882Z,0.95,15-30s,11,0,49,6
2026-01-08T02:47:55.882Z,0.95,30-60s,3,3,3,1
2026-01-08T02:47:55.882Z,0.95,60-300s,198,0,1996,11
2026-01-08T02:47:55.882Z,0.95,5-15m,244,2,8995,40
2026-01-08T02:47:55.882Z,0.95,15-60m,6,6,6,1
2026-01-08T02:47:55.882Z,0.98,0-5s,12,6,17,2
2026-01-08T02:47:55.882Z,0.98,5-15s,548,548,548,1
2026-01-08T02:47:55.882Z,0.98,15-30s,22,2,76,18
2026-01-08T02:47:55.882Z,0.98,30-60s,12,0,40,18
2026-01-08T02:47:55.882Z,0.98,60-300s,42,0,1996,91
2026-01-08T02:47:55.882Z,0.98,5-15m,83,0,16739,286
2026-01-08T02:47:55.882Z,0.98,15-60m,4,2,6,2
2026-01-08T02:47:55.882Z,0.985,0-5s,12,6,17,2
2026-01-08T02:47:55.882Z,0.985,5-15s,613,548,677,2
2026-01-08T02:47:55.882Z,0.985,15-30s,22,2,76,18
2026-01-08T02:47:55.882Z,0.985,30-60s,11,0,40,20
2026-01-08T02:47:55.882Z,0.985,60-300s,43,0,1996,93
2026-01-08T02:47:55.882Z,0.985,5-15m,82,0,16739,290
2026-01-08T02:47:55.882Z,0.985,15-60m,4,2,6,2
2026-01-08T02:47:55.882Z,0.99,0-5s,12,6,17,2
2026-01-08T02:47:55.882Z,0.99,5-15s,613,548,677,2
2026-01-08T02:47:55.882Z,0.99,15-30s,23,2,76,18
2026-01-08T02:47:55.882Z,0.99,30-60s,14,0,55,26
2026-01-08T02:47:55.882Z,0.99,60-300s,41,0,1996,198
2026-01-08T02:47:55.882Z,0.99,5-15m,53,0,16739,707
2026-01-08T02:47:55.882Z,0.99,15-60m,15,0,60,6
2026-01-08T02:47:55.882Z,0.995,0-5s,12,6,17,2
2026-01-08T02:47:55.882Z,0.995,5-15s,613,548,677,2
2026-01-08T02:47:55.882Z,0.995,15-30s,23,2,76,18
2026-01-08T02:47:55.882Z,0.995,30-60s,14,0,55,26
2026-01-08T02:47:55.882Z,0.995,60-300s,41,0,1996,198
2026-01-08T02:47:55.882Z,0.995,5-15m,53,0,16739,707
2026-01-08T02:47:55.882Z,0.995,15-60m,15,0,60,6
2026-01-08T02:48:55.884Z,0.9,15-30s,5,5,5,1
2026-01-08T02:48:55.884Z,0.9,60-300s,4,4,4,1
2026-01-08T02:48:55.884Z,0.9,5-15m,32,24,40,2
2026-01-08T02:48:55.884Z,0.95,0-5s,6,6,6,1
2026-01-08T02:48:55.884Z,0.95,15-30s,11,0,49,6
2026-01-08T02:48:55.884Z,0.95,30-60s,3,3,3,1
2026-01-08T02:48:55.884Z,0.95,60-300s,198,0,1996,11
2026-01-08T02:48:55.884Z,0.95,5-15m,244,2,8995,40
2026-01-08T02:48:55.884Z,0.95,15-60m,6,6,6,1
2026-01-08T02:48:55.884Z,0.98,0-5s,12,6,17,2
2026-01-08T02:48:55.884Z,0.98,5-15s,548,548,548,1
2026-01-08T02:48:55.884Z,0.98,15-30s,22,2,76,18
2026-01-08T02:48:55.884Z,0.98,30-60s,12,0,40,18
2026-01-08T02:48:55.884Z,0.98,60-300s,42,0,1996,91
2026-01-08T02:48:55.884Z,0.98,5-15m,83,0,16739,287
2026-01-08T02:48:55.884Z,0.98,15-60m,4,2,6,2
2026-01-08T02:48:55.884Z,0.985,0-5s,12,6,17,2
2026-01-08T02:48:55.884Z,0.985,5-15s,613,548,677,2
2026-01-08T02:48:55.884Z,0.985,15-30s,22,2,76,18
2026-01-08T02:48:55.884Z,0.985,30-60s,11,0,40,20
2026-01-08T02:48:55.884Z,0.985,60-300s,43,0,1996,93
2026-01-08T02:48:55.884Z,0.985,5-15m,82,0,16739,291
2026-01-08T02:48:55.884Z,0.985,15-60m,4,2,6,2
2026-01-08T02:48:55.884Z,0.99,0-5s,12,6,17,2
2026-01-08T02:48:55.884Z,0.99,5-15s,613,548,677,2
2026-01-08T02:48:55.884Z,0.99,15-30s,23,2,76,18
2026-01-08T02:48:55.884Z,0.99,30-60s,14,0,55,26
2026-01-08T02:48:55.884Z,0.99,60-300s,41,0,1996,198
2026-01-08T02:48:55.884Z,0.99,5-15m,52,0,16739,718
2026-01-08T02:48:55.884Z,0.99,15-60m,15,0,60,6
2026-01-08T02:48:55.884Z,0.995,0-5s,12,6,17,2
2026-01-08T02:48:55.884Z,0.995,5-15s,613,548,677,2
2026-01-08T02:48:55.884Z,0.995,15-30s,23,2,76,18
2026-01-08T02:48:55.884Z,0.995,30-60s,14,0,55,26
2026-01-08T02:48:55.884Z,0.995,60-300s,41,0,1996,198
2026-01-08T02:48:55.884Z,0.995,5-15m,52,0,16739,718
2026-01-08T02:48:55.884Z,0.995,15-60m,15,0,60,6
2026-01-08T02:49:55.884Z,0.9,15-30s,5,5,5,1
2026-01-08T02:49:55.884Z,0.9,60-300s,4,4,4,1
2026-01-08T02:49:55.884Z,0.9,5-15m,32,24,40,2
2026-01-08T02:49:55.884Z,0.95,0-5s,6,6,6,1
2026-01-08T02:49:55.884Z,0.95,15-30s,11,0,49,6
2026-01-08T02:49:55.884Z,0.95,30-60s,3,3,3,1
2026-01-08T02:49:55.884Z,0.95,60-300s,198,0,1996,11
2026-01-08T02:49:55.884Z,0.95,5-15m,244,2,8995,40
2026-01-08T02:49:55.884Z,0.95,15-60m,6,6,6,1
2026-01-08T02:49:55.884Z,0.98,0-5s,12,6,17,2
2026-01-08T02:49:55.884Z,0.98,5-15s,548,548,548,1
2026-01-08T02:49:55.884Z,0.98,15-30s,22,2,76,18
2026-01-08T02:49:55.884Z,0.98,30-60s,12,0,40,18
2026-01-08T02:49:55.884Z,0.98,60-300s,42,0,1996,91
2026-01-08T02:49:55.884Z,0.98,5-15m,82,0,16739,290
2026-01-08T02:49:55.884Z,0.98,15-60m,4,2,6,2
2026-01-08T02:49:55.884Z,0.985,0-5s,12,6,17,2
2026-01-08T02:49:55.884Z,0.985,5-15s,613,548,677,2
2026-01-08T02:49:55.884Z,0.985,15-30s,22,2,76,18
2026-01-08T02:49:55.884Z,0.985,30-60s,11,0,40,20
2026-01-08T02:49:55.884Z,0.985,60-300s,43,0,1996,93
2026-01-08T02:49:55.884Z,0.985,5-15m,81,0,16739,294
2026-01-08T02:49:55.884Z,0.985,15-60m,4,2,6,2
2026-01-08T02:49:55.884Z,0.99,0-5s,12,6,17,2
2026-01-08T02:49:55.884Z,0.99,5-15s,613,548,677,2
2026-01-08T02:49:55.884Z,0.99,15-30s,23,2,76,18
2026-01-08T02:49:55.884Z,0.99,30-60s,14,0,55,26
2026-01-08T02:49:55.884Z,0.99,60-300s,41,0,1996,198
2026-01-08T02:49:55.884Z,0.99,5-15m,52,0,16739,726
2026-01-08T02:49:55.884Z,0.99,15-60m,15,0,60,6
2026-01-08T02:49:55.884Z,0.995,0-5s,12,6,17,2
2026-01-08T02:49:55.884Z,0.995,5-15s,613,548,677,2
2026-01-08T02:49:55.884Z,0.995,15-30s,23,2,76,18
2026-01-08T02:49:55.884Z,0.995,30-60s,14,0,55,26
2026-01-08T02:49:55.884Z,0.995,60-300s,41,0,1996,198
2026-01-08T02:49:55.884Z,0.995,5-15m,52,0,16739,726
2026-01-08T02:49:55.884Z,0.995,15-60m,15,0,60,6
2026-01-08T02:50:55.882Z,0.9,15-30s,5,5,5,1
2026-01-08T02:50:55.882Z,0.9,60-300s,4,4,4,1
2026-01-08T02:50:55.882Z,0.9,5-15m,32,24,40,2
2026-01-08T02:50:55.882Z,0.95,0-5s,6,6,6,1
2026-01-08T02:50:55.882Z,0.95,15-30s,11,0,49,6
2026-01-08T02:50:55.882Z,0.95,30-60s,3,3,3,1
2026-01-08T02:50:55.882Z,0.95,60-300s,198,0,1996,11
2026-01-08T02:50:55.882Z,0.95,5-15m,244,2,8995,40
2026-01-08T02:50:55.882Z,0.95,15-60m,6,6,6,1
2026-01-08T02:50:55.882Z,0.98,0-5s,12,6,17,2
2026-01-08T02:50:55.882Z,0.98,5-15s,548,548,548,1
2026-01-08T02:50:55.882Z,0.98,15-30s,22,2,76,18
2026-01-08T02:50:55.882Z,0.98,30-60s,12,0,40,18
2026-01-08T02:50:55.882Z,0.98,60-300s,42,0,1996,91
2026-01-08T02:50:55.882Z,0.98,5-15m,81,0,16739,294
2026-01-08T02:50:55.882Z,0.98,15-60m,4,2,6,2
2026-01-08T02:50:55.882Z,0.985,0-5s,12,6,17,2
2026-01-08T02:50:55.882Z,0.985,5-15s,613,548,677,2
2026-01-08T02:50:55.882Z,0.985,15-30s,22,2,76,18
2026-01-08T02:50:55.882Z,0.985,30-60s,11,0,40,20
2026-01-08T02:50:55.882Z,0.985,60-300s,43,0,1996,93
2026-01-08T02:50:55.882Z,0.985,5-15m,80,0,16739,298
2026-01-08T02:50:55.882Z,0.985,15-60m,4,2,6,2
2026-01-08T02:50:55.882Z,0.99,0-5s,12,6,17,2
2026-01-08T02:50:55.882Z,0.99,5-15s,613,548,677,2
2026-01-08T02:50:55.882Z,0.99,15-30s,23,2,76,18
2026-01-08T02:50:55.882Z,0.99,30-60s,14,0,55,26
2026-01-08T02:50:55.882Z,0.99,60-300s,41,0,1996,198
2026-01-08T02:50:55.882Z,0.99,5-15m,51,0,16739,742
2026-01-08T02:50:55.882Z,0.99,15-60m,15,0,60,6
2026-01-08T02:50:55.882Z,0.995,0-5s,12,6,17,2
2026-01-08T02:50:55.882Z,0.995,5-15s,613,548,677,2
2026-01-08T02:50:55.882Z,0.995,15-30s,23,2,76,18
2026-01-08T02:50:55.882Z,0.995,30-60s,14,0,55,26
2026-01-08T02:50:55.882Z,0.995,60-300s,41,0,1996,198
2026-01-08T02:50:55.882Z,0.995,5-15m,51,0,16739,742
2026-01-08T02:50:55.882Z,0.995,15-60m,15,0,60,6
2026-01-08T02:51:55.887Z,0.9,15-30s,5,5,5,1
2026-01-08T02:51:55.887Z,0.9,60-300s,4,4,4,1
2026-01-08T02:51:55.887Z,0.9,5-15m,32,24,40,2
2026-01-08T02:51:55.887Z,0.95,0-5s,6,6,6,1
2026-01-08T02:51:55.887Z,0.95,15-30s,11,0,49,6
2026-01-08T02:51:55.887Z,0.95,30-60s,3,3,3,1
2026-01-08T02:51:55.887Z,0.95,60-300s,198,0,1996,11
2026-01-08T02:51:55.887Z,0.95,5-15m,244,2,8995,40
2026-01-08T02:51:55.887Z,0.95,15-60m,6,6,6,1
2026-01-08T02:51:55.887Z,0.98,0-5s,12,6,17,2
2026-01-08T02:51:55.887Z,0.98,5-15s,548,548,548,1
2026-01-08T02:51:55.887Z,0.98,15-30s,22,2,76,18
2026-01-08T02:51:55.887Z,0.98,30-60s,12,0,40,18
2026-01-08T02:51:55.887Z,0.98,60-300s,42,0,1996,91
2026-01-08T02:51:55.887Z,0.98,5-15m,81,0,16739,297
2026-01-08T02:51:55.887Z,0.98,15-60m,4,2,6,2
2026-01-08T02:51:55.887Z,0.985,0-5s,12,6,17,2
2026-01-08T02:51:55.887Z,0.985,5-15s,613,548,677,2
2026-01-08T02:51:55.887Z,0.985,15-30s,22,2,76,18
2026-01-08T02:51:55.887Z,0.985,30-60s,11,0,40,20
2026-01-08T02:51:55.887Z,0.985,60-300s,43,0,1996,93
2026-01-08T02:51:55.887Z,0.985,5-15m,80,0,16739,301
2026-01-08T02:51:55.887Z,0.985,15-60m,4,2,6,2
2026-01-08T02:51:55.887Z,0.99,0-5s,12,6,17,2
2026-01-08T02:51:55.887Z,0.99,5-15s,613,548,677,2
2026-01-08T02:51:55.887Z,0.99,15-30s,23,2,76,18
2026-01-08T02:51:55.887Z,0.99,30-60s,14,0,55,26
2026-01-08T02:51:55.887Z,0.99,60-300s,41,0,1996,198
2026-01-08T02:51:55.887Z,0.99,5-15m,50,0,16739,756
2026-01-08T02:51:55.887Z,0.99,15-60m,15,0,60,6
2026-01-08T02:51:55.887Z,0.995,0-5s,12,6,17,2
2026-01-08T02:51:55.887Z,0.995,5-15s,613,548,677,2
2026-01-08T02:51:55.887Z,0.995,15-30s,23,2,76,18
2026-01-08T02:51:55.887Z,0.995,30-60s,14,0,55,26
2026-01-08T02:51:55.887Z,0.995,60-300s,41,0,1996,198
2026-01-08T02:51:55.887Z,0.995,5-15m,50,0,16739,756
2026-01-08T02:51:55.887Z,0.995,15-60m,15,0,60,6
2026-01-08T02:52:55.887Z,0.9,15-30s,5,5,5,1
2026-01-08T02:52:55.887Z,0.9,60-300s,4,4,4,1
2026-01-08T02:52:55.887Z,0.9,5-15m,32,24,40,2
2026-01-08T02:52:55.887Z,0.95,0-5s,6,6,6,1
2026-01-08T02:52:55.887Z,0.95,15-30s,11,0,49,6
2026-01-08T02:52:55.887Z,0.95,30-60s,3,3,3,1
2026-01-08T02:52:55.887Z,0.95,60-300s,198,0,1996,11
2026-01-08T02:52:55.887Z,0.95,5-15m,244,2,8995,40
2026-01-08T02:52:55.887Z,0.95,15-60m,6,6,6,1
2026-01-08T02:52:55.887Z,0.98,0-5s,12,6,17,2
2026-01-08T02:52:55.887Z,0.98,5-15s,548,548,548,1
2026-01-08T02:52:55.887Z,0.98,15-30s,22,2,76,18
2026-01-08T02:52:55.887Z,0.98,30-60s,12,0,40,18
2026-01-08T02:52:55.887Z,0.98,60-300s,42,0,1996,91
2026-01-08T02:52:55.887Z,0.98,5-15m,81,0,16739,298
2026-01-08T02:52:55.887Z,0.98,15-60m,4,2,6,2
2026-01-08T02:52:55.887Z,0.985,0-5s,12,6,17,2
2026-01-08T02:52:55.887Z,0.985,5-15s,613,548,677,2
2026-01-08T02:52:55.887Z,0.985,15-30s,22,2,76,18
2026-01-08T02:52:55.887Z,0.985,30-60s,11,0,40,20
2026-01-08T02:52:55.887Z,0.985,60-300s,43,0,1996,93
2026-01-08T02:52:55.887Z,0.985,5-15m,80,0,16739,302
2026-01-08T02:52:55.887Z,0.985,15-60m,4,2,6,2
2026-01-08T02:52:55.887Z,0.99,0-5s,12,6,17,2
2026-01-08T02:52:55.887Z,0.99,5-15s,613,548,677,2
2026-01-08T02:52:55.887Z,0.99,15-30s,23,2,76,18
2026-01-08T02:52:55.887Z,0.99,30-60s,14,0,55,26
2026-01-08T02:52:55.887Z,0.99,60-300s,41,0,1996,198
2026-01-08T02:52:55.887Z,0.99,5-15m,50,0,16739,766
2026-01-08T02:52:55.887Z,0.99,15-60m,15,0,60,6
2026-01-08T02:52:55.887Z,0.995,0-5s,12,6,17,2
2026-01-08T02:52:55.887Z,0.995,5-15s,613,548,677,2
2026-01-08T02:52:55.887Z,0.995,15-30s,23,2,76,18
2026-01-08T02:52:55.887Z,0.995,30-60s,14,0,55,26
2026-01-08T02:52:55.887Z,0.995,60-300s,41,0,1996,198
2026-01-08T02:52:55.887Z,0.995,5-15m,50,0,16739,766
2026-01-08T02:52:55.887Z,0.995,15-60m,15,0,60,6
2026-01-08T02:53:55.883Z,0.9,15-30s,5,5,5,1
2026-01-08T02:53:55.883Z,0.9,60-300s,4,4,4,1
2026-01-08T02:53:55.883Z,0.9,5-15m,32,24,40,2
2026-01-08T02:53:55.883Z,0.95,0-5s,6,6,6,1
2026-01-08T02:53:55.883Z,0.95,15-30s,11,0,49,6
2026-01-08T02:53:55.883Z,0.95,30-60s,3,3,3,1
2026-01-08T02:53:55.883Z,0.95,60-300s,198,0,1996,11
2026-01-08T02:53:55.883Z,0.95,5-15m,244,2,8995,40
2026-01-08T02:53:55.883Z,0.95,15-60m,6,6,6,1
2026-01-08T02:53:55.883Z,0.98,0-5s,12,6,17,2
2026-01-08T02:53:55.883Z,0.98,5-15s,548,548,548,1
2026-01-08T02:53:55.883Z,0.98,15-30s,22,2,76,18
2026-01-08T02:53:55.883Z,0.98,30-60s,12,0,40,18
2026-01-08T02:53:55.883Z,0.98,60-300s,42,0,1996,91
2026-01-08T02:53:55.883Z,0.98,5-15m,80,0,16739,299
2026-01-08T02:53:55.883Z,0.98,15-60m,4,2,6,2
2026-01-08T02:53:55.883Z,0.985,0-5s,12,6,17,2
2026-01-08T02:53:55.883Z,0.985,5-15s,613,548,677,2
2026-01-08T02:53:55.883Z,0.985,15-30s,22,2,76,18
2026-01-08T02:53:55.883Z,0.985,30-60s,11,0,40,20
2026-01-08T02:53:55.883Z,0.985,60-300s,43,0,1996,93
2026-01-08T02:53:55.883Z,0.985,5-15m,80,0,16739,303
2026-01-08T02:53:55.883Z,0.985,15-60m,4,2,6,2
2026-01-08T02:53:55.883Z,0.99,0-5s,12,6,17,2
2026-01-08T02:53:55.883Z,0.99,5-15s,613,548,677,2
2026-01-08T02:53:55.883Z,0.99,15-30s,23,2,76,18
2026-01-08T02:53:55.883Z,0.99,30-60s,14,0,55,26
2026-01-08T02:53:55.883Z,0.99,60-300s,41,0,1996,198
2026-01-08T02:53:55.883Z,0.99,5-15m,50,0,16739,772
2026-01-08T02:53:55.883Z,0.99,15-60m,15,0,60,6
2026-01-08T02:53:55.883Z,0.995,0-5s,12,6,17,2
2026-01-08T02:53:55.883Z,0.995,5-15s,613,548,677,2
2026-01-08T02:53:55.883Z,0.995,15-30s,23,2,76,18
2026-01-08T02:53:55.883Z,0.995,30-60s,14,0,55,26
2026-01-08T02:53:55.883Z,0.995,60-300s,41,0,1996,198
2026-01-08T02:53:55.883Z,0.995,5-15m,50,0,16739,772
2026-01-08T02:53:55.883Z,0.995,15-60m,15,0,60,6
2026-01-08T02:54:55.891Z,0.9,15-30s,5,5,5,1
2026-01-08T02:54:55.891Z,0.9,60-300s,4,4,4,1
2026-01-08T02:54:55.891Z,0.9,5-15m,32,24,40,2
2026-01-08T02:54:55.891Z,0.95,0-5s,6,6,6,1
2026-01-08T02:54:55.891Z,0.95,15-30s,11,0,49,6
2026-01-08T02:54:55.891Z,0.95,30-60s,3,3,3,1
2026-01-08T02:54:55.891Z,0.95,60-300s,198,0,1996,11
2026-01-08T02:54:55.891Z,0.95,5-15m,244,2,8995,40
2026-01-08T02:54:55.891Z,0.95,15-60m,6,6,6,1
2026-01-08T02:54:55.891Z,0.98,0-5s,12,6,17,2
2026-01-08T02:54:55.891Z,0.98,5-15s,548,548,548,1
2026-01-08T02:54:55.891Z,0.98,15-30s,22,2,76,18
2026-01-08T02:54:55.891Z,0.98,30-60s,12,0,40,18
2026-01-08T02:54:55.891Z,0.98,60-300s,42,0,1996,91
2026-01-08T02:54:55.891Z,0.98,5-15m,80,0,16739,303
2026-01-08T02:54:55.891Z,0.98,15-60m,4,2,6,2
2026-01-08T02:54:55.891Z,0.985,0-5s,12,6,17,2
2026-01-08T02:54:55.891Z,0.985,5-15s,613,548,677,2
2026-01-08T02:54:55.891Z,0.985,15-30s,22,2,76,18
2026-01-08T02:54:55.891Z,0.985,30-60s,11,0,40,20
2026-01-08T02:54:55.891Z,0.985,60-300s,43,0,1996,93
2026-01-08T02:54:55.891Z,0.985,5-15m,79,0,16739,307
2026-01-08T02:54:55.891Z,0.985,15-60m,4,2,6,2
2026-01-08T02:54:55.891Z,0.99,0-5s,12,6,17,2
2026-01-08T02:54:55.891Z,0.99,5-15s,613,548,677,2
2026-01-08T02:54:55.891Z,0.99,15-30s,23,2,76,18
2026-01-08T02:54:55.891Z,0.99,30-60s,14,0,55,26
2026-01-08T02:54:55.891Z,0.99,60-300s,41,0,1996,198
2026-01-08T02:54:55.891Z,0.99,5-15m,50,0,16739,779
2026-01-08T02:54:55.891Z,0.99,15-60m,15,0,60,6
2026-01-08T02:54:55.891Z,0.995,0-5s,12,6,17,2
2026-01-08T02:54:55.891Z,0.995,5-15s,613,548,677,2
2026-01-08T02:54:55.891Z,0.995,15-30s,23,2,76,18
2026-01-08T02:54:55.891Z,0.995,30-60s,14,0,55,26
2026-01-08T02:54:55.891Z,0.995,60-300s,41,0,1996,198
2026-01-08T02:54:55.891Z,0.995,5-15m,50,0,16739,779
2026-01-08T02:54:55.891Z,0.995,15-60m,15,0,60,6
2026-01-08T02:55:55.884Z,0.9,15-30s,5,5,5,1
2026-01-08T02:55:55.884Z,0.9,60-300s,4,4,4,1
2026-01-08T02:55:55.884Z,0.9,5-15m,32,24,40,2
2026-01-08T02:55:55.884Z,0.95,0-5s,6,6,6,1
2026-01-08T02:55:55.884Z,0.95,15-30s,11,0,49,6
2026-01-08T02:55:55.884Z,0.95,30-60s,3,3,3,1
2026-01-08T02:55:55.884Z,0.95,60-300s,182,0,1996,12
2026-01-08T02:55:55.884Z,0.95,5-15m,244,2,8995,40
2026-01-08T02:55:55.884Z,0.95,15-60m,6,6,6,1
2026-01-08T02:55:55.884Z,0.98,0-5s,12,6,17,2
2026-01-08T02:55:55.884Z,0.98,5-15s,548,548,548,1
2026-01-08T02:55:55.884Z,0.98,15-30s,22,2,76,18
2026-01-08T02:55:55.884Z,0.98,30-60s,12,0,40,18
2026-01-08T02:55:55.884Z,0.98,60-300s,41,0,1996,93
2026-01-08T02:55:55.884Z,0.98,5-15m,80,0,16739,303
2026-01-08T02:55:55.884Z,0.98,15-60m,4,2,6,2
2026-01-08T02:55:55.884Z,0.985,0-5s,12,6,17,2
2026-01-08T02:55:55.884Z,0.985,5-15s,613,548,677,2
2026-01-08T02:55:55.884Z,0.985,15-30s,22,2,76,18
2026-01-08T02:55:55.884Z,0.985,30-60s,11,0,40,20
2026-01-08T02:55:55.884Z,0.985,60-300s,42,0,1996,95
2026-01-08T02:55:55.884Z,0.985,5-15m,79,0,16739,307
2026-01-08T02:55:55.884Z,0.985,15-60m,4,2,6,2
2026-01-08T02:55:55.884Z,0.99,0-5s,12,6,17,2
2026-01-08T02:55:55.884Z,0.99,5-15s,613,548,677,2
2026-01-08T02:55:55.884Z,0.99,15-30s,23,2,76,18
2026-01-08T02:55:55.884Z,0.99,30-60s,14,0,55,26
2026-01-08T02:55:55.884Z,0.99,60-300s,40,0,1996,206
2026-01-08T02:55:55.884Z,0.99,5-15m,50,0,16739,779
2026-01-08T02:55:55.884Z,0.99,15-60m,15,0,60,6
2026-01-08T02:55:55.884Z,0.995,0-5s,12,6,17,2
2026-01-08T02:55:55.884Z,0.995,5-15s,613,548,677,2
2026-01-08T02:55:55.884Z,0.995,15-30s,23,2,76,18
2026-01-08T02:55:55.884Z,0.995,30-60s,14,0,55,26
2026-01-08T02:55:55.884Z,0.995,60-300s,40,0,1996,206
2026-01-08T02:55:55.884Z,0.995,5-15m,50,0,16739,779
2026-01-08T02:55:55.884Z,0.995,15-60m,15,0,60,6
2026-01-08T02:56:55.889Z,0.9,15-30s,5,5,5,1
2026-01-08T02:56:55.889Z,0.9,60-300s,4,4,4,1
2026-01-08T02:56:55.889Z,0.9,5-15m,32,24,40,2
2026-01-08T02:56:55.889Z,0.95,0-5s,6,6,6,1
2026-01-08T02:56:55.889Z,0.95,15-30s,11,0,49,6
2026-01-08T02:56:55.889Z,0.95,30-60s,3,3,3,1
2026-01-08T02:56:55.889Z,0.95,60-300s,182,0,1996,12
2026-01-08T02:56:55.889Z,0.95,5-15m,244,2,8995,40
2026-01-08T02:56:55.889Z,0.95,15-60m,6,6,6,1
2026-01-08T02:56:55.889Z,0.98,0-5s,12,6,17,2
2026-01-08T02:56:55.889Z,0.98,5-15s,548,548,548,1
2026-01-08T02:56:55.889Z,0.98,15-30s,22,2,76,18
2026-01-08T02:56:55.889Z,0.98,30-60s,12,0,40,18
2026-01-08T02:56:55.889Z,0.98,60-300s,41,0,1996,93
2026-01-08T02:56:55.889Z,0.98,5-15m,80,0,16739,303
2026-01-08T02:56:55.889Z,0.98,15-60m,4,2,6,2
2026-01-08T02:56:55.889Z,0.985,0-5s,12,6,17,2
2026-01-08T02:56:55.889Z,0.985,5-15s,613,548,677,2
2026-01-08T02:56:55.889Z,0.985,15-30s,22,2,76,18
2026-01-08T02:56:55.889Z,0.985,30-60s,11,0,40,20
2026-01-08T02:56:55.889Z,0.985,60-300s,42,0,1996,95
2026-01-08T02:56:55.889Z,0.985,5-15m,79,0,16739,307
2026-01-08T02:56:55.889Z,0.985,15-60m,4,2,6,2
2026-01-08T02:56:55.889Z,0.99,0-5s,12,6,17,2
2026-01-08T02:56:55.889Z,0.99,5-15s,613,548,677,2
2026-01-08T02:56:55.889Z,0.99,15-30s,23,2,76,18
2026-01-08T02:56:55.889Z,0.99,30-60s,14,0,55,26
2026-01-08T02:56:55.889Z,0.99,60-300s,40,0,1996,206
2026-01-08T02:56:55.889Z,0.99,5-15m,50,0,16739,779
2026-01-08T02:56:55.889Z,0.99,15-60m,15,0,60,6
2026-01-08T02:56:55.889Z,0.995,0-5s,12,6,17,2
2026-01-08T02:56:55.889Z,0.995,5-15s,613,548,677,2
2026-01-08T02:56:55.889Z,0.995,15-30s,23,2,76,18
2026-01-08T02:56:55.889Z,0.995,30-60s,14,0,55,26
2026-01-08T02:56:55.889Z,0.995,60-300s,40,0,1996,206
2026-01-08T02:56:55.889Z,0.995,5-15m,50,0,16739,779
2026-01-08T02:56:55.889Z,0.995,15-60m,15,0,60,6
2026-01-08T02:57:55.893Z,0.9,15-30s,5,5,5,1
2026-01-08T02:57:55.893Z,0.9,60-300s,3,1,4,2
2026-01-08T02:57:55.893Z,0.9,5-15m,32,24,40,2
2026-01-08T02:57:55.893Z,0.95,0-5s,6,6,6,1
2026-01-08T02:57:55.893Z,0.95,15-30s,11,0,49,6
2026-01-08T02:57:55.893Z,0.95,30-60s,3,3,3,1
2026-01-08T02:57:55.893Z,0.95,60-300s,168,0,1996,13
2026-01-08T02:57:55.893Z,0.95,5-15m,244,2,8995,40
2026-01-08T02:57:55.893Z,0.95,15-60m,6,6,6,1
2026-01-08T02:57:55.893Z,0.98,0-5s,12,6,17,2
2026-01-08T02:57:55.893Z,0.98,5-15s,548,548,548,1
2026-01-08T02:57:55.893Z,0.98,15-30s,22,2,76,18
2026-01-08T02:57:55.893Z,0.98,30-60s,12,0,40,18
2026-01-08T02:57:55.893Z,0.98,60-300s,41,0,1996,94
2026-01-08T02:57:55.893Z,0.98,5-15m,80,0,16739,303
2026-01-08T02:57:55.893Z,0.98,15-60m,4,2,6,2
2026-01-08T02:57:55.893Z,0.985,0-5s,12,6,17,2
2026-01-08T02:57:55.893Z,0.985,5-15s,613,548,677,2
2026-01-08T02:57:55.893Z,0.985,15-30s,22,2,76,18
2026-01-08T02:57:55.893Z,0.985,30-60s,11,0,40,20
2026-01-08T02:57:55.893Z,0.985,60-300s,42,0,1996,96
2026-01-08T02:57:55.893Z,0.985,5-15m,79,0,16739,307
2026-01-08T02:57:55.893Z,0.985,15-60m,4,2,6,2
2026-01-08T02:57:55.893Z,0.99,0-5s,12,6,17,2
2026-01-08T02:57:55.893Z,0.99,5-15s,613,548,677,2
2026-01-08T02:57:55.893Z,0.99,15-30s,23,2,76,18
2026-01-08T02:57:55.893Z,0.99,30-60s,14,0,55,26
2026-01-08T02:57:55.893Z,0.99,60-300s,40,0,1996,208
2026-01-08T02:57:55.893Z,0.99,5-15m,50,0,16739,779
2026-01-08T02:57:55.893Z,0.99,15-60m,15,0,60,6
2026-01-08T02:57:55.893Z,0.995,0-5s,12,6,17,2
2026-01-08T02:57:55.893Z,0.995,5-15s,613,548,677,2
2026-01-08T02:57:55.893Z,0.995,15-30s,23,2,76,18
2026-01-08T02:57:55.893Z,0.995,30-60s,14,0,55,26
2026-01-08T02:57:55.893Z,0.995,60-300s,40,0,1996,208
2026-01-08T02:57:55.893Z,0.995,5-15m,50,0,16739,779
2026-01-08T02:57:55.893Z,0.995,15-60m,15,0,60,6
2026-01-08T02:58:55.890Z,0.9,15-30s,5,5,5,1
2026-01-08T02:58:55.890Z,0.9,60-300s,3,1,4,2
2026-01-08T02:58:55.890Z,0.9,5-15m,32,24,40,2
2026-01-08T02:58:55.890Z,0.95,0-5s,6,6,6,1
2026-01-08T02:58:55.890Z,0.95,15-30s,11,0,49,6
2026-01-08T02:58:55.890Z,0.95,30-60s,3,3,3,1
2026-01-08T02:58:55.890Z,0.95,60-300s,168,0,1996,13
2026-01-08T02:58:55.890Z,0.95,5-15m,244,2,8995,40
2026-01-08T02:58:55.890Z,0.95,15-60m,6,6,6,1
2026-01-08T02:58:55.890Z,0.98,0-5s,12,6,17,2
2026-01-08T02:58:55.890Z,0.98,5-15s,548,548,548,1
2026-01-08T02:58:55.890Z,0.98,15-30s,22,2,76,18
2026-01-08T02:58:55.890Z,0.98,30-60s,12,0,40,18
2026-01-08T02:58:55.890Z,0.98,60-300s,48,0,1996,97
2026-01-08T02:58:55.890Z,0.98,5-15m,80,0,16739,303
2026-01-08T02:58:55.890Z,0.98,15-60m,4,2,6,2
2026-01-08T02:58:55.890Z,0.985,0-5s,12,6,17,2
2026-01-08T02:58:55.890Z,0.985,5-15s,613,548,677,2
2026-01-08T02:58:55.890Z,0.985,15-30s,22,2,76,18
2026-01-08T02:58:55.890Z,0.985,30-60s,11,0,40,20
2026-01-08T02:58:55.890Z,0.985,60-300s,48,0,1996,99
2026-01-08T02:58:55.890Z,0.985,5-15m,79,0,16739,307
2026-01-08T02:58:55.890Z,0.985,15-60m,4,2,6,2
2026-01-08T02:58:55.890Z,0.99,0-5s,12,6,17,2
2026-01-08T02:58:55.890Z,0.99,5-15s,613,548,677,2
2026-01-08T02:58:55.890Z,0.99,15-30s,23,2,76,18
2026-01-08T02:58:55.890Z,0.99,30-60s,14,0,55,26
2026-01-08T02:58:55.890Z,0.99,60-300s,42,0,1996,220
2026-01-08T02:58:55.890Z,0.99,5-15m,50,0,16739,779
2026-01-08T02:58:55.890Z,0.99,15-60m,15,0,60,6
2026-01-08T02:58:55.890Z,0.995,0-5s,12,6,17,2
2026-01-08T02:58:55.890Z,0.995,5-15s,613,548,677,2
2026-01-08T02:58:55.890Z,0.995,15-30s,23,2,76,18
2026-01-08T02:58:55.890Z,0.995,30-60s,14,0,55,26
2026-01-08T02:58:55.890Z,0.995,60-300s,42,0,1996,220
2026-01-08T02:58:55.890Z,0.995,5-15m,50,0,16739,779
2026-01-08T02:58:55.890Z,0.995,15-60m,15,0,60,6
2026-01-08T02:59:55.894Z,0.9,15-30s,5,5,5,1
2026-01-08T02:59:55.894Z,0.9,30-60s,7,6,9,3
2026-01-08T02:59:55.894Z,0.9,60-300s,3,1,4,2
2026-01-08T02:59:55.894Z,0.9,5-15m,32,24,40,2
2026-01-08T02:59:55.894Z,0.95,0-5s,6,6,6,1
2026-01-08T02:59:55.894Z,0.95,15-30s,11,0,49,6
2026-01-08T02:59:55.894Z,0.95,30-60s,6,3,9,4
2026-01-08T02:59:55.894Z,0.95,60-300s,168,0,1996,13
2026-01-08T02:59:55.894Z,0.95,5-15m,244,2,8995,40
2026-01-08T02:59:55.894Z,0.95,15-60m,6,6,6,1
2026-01-08T02:59:55.894Z,0.98,0-5s,12,6,17,2
2026-01-08T02:59:55.894Z,0.98,5-15s,548,548,548,1
2026-01-08T02:59:55.894Z,0.98,15-30s,22,2,76,18
2026-01-08T02:59:55.894Z,0.98,30-60s,11,0,40,21
2026-01-08T02:59:55.894Z,0.98,60-300s,48,0,1996,97
2026-01-08T02:59:55.894Z,0.98,5-15m,80,0,16739,303
2026-01-08T02:59:55.894Z,0.98,15-60m,4,2,6,2
2026-01-08T02:59:55.894Z,0.985,0-5s,12,6,17,2
2026-01-08T02:59:55.894Z,0.985,5-15s,613,548,677,2
2026-01-08T02:59:55.894Z,0.985,15-30s,22,2,76,18
2026-01-08T02:59:55.894Z,0.985,30-60s,10,0,40,23
2026-01-08T02:59:55.894Z,0.985,60-300s,48,0,1996,99
2026-01-08T02:59:55.894Z,0.985,5-15m,79,0,16739,307
2026-01-08T02:59:55.894Z,0.985,15-60m,4,2,6,2
2026-01-08T02:59:55.894Z,0.99,0-5s,12,6,17,2
2026-01-08T02:59:55.894Z,0.99,5-15s,613,548,677,2
2026-01-08T02:59:55.894Z,0.99,15-30s,22,2,76,19
2026-01-08T02:59:55.894Z,0.99,30-60s,13,0,55,30
2026-01-08T02:59:55.894Z,0.99,60-300s,42,0,1996,220
2026-01-08T02:59:55.894Z,0.99,5-15m,50,0,16739,779
2026-01-08T02:59:55.894Z,0.99,15-60m,15,0,60,6
2026-01-08T02:59:55.894Z,0.995,0-5s,12,6,17,2
2026-01-08T02:59:55.894Z,0.995,5-15s,613,548,677,2
2026-01-08T02:59:55.894Z,0.995,15-30s,260,2,4787,20
2026-01-08T02:59:55.894Z,0.995,30-60s,13,0,55,30
2026-01-08T02:59:55.894Z,0.995,60-300s,42,0,1996,220
2026-01-08T02:59:55.894Z,0.995,5-15m,50,0,16739,779
2026-01-08T02:59:55.894Z,0.995,15-60m,15,0,60,6
2026-01-08T03:00:55.894Z,0.9,15-30s,5,5,5,1
2026-01-08T03:00:55.894Z,0.9,30-60s,7,6,9,3
2026-01-08T03:00:55.894Z,0.9,60-300s,3,1,4,2
2026-01-08T03:00:55.894Z,0.9,5-15m,32,24,40,2
2026-01-08T03:00:55.894Z,0.95,0-5s,6,6,6,1
2026-01-08T03:00:55.894Z,0.95,15-30s,11,0,49,6
2026-01-08T03:00:55.894Z,0.95,30-60s,6,3,9,4
2026-01-08T03:00:55.894Z,0.95,60-300s,168,0,1996,13
2026-01-08T03:00:55.894Z,0.95,5-15m,238,2,8995,41
2026-01-08T03:00:55.894Z,0.95,15-60m,6,6,6,1
2026-01-08T03:00:55.894Z,0.98,0-5s,12,6,17,2
2026-01-08T03:00:55.894Z,0.98,5-15s,548,548,548,1
2026-01-08T03:00:55.894Z,0.98,15-30s,22,2,76,18
2026-01-08T03:00:55.894Z,0.98,30-60s,11,0,40,21
2026-01-08T03:00:55.894Z,0.98,60-300s,48,0,1996,97
2026-01-08T03:00:55.894Z,0.98,5-15m,79,0,16739,304
2026-01-08T03:00:55.894Z,0.98,15-60m,4,2,6,2
2026-01-08T03:00:55.894Z,0.985,0-5s,12,6,17,2
2026-01-08T03:00:55.894Z,0.985,5-15s,613,548,677,2
2026-01-08T03:00:55.894Z,0.985,15-30s,22,2,76,18
2026-01-08T03:00:55.894Z,0.985,30-60s,10,0,40,23
2026-01-08T03:00:55.894Z,0.985,60-300s,48,0,1996,99
2026-01-08T03:00:55.894Z,0.985,5-15m,78,0,16739,308
2026-01-08T03:00:55.894Z,0.985,15-60m,4,2,6,2
2026-01-08T03:00:55.894Z,0.99,0-5s,12,6,17,2
2026-01-08T03:00:55.894Z,0.99,5-15s,613,548,677,2
2026-01-08T03:00:55.894Z,0.99,15-30s,22,2,76,19
2026-01-08T03:00:55.894Z,0.99,30-60s,13,0,55,30
2026-01-08T03:00:55.894Z,0.99,60-300s,42,0,1996,220
2026-01-08T03:00:55.894Z,0.99,5-15m,49,0,16739,785
2026-01-08T03:00:55.894Z,0.99,15-60m,15,0,60,6
2026-01-08T03:00:55.894Z,0.995,0-5s,12,6,17,2
2026-01-08T03:00:55.894Z,0.995,5-15s,613,548,677,2
2026-01-08T03:00:55.894Z,0.995,15-30s,260,2,4787,20
2026-01-08T03:00:55.894Z,0.995,30-60s,13,0,55,30
2026-01-08T03:00:55.894Z,0.995,60-300s,42,0,1996,220
2026-01-08T03:00:55.894Z,0.995,5-15m,49,0,16739,785
2026-01-08T03:00:55.894Z,0.995,15-60m,15,0,60,6
2026-01-08T03:01:55.895Z,0.9,15-30s,5,5,5,1
2026-01-08T03:01:55.895Z,0.9,30-60s,7,6,9,3
2026-01-08T03:01:55.895Z,0.9,60-300s,3,1,4,2
2026-01-08T03:01:55.895Z,0.9,5-15m,32,24,40,2
2026-01-08T03:01:55.895Z,0.95,0-5s,6,6,6,1
2026-01-08T03:01:55.895Z,0.95,15-30s,11,0,49,6
2026-01-08T03:01:55.895Z,0.95,30-60s,6,3,9,4
2026-01-08T03:01:55.895Z,0.95,60-300s,168,0,1996,13
2026-01-08T03:01:55.895Z,0.95,5-15m,238,2,8995,41
2026-01-08T03:01:55.895Z,0.95,15-60m,6,6,6,1
2026-01-08T03:01:55.895Z,0.98,0-5s,12,6,17,2
2026-01-08T03:01:55.895Z,0.98,5-15s,548,548,548,1
2026-01-08T03:01:55.895Z,0.98,15-30s,22,2,76,18
2026-01-08T03:01:55.895Z,0.98,30-60s,11,0,40,21
2026-01-08T03:01:55.895Z,0.98,60-300s,48,0,1996,97
2026-01-08T03:01:55.895Z,0.98,5-15m,79,0,16739,305
2026-01-08T03:01:55.895Z,0.98,15-60m,4,2,6,2
2026-01-08T03:01:55.895Z,0.985,0-5s,12,6,17,2
2026-01-08T03:01:55.895Z,0.985,5-15s,613,548,677,2
2026-01-08T03:01:55.895Z,0.985,15-30s,22,2,76,18
2026-01-08T03:01:55.895Z,0.985,30-60s,10,0,40,23
2026-01-08T03:01:55.895Z,0.985,60-300s,48,0,1996,99
2026-01-08T03:01:55.895Z,0.985,5-15m,78,0,16739,309
2026-01-08T03:01:55.895Z,0.985,15-60m,4,2,6,2
2026-01-08T03:01:55.895Z,0.99,0-5s,12,6,17,2
2026-01-08T03:01:55.895Z,0.99,5-15s,613,548,677,2
2026-01-08T03:01:55.895Z,0.99,15-30s,22,2,76,19
2026-01-08T03:01:55.895Z,0.99,30-60s,13,0,55,30
2026-01-08T03:01:55.895Z,0.99,60-300s,42,0,1996,220
2026-01-08T03:01:55.895Z,0.99,5-15m,49,0,16739,788
2026-01-08T03:01:55.895Z,0.99,15-60m,15,0,60,6
2026-01-08T03:01:55.895Z,0.995,0-5s,12,6,17,2
2026-01-08T03:01:55.895Z,0.995,5-15s,613,548,677,2
2026-01-08T03:01:55.895Z,0.995,15-30s,260,2,4787,20
2026-01-08T03:01:55.895Z,0.995,30-60s,13,0,55,30
2026-01-08T03:01:55.895Z,0.995,60-300s,42,0,1996,220
2026-01-08T03:01:55.895Z,0.995,5-15m,49,0,16739,788
2026-01-08T03:01:55.895Z,0.995,15-60m,15,0,60,6
2026-01-08T03:02:55.896Z,0.9,15-30s,5,5,5,1
2026-01-08T03:02:55.896Z,0.9,30-60s,7,6,9,3
2026-01-08T03:02:55.896Z,0.9,60-300s,3,1,4,2
2026-01-08T03:02:55.896Z,0.9,5-15m,32,24,40,2
2026-01-08T03:02:55.896Z,0.95,0-5s,6,6,6,1
2026-01-08T03:02:55.896Z,0.95,15-30s,11,0,49,6
2026-01-08T03:02:55.896Z,0.95,30-60s,6,3,9,4
2026-01-08T03:02:55.896Z,0.95,60-300s,168,0,1996,13
2026-01-08T03:02:55.896Z,0.95,5-15m,238,2,8995,41
2026-01-08T03:02:55.896Z,0.95,15-60m,6,6,6,1
2026-01-08T03:02:55.896Z,0.98,0-5s,12,6,17,2
2026-01-08T03:02:55.896Z,0.98,5-15s,548,548,548,1
2026-01-08T03:02:55.896Z,0.98,15-30s,22,2,76,18
2026-01-08T03:02:55.896Z,0.98,30-60s,11,0,40,21
2026-01-08T03:02:55.896Z,0.98,60-300s,48,0,1996,97
2026-01-08T03:02:55.896Z,0.98,5-15m,79,0,16739,307
2026-01-08T03:02:55.896Z,0.98,15-60m,4,2,6,2
2026-01-08T03:02:55.896Z,0.985,0-5s,12,6,17,2
2026-01-08T03:02:55.896Z,0.985,5-15s,613,548,677,2
2026-01-08T03:02:55.896Z,0.985,15-30s,22,2,76,18
2026-01-08T03:02:55.896Z,0.985,30-60s,10,0,40,23
2026-01-08T03:02:55.896Z,0.985,60-300s,48,0,1996,99
2026-01-08T03:02:55.896Z,0.985,5-15m,78,0,16739,311
2026-01-08T03:02:55.896Z,0.985,15-60m,4,2,6,2
2026-01-08T03:02:55.896Z,0.99,0-5s,12,6,17,2
2026-01-08T03:02:55.896Z,0.99,5-15s,613,548,677,2
2026-01-08T03:02:55.896Z,0.99,15-30s,22,2,76,19
2026-01-08T03:02:55.896Z,0.99,30-60s,13,0,55,30
2026-01-08T03:02:55.896Z,0.99,60-300s,42,0,1996,220
2026-01-08T03:02:55.896Z,0.99,5-15m,49,0,16739,795
2026-01-08T03:02:55.896Z,0.99,15-60m,15,0,60,6
2026-01-08T03:02:55.896Z,0.995,0-5s,12,6,17,2
2026-01-08T03:02:55.896Z,0.995,5-15s,613,548,677,2
2026-01-08T03:02:55.896Z,0.995,15-30s,260,2,4787,20
2026-01-08T03:02:55.896Z,0.995,30-60s,13,0,55,30
2026-01-08T03:02:55.896Z,0.995,60-300s,42,0,1996,220
2026-01-08T03:02:55.896Z,0.995,5-15m,49,0,16739,795
2026-01-08T03:02:55.896Z,0.995,15-60m,15,0,60,6
2026-01-08T03:03:55.898Z,0.9,15-30s,5,5,5,1
2026-01-08T03:03:55.898Z,0.9,30-60s,7,6,9,3
2026-01-08T03:03:55.898Z,0.9,60-300s,3,1,4,2
2026-01-08T03:03:55.898Z,0.9,5-15m,32,24,40,2
2026-01-08T03:03:55.898Z,0.95,0-5s,6,6,6,1
2026-01-08T03:03:55.898Z,0.95,15-30s,11,0,49,6
2026-01-08T03:03:55.898Z,0.95,30-60s,6,3,9,4
2026-01-08T03:03:55.898Z,0.95,60-300s,168,0,1996,13
2026-01-08T03:03:55.898Z,0.95,5-15m,238,2,8995,41
2026-01-08T03:03:55.898Z,0.95,15-60m,6,6,6,1
2026-01-08T03:03:55.898Z,0.98,0-5s,12,6,17,2
2026-01-08T03:03:55.898Z,0.98,5-15s,548,548,548,1
2026-01-08T03:03:55.898Z,0.98,15-30s,22,2,76,18
2026-01-08T03:03:55.898Z,0.98,30-60s,11,0,40,21
2026-01-08T03:03:55.898Z,0.98,60-300s,48,0,1996,97
2026-01-08T03:03:55.898Z,0.98,5-15m,78,0,16739,309
2026-01-08T03:03:55.898Z,0.98,15-60m,4,2,6,2
2026-01-08T03:03:55.898Z,0.985,0-5s,12,6,17,2
2026-01-08T03:03:55.898Z,0.985,5-15s,613,548,677,2
2026-01-08T03:03:55.898Z,0.985,15-30s,22,2,76,18
2026-01-08T03:03:55.898Z,0.985,30-60s,10,0,40,23
2026-01-08T03:03:55.898Z,0.985,60-300s,48,0,1996,99
2026-01-08T03:03:55.898Z,0.985,5-15m,77,0,16739,313
2026-01-08T03:03:55.898Z,0.985,15-60m,4,2,6,2
2026-01-08T03:03:55.898Z,0.99,0-5s,12,6,17,2
2026-01-08T03:03:55.898Z,0.99,5-15s,613,548,677,2
2026-01-08T03:03:55.898Z,0.99,15-30s,22,2,76,19
2026-01-08T03:03:55.898Z,0.99,30-60s,13,0,55,30
2026-01-08T03:03:55.898Z,0.99,60-300s,42,0,1996,220
2026-01-08T03:03:55.898Z,0.99,5-15m,49,0,16739,805
2026-01-08T03:03:55.898Z,0.99,15-60m,15,0,60,6
2026-01-08T03:03:55.898Z,0.995,0-5s,12,6,17,2
2026-01-08T03:03:55.898Z,0.995,5-15s,613,548,677,2
2026-01-08T03:03:55.898Z,0.995,15-30s,260,2,4787,20
2026-01-08T03:03:55.898Z,0.995,30-60s,13,0,55,30
2026-01-08T03:03:55.898Z,0.995,60-300s,42,0,1996,220
2026-01-08T03:03:55.898Z,0.995,5-15m,49,0,16739,805
2026-01-08T03:03:55.898Z,0.995,15-60m,15,0,60,6
2026-01-08T03:04:55.900Z,0.9,15-30s,5,5,5,1
2026-01-08T03:04:55.900Z,0.9,30-60s,7,6,9,3
2026-01-08T03:04:55.900Z,0.9,60-300s,3,1,4,2
2026-01-08T03:04:55.900Z,0.9,5-15m,32,24,40,2
2026-01-08T03:04:55.900Z,0.95,0-5s,6,6,6,1
2026-01-08T03:04:55.900Z,0.95,15-30s,11,0,49,6
2026-01-08T03:04:55.900Z,0.95,30-60s,6,3,9,4
2026-01-08T03:04:55.900Z,0.95,60-300s,168,0,1996,13
2026-01-08T03:04:55.900Z,0.95,5-15m,233,1,8995,42
2026-01-08T03:04:55.900Z,0.95,15-60m,6,6,6,1
2026-01-08T03:04:55.900Z,0.98,0-5s,12,6,17,2
2026-01-08T03:04:55.900Z,0.98,5-15s,548,548,548,1
2026-01-08T03:04:55.900Z,0.98,15-30s,22,2,76,18
2026-01-08T03:04:55.900Z,0.98,30-60s,11,0,40,21
2026-01-08T03:04:55.900Z,0.98,60-300s,48,0,1996,97
2026-01-08T03:04:55.900Z,0.98,5-15m,77,0,16739,313
2026-01-08T03:04:55.900Z,0.98,15-60m,4,2,6,2
2026-01-08T03:04:55.900Z,0.985,0-5s,12,6,17,2
2026-01-08T03:04:55.900Z,0.985,5-15s,613,548,677,2
2026-01-08T03:04:55.900Z,0.985,15-30s,22,2,76,18
2026-01-08T03:04:55.900Z,0.985,30-60s,10,0,40,23
2026-01-08T03:04:55.900Z,0.985,60-300s,48,0,1996,99
2026-01-08T03:04:55.900Z,0.985,5-15m,77,0,16739,317
2026-01-08T03:04:55.900Z,0.985,15-60m,4,2,6,2
2026-01-08T03:04:55.900Z,0.99,0-5s,12,6,17,2
2026-01-08T03:04:55.900Z,0.99,5-15s,613,548,677,2
2026-01-08T03:04:55.900Z,0.99,15-30s,22,2,76,19
2026-01-08T03:04:55.900Z,0.99,30-60s,13,0,55,30
2026-01-08T03:04:55.900Z,0.99,60-300s,42,0,1996,220
2026-01-08T03:04:55.900Z,0.99,5-15m,48,0,16739,811
2026-01-08T03:04:55.900Z,0.99,15-60m,15,0,60,6
2026-01-08T03:04:55.900Z,0.995,0-5s,12,6,17,2
2026-01-08T03:04:55.900Z,0.995,5-15s,613,548,677,2
2026-01-08T03:04:55.900Z,0.995,15-30s,260,2,4787,20
2026-01-08T03:04:55.900Z,0.995,30-60s,13,0,55,30
2026-01-08T03:04:55.900Z,0.995,60-300s,42,0,1996,220
2026-01-08T03:04:55.900Z,0.995,5-15m,48,0,16739,811
2026-01-08T03:04:55.900Z,0.995,15-60m,15,0,60,6
2026-01-08T03:05:55.900Z,0.9,15-30s,5,5,5,1
2026-01-08T03:05:55.900Z,0.9,30-60s,7,6,9,3
2026-01-08T03:05:55.900Z,0.9,60-300s,3,1,4,2
2026-01-08T03:05:55.900Z,0.9,5-15m,32,24,40,2
2026-01-08T03:05:55.900Z,0.95,0-5s,6,6,6,1
2026-01-08T03:05:55.900Z,0.95,15-30s,11,0,49,6
2026-01-08T03:05:55.900Z,0.95,30-60s,6,3,9,4
2026-01-08T03:05:55.900Z,0.95,60-300s,168,0,1996,13
2026-01-08T03:05:55.900Z,0.95,5-15m,233,1,8995,42
2026-01-08T03:05:55.900Z,0.95,15-60m,6,6,6,1
2026-01-08T03:05:55.900Z,0.98,0-5s,12,6,17,2
2026-01-08T03:05:55.900Z,0.98,5-15s,548,548,548,1
2026-01-08T03:05:55.900Z,0.98,15-30s,22,2,76,18
2026-01-08T03:05:55.900Z,0.98,30-60s,11,0,40,21
2026-01-08T03:05:55.900Z,0.98,60-300s,48,0,1996,97
2026-01-08T03:05:55.900Z,0.98,5-15m,77,0,16739,315
2026-01-08T03:05:55.900Z,0.98,15-60m,4,2,6,2
2026-01-08T03:05:55.900Z,0.985,0-5s,12,6,17,2
2026-01-08T03:05:55.900Z,0.985,5-15s,613,548,677,2
2026-01-08T03:05:55.900Z,0.985,15-30s,22,2,76,18
2026-01-08T03:05:55.900Z,0.985,30-60s,10,0,40,23
2026-01-08T03:05:55.900Z,0.985,60-300s,48,0,1996,99
2026-01-08T03:05:55.900Z,0.985,5-15m,76,0,16739,320
2026-01-08T03:05:55.900Z,0.985,15-60m,4,2,6,2
2026-01-08T03:05:55.900Z,0.99,0-5s,12,6,17,2
2026-01-08T03:05:55.900Z,0.99,5-15s,613,548,677,2
2026-01-08T03:05:55.900Z,0.99,15-30s,22,2,76,19
2026-01-08T03:05:55.900Z,0.99,30-60s,13,0,55,30
2026-01-08T03:05:55.900Z,0.99,60-300s,42,0,1996,220
2026-01-08T03:05:55.900Z,0.99,5-15m,48,0,16739,820
2026-01-08T03:05:55.900Z,0.99,15-60m,15,0,60,6
2026-01-08T03:05:55.900Z,0.995,0-5s,12,6,17,2
2026-01-08T03:05:55.900Z,0.995,5-15s,613,548,677,2
2026-01-08T03:05:55.900Z,0.995,15-30s,260,2,4787,20
2026-01-08T03:05:55.900Z,0.995,30-60s,13,0,55,30
2026-01-08T03:05:55.900Z,0.995,60-300s,42,0,1996,220
2026-01-08T03:05:55.900Z,0.995,5-15m,48,0,16739,820
2026-01-08T03:05:55.900Z,0.995,15-60m,15,0,60,6
2026-01-08T03:06:55.902Z,0.9,15-30s,5,5,5,1
2026-01-08T03:06:55.902Z,0.9,30-60s,7,6,9,3
2026-01-08T03:06:55.902Z,0.9,60-300s,3,1,4,2
2026-01-08T03:06:55.902Z,0.9,5-15m,32,24,40,2
2026-01-08T03:06:55.902Z,0.95,0-5s,6,6,6,1
2026-01-08T03:06:55.902Z,0.95,15-30s,11,0,49,6
2026-01-08T03:06:55.902Z,0.95,30-60s,6,3,9,4
2026-01-08T03:06:55.902Z,0.95,60-300s,168,0,1996,13
2026-01-08T03:06:55.902Z,0.95,5-15m,233,1,8995,42
2026-01-08T03:06:55.902Z,0.95,15-60m,6,6,6,1
2026-01-08T03:06:55.902Z,0.98,0-5s,12,6,17,2
2026-01-08T03:06:55.902Z,0.98,5-15s,548,548,548,1
2026-01-08T03:06:55.902Z,0.98,15-30s,22,2,76,18
2026-01-08T03:06:55.902Z,0.98,30-60s,11,0,40,21
2026-01-08T03:06:55.902Z,0.98,60-300s,48,0,1996,97
2026-01-08T03:06:55.902Z,0.98,5-15m,77,0,16739,315
2026-01-08T03:06:55.902Z,0.98,15-60m,4,2,6,2
2026-01-08T03:06:55.902Z,0.985,0-5s,12,6,17,2
2026-01-08T03:06:55.902Z,0.985,5-15s,613,548,677,2
2026-01-08T03:06:55.902Z,0.985,15-30s,22,2,76,18
2026-01-08T03:06:55.902Z,0.985,30-60s,10,0,40,23
2026-01-08T03:06:55.902Z,0.985,60-300s,48,0,1996,99
2026-01-08T03:06:55.902Z,0.985,5-15m,76,0,16739,320
2026-01-08T03:06:55.902Z,0.985,15-60m,4,2,6,2
2026-01-08T03:06:55.902Z,0.99,0-5s,12,6,17,2
2026-01-08T03:06:55.902Z,0.99,5-15s,613,548,677,2
2026-01-08T03:06:55.902Z,0.99,15-30s,22,2,76,19
2026-01-08T03:06:55.902Z,0.99,30-60s,13,0,55,30
2026-01-08T03:06:55.902Z,0.99,60-300s,42,0,1996,220
2026-01-08T03:06:55.902Z,0.99,5-15m,48,0,16739,822
2026-01-08T03:06:55.902Z,0.99,15-60m,15,0,60,6
2026-01-08T03:06:55.902Z,0.995,0-5s,12,6,17,2
2026-01-08T03:06:55.902Z,0.995,5-15s,613,548,677,2
2026-01-08T03:06:55.902Z,0.995,15-30s,260,2,4787,20
2026-01-08T03:06:55.902Z,0.995,30-60s,13,0,55,30
2026-01-08T03:06:55.902Z,0.995,60-300s,42,0,1996,220
2026-01-08T03:06:55.902Z,0.995,5-15m,48,0,16739,822
2026-01-08T03:06:55.902Z,0.995,15-60m,15,0,60,6
2026-01-08T03:07:55.904Z,0.9,15-30s,5,5,5,1
2026-01-08T03:07:55.904Z,0.9,30-60s,7,6,9,3
2026-01-08T03:07:55.904Z,0.9,60-300s,3,1,4,2
2026-01-08T03:07:55.904Z,0.9,5-15m,32,24,40,2
2026-01-08T03:07:55.904Z,0.95,0-5s,6,6,6,1
2026-01-08T03:07:55.904Z,0.95,15-30s,11,0,49,6
2026-01-08T03:07:55.904Z,0.95,30-60s,6,3,9,4
2026-01-08T03:07:55.904Z,0.95,60-300s,168,0,1996,13
2026-01-08T03:07:55.904Z,0.95,5-15m,224,1,8995,44
2026-01-08T03:07:55.904Z,0.95,15-60m,6,6,6,1
2026-01-08T03:07:55.904Z,0.98,0-5s,12,6,17,2
2026-01-08T03:07:55.904Z,0.98,5-15s,548,548,548,1
2026-01-08T03:07:55.904Z,0.98,15-30s,22,2,76,18
2026-01-08T03:07:55.904Z,0.98,30-60s,11,0,40,21
2026-01-08T03:07:55.904Z,0.98,60-300s,48,0,1996,97
2026-01-08T03:07:55.904Z,0.98,5-15m,76,0,16739,322
2026-01-08T03:07:55.904Z,0.98,15-60m,4,2,6,2
2026-01-08T03:07:55.904Z,0.985,0-5s,12,6,17,2
2026-01-08T03:07:55.904Z,0.985,5-15s,613,548,677,2
2026-01-08T03:07:55.904Z,0.985,15-30s,22,2,76,18
2026-01-08T03:07:55.904Z,0.985,30-60s,10,0,40,23
2026-01-08T03:07:55.904Z,0.985,60-300s,48,0,1996,99
2026-01-08T03:07:55.904Z,0.985,5-15m,75,0,16739,327
2026-01-08T03:07:55.904Z,0.985,15-60m,4,2,6,2
2026-01-08T03:07:55.904Z,0.99,0-5s,12,6,17,2
2026-01-08T03:07:55.904Z,0.99,5-15s,613,548,677,2
2026-01-08T03:07:55.904Z,0.99,15-30s,22,2,76,19
2026-01-08T03:07:55.904Z,0.99,30-60s,13,0,55,30
2026-01-08T03:07:55.904Z,0.99,60-300s,42,0,1996,220
2026-01-08T03:07:55.904Z,0.99,5-15m,48,0,16739,830
2026-01-08T03:07:55.904Z,0.99,15-60m,15,0,60,6
2026-01-08T03:07:55.904Z,0.995,0-5s,12,6,17,2
2026-01-08T03:07:55.904Z,0.995,5-15s,613,548,677,2
2026-01-08T03:07:55.904Z,0.995,15-30s,260,2,4787,20
2026-01-08T03:07:55.904Z,0.995,30-60s,13,0,55,30
2026-01-08T03:07:55.904Z,0.995,60-300s,42,0,1996,220
2026-01-08T03:07:55.904Z,0.995,5-15m,48,0,16739,830
2026-01-08T03:07:55.904Z,0.995,15-60m,15,0,60,6
2026-01-08T03:08:55.902Z,0.9,15-30s,5,5,5,1
2026-01-08T03:08:55.902Z,0.9,30-60s,7,6,9,3
2026-01-08T03:08:55.902Z,0.9,60-300s,3,1,4,2
2026-01-08T03:08:55.902Z,0.9,5-15m,32,24,40,2
2026-01-08T03:08:55.902Z,0.95,0-5s,6,6,6,1
2026-01-08T03:08:55.902Z,0.95,15-30s,11,0,49,6
2026-01-08T03:08:55.902Z,0.95,30-60s,6,3,9,4
2026-01-08T03:08:55.902Z,0.95,60-300s,168,0,1996,13
2026-01-08T03:08:55.902Z,0.95,5-15m,224,1,8995,44
2026-01-08T03:08:55.902Z,0.95,15-60m,6,6,6,1
2026-01-08T03:08:55.902Z,0.98,0-5s,12,6,17,2
2026-01-08T03:08:55.902Z,0.98,5-15s,548,548,548,1
2026-01-08T03:08:55.902Z,0.98,15-30s,22,2,76,18
2026-01-08T03:08:55.902Z,0.98,30-60s,11,0,40,21
2026-01-08T03:08:55.902Z,0.98,60-300s,48,0,1996,97
2026-01-08T03:08:55.902Z,0.98,5-15m,75,0,16739,324
2026-01-08T03:08:55.902Z,0.98,15-60m,4,2,6,2
2026-01-08T03:08:55.902Z,0.985,0-5s,12,6,17,2
2026-01-08T03:08:55.902Z,0.985,5-15s,613,548,677,2
2026-01-08T03:08:55.902Z,0.985,15-30s,22,2,76,18
2026-01-08T03:08:55.902Z,0.985,30-60s,10,0,40,23
2026-01-08T03:08:55.902Z,0.985,60-300s,48,0,1996,99
2026-01-08T03:08:55.902Z,0.985,5-15m,75,0,16739,329
2026-01-08T03:08:55.902Z,0.985,15-60m,4,2,6,2
2026-01-08T03:08:55.902Z,0.99,0-5s,12,6,17,2
2026-01-08T03:08:55.902Z,0.99,5-15s,613,548,677,2
2026-01-08T03:08:55.902Z,0.99,15-30s,22,2,76,19
2026-01-08T03:08:55.902Z,0.99,30-60s,13,0,55,30
2026-01-08T03:08:55.902Z,0.99,60-300s,42,0,1996,220
2026-01-08T03:08:55.902Z,0.99,5-15m,48,0,16739,834
2026-01-08T03:08:55.902Z,0.99,15-60m,15,0,60,6
2026-01-08T03:08:55.902Z,0.995,0-5s,12,6,17,2
2026-01-08T03:08:55.902Z,0.995,5-15s,613,548,677,2
2026-01-08T03:08:55.902Z,0.995,15-30s,260,2,4787,20
2026-01-08T03:08:55.902Z,0.995,30-60s,13,0,55,30
2026-01-08T03:08:55.902Z,0.995,60-300s,42,0,1996,220
2026-01-08T03:08:55.902Z,0.995,5-15m,48,0,16739,834
2026-01-08T03:08:55.902Z,0.995,15-60m,15,0,60,6
2026-01-08T03:09:55.905Z,0.9,15-30s,5,5,5,1
2026-01-08T03:09:55.905Z,0.9,30-60s,7,6,9,3
2026-01-08T03:09:55.905Z,0.9,60-300s,3,1,4,2
2026-01-08T03:09:55.905Z,0.9,5-15m,32,24,40,2
2026-01-08T03:09:55.905Z,0.95,0-5s,6,6,6,1
2026-01-08T03:09:55.905Z,0.95,15-30s,11,0,49,6
2026-01-08T03:09:55.905Z,0.95,30-60s,6,3,9,4
2026-01-08T03:09:55.905Z,0.95,60-300s,168,0,1996,13
2026-01-08T03:09:55.905Z,0.95,5-15m,224,1,8995,44
2026-01-08T03:09:55.905Z,0.95,15-60m,6,6,6,1
2026-01-08T03:09:55.905Z,0.98,0-5s,12,6,17,2
2026-01-08T03:09:55.905Z,0.98,5-15s,548,548,548,1
2026-01-08T03:09:55.905Z,0.98,15-30s,22,2,76,18
2026-01-08T03:09:55.905Z,0.98,30-60s,11,0,40,21
2026-01-08T03:09:55.905Z,0.98,60-300s,48,0,1996,97
2026-01-08T03:09:55.905Z,0.98,5-15m,75,0,16739,325
2026-01-08T03:09:55.905Z,0.98,15-60m,4,2,6,2
2026-01-08T03:09:55.905Z,0.985,0-5s,12,6,17,2
2026-01-08T03:09:55.905Z,0.985,5-15s,613,548,677,2
2026-01-08T03:09:55.905Z,0.985,15-30s,22,2,76,18
2026-01-08T03:09:55.905Z,0.985,30-60s,10,0,40,23
2026-01-08T03:09:55.905Z,0.985,60-300s,48,0,1996,99
2026-01-08T03:09:55.905Z,0.985,5-15m,74,0,16739,330
2026-01-08T03:09:55.905Z,0.985,15-60m,4,2,6,2
2026-01-08T03:09:55.905Z,0.99,0-5s,12,6,17,2
2026-01-08T03:09:55.905Z,0.99,5-15s,613,548,677,2
2026-01-08T03:09:55.905Z,0.99,15-30s,22,2,76,19
2026-01-08T03:09:55.905Z,0.99,30-60s,13,0,55,30
2026-01-08T03:09:55.905Z,0.99,60-300s,42,0,1996,220
2026-01-08T03:09:55.905Z,0.99,5-15m,48,0,16739,837
2026-01-08T03:09:55.905Z,0.99,15-60m,15,0,60,6
2026-01-08T03:09:55.905Z,0.995,0-5s,12,6,17,2
2026-01-08T03:09:55.905Z,0.995,5-15s,613,548,677,2
2026-01-08T03:09:55.905Z,0.995,15-30s,260,2,4787,20
2026-01-08T03:09:55.905Z,0.995,30-60s,13,0,55,30
2026-01-08T03:09:55.905Z,0.995,60-300s,42,0,1996,220
2026-01-08T03:09:55.905Z,0.995,5-15m,48,0,16739,837
2026-01-08T03:09:55.905Z,0.995,15-60m,15,0,60,6
2026-01-08T03:10:55.905Z,0.9,15-30s,5,5,5,1
2026-01-08T03:10:55.905Z,0.9,30-60s,7,6,9,3
2026-01-08T03:10:55.905Z,0.9,60-300s,3,1,4,2
2026-01-08T03:10:55.905Z,0.9,5-15m,32,24,40,2
2026-01-08T03:10:55.905Z,0.95,0-5s,6,6,6,1
2026-01-08T03:10:55.905Z,0.95,15-30s,11,0,49,6
2026-01-08T03:10:55.905Z,0.95,30-60s,6,3,9,4
2026-01-08T03:10:55.905Z,0.95,60-300s,168,0,1996,13
2026-01-08T03:10:55.905Z,0.95,5-15m,224,1,8995,44
2026-01-08T03:10:55.905Z,0.95,15-60m,6,6,6,1
2026-01-08T03:10:55.905Z,0.98,0-5s,12,6,17,2
2026-01-08T03:10:55.905Z,0.98,5-15s,548,548,548,1
2026-01-08T03:10:55.905Z,0.98,15-30s,22,2,76,18
2026-01-08T03:10:55.905Z,0.98,30-60s,11,0,40,21
2026-01-08T03:10:55.905Z,0.98,60-300s,47,0,1996,99
2026-01-08T03:10:55.905Z,0.98,5-15m,75,0,16739,325
2026-01-08T03:10:55.905Z,0.98,15-60m,4,2,6,2
2026-01-08T03:10:55.905Z,0.985,0-5s,12,6,17,2
2026-01-08T03:10:55.905Z,0.985,5-15s,613,548,677,2
2026-01-08T03:10:55.905Z,0.985,15-30s,22,2,76,18
2026-01-08T03:10:55.905Z,0.985,30-60s,10,0,40,23
2026-01-08T03:10:55.905Z,0.985,60-300s,48,0,1996,101
2026-01-08T03:10:55.905Z,0.985,5-15m,74,0,16739,330
2026-01-08T03:10:55.905Z,0.985,15-60m,4,2,6,2
2026-01-08T03:10:55.905Z,0.99,0-5s,12,6,17,2
2026-01-08T03:10:55.905Z,0.99,5-15s,613,548,677,2
2026-01-08T03:10:55.905Z,0.99,15-30s,22,2,76,19
2026-01-08T03:10:55.905Z,0.99,30-60s,13,0,55,30
2026-01-08T03:10:55.905Z,0.99,60-300s,42,0,1996,229
2026-01-08T03:10:55.905Z,0.99,5-15m,48,0,16739,837
2026-01-08T03:10:55.905Z,0.99,15-60m,15,0,60,6
2026-01-08T03:10:55.905Z,0.995,0-5s,12,6,17,2
2026-01-08T03:10:55.905Z,0.995,5-15s,613,548,677,2
2026-01-08T03:10:55.905Z,0.995,15-30s,260,2,4787,20
2026-01-08T03:10:55.905Z,0.995,30-60s,13,0,55,30
2026-01-08T03:10:55.905Z,0.995,60-300s,42,0,1996,229
2026-01-08T03:10:55.905Z,0.995,5-15m,48,0,16739,837
2026-01-08T03:10:55.905Z,0.995,15-60m,15,0,60,6
2026-01-08T03:11:55.909Z,0.9,15-30s,5,5,5,1
2026-01-08T03:11:55.909Z,0.9,30-60s,7,6,9,3
2026-01-08T03:11:55.909Z,0.9,60-300s,3,1,4,2
2026-01-08T03:11:55.909Z,0.9,5-15m,32,24,40,2
2026-01-08T03:11:55.909Z,0.95,0-5s,6,6,6,1
2026-01-08T03:11:55.909Z,0.95,15-30s,11,0,49,6
2026-01-08T03:11:55.909Z,0.95,30-60s,6,3,9,4
2026-01-08T03:11:55.909Z,0.95,60-300s,168,0,1996,13
2026-01-08T03:11:55.909Z,0.95,5-15m,224,1,8995,44
2026-01-08T03:11:55.909Z,0.95,15-60m,6,6,6,1
2026-01-08T03:11:55.909Z,0.98,0-5s,12,6,17,2
2026-01-08T03:11:55.909Z,0.98,5-15s,548,548,548,1
2026-01-08T03:11:55.909Z,0.98,15-30s,22,2,76,18
2026-01-08T03:11:55.909Z,0.98,30-60s,11,0,40,21
2026-01-08T03:11:55.909Z,0.98,60-300s,47,0,1996,100
2026-01-08T03:11:55.909Z,0.98,5-15m,75,0,16739,325
2026-01-08T03:11:55.909Z,0.98,15-60m,4,2,6,2
2026-01-08T03:11:55.909Z,0.985,0-5s,12,6,17,2
2026-01-08T03:11:55.909Z,0.985,5-15s,613,548,677,2
2026-01-08T03:11:55.909Z,0.985,15-30s,22,2,76,18
2026-01-08T03:11:55.909Z,0.985,30-60s,10,0,40,23
2026-01-08T03:11:55.909Z,0.985,60-300s,48,0,1996,102
2026-01-08T03:11:55.909Z,0.985,5-15m,74,0,16739,330
2026-01-08T03:11:55.909Z,0.985,15-60m,4,2,6,2
2026-01-08T03:11:55.909Z,0.99,0-5s,12,6,17,2
2026-01-08T03:11:55.909Z,0.99,5-15s,613,548,677,2
2026-01-08T03:11:55.909Z,0.99,15-30s,22,2,76,19
2026-01-08T03:11:55.909Z,0.99,30-60s,13,0,55,30
2026-01-08T03:11:55.909Z,0.99,60-300s,41,0,1996,232
2026-01-08T03:11:55.909Z,0.99,5-15m,48,0,16739,837
2026-01-08T03:11:55.909Z,0.99,15-60m,15,0,60,6
2026-01-08T03:11:55.909Z,0.995,0-5s,12,6,17,2
2026-01-08T03:11:55.909Z,0.995,5-15s,613,548,677,2
2026-01-08T03:11:55.909Z,0.995,15-30s,260,2,4787,20
2026-01-08T03:11:55.909Z,0.995,30-60s,13,0,55,30
2026-01-08T03:11:55.909Z,0.995,60-300s,41,0,1996,232
2026-01-08T03:11:55.909Z,0.995,5-15m,48,0,16739,837
2026-01-08T03:11:55.909Z,0.995,15-60m,15,0,60,6
2026-01-08T03:12:55.907Z,0.9,15-30s,5,5,5,1
2026-01-08T03:12:55.907Z,0.9,30-60s,7,6,9,3
2026-01-08T03:12:55.907Z,0.9,60-300s,3,1,4,2
2026-01-08T03:12:55.907Z,0.9,5-15m,32,24,40,2
2026-01-08T03:12:55.907Z,0.95,0-5s,6,6,6,1
2026-01-08T03:12:55.907Z,0.95,15-30s,11,0,49,6
2026-01-08T03:12:55.907Z,0.95,30-60s,6,3,9,4
2026-01-08T03:12:55.907Z,0.95,60-300s,168,0,1996,13
2026-01-08T03:12:55.907Z,0.95,5-15m,224,1,8995,44
2026-01-08T03:12:55.907Z,0.95,15-60m,6,6,6,1
2026-01-08T03:12:55.907Z,0.98,0-5s,12,6,17,2
2026-01-08T03:12:55.907Z,0.98,5-15s,548,548,548,1
2026-01-08T03:12:55.907Z,0.98,15-30s,22,2,76,18
2026-01-08T03:12:55.907Z,0.98,30-60s,11,0,40,21
2026-01-08T03:12:55.907Z,0.98,60-300s,47,0,1996,101
2026-01-08T03:12:55.907Z,0.98,5-15m,75,0,16739,325
2026-01-08T03:12:55.907Z,0.98,15-60m,4,2,6,2
2026-01-08T03:12:55.907Z,0.985,0-5s,12,6,17,2
2026-01-08T03:12:55.907Z,0.985,5-15s,613,548,677,2
2026-01-08T03:12:55.907Z,0.985,15-30s,22,2,76,18
2026-01-08T03:12:55.907Z,0.985,30-60s,10,0,40,23
2026-01-08T03:12:55.907Z,0.985,60-300s,47,0,1996,103
2026-01-08T03:12:55.907Z,0.985,5-15m,74,0,16739,330
2026-01-08T03:12:55.907Z,0.985,15-60m,4,2,6,2
2026-01-08T03:12:55.907Z,0.99,0-5s,12,6,17,2
2026-01-08T03:12:55.907Z,0.99,5-15s,613,548,677,2
2026-01-08T03:12:55.907Z,0.99,15-30s,22,2,76,19
2026-01-08T03:12:55.907Z,0.99,30-60s,13,0,55,30
2026-01-08T03:12:55.907Z,0.99,60-300s,91,0,11737,235
2026-01-08T03:12:55.907Z,0.99,5-15m,48,0,16739,837
2026-01-08T03:12:55.907Z,0.99,15-60m,15,0,60,6
2026-01-08T03:12:55.907Z,0.995,0-5s,12,6,17,2
2026-01-08T03:12:55.907Z,0.995,5-15s,613,548,677,2
2026-01-08T03:12:55.907Z,0.995,15-30s,260,2,4787,20
2026-01-08T03:12:55.907Z,0.995,30-60s,13,0,55,30
2026-01-08T03:12:55.907Z,0.995,60-300s,91,0,11737,235
2026-01-08T03:12:55.907Z,0.995,5-15m,48,0,16739,837
2026-01-08T03:12:55.907Z,0.995,15-60m,15,0,60,6
2026-01-08T03:13:55.907Z,0.9,15-30s,5,5,5,1
2026-01-08T03:13:55.907Z,0.9,30-60s,7,6,9,3
2026-01-08T03:13:55.907Z,0.9,60-300s,3,1,4,2
2026-01-08T03:13:55.907Z,0.9,5-15m,32,24,40,2
2026-01-08T03:13:55.907Z,0.95,0-5s,6,6,6,1
2026-01-08T03:13:55.907Z,0.95,15-30s,11,0,49,6
2026-01-08T03:13:55.907Z,0.95,30-60s,6,3,9,4
2026-01-08T03:13:55.907Z,0.95,60-300s,168,0,1996,13
2026-01-08T03:13:55.907Z,0.95,5-15m,224,1,8995,44
2026-01-08T03:13:55.907Z,0.95,15-60m,6,6,6,1
2026-01-08T03:13:55.907Z,0.98,0-5s,12,6,17,2
2026-01-08T03:13:55.907Z,0.98,5-15s,548,548,548,1
2026-01-08T03:13:55.907Z,0.98,15-30s,22,2,76,18
2026-01-08T03:13:55.907Z,0.98,30-60s,11,0,40,21
2026-01-08T03:13:55.907Z,0.98,60-300s,47,0,1996,101
2026-01-08T03:13:55.907Z,0.98,5-15m,75,0,16739,325
2026-01-08T03:13:55.907Z,0.98,15-60m,4,2,6,2
2026-01-08T03:13:55.907Z,0.985,0-5s,12,6,17,2
2026-01-08T03:13:55.907Z,0.985,5-15s,613,548,677,2
2026-01-08T03:13:55.907Z,0.985,15-30s,22,2,76,18
2026-01-08T03:13:55.907Z,0.985,30-60s,10,0,40,23
2026-01-08T03:13:55.907Z,0.985,60-300s,47,0,1996,103
2026-01-08T03:13:55.907Z,0.985,5-15m,74,0,16739,330
2026-01-08T03:13:55.907Z,0.985,15-60m,4,2,6,2
2026-01-08T03:13:55.907Z,0.99,0-5s,12,6,17,2
2026-01-08T03:13:55.907Z,0.99,5-15s,613,548,677,2
2026-01-08T03:13:55.907Z,0.99,15-30s,22,2,76,19
2026-01-08T03:13:55.907Z,0.99,30-60s,13,0,55,30
2026-01-08T03:13:55.907Z,0.99,60-300s,91,0,11737,235
2026-01-08T03:13:55.907Z,0.99,5-15m,48,0,16739,837
2026-01-08T03:13:55.907Z,0.99,15-60m,15,0,60,6
2026-01-08T03:13:55.907Z,0.995,0-5s,12,6,17,2
2026-01-08T03:13:55.907Z,0.995,5-15s,613,548,677,2
2026-01-08T03:13:55.907Z,0.995,15-30s,260,2,4787,20
2026-01-08T03:13:55.907Z,0.995,30-60s,13,0,55,30
2026-01-08T03:13:55.907Z,0.995,60-300s,91,0,11737,235
2026-01-08T03:13:55.907Z,0.995,5-15m,48,0,16739,837
2026-01-08T03:13:55.907Z,0.995,15-60m,15,0,60,6
2026-01-08T03:14:55.909Z,0.9,15-30s,5,5,5,1
2026-01-08T03:14:55.909Z,0.9,30-60s,7,6,9,3
2026-01-08T03:14:55.909Z,0.9,60-300s,3,1,4,2
2026-01-08T03:14:55.909Z,0.9,5-15m,32,24,40,2
2026-01-08T03:14:55.909Z,0.95,0-5s,6,6,6,1
2026-01-08T03:14:55.909Z,0.95,15-30s,11,0,49,6
2026-01-08T03:14:55.909Z,0.95,30-60s,6,3,9,4
2026-01-08T03:14:55.909Z,0.95,60-300s,168,0,1996,13
2026-01-08T03:14:55.909Z,0.95,5-15m,224,1,8995,44
2026-01-08T03:14:55.909Z,0.95,15-60m,6,6,6,1
2026-01-08T03:14:55.909Z,0.98,0-5s,12,6,17,2
2026-01-08T03:14:55.909Z,0.98,5-15s,548,548,548,1
2026-01-08T03:14:55.909Z,0.98,15-30s,22,2,76,18
2026-01-08T03:14:55.909Z,0.98,30-60s,11,0,40,21
2026-01-08T03:14:55.909Z,0.98,60-300s,47,0,1996,101
2026-01-08T03:14:55.909Z,0.98,5-15m,75,0,16739,325
2026-01-08T03:14:55.909Z,0.98,15-60m,4,2,6,2
2026-01-08T03:14:55.909Z,0.985,0-5s,12,6,17,2
2026-01-08T03:14:55.909Z,0.985,5-15s,613,548,677,2
2026-01-08T03:14:55.909Z,0.985,15-30s,22,2,76,18
2026-01-08T03:14:55.909Z,0.985,30-60s,10,0,40,23
2026-01-08T03:14:55.909Z,0.985,60-300s,47,0,1996,103
2026-01-08T03:14:55.909Z,0.985,5-15m,74,0,16739,330
2026-01-08T03:14:55.909Z,0.985,15-60m,4,2,6,2
2026-01-08T03:14:55.909Z,0.99,0-5s,12,6,17,2
2026-01-08T03:14:55.909Z,0.99,5-15s,613,548,677,2
2026-01-08T03:14:55.909Z,0.99,15-30s,22,2,76,19
2026-01-08T03:14:55.909Z,0.99,30-60s,13,0,55,30
2026-01-08T03:14:55.909Z,0.99,60-300s,91,0,11737,235
2026-01-08T03:14:55.909Z,0.99,5-15m,48,0,16739,837
2026-01-08T03:14:55.909Z,0.99,15-60m,15,0,60,6
2026-01-08T03:14:55.909Z,0.995,0-5s,12,6,17,2
2026-01-08T03:14:55.909Z,0.995,5-15s,895,548,1461,3
2026-01-08T03:14:55.909Z,0.995,15-30s,260,2,4787,20
2026-01-08T03:14:55.909Z,0.995,30-60s,13,0,55,30
2026-01-08T03:14:55.909Z,0.995,60-300s,91,0,11737,235
2026-01-08T03:14:55.909Z,0.995,5-15m,48,0,16739,837
2026-01-08T03:14:55.909Z,0.995,15-60m,15,0,60,6
2026-01-08T03:15:55.908Z,0.9,15-30s,5,5,5,1
2026-01-08T03:15:55.908Z,0.9,30-60s,7,6,9,3
2026-01-08T03:15:55.908Z,0.9,60-300s,3,1,4,2
2026-01-08T03:15:55.908Z,0.9,5-15m,32,24,40,2
2026-01-08T03:15:55.908Z,0.95,0-5s,6,6,6,1
2026-01-08T03:15:55.908Z,0.95,15-30s,11,0,49,6
2026-01-08T03:15:55.908Z,0.95,30-60s,6,3,9,4
2026-01-08T03:15:55.908Z,0.95,60-300s,168,0,1996,13
2026-01-08T03:15:55.908Z,0.95,5-15m,224,1,8995,44
2026-01-08T03:15:55.908Z,0.95,15-60m,6,6,6,1
2026-01-08T03:15:55.908Z,0.98,0-5s,12,6,17,2
2026-01-08T03:15:55.908Z,0.98,5-15s,548,548,548,1
2026-01-08T03:15:55.908Z,0.98,15-30s,22,2,76,18
2026-01-08T03:15:55.908Z,0.98,30-60s,11,0,40,21
2026-01-08T03:15:55.908Z,0.98,60-300s,47,0,1996,101
2026-01-08T03:15:55.908Z,0.98,5-15m,75,0,16739,325
2026-01-08T03:15:55.908Z,0.98,15-60m,4,2,6,2
2026-01-08T03:15:55.908Z,0.985,0-5s,12,6,17,2
2026-01-08T03:15:55.908Z,0.985,5-15s,613,548,677,2
2026-01-08T03:15:55.908Z,0.985,15-30s,22,2,76,18
2026-01-08T03:15:55.908Z,0.985,30-60s,10,0,40,23
2026-01-08T03:15:55.908Z,0.985,60-300s,47,0,1996,103
2026-01-08T03:15:55.908Z,0.985,5-15m,74,0,16739,330
2026-01-08T03:15:55.908Z,0.985,15-60m,4,2,6,2
2026-01-08T03:15:55.908Z,0.99,0-5s,12,6,17,2
2026-01-08T03:15:55.908Z,0.99,5-15s,613,548,677,2
2026-01-08T03:15:55.908Z,0.99,15-30s,22,2,76,19
2026-01-08T03:15:55.908Z,0.99,30-60s,13,0,55,30
2026-01-08T03:15:55.908Z,0.99,60-300s,91,0,11737,235
2026-01-08T03:15:55.908Z,0.99,5-15m,48,0,16739,839
2026-01-08T03:15:55.908Z,0.99,15-60m,15,0,60,6
2026-01-08T03:15:55.908Z,0.995,0-5s,12,6,17,2
2026-01-08T03:15:55.908Z,0.995,5-15s,895,548,1461,3
2026-01-08T03:15:55.908Z,0.995,15-30s,260,2,4787,20
2026-01-08T03:15:55.908Z,0.995,30-60s,13,0,55,30
2026-01-08T03:15:55.908Z,0.995,60-300s,91,0,11737,235
2026-01-08T03:15:55.908Z,0.995,5-15m,48,0,16739,839
2026-01-08T03:15:55.908Z,0.995,15-60m,15,0,60,6
2026-01-08T03:16:55.912Z,0.9,15-30s,5,5,5,1
2026-01-08T03:16:55.912Z,0.9,30-60s,7,6,9,3
2026-01-08T03:16:55.912Z,0.9,60-300s,3,1,4,2
2026-01-08T03:16:55.912Z,0.9,5-15m,32,24,40,2
2026-01-08T03:16:55.912Z,0.95,0-5s,6,6,6,1
2026-01-08T03:16:55.912Z,0.95,15-30s,11,0,49,6
2026-01-08T03:16:55.912Z,0.95,30-60s,6,3,9,4
2026-01-08T03:16:55.912Z,0.95,60-300s,168,0,1996,13
2026-01-08T03:16:55.912Z,0.95,5-15m,224,1,8995,44
2026-01-08T03:16:55.912Z,0.95,15-60m,6,6,6,1
2026-01-08T03:16:55.912Z,0.98,0-5s,12,6,17,2
2026-01-08T03:16:55.912Z,0.98,5-15s,548,548,548,1
2026-01-08T03:16:55.912Z,0.98,15-30s,22,2,76,18
2026-01-08T03:16:55.912Z,0.98,30-60s,11,0,40,21
2026-01-08T03:16:55.912Z,0.98,60-300s,47,0,1996,101
2026-01-08T03:16:55.912Z,0.98,5-15m,75,0,16739,327
2026-01-08T03:16:55.912Z,0.98,15-60m,4,2,6,2
2026-01-08T03:16:55.912Z,0.985,0-5s,12,6,17,2
2026-01-08T03:16:55.912Z,0.985,5-15s,613,548,677,2
2026-01-08T03:16:55.912Z,0.985,15-30s,22,2,76,18
2026-01-08T03:16:55.912Z,0.985,30-60s,10,0,40,23
2026-01-08T03:16:55.912Z,0.985,60-300s,47,0,1996,103
2026-01-08T03:16:55.912Z,0.985,5-15m,74,0,16739,332
2026-01-08T03:16:55.912Z,0.985,15-60m,4,2,6,2
2026-01-08T03:16:55.912Z,0.99,0-5s,12,6,17,2
2026-01-08T03:16:55.912Z,0.99,5-15s,613,548,677,2
2026-01-08T03:16:55.912Z,0.99,15-30s,22,2,76,19
2026-01-08T03:16:55.912Z,0.99,30-60s,13,0,55,30
2026-01-08T03:16:55.912Z,0.99,60-300s,91,0,11737,235
2026-01-08T03:16:55.912Z,0.99,5-15m,47,0,16739,844
2026-01-08T03:16:55.912Z,0.99,15-60m,15,0,60,6
2026-01-08T03:16:55.912Z,0.995,0-5s,12,6,17,2
2026-01-08T03:16:55.912Z,0.995,5-15s,895,548,1461,3
2026-01-08T03:16:55.912Z,0.995,15-30s,260,2,4787,20
2026-01-08T03:16:55.912Z,0.995,30-60s,13,0,55,30
2026-01-08T03:16:55.912Z,0.995,60-300s,91,0,11737,235
2026-01-08T03:16:55.912Z,0.995,5-15m,47,0,16739,844
2026-01-08T03:16:55.912Z,0.995,15-60m,15,0,60,6
2026-01-08T03:17:55.913Z,0.9,15-30s,5,5,5,1
2026-01-08T03:17:55.913Z,0.9,30-60s,7,6,9,3
2026-01-08T03:17:55.913Z,0.9,60-300s,3,1,4,2
2026-01-08T03:17:55.913Z,0.9,5-15m,32,24,40,2
2026-01-08T03:17:55.913Z,0.95,0-5s,6,6,6,1
2026-01-08T03:17:55.913Z,0.95,15-30s,11,0,49,6
2026-01-08T03:17:55.913Z,0.95,30-60s,6,3,9,4
2026-01-08T03:17:55.913Z,0.95,60-300s,168,0,1996,13
2026-01-08T03:17:55.913Z,0.95,5-15m,224,1,8995,44
2026-01-08T03:17:55.913Z,0.95,15-60m,6,6,6,1
2026-01-08T03:17:55.913Z,0.98,0-5s,12,6,17,2
2026-01-08T03:17:55.913Z,0.98,5-15s,548,548,548,1
2026-01-08T03:17:55.913Z,0.98,15-30s,22,2,76,18
2026-01-08T03:17:55.913Z,0.98,30-60s,11,0,40,21
2026-01-08T03:17:55.913Z,0.98,60-300s,47,0,1996,101
2026-01-08T03:17:55.913Z,0.98,5-15m,75,0,16739,329
2026-01-08T03:17:55.913Z,0.98,15-60m,4,2,6,2
2026-01-08T03:17:55.913Z,0.985,0-5s,12,6,17,2
2026-01-08T03:17:55.913Z,0.985,5-15s,613,548,677,2
2026-01-08T03:17:55.913Z,0.985,15-30s,22,2,76,18
2026-01-08T03:17:55.913Z,0.985,30-60s,10,0,40,23
2026-01-08T03:17:55.913Z,0.985,60-300s,47,0,1996,103
2026-01-08T03:17:55.913Z,0.985,5-15m,74,0,16739,334
2026-01-08T03:17:55.913Z,0.985,15-60m,4,2,6,2
2026-01-08T03:17:55.913Z,0.99,0-5s,12,6,17,2
2026-01-08T03:17:55.913Z,0.99,5-15s,613,548,677,2
2026-01-08T03:17:55.913Z,0.99,15-30s,22,2,76,19
2026-01-08T03:17:55.913Z,0.99,30-60s,13,0,55,30
2026-01-08T03:17:55.913Z,0.99,60-300s,91,0,11737,235
2026-01-08T03:17:55.913Z,0.99,5-15m,48,0,16739,853
2026-01-08T03:17:55.913Z,0.99,15-60m,15,0,60,6
2026-01-08T03:17:55.913Z,0.995,0-5s,12,6,17,2
2026-01-08T03:17:55.913Z,0.995,5-15s,895,548,1461,3
2026-01-08T03:17:55.913Z,0.995,15-30s,260,2,4787,20
2026-01-08T03:17:55.913Z,0.995,30-60s,13,0,55,30
2026-01-08T03:17:55.913Z,0.995,60-300s,91,0,11737,235
2026-01-08T03:17:55.913Z,0.995,5-15m,48,0,16739,853
2026-01-08T03:17:55.913Z,0.995,15-60m,15,0,60,6
2026-01-08T03:18:55.915Z,0.9,15-30s,5,5,5,1
2026-01-08T03:18:55.915Z,0.9,30-60s,7,6,9,3
2026-01-08T03:18:55.915Z,0.9,60-300s,3,1,4,2
2026-01-08T03:18:55.915Z,0.9,5-15m,32,24,40,2
2026-01-08T03:18:55.915Z,0.95,0-5s,6,6,6,1
2026-01-08T03:18:55.915Z,0.95,15-30s,11,0,49,6
2026-01-08T03:18:55.915Z,0.95,30-60s,6,3,9,4
2026-01-08T03:18:55.915Z,0.95,60-300s,168,0,1996,13
2026-01-08T03:18:55.915Z,0.95,5-15m,224,1,8995,44
2026-01-08T03:18:55.915Z,0.95,15-60m,6,6,6,1
2026-01-08T03:18:55.915Z,0.98,0-5s,12,6,17,2
2026-01-08T03:18:55.915Z,0.98,5-15s,548,548,548,1
2026-01-08T03:18:55.915Z,0.98,15-30s,22,2,76,18
2026-01-08T03:18:55.915Z,0.98,30-60s,11,0,40,21
2026-01-08T03:18:55.915Z,0.98,60-300s,47,0,1996,101
2026-01-08T03:18:55.915Z,0.98,5-15m,74,0,16739,332
2026-01-08T03:18:55.915Z,0.98,15-60m,4,2,6,2
2026-01-08T03:18:55.915Z,0.985,0-5s,12,6,17,2
2026-01-08T03:18:55.915Z,0.985,5-15s,613,548,677,2
2026-01-08T03:18:55.915Z,0.985,15-30s,22,2,76,18
2026-01-08T03:18:55.915Z,0.985,30-60s,10,0,40,23
2026-01-08T03:18:55.915Z,0.985,60-300s,47,0,1996,103
2026-01-08T03:18:55.915Z,0.985,5-15m,73,0,16739,337
2026-01-08T03:18:55.915Z,0.985,15-60m,4,2,6,2
2026-01-08T03:18:55.915Z,0.99,0-5s,12,6,17,2
2026-01-08T03:18:55.915Z,0.99,5-15s,613,548,677,2
2026-01-08T03:18:55.915Z,0.99,15-30s,22,2,76,19
2026-01-08T03:18:55.915Z,0.99,30-60s,13,0,55,30
2026-01-08T03:18:55.915Z,0.99,60-300s,91,0,11737,235
2026-01-08T03:18:55.915Z,0.99,5-15m,47,0,16739,859
2026-01-08T03:18:55.915Z,0.99,15-60m,15,0,60,6
2026-01-08T03:18:55.915Z,0.995,0-5s,12,6,17,2
2026-01-08T03:18:55.915Z,0.995,5-15s,895,548,1461,3
2026-01-08T03:18:55.915Z,0.995,15-30s,260,2,4787,20
2026-01-08T03:18:55.915Z,0.995,30-60s,13,0,55,30
2026-01-08T03:18:55.915Z,0.995,60-300s,91,0,11737,235
2026-01-08T03:18:55.915Z,0.995,5-15m,47,0,16739,859
2026-01-08T03:18:55.915Z,0.995,15-60m,15,0,60,6
2026-01-08T03:19:55.917Z,0.9,15-30s,5,5,5,1
2026-01-08T03:19:55.917Z,0.9,30-60s,7,6,9,3
2026-01-08T03:19:55.917Z,0.9,60-300s,3,1,4,2
2026-01-08T03:19:55.917Z,0.9,5-15m,32,24,40,2
2026-01-08T03:19:55.917Z,0.95,0-5s,6,6,6,1
2026-01-08T03:19:55.917Z,0.95,15-30s,11,0,49,6
2026-01-08T03:19:55.917Z,0.95,30-60s,6,3,9,4
2026-01-08T03:19:55.917Z,0.95,60-300s,168,0,1996,13
2026-01-08T03:19:55.917Z,0.95,5-15m,224,1,8995,44
2026-01-08T03:19:55.917Z,0.95,15-60m,6,6,6,1
2026-01-08T03:19:55.917Z,0.98,0-5s,12,6,17,2
2026-01-08T03:19:55.917Z,0.98,5-15s,548,548,548,1
2026-01-08T03:19:55.917Z,0.98,15-30s,22,2,76,18
2026-01-08T03:19:55.917Z,0.98,30-60s,11,0,40,21
2026-01-08T03:19:55.917Z,0.98,60-300s,47,0,1996,101
2026-01-08T03:19:55.917Z,0.98,5-15m,73,0,16739,335
2026-01-08T03:19:55.917Z,0.98,15-60m,4,2,6,2
2026-01-08T03:19:55.917Z,0.985,0-5s,12,6,17,2
2026-01-08T03:19:55.917Z,0.985,5-15s,613,548,677,2
2026-01-08T03:19:55.917Z,0.985,15-30s,22,2,76,18
2026-01-08T03:19:55.917Z,0.985,30-60s,10,0,40,23
2026-01-08T03:19:55.917Z,0.985,60-300s,47,0,1996,103
2026-01-08T03:19:55.917Z,0.985,5-15m,73,0,16739,340
2026-01-08T03:19:55.917Z,0.985,15-60m,4,2,6,2
2026-01-08T03:19:55.917Z,0.99,0-5s,12,6,17,2
2026-01-08T03:19:55.917Z,0.99,5-15s,613,548,677,2
2026-01-08T03:19:55.917Z,0.99,15-30s,22,2,76,19
2026-01-08T03:19:55.917Z,0.99,30-60s,13,0,55,30
2026-01-08T03:19:55.917Z,0.99,60-300s,91,0,11737,235
2026-01-08T03:19:55.917Z,0.99,5-15m,47,0,16739,863
2026-01-08T03:19:55.917Z,0.99,15-60m,15,0,60,6
2026-01-08T03:19:55.917Z,0.995,0-5s,12,6,17,2
2026-01-08T03:19:55.917Z,0.995,5-15s,895,548,1461,3
2026-01-08T03:19:55.917Z,0.995,15-30s,260,2,4787,20
2026-01-08T03:19:55.917Z,0.995,30-60s,13,0,55,30
2026-01-08T03:19:55.917Z,0.995,60-300s,91,0,11737,235
2026-01-08T03:19:55.917Z,0.995,5-15m,47,0,16739,863
2026-01-08T03:19:55.917Z,0.995,15-60m,15,0,60,6
2026-01-08T03:20:55.914Z,0.9,15-30s,5,5,5,1
2026-01-08T03:20:55.914Z,0.9,30-60s,7,6,9,3
2026-01-08T03:20:55.914Z,0.9,60-300s,3,1,4,2
2026-01-08T03:20:55.914Z,0.9,5-15m,32,24,40,2
2026-01-08T03:20:55.914Z,0.95,0-5s,6,6,6,1
2026-01-08T03:20:55.914Z,0.95,15-30s,11,0,49,6
2026-01-08T03:20:55.914Z,0.95,30-60s,6,3,9,4
2026-01-08T03:20:55.914Z,0.95,60-300s,168,0,1996,13
2026-01-08T03:20:55.914Z,0.95,5-15m,220,1,8995,45
2026-01-08T03:20:55.914Z,0.95,15-60m,6,6,6,1
2026-01-08T03:20:55.914Z,0.98,0-5s,12,6,17,2
2026-01-08T03:20:55.914Z,0.98,5-15s,548,548,548,1
2026-01-08T03:20:55.914Z,0.98,15-30s,22,2,76,18
2026-01-08T03:20:55.914Z,0.98,30-60s,11,0,40,21
2026-01-08T03:20:55.914Z,0.98,60-300s,47,0,1996,101
2026-01-08T03:20:55.914Z,0.98,5-15m,73,0,16739,338
2026-01-08T03:20:55.914Z,0.98,15-60m,4,2,6,2
2026-01-08T03:20:55.914Z,0.985,0-5s,12,6,17,2
2026-01-08T03:20:55.914Z,0.985,5-15s,613,548,677,2
2026-01-08T03:20:55.914Z,0.985,15-30s,22,2,76,18
2026-01-08T03:20:55.914Z,0.985,30-60s,10,0,40,23
2026-01-08T03:20:55.914Z,0.985,60-300s,47,0,1996,103
2026-01-08T03:20:55.914Z,0.985,5-15m,72,0,16739,343
2026-01-08T03:20:55.914Z,0.985,15-60m,4,2,6,2
2026-01-08T03:20:55.914Z,0.99,0-5s,12,6,17,2
2026-01-08T03:20:55.914Z,0.99,5-15s,613,548,677,2
2026-01-08T03:20:55.914Z,0.99,15-30s,22,2,76,19
2026-01-08T03:20:55.914Z,0.99,30-60s,13,0,55,30
2026-01-08T03:20:55.914Z,0.99,60-300s,91,0,11737,235
2026-01-08T03:20:55.914Z,0.99,5-15m,47,0,16739,870
2026-01-08T03:20:55.914Z,0.99,15-60m,15,0,60,6
2026-01-08T03:20:55.914Z,0.995,0-5s,12,6,17,2
2026-01-08T03:20:55.914Z,0.995,5-15s,895,548,1461,3
2026-01-08T03:20:55.914Z,0.995,15-30s,260,2,4787,20
2026-01-08T03:20:55.914Z,0.995,30-60s,13,0,55,30
2026-01-08T03:20:55.914Z,0.995,60-300s,91,0,11737,235
2026-01-08T03:20:55.914Z,0.995,5-15m,47,0,16739,870
2026-01-08T03:20:55.914Z,0.995,15-60m,15,0,60,6
2026-01-08T03:21:55.916Z,0.9,15-30s,5,5,5,1
2026-01-08T03:21:55.916Z,0.9,30-60s,7,6,9,3
2026-01-08T03:21:55.916Z,0.9,60-300s,3,1,4,2
2026-01-08T03:21:55.916Z,0.9,5-15m,32,24,40,2
2026-01-08T03:21:55.916Z,0.95,0-5s,6,6,6,1
2026-01-08T03:21:55.916Z,0.95,15-30s,11,0,49,6
2026-01-08T03:21:55.916Z,0.95,30-60s,6,3,9,4
2026-01-08T03:21:55.916Z,0.95,60-300s,168,0,1996,13
2026-01-08T03:21:55.916Z,0.95,5-15m,220,1,8995,45
2026-01-08T03:21:55.916Z,0.95,15-60m,6,6,6,1
2026-01-08T03:21:55.916Z,0.98,0-5s,12,6,17,2
2026-01-08T03:21:55.916Z,0.98,5-15s,548,548,548,1
2026-01-08T03:21:55.916Z,0.98,15-30s,22,2,76,18
2026-01-08T03:21:55.916Z,0.98,30-60s,11,0,40,21
2026-01-08T03:21:55.916Z,0.98,60-300s,47,0,1996,101
2026-01-08T03:21:55.916Z,0.98,5-15m,73,0,16739,339
2026-01-08T03:21:55.916Z,0.98,15-60m,4,2,6,2
2026-01-08T03:21:55.916Z,0.985,0-5s,12,6,17,2
2026-01-08T03:21:55.916Z,0.985,5-15s,613,548,677,2
2026-01-08T03:21:55.916Z,0.985,15-30s,22,2,76,18
2026-01-08T03:21:55.916Z,0.985,30-60s,10,0,40,23
2026-01-08T03:21:55.916Z,0.985,60-300s,47,0,1996,103
2026-01-08T03:21:55.916Z,0.985,5-15m,72,0,16739,344
2026-01-08T03:21:55.916Z,0.985,15-60m,4,2,6,2
2026-01-08T03:21:55.916Z,0.99,0-5s,12,6,17,2
2026-01-08T03:21:55.916Z,0.99,5-15s,613,548,677,2
2026-01-08T03:21:55.916Z,0.99,15-30s,22,2,76,19
2026-01-08T03:21:55.916Z,0.99,30-60s,13,0,55,30
2026-01-08T03:21:55.916Z,0.99,60-300s,91,0,11737,235
2026-01-08T03:21:55.916Z,0.99,5-15m,47,0,16739,876
2026-01-08T03:21:55.916Z,0.99,15-60m,15,0,60,6
2026-01-08T03:21:55.916Z,0.995,0-5s,12,6,17,2
2026-01-08T03:21:55.916Z,0.995,5-15s,895,548,1461,3
2026-01-08T03:21:55.916Z,0.995,15-30s,260,2,4787,20
2026-01-08T03:21:55.916Z,0.995,30-60s,13,0,55,30
2026-01-08T03:21:55.916Z,0.995,60-300s,91,0,11737,235
2026-01-08T03:21:55.916Z,0.995,5-15m,47,0,16739,876
2026-01-08T03:21:55.916Z,0.995,15-60m,15,0,60,6
2026-01-08T03:22:55.917Z,0.9,15-30s,5,5,5,1
2026-01-08T03:22:55.917Z,0.9,30-60s,7,6,9,3
2026-01-08T03:22:55.917Z,0.9,60-300s,3,1,4,2
2026-01-08T03:22:55.917Z,0.9,5-15m,32,24,40,2
2026-01-08T03:22:55.917Z,0.95,0-5s,6,6,6,1
2026-01-08T03:22:55.917Z,0.95,15-30s,11,0,49,6
2026-01-08T03:22:55.917Z,0.95,30-60s,6,3,9,4
2026-01-08T03:22:55.917Z,0.95,60-300s,168,0,1996,13
2026-01-08T03:22:55.917Z,0.95,5-15m,220,1,8995,45
2026-01-08T03:22:55.917Z,0.95,15-60m,6,6,6,1
2026-01-08T03:22:55.917Z,0.98,0-5s,12,6,17,2
2026-01-08T03:22:55.917Z,0.98,5-15s,548,548,548,1
2026-01-08T03:22:55.917Z,0.98,15-30s,22,2,76,18
2026-01-08T03:22:55.917Z,0.98,30-60s,11,0,40,21
2026-01-08T03:22:55.917Z,0.98,60-300s,47,0,1996,101
2026-01-08T03:22:55.917Z,0.98,5-15m,73,0,16739,339
2026-01-08T03:22:55.917Z,0.98,15-60m,4,2,6,2
2026-01-08T03:22:55.917Z,0.985,0-5s,12,6,17,2
2026-01-08T03:22:55.917Z,0.985,5-15s,613,548,677,2
2026-01-08T03:22:55.917Z,0.985,15-30s,22,2,76,18
2026-01-08T03:22:55.917Z,0.985,30-60s,10,0,40,23
2026-01-08T03:22:55.917Z,0.985,60-300s,47,0,1996,103
2026-01-08T03:22:55.917Z,0.985,5-15m,72,0,16739,344
2026-01-08T03:22:55.917Z,0.985,15-60m,4,2,6,2
2026-01-08T03:22:55.917Z,0.99,0-5s,12,6,17,2
2026-01-08T03:22:55.917Z,0.99,5-15s,613,548,677,2
2026-01-08T03:22:55.917Z,0.99,15-30s,22,2,76,19
2026-01-08T03:22:55.917Z,0.99,30-60s,13,0,55,30
2026-01-08T03:22:55.917Z,0.99,60-300s,91,0,11737,235
2026-01-08T03:22:55.917Z,0.99,5-15m,47,0,16739,878
2026-01-08T03:22:55.917Z,0.99,15-60m,15,0,60,6
2026-01-08T03:22:55.917Z,0.995,0-5s,12,6,17,2
2026-01-08T03:22:55.917Z,0.995,5-15s,895,548,1461,3
2026-01-08T03:22:55.917Z,0.995,15-30s,260,2,4787,20
2026-01-08T03:22:55.917Z,0.995,30-60s,13,0,55,30
2026-01-08T03:22:55.917Z,0.995,60-300s,91,0,11737,235
2026-01-08T03:22:55.917Z,0.995,5-15m,47,0,16739,878
2026-01-08T03:22:55.917Z,0.995,15-60m,15,0,60,6
2026-01-08T03:23:55.916Z,0.9,15-30s,5,5,5,1
2026-01-08T03:23:55.916Z,0.9,30-60s,7,6,9,3
2026-01-08T03:23:55.916Z,0.9,60-300s,3,1,4,2
2026-01-08T03:23:55.916Z,0.9,5-15m,32,24,40,2
2026-01-08T03:23:55.916Z,0.95,0-5s,6,6,6,1
2026-01-08T03:23:55.916Z,0.95,15-30s,11,0,49,6
2026-01-08T03:23:55.916Z,0.95,30-60s,6,3,9,4
2026-01-08T03:23:55.916Z,0.95,60-300s,168,0,1996,13
2026-01-08T03:23:55.916Z,0.95,5-15m,220,1,8995,45
2026-01-08T03:23:55.916Z,0.95,15-60m,6,6,6,1
2026-01-08T03:23:55.916Z,0.98,0-5s,12,6,17,2
2026-01-08T03:23:55.916Z,0.98,5-15s,548,548,548,1
2026-01-08T03:23:55.916Z,0.98,15-30s,22,2,76,18
2026-01-08T03:23:55.916Z,0.98,30-60s,11,0,40,21
2026-01-08T03:23:55.916Z,0.98,60-300s,47,0,1996,101
2026-01-08T03:23:55.916Z,0.98,5-15m,73,0,16739,339
2026-01-08T03:23:55.916Z,0.98,15-60m,4,2,6,2
2026-01-08T03:23:55.916Z,0.985,0-5s,12,6,17,2
2026-01-08T03:23:55.916Z,0.985,5-15s,613,548,677,2
2026-01-08T03:23:55.916Z,0.985,15-30s,22,2,76,18
2026-01-08T03:23:55.916Z,0.985,30-60s,10,0,40,23
2026-01-08T03:23:55.916Z,0.985,60-300s,47,0,1996,103
2026-01-08T03:23:55.916Z,0.985,5-15m,72,0,16739,344
2026-01-08T03:23:55.916Z,0.985,15-60m,4,2,6,2
2026-01-08T03:23:55.916Z,0.99,0-5s,12,6,17,2
2026-01-08T03:23:55.916Z,0.99,5-15s,613,548,677,2
2026-01-08T03:23:55.916Z,0.99,15-30s,22,2,76,19
2026-01-08T03:23:55.916Z,0.99,30-60s,13,0,55,30
2026-01-08T03:23:55.916Z,0.99,60-300s,91,0,11737,235
2026-01-08T03:23:55.916Z,0.99,5-15m,46,0,16739,880
2026-01-08T03:23:55.916Z,0.99,15-60m,15,0,60,6
2026-01-08T03:23:55.916Z,0.995,0-5s,12,6,17,2
2026-01-08T03:23:55.916Z,0.995,5-15s,895,548,1461,3
2026-01-08T03:23:55.916Z,0.995,15-30s,260,2,4787,20
2026-01-08T03:23:55.916Z,0.995,30-60s,13,0,55,30
2026-01-08T03:23:55.916Z,0.995,60-300s,91,0,11737,235
2026-01-08T03:23:55.916Z,0.995,5-15m,46,0,16739,880
2026-01-08T03:23:55.916Z,0.995,15-60m,15,0,60,6
2026-01-08T03:24:55.922Z,0.9,15-30s,5,5,5,1
2026-01-08T03:24:55.922Z,0.9,30-60s,7,6,9,3
2026-01-08T03:24:55.922Z,0.9,60-300s,3,1,4,2
2026-01-08T03:24:55.922Z,0.9,5-15m,32,24,40,2
2026-01-08T03:24:55.922Z,0.95,0-5s,6,6,6,1
2026-01-08T03:24:55.922Z,0.95,15-30s,11,0,49,6
2026-01-08T03:24:55.922Z,0.95,30-60s,6,3,9,4
2026-01-08T03:24:55.922Z,0.95,60-300s,168,0,1996,13
2026-01-08T03:24:55.922Z,0.95,5-15m,220,1,8995,45
2026-01-08T03:24:55.922Z,0.95,15-60m,6,6,6,1
2026-01-08T03:24:55.922Z,0.98,0-5s,12,6,17,2
2026-01-08T03:24:55.922Z,0.98,5-15s,548,548,548,1
2026-01-08T03:24:55.922Z,0.98,15-30s,22,2,76,18
2026-01-08T03:24:55.922Z,0.98,30-60s,11,0,40,21
2026-01-08T03:24:55.922Z,0.98,60-300s,47,0,1996,101
2026-01-08T03:24:55.922Z,0.98,5-15m,72,0,16739,341
2026-01-08T03:24:55.922Z,0.98,15-60m,4,2,6,2
2026-01-08T03:24:55.922Z,0.985,0-5s,12,6,17,2
2026-01-08T03:24:55.922Z,0.985,5-15s,613,548,677,2
2026-01-08T03:24:55.922Z,0.985,15-30s,22,2,76,18
2026-01-08T03:24:55.922Z,0.985,30-60s,10,0,40,23
2026-01-08T03:24:55.922Z,0.985,60-300s,47,0,1996,103
2026-01-08T03:24:55.922Z,0.985,5-15m,72,0,16739,346
2026-01-08T03:24:55.922Z,0.985,15-60m,4,2,6,2
2026-01-08T03:24:55.922Z,0.99,0-5s,12,6,17,2
2026-01-08T03:24:55.922Z,0.99,5-15s,613,548,677,2
2026-01-08T03:24:55.922Z,0.99,15-30s,22,2,76,19
2026-01-08T03:24:55.922Z,0.99,30-60s,13,0,55,30
2026-01-08T03:24:55.922Z,0.99,60-300s,91,0,11737,235
2026-01-08T03:24:55.922Z,0.99,5-15m,46,0,16739,885
2026-01-08T03:24:55.922Z,0.99,15-60m,15,0,60,6
2026-01-08T03:24:55.922Z,0.995,0-5s,12,6,17,2
2026-01-08T03:24:55.922Z,0.995,5-15s,895,548,1461,3
2026-01-08T03:24:55.922Z,0.995,15-30s,260,2,4787,20
2026-01-08T03:24:55.922Z,0.995,30-60s,13,0,55,30
2026-01-08T03:24:55.922Z,0.995,60-300s,91,0,11737,235
2026-01-08T03:24:55.922Z,0.995,5-15m,46,0,16739,885
2026-01-08T03:24:55.922Z,0.995,15-60m,15,0,60,6
2026-01-08T03:25:55.925Z,0.9,15-30s,5,5,5,1
2026-01-08T03:25:55.925Z,0.9,30-60s,7,6,9,3
2026-01-08T03:25:55.925Z,0.9,60-300s,3,1,4,2
2026-01-08T03:25:55.925Z,0.9,5-15m,32,24,40,2
2026-01-08T03:25:55.925Z,0.95,0-5s,6,6,6,1
2026-01-08T03:25:55.925Z,0.95,15-30s,11,0,49,6
2026-01-08T03:25:55.925Z,0.95,30-60s,6,3,9,4
2026-01-08T03:25:55.925Z,0.95,60-300s,168,0,1996,13
2026-01-08T03:25:55.925Z,0.95,5-15m,220,1,8995,45
2026-01-08T03:25:55.925Z,0.95,15-60m,6,6,6,1
2026-01-08T03:25:55.925Z,0.98,0-5s,12,6,17,2
2026-01-08T03:25:55.925Z,0.98,5-15s,548,548,548,1
2026-01-08T03:25:55.925Z,0.98,15-30s,22,2,76,18
2026-01-08T03:25:55.925Z,0.98,30-60s,11,0,40,21
2026-01-08T03:25:55.925Z,0.98,60-300s,46,0,1996,102
2026-01-08T03:25:55.925Z,0.98,5-15m,72,0,16739,341
2026-01-08T03:25:55.925Z,0.98,15-60m,4,2,6,2
2026-01-08T03:25:55.925Z,0.985,0-5s,12,6,17,2
2026-01-08T03:25:55.925Z,0.985,5-15s,613,548,677,2
2026-01-08T03:25:55.925Z,0.985,15-30s,22,2,76,18
2026-01-08T03:25:55.925Z,0.985,30-60s,10,0,40,23
2026-01-08T03:25:55.925Z,0.985,60-300s,47,0,1996,104
2026-01-08T03:25:55.925Z,0.985,5-15m,72,0,16739,346
2026-01-08T03:25:55.925Z,0.985,15-60m,4,2,6,2
2026-01-08T03:25:55.925Z,0.99,0-5s,12,6,17,2
2026-01-08T03:25:55.925Z,0.99,5-15s,613,548,677,2
2026-01-08T03:25:55.925Z,0.99,15-30s,22,2,76,19
2026-01-08T03:25:55.925Z,0.99,30-60s,13,0,55,30
2026-01-08T03:25:55.925Z,0.99,60-300s,91,0,11737,236
2026-01-08T03:25:55.925Z,0.99,5-15m,46,0,16739,885
2026-01-08T03:25:55.925Z,0.99,15-60m,15,0,60,6
2026-01-08T03:25:55.925Z,0.995,0-5s,12,6,17,2
2026-01-08T03:25:55.925Z,0.995,5-15s,895,548,1461,3
2026-01-08T03:25:55.925Z,0.995,15-30s,260,2,4787,20
2026-01-08T03:25:55.925Z,0.995,30-60s,13,0,55,30
2026-01-08T03:25:55.925Z,0.995,60-300s,91,0,11737,236
2026-01-08T03:25:55.925Z,0.995,5-15m,46,0,16739,885
2026-01-08T03:25:55.925Z,0.995,15-60m,15,0,60,6
2026-01-08T03:26:55.924Z,0.9,15-30s,5,5,5,1
2026-01-08T03:26:55.924Z,0.9,30-60s,7,6,9,3
2026-01-08T03:26:55.924Z,0.9,60-300s,3,1,4,2
2026-01-08T03:26:55.924Z,0.9,5-15m,32,24,40,2
2026-01-08T03:26:55.924Z,0.95,0-5s,6,6,6,1
2026-01-08T03:26:55.924Z,0.95,15-30s,11,0,49,6
2026-01-08T03:26:55.924Z,0.95,30-60s,6,3,9,4
2026-01-08T03:26:55.924Z,0.95,60-300s,168,0,1996,13
2026-01-08T03:26:55.924Z,0.95,5-15m,220,1,8995,45
2026-01-08T03:26:55.924Z,0.95,15-60m,6,6,6,1
2026-01-08T03:26:55.924Z,0.98,0-5s,12,6,17,2
2026-01-08T03:26:55.924Z,0.98,5-15s,548,548,548,1
2026-01-08T03:26:55.924Z,0.98,15-30s,22,2,76,18
2026-01-08T03:26:55.924Z,0.98,30-60s,11,0,40,21
2026-01-08T03:26:55.924Z,0.98,60-300s,46,0,1996,102
2026-01-08T03:26:55.924Z,0.98,5-15m,72,0,16739,341
2026-01-08T03:26:55.924Z,0.98,15-60m,4,2,6,2
2026-01-08T03:26:55.924Z,0.985,0-5s,12,6,17,2
2026-01-08T03:26:55.924Z,0.985,5-15s,613,548,677,2
2026-01-08T03:26:55.924Z,0.985,15-30s,22,2,76,18
2026-01-08T03:26:55.924Z,0.985,30-60s,10,0,40,23
2026-01-08T03:26:55.924Z,0.985,60-300s,47,0,1996,104
2026-01-08T03:26:55.924Z,0.985,5-15m,72,0,16739,346
2026-01-08T03:26:55.924Z,0.985,15-60m,4,2,6,2
2026-01-08T03:26:55.924Z,0.99,0-5s,12,6,17,2
2026-01-08T03:26:55.924Z,0.99,5-15s,613,548,677,2
2026-01-08T03:26:55.924Z,0.99,15-30s,22,2,76,19
2026-01-08T03:26:55.924Z,0.99,30-60s,13,0,55,30
2026-01-08T03:26:55.924Z,0.99,60-300s,91,0,11737,236
2026-01-08T03:26:55.924Z,0.99,5-15m,46,0,16739,885
2026-01-08T03:26:55.924Z,0.99,15-60m,15,0,60,6
2026-01-08T03:26:55.924Z,0.995,0-5s,12,6,17,2
2026-01-08T03:26:55.924Z,0.995,5-15s,895,548,1461,3
2026-01-08T03:26:55.924Z,0.995,15-30s,260,2,4787,20
2026-01-08T03:26:55.924Z,0.995,30-60s,13,0,55,30
2026-01-08T03:26:55.924Z,0.995,60-300s,91,0,11737,236
2026-01-08T03:26:55.924Z,0.995,5-15m,46,0,16739,885
2026-01-08T03:26:55.924Z,0.995,15-60m,15,0,60,6
2026-01-08T03:27:55.926Z,0.9,15-30s,5,5,5,1
2026-01-08T03:27:55.926Z,0.9,30-60s,7,6,9,3
2026-01-08T03:27:55.926Z,0.9,60-300s,3,1,4,2
2026-01-08T03:27:55.926Z,0.9,5-15m,32,24,40,2
2026-01-08T03:27:55.926Z,0.95,0-5s,6,6,6,1
2026-01-08T03:27:55.926Z,0.95,15-30s,11,0,49,6
2026-01-08T03:27:55.926Z,0.95,30-60s,6,3,9,4
2026-01-08T03:27:55.926Z,0.95,60-300s,168,0,1996,13
2026-01-08T03:27:55.926Z,0.95,5-15m,220,1,8995,45
2026-01-08T03:27:55.926Z,0.95,15-60m,6,6,6,1
2026-01-08T03:27:55.926Z,0.98,0-5s,12,6,17,2
2026-01-08T03:27:55.926Z,0.98,5-15s,548,548,548,1
2026-01-08T03:27:55.926Z,0.98,15-30s,22,2,76,18
2026-01-08T03:27:55.926Z,0.98,30-60s,11,0,40,21
2026-01-08T03:27:55.926Z,0.98,60-300s,46,0,1996,102
2026-01-08T03:27:55.926Z,0.98,5-15m,72,0,16739,341
2026-01-08T03:27:55.926Z,0.98,15-60m,4,2,6,2
2026-01-08T03:27:55.926Z,0.985,0-5s,12,6,17,2
2026-01-08T03:27:55.926Z,0.985,5-15s,613,548,677,2
2026-01-08T03:27:55.926Z,0.985,15-30s,22,2,76,18
2026-01-08T03:27:55.926Z,0.985,30-60s,10,0,40,23
2026-01-08T03:27:55.926Z,0.985,60-300s,47,0,1996,104
2026-01-08T03:27:55.926Z,0.985,5-15m,72,0,16739,346
2026-01-08T03:27:55.926Z,0.985,15-60m,4,2,6,2
2026-01-08T03:27:55.926Z,0.99,0-5s,12,6,17,2
2026-01-08T03:27:55.926Z,0.99,5-15s,613,548,677,2
2026-01-08T03:27:55.926Z,0.99,15-30s,22,2,76,19
2026-01-08T03:27:55.926Z,0.99,30-60s,13,0,55,30
2026-01-08T03:27:55.926Z,0.99,60-300s,91,0,11737,236
2026-01-08T03:27:55.926Z,0.99,5-15m,46,0,16739,885
2026-01-08T03:27:55.926Z,0.99,15-60m,15,0,60,6
2026-01-08T03:27:55.926Z,0.995,0-5s,12,6,17,2
2026-01-08T03:27:55.926Z,0.995,5-15s,895,548,1461,3
2026-01-08T03:27:55.926Z,0.995,15-30s,260,2,4787,20
2026-01-08T03:27:55.926Z,0.995,30-60s,13,0,55,30
2026-01-08T03:27:55.926Z,0.995,60-300s,91,0,11737,236
2026-01-08T03:27:55.926Z,0.995,5-15m,46,0,16739,885
2026-01-08T03:27:55.926Z,0.995,15-60m,15,0,60,6
2026-01-08T03:28:55.924Z,0.9,15-30s,5,5,5,1
2026-01-08T03:28:55.924Z,0.9,30-60s,7,6,9,3
2026-01-08T03:28:55.924Z,0.9,60-300s,3,1,4,2
2026-01-08T03:28:55.924Z,0.9,5-15m,32,24,40,2
2026-01-08T03:28:55.924Z,0.95,0-5s,6,6,6,1
2026-01-08T03:28:55.924Z,0.95,15-30s,11,0,49,6
2026-01-08T03:28:55.924Z,0.95,30-60s,6,3,9,4
2026-01-08T03:28:55.924Z,0.95,60-300s,168,0,1996,13
2026-01-08T03:28:55.924Z,0.95,5-15m,220,1,8995,45
2026-01-08T03:28:55.924Z,0.95,15-60m,6,6,6,1
2026-01-08T03:28:55.924Z,0.98,0-5s,12,6,17,2
2026-01-08T03:28:55.924Z,0.98,5-15s,548,548,548,1
2026-01-08T03:28:55.924Z,0.98,15-30s,22,2,76,18
2026-01-08T03:28:55.924Z,0.98,30-60s,11,0,40,21
2026-01-08T03:28:55.924Z,0.98,60-300s,46,0,1996,102
2026-01-08T03:28:55.924Z,0.98,5-15m,72,0,16739,341
2026-01-08T03:28:55.924Z,0.98,15-60m,4,2,6,2
2026-01-08T03:28:55.924Z,0.985,0-5s,12,6,17,2
2026-01-08T03:28:55.924Z,0.985,5-15s,613,548,677,2
2026-01-08T03:28:55.924Z,0.985,15-30s,22,2,76,18
2026-01-08T03:28:55.924Z,0.985,30-60s,10,0,40,23
2026-01-08T03:28:55.924Z,0.985,60-300s,47,0,1996,104
2026-01-08T03:28:55.924Z,0.985,5-15m,72,0,16739,346
2026-01-08T03:28:55.924Z,0.985,15-60m,4,2,6,2
2026-01-08T03:28:55.924Z,0.99,0-5s,12,6,17,2
2026-01-08T03:28:55.924Z,0.99,5-15s,613,548,677,2
2026-01-08T03:28:55.924Z,0.99,15-30s,22,2,76,19
2026-01-08T03:28:55.924Z,0.99,30-60s,13,0,55,30
2026-01-08T03:28:55.924Z,0.99,60-300s,91,0,11737,236
2026-01-08T03:28:55.924Z,0.99,5-15m,46,0,16739,885
2026-01-08T03:28:55.924Z,0.99,15-60m,13,0,60,7
2026-01-08T03:28:55.924Z,0.995,0-5s,12,6,17,2
2026-01-08T03:28:55.924Z,0.995,5-15s,895,548,1461,3
2026-01-08T03:28:55.924Z,0.995,15-30s,260,2,4787,20
2026-01-08T03:28:55.924Z,0.995,30-60s,13,0,55,30
2026-01-08T03:28:55.924Z,0.995,60-300s,91,0,11737,236
2026-01-08T03:28:55.924Z,0.995,5-15m,46,0,16739,885
2026-01-08T03:28:55.924Z,0.995,15-60m,13,0,60,7
2026-01-08T03:29:55.929Z,0.9,15-30s,5,5,5,1
2026-01-08T03:29:55.929Z,0.9,30-60s,7,6,9,3
2026-01-08T03:29:55.929Z,0.9,60-300s,3,1,4,2
2026-01-08T03:29:55.929Z,0.9,5-15m,32,24,40,2
2026-01-08T03:29:55.929Z,0.95,0-5s,6,6,6,1
2026-01-08T03:29:55.929Z,0.95,15-30s,11,0,49,6
2026-01-08T03:29:55.929Z,0.95,30-60s,6,3,9,4
2026-01-08T03:29:55.929Z,0.95,60-300s,168,0,1996,13
2026-01-08T03:29:55.929Z,0.95,5-15m,220,1,8995,45
2026-01-08T03:29:55.929Z,0.95,15-60m,6,6,6,1
2026-01-08T03:29:55.929Z,0.98,0-5s,12,6,17,2
2026-01-08T03:29:55.929Z,0.98,5-15s,548,548,548,1
2026-01-08T03:29:55.929Z,0.98,15-30s,22,2,76,18
2026-01-08T03:29:55.929Z,0.98,30-60s,11,0,40,21
2026-01-08T03:29:55.929Z,0.98,60-300s,46,0,1996,102
2026-01-08T03:29:55.929Z,0.98,5-15m,72,0,16739,341
2026-01-08T03:29:55.929Z,0.98,15-60m,4,2,6,2
2026-01-08T03:29:55.929Z,0.985,0-5s,12,6,17,2
2026-01-08T03:29:55.929Z,0.985,5-15s,613,548,677,2
2026-01-08T03:29:55.929Z,0.985,15-30s,22,2,76,18
2026-01-08T03:29:55.929Z,0.985,30-60s,10,0,40,23
2026-01-08T03:29:55.929Z,0.985,60-300s,47,0,1996,104
2026-01-08T03:29:55.929Z,0.985,5-15m,72,0,16739,346
2026-01-08T03:29:55.929Z,0.985,15-60m,4,2,6,2
2026-01-08T03:29:55.929Z,0.99,0-5s,12,6,17,2
2026-01-08T03:29:55.929Z,0.99,5-15s,613,548,677,2
2026-01-08T03:29:55.929Z,0.99,15-30s,22,2,76,19
2026-01-08T03:29:55.929Z,0.99,30-60s,13,0,55,30
2026-01-08T03:29:55.929Z,0.99,60-300s,91,0,11737,236
2026-01-08T03:29:55.929Z,0.99,5-15m,46,0,16739,885
2026-01-08T03:29:55.929Z,0.99,15-60m,13,0,60,7
2026-01-08T03:29:55.929Z,0.995,0-5s,12,6,17,2
2026-01-08T03:29:55.929Z,0.995,5-15s,895,548,1461,3
2026-01-08T03:29:55.929Z,0.995,15-30s,260,2,4787,20
2026-01-08T03:29:55.929Z,0.995,30-60s,13,0,55,30
2026-01-08T03:29:55.929Z,0.995,60-300s,91,0,11737,236
2026-01-08T03:29:55.929Z,0.995,5-15m,46,0,16739,885
2026-01-08T03:29:55.929Z,0.995,15-60m,13,0,60,7
2026-01-08T03:30:55.924Z,0.9,15-30s,5,5,5,1
2026-01-08T03:30:55.924Z,0.9,30-60s,7,6,9,3
2026-01-08T03:30:55.924Z,0.9,60-300s,3,1,4,2
2026-01-08T03:30:55.924Z,0.9,5-15m,32,24,40,2
2026-01-08T03:30:55.924Z,0.95,0-5s,6,6,6,1
2026-01-08T03:30:55.924Z,0.95,15-30s,11,0,49,6
2026-01-08T03:30:55.924Z,0.95,30-60s,6,3,9,4
2026-01-08T03:30:55.924Z,0.95,60-300s,168,0,1996,13
2026-01-08T03:30:55.924Z,0.95,5-15m,220,1,8995,45
2026-01-08T03:30:55.924Z,0.95,15-60m,6,6,6,1
2026-01-08T03:30:55.924Z,0.98,0-5s,12,6,17,2
2026-01-08T03:30:55.924Z,0.98,5-15s,548,548,548,1
2026-01-08T03:30:55.924Z,0.98,15-30s,22,2,76,18
2026-01-08T03:30:55.924Z,0.98,30-60s,11,0,40,21
2026-01-08T03:30:55.924Z,0.98,60-300s,46,0,1996,102
2026-01-08T03:30:55.924Z,0.98,5-15m,71,0,16739,347
2026-01-08T03:30:55.924Z,0.98,15-60m,4,2,6,2
2026-01-08T03:30:55.924Z,0.985,0-5s,12,6,17,2
2026-01-08T03:30:55.924Z,0.985,5-15s,613,548,677,2
2026-01-08T03:30:55.924Z,0.985,15-30s,22,2,76,18
2026-01-08T03:30:55.924Z,0.985,30-60s,10,0,40,23
2026-01-08T03:30:55.924Z,0.985,60-300s,47,0,1996,104
2026-01-08T03:30:55.924Z,0.985,5-15m,71,0,16739,352
2026-01-08T03:30:55.924Z,0.985,15-60m,4,2,6,2
2026-01-08T03:30:55.924Z,0.99,0-5s,12,6,17,2
2026-01-08T03:30:55.924Z,0.99,5-15s,613,548,677,2
2026-01-08T03:30:55.924Z,0.99,15-30s,22,2,76,19
2026-01-08T03:30:55.924Z,0.99,30-60s,13,0,55,30
2026-01-08T03:30:55.924Z,0.99,60-300s,91,0,11737,236
2026-01-08T03:30:55.924Z,0.99,5-15m,46,0,16739,898
2026-01-08T03:30:55.924Z,0.99,15-60m,14,0,60,8
2026-01-08T03:30:55.924Z,0.995,0-5s,12,6,17,2
2026-01-08T03:30:55.924Z,0.995,5-15s,895,548,1461,3
2026-01-08T03:30:55.924Z,0.995,15-30s,260,2,4787,20
2026-01-08T03:30:55.924Z,0.995,30-60s,13,0,55,30
2026-01-08T03:30:55.924Z,0.995,60-300s,91,0,11737,236
2026-01-08T03:30:55.924Z,0.995,5-15m,46,0,16739,898
2026-01-08T03:30:55.924Z,0.995,15-60m,14,0,60,8
2026-01-08T03:31:55.931Z,0.9,15-30s,5,5,5,1
2026-01-08T03:31:55.931Z,0.9,30-60s,7,6,9,3
2026-01-08T03:31:55.931Z,0.9,60-300s,3,1,4,2
2026-01-08T03:31:55.931Z,0.9,5-15m,32,24,40,2
2026-01-08T03:31:55.931Z,0.95,0-5s,6,6,6,1
2026-01-08T03:31:55.931Z,0.95,15-30s,11,0,49,6
2026-01-08T03:31:55.931Z,0.95,30-60s,6,3,9,4
2026-01-08T03:31:55.931Z,0.95,60-300s,168,0,1996,13
2026-01-08T03:31:55.931Z,0.95,5-15m,220,1,8995,45
2026-01-08T03:31:55.931Z,0.95,15-60m,6,6,6,1
2026-01-08T03:31:55.931Z,0.98,0-5s,12,6,17,2
2026-01-08T03:31:55.931Z,0.98,5-15s,548,548,548,1
2026-01-08T03:31:55.931Z,0.98,15-30s,22,2,76,18
2026-01-08T03:31:55.931Z,0.98,30-60s,11,0,40,21
2026-01-08T03:31:55.931Z,0.98,60-300s,46,0,1996,102
2026-01-08T03:31:55.931Z,0.98,5-15m,71,0,16739,349
2026-01-08T03:31:55.931Z,0.98,15-60m,4,2,6,2
2026-01-08T03:31:55.931Z,0.985,0-5s,12,6,17,2
2026-01-08T03:31:55.931Z,0.985,5-15s,613,548,677,2
2026-01-08T03:31:55.931Z,0.985,15-30s,22,2,76,18
2026-01-08T03:31:55.931Z,0.985,30-60s,10,0,40,23
2026-01-08T03:31:55.931Z,0.985,60-300s,47,0,1996,104
2026-01-08T03:31:55.931Z,0.985,5-15m,70,0,16739,354
2026-01-08T03:31:55.931Z,0.985,15-60m,4,2,6,2
2026-01-08T03:31:55.931Z,0.99,0-5s,12,6,17,2
2026-01-08T03:31:55.931Z,0.99,5-15s,613,548,677,2
2026-01-08T03:31:55.931Z,0.99,15-30s,22,2,76,19
2026-01-08T03:31:55.931Z,0.99,30-60s,13,0,55,30
2026-01-08T03:31:55.931Z,0.99,60-300s,91,0,11737,236
2026-01-08T03:31:55.931Z,0.99,5-15m,46,0,16739,905
2026-01-08T03:31:55.931Z,0.99,15-60m,14,0,60,8
2026-01-08T03:31:55.931Z,0.995,0-5s,12,6,17,2
2026-01-08T03:31:55.931Z,0.995,5-15s,895,548,1461,3
2026-01-08T03:31:55.931Z,0.995,15-30s,260,2,4787,20
2026-01-08T03:31:55.931Z,0.995,30-60s,13,0,55,30
2026-01-08T03:31:55.931Z,0.995,60-300s,91,0,11737,236
2026-01-08T03:31:55.931Z,0.995,5-15m,46,0,16739,905
2026-01-08T03:31:55.931Z,0.995,15-60m,14,0,60,8
2026-01-08T03:32:55.929Z,0.9,15-30s,5,5,5,1
2026-01-08T03:32:55.929Z,0.9,30-60s,7,6,9,3
2026-01-08T03:32:55.929Z,0.9,60-300s,3,1,4,2
2026-01-08T03:32:55.929Z,0.9,5-15m,21,0,40,3
2026-01-08T03:32:55.929Z,0.95,0-5s,6,6,6,1
2026-01-08T03:32:55.929Z,0.95,15-30s,11,0,49,6
2026-01-08T03:32:55.929Z,0.95,30-60s,6,3,9,4
2026-01-08T03:32:55.929Z,0.95,60-300s,168,0,1996,13
2026-01-08T03:32:55.929Z,0.95,5-15m,212,0,8995,47
2026-01-08T03:32:55.929Z,0.95,15-60m,6,6,6,1
2026-01-08T03:32:55.929Z,0.98,0-5s,12,6,17,2
2026-01-08T03:32:55.929Z,0.98,5-15s,548,548,548,1
2026-01-08T03:32:55.929Z,0.98,15-30s,22,2,76,18
2026-01-08T03:32:55.929Z,0.98,30-60s,11,0,40,21
2026-01-08T03:32:55.929Z,0.98,60-300s,46,0,1996,102
2026-01-08T03:32:55.929Z,0.98,5-15m,71,0,16739,354
2026-01-08T03:32:55.929Z,0.98,15-60m,4,2,6,2
2026-01-08T03:32:55.929Z,0.985,0-5s,12,6,17,2
2026-01-08T03:32:55.929Z,0.985,5-15s,613,548,677,2
2026-01-08T03:32:55.929Z,0.985,15-30s,22,2,76,18
2026-01-08T03:32:55.929Z,0.985,30-60s,10,0,40,23
2026-01-08T03:32:55.929Z,0.985,60-300s,47,0,1996,104
2026-01-08T03:32:55.929Z,0.985,5-15m,70,0,16739,359
2026-01-08T03:32:55.929Z,0.985,15-60m,4,2,6,2
2026-01-08T03:32:55.929Z,0.99,0-5s,12,6,17,2
2026-01-08T03:32:55.929Z,0.99,5-15s,613,548,677,2
2026-01-08T03:32:55.929Z,0.99,15-30s,22,2,76,19
2026-01-08T03:32:55.929Z,0.99,30-60s,13,0,55,30
2026-01-08T03:32:55.929Z,0.99,60-300s,91,0,11737,236
2026-01-08T03:32:55.929Z,0.99,5-15m,46,0,16739,915
2026-01-08T03:32:55.929Z,0.99,15-60m,14,0,60,8
2026-01-08T03:32:55.929Z,0.995,0-5s,12,6,17,2
2026-01-08T03:32:55.929Z,0.995,5-15s,895,548,1461,3
2026-01-08T03:32:55.929Z,0.995,15-30s,260,2,4787,20
2026-01-08T03:32:55.929Z,0.995,30-60s,13,0,55,30
2026-01-08T03:32:55.929Z,0.995,60-300s,91,0,11737,236
2026-01-08T03:32:55.929Z,0.995,5-15m,46,0,16739,915
2026-01-08T03:32:55.929Z,0.995,15-60m,14,0,60,8
2026-01-08T03:33:55.932Z,0.9,15-30s,5,5,5,1
2026-01-08T03:33:55.932Z,0.9,30-60s,7,6,9,3
2026-01-08T03:33:55.932Z,0.9,60-300s,3,1,4,2
2026-01-08T03:33:55.932Z,0.9,5-15m,21,0,40,3
2026-01-08T03:33:55.932Z,0.95,0-5s,6,6,6,1
2026-01-08T03:33:55.932Z,0.95,15-30s,11,0,49,6
2026-01-08T03:33:55.932Z,0.95,30-60s,6,3,9,4
2026-01-08T03:33:55.932Z,0.95,60-300s,168,0,1996,13
2026-01-08T03:33:55.932Z,0.95,5-15m,208,0,8995,48
2026-01-08T03:33:55.932Z,0.95,15-60m,6,6,6,1
2026-01-08T03:33:55.932Z,0.98,0-5s,12,6,17,2
2026-01-08T03:33:55.932Z,0.98,5-15s,548,548,548,1
2026-01-08T03:33:55.932Z,0.98,15-30s,22,2,76,18
2026-01-08T03:33:55.932Z,0.98,30-60s,11,0,40,21
2026-01-08T03:33:55.932Z,0.98,60-300s,46,0,1996,102
2026-01-08T03:33:55.932Z,0.98,5-15m,70,0,16739,358
2026-01-08T03:33:55.932Z,0.98,15-60m,4,2,6,2
2026-01-08T03:33:55.932Z,0.985,0-5s,12,6,17,2
2026-01-08T03:33:55.932Z,0.985,5-15s,613,548,677,2
2026-01-08T03:33:55.932Z,0.985,15-30s,22,2,76,18
2026-01-08T03:33:55.932Z,0.985,30-60s,10,0,40,23
2026-01-08T03:33:55.932Z,0.985,60-300s,47,0,1996,104
2026-01-08T03:33:55.932Z,0.985,5-15m,69,0,16739,363
2026-01-08T03:33:55.932Z,0.985,15-60m,4,2,6,2
2026-01-08T03:33:55.932Z,0.99,0-5s,12,6,17,2
2026-01-08T03:33:55.932Z,0.99,5-15s,613,548,677,2
2026-01-08T03:33:55.932Z,0.99,15-30s,22,2,76,19
2026-01-08T03:33:55.932Z,0.99,30-60s,13,0,55,30
2026-01-08T03:33:55.932Z,0.99,60-300s,91,0,11737,236
2026-01-08T03:33:55.932Z,0.99,5-15m,46,0,16739,922
2026-01-08T03:33:55.932Z,0.99,15-60m,14,0,60,8
2026-01-08T03:33:55.932Z,0.995,0-5s,12,6,17,2
2026-01-08T03:33:55.932Z,0.995,5-15s,895,548,1461,3
2026-01-08T03:33:55.932Z,0.995,15-30s,260,2,4787,20
2026-01-08T03:33:55.932Z,0.995,30-60s,13,0,55,30
2026-01-08T03:33:55.932Z,0.995,60-300s,91,0,11737,236
2026-01-08T03:33:55.932Z,0.995,5-15m,46,0,16739,922
2026-01-08T03:33:55.932Z,0.995,15-60m,14,0,60,8
2026-01-08T03:34:55.934Z,0.9,15-30s,5,5,5,1
2026-01-08T03:34:55.934Z,0.9,30-60s,7,6,9,3
2026-01-08T03:34:55.934Z,0.9,60-300s,3,1,4,2
2026-01-08T03:34:55.934Z,0.9,5-15m,21,0,40,3
2026-01-08T03:34:55.934Z,0.95,0-5s,6,6,6,1
2026-01-08T03:34:55.934Z,0.95,15-30s,11,0,49,6
2026-01-08T03:34:55.934Z,0.95,30-60s,6,3,9,4
2026-01-08T03:34:55.934Z,0.95,60-300s,168,0,1996,13
2026-01-08T03:34:55.934Z,0.95,5-15m,208,0,8995,48
2026-01-08T03:34:55.934Z,0.95,15-60m,6,6,6,1
2026-01-08T03:34:55.934Z,0.98,0-5s,12,6,17,2
2026-01-08T03:34:55.934Z,0.98,5-15s,548,548,548,1
2026-01-08T03:34:55.934Z,0.98,15-30s,22,2,76,18
2026-01-08T03:34:55.934Z,0.98,30-60s,11,0,40,21
2026-01-08T03:34:55.934Z,0.98,60-300s,46,0,1996,102
2026-01-08T03:34:55.934Z,0.98,5-15m,70,0,16739,361
2026-01-08T03:34:55.934Z,0.98,15-60m,4,2,6,2
2026-01-08T03:34:55.934Z,0.985,0-5s,12,6,17,2
2026-01-08T03:34:55.934Z,0.985,5-15s,613,548,677,2
2026-01-08T03:34:55.934Z,0.985,15-30s,22,2,76,18
2026-01-08T03:34:55.934Z,0.985,30-60s,10,0,40,23
2026-01-08T03:34:55.934Z,0.985,60-300s,47,0,1996,104
2026-01-08T03:34:55.934Z,0.985,5-15m,69,0,16739,367
2026-01-08T03:34:55.934Z,0.985,15-60m,4,2,6,2
2026-01-08T03:34:55.934Z,0.99,0-5s,12,6,17,2
2026-01-08T03:34:55.934Z,0.99,5-15s,613,548,677,2
2026-01-08T03:34:55.934Z,0.99,15-30s,22,2,76,19
2026-01-08T03:34:55.934Z,0.99,30-60s,13,0,55,30
2026-01-08T03:34:55.934Z,0.99,60-300s,91,0,11737,236
2026-01-08T03:34:55.934Z,0.99,5-15m,45,0,16739,930
2026-01-08T03:34:55.934Z,0.99,15-60m,14,0,60,8
2026-01-08T03:34:55.934Z,0.995,0-5s,12,6,17,2
2026-01-08T03:34:55.934Z,0.995,5-15s,895,548,1461,3
2026-01-08T03:34:55.934Z,0.995,15-30s,260,2,4787,20
2026-01-08T03:34:55.934Z,0.995,30-60s,13,0,55,30
2026-01-08T03:34:55.934Z,0.995,60-300s,91,0,11737,236
2026-01-08T03:34:55.934Z,0.995,5-15m,45,0,16739,930
2026-01-08T03:34:55.934Z,0.995,15-60m,14,0,60,8
2026-01-08T03:35:55.937Z,0.9,15-30s,5,5,5,1
2026-01-08T03:35:55.937Z,0.9,30-60s,7,6,9,3
2026-01-08T03:35:55.937Z,0.9,60-300s,3,1,4,2
2026-01-08T03:35:55.937Z,0.9,5-15m,21,0,40,3
2026-01-08T03:35:55.937Z,0.95,0-5s,6,6,6,1
2026-01-08T03:35:55.937Z,0.95,15-30s,11,0,49,6
2026-01-08T03:35:55.937Z,0.95,30-60s,6,3,9,4
2026-01-08T03:35:55.937Z,0.95,60-300s,168,0,1996,13
2026-01-08T03:35:55.937Z,0.95,5-15m,208,0,8995,48
2026-01-08T03:35:55.937Z,0.95,15-60m,6,6,6,1
2026-01-08T03:35:55.937Z,0.98,0-5s,12,6,17,2
2026-01-08T03:35:55.937Z,0.98,5-15s,548,548,548,1
2026-01-08T03:35:55.937Z,0.98,15-30s,22,2,76,18
2026-01-08T03:35:55.937Z,0.98,30-60s,11,0,40,21
2026-01-08T03:35:55.937Z,0.98,60-300s,46,0,1996,102
2026-01-08T03:35:55.937Z,0.98,5-15m,69,0,16739,365
2026-01-08T03:35:55.937Z,0.98,15-60m,4,2,6,2
2026-01-08T03:35:55.937Z,0.985,0-5s,12,6,17,2
2026-01-08T03:35:55.937Z,0.985,5-15s,613,548,677,2
2026-01-08T03:35:55.937Z,0.985,15-30s,22,2,76,18
2026-01-08T03:35:55.937Z,0.985,30-60s,10,0,40,23
2026-01-08T03:35:55.937Z,0.985,60-300s,47,0,1996,104
2026-01-08T03:35:55.937Z,0.985,5-15m,68,0,16739,371
2026-01-08T03:35:55.937Z,0.985,15-60m,4,2,6,2
2026-01-08T03:35:55.937Z,0.99,0-5s,12,6,17,2
2026-01-08T03:35:55.937Z,0.99,5-15s,613,548,677,2
2026-01-08T03:35:55.937Z,0.99,15-30s,22,2,76,19
2026-01-08T03:35:55.937Z,0.99,30-60s,13,0,55,30
2026-01-08T03:35:55.937Z,0.99,60-300s,91,0,11737,236
2026-01-08T03:35:55.937Z,0.99,5-15m,45,0,16739,938
2026-01-08T03:35:55.937Z,0.99,15-60m,14,0,60,8
2026-01-08T03:35:55.937Z,0.995,0-5s,12,6,17,2
2026-01-08T03:35:55.937Z,0.995,5-15s,895,548,1461,3
2026-01-08T03:35:55.937Z,0.995,15-30s,260,2,4787,20
2026-01-08T03:35:55.937Z,0.995,30-60s,13,0,55,30
2026-01-08T03:35:55.937Z,0.995,60-300s,91,0,11737,236
2026-01-08T03:35:55.937Z,0.995,5-15m,45,0,16739,938
2026-01-08T03:35:55.937Z,0.995,15-60m,14,0,60,8
2026-01-08T03:36:55.938Z,0.9,15-30s,5,5,5,1
2026-01-08T03:36:55.938Z,0.9,30-60s,7,6,9,3
2026-01-08T03:36:55.938Z,0.9,60-300s,3,1,4,2
2026-01-08T03:36:55.938Z,0.9,5-15m,21,0,40,3
2026-01-08T03:36:55.938Z,0.95,0-5s,6,6,6,1
2026-01-08T03:36:55.938Z,0.95,15-30s,11,0,49,6
2026-01-08T03:36:55.938Z,0.95,30-60s,6,3,9,4
2026-01-08T03:36:55.938Z,0.95,60-300s,168,0,1996,13
2026-01-08T03:36:55.938Z,0.95,5-15m,208,0,8995,48
2026-01-08T03:36:55.938Z,0.95,15-60m,6,6,6,1
2026-01-08T03:36:55.938Z,0.98,0-5s,12,6,17,2
2026-01-08T03:36:55.938Z,0.98,5-15s,548,548,548,1
2026-01-08T03:36:55.938Z,0.98,15-30s,22,2,76,18
2026-01-08T03:36:55.938Z,0.98,30-60s,11,0,40,21
2026-01-08T03:36:55.938Z,0.98,60-300s,46,0,1996,102
2026-01-08T03:36:55.938Z,0.98,5-15m,68,0,16739,371
2026-01-08T03:36:55.938Z,0.98,15-60m,4,2,6,2
2026-01-08T03:36:55.938Z,0.985,0-5s,12,6,17,2
2026-01-08T03:36:55.938Z,0.985,5-15s,613,548,677,2
2026-01-08T03:36:55.938Z,0.985,15-30s,22,2,76,18
2026-01-08T03:36:55.938Z,0.985,30-60s,10,0,40,23
2026-01-08T03:36:55.938Z,0.985,60-300s,47,0,1996,104
2026-01-08T03:36:55.938Z,0.985,5-15m,67,0,16739,378
2026-01-08T03:36:55.938Z,0.985,15-60m,4,2,6,2
2026-01-08T03:36:55.938Z,0.99,0-5s,12,6,17,2
2026-01-08T03:36:55.938Z,0.99,5-15s,613,548,677,2
2026-01-08T03:36:55.938Z,0.99,15-30s,22,2,76,19
2026-01-08T03:36:55.938Z,0.99,30-60s,13,0,55,30
2026-01-08T03:36:55.938Z,0.99,60-300s,91,0,11737,236
2026-01-08T03:36:55.938Z,0.99,5-15m,45,0,16739,951
2026-01-08T03:36:55.938Z,0.99,15-60m,14,0,60,8
2026-01-08T03:36:55.938Z,0.995,0-5s,12,6,17,2
2026-01-08T03:36:55.938Z,0.995,5-15s,895,548,1461,3
2026-01-08T03:36:55.938Z,0.995,15-30s,260,2,4787,20
2026-01-08T03:36:55.938Z,0.995,30-60s,13,0,55,30
2026-01-08T03:36:55.938Z,0.995,60-300s,91,0,11737,236
2026-01-08T03:36:55.938Z,0.995,5-15m,45,0,16739,951
2026-01-08T03:36:55.938Z,0.995,15-60m,14,0,60,8
2026-01-08T03:37:55.935Z,0.9,15-30s,5,5,5,1
2026-01-08T03:37:55.935Z,0.9,30-60s,7,6,9,3
2026-01-08T03:37:55.935Z,0.9,60-300s,3,1,4,2
2026-01-08T03:37:55.935Z,0.9,5-15m,21,0,40,3
2026-01-08T03:37:55.935Z,0.95,0-5s,6,6,6,1
2026-01-08T03:37:55.935Z,0.95,15-30s,11,0,49,6
2026-01-08T03:37:55.935Z,0.95,30-60s,6,3,9,4
2026-01-08T03:37:55.935Z,0.95,60-300s,168,0,1996,13
2026-01-08T03:37:55.935Z,0.95,5-15m,208,0,8995,48
2026-01-08T03:37:55.935Z,0.95,15-60m,6,6,6,1
2026-01-08T03:37:55.935Z,0.98,0-5s,12,6,17,2
2026-01-08T03:37:55.935Z,0.98,5-15s,548,548,548,1
2026-01-08T03:37:55.935Z,0.98,15-30s,22,2,76,18
2026-01-08T03:37:55.935Z,0.98,30-60s,11,0,40,21
2026-01-08T03:37:55.935Z,0.98,60-300s,46,0,1996,102
2026-01-08T03:37:55.935Z,0.98,5-15m,68,0,16739,375
2026-01-08T03:37:55.935Z,0.98,15-60m,4,2,6,2
2026-01-08T03:37:55.935Z,0.985,0-5s,12,6,17,2
2026-01-08T03:37:55.935Z,0.985,5-15s,613,548,677,2
2026-01-08T03:37:55.935Z,0.985,15-30s,22,2,76,18
2026-01-08T03:37:55.935Z,0.985,30-60s,10,0,40,23
2026-01-08T03:37:55.935Z,0.985,60-300s,47,0,1996,104
2026-01-08T03:37:55.935Z,0.985,5-15m,67,0,16739,382
2026-01-08T03:37:55.935Z,0.985,15-60m,4,2,6,2
2026-01-08T03:37:55.935Z,0.99,0-5s,12,6,17,2
2026-01-08T03:37:55.935Z,0.99,5-15s,613,548,677,2
2026-01-08T03:37:55.935Z,0.99,15-30s,22,2,76,19
2026-01-08T03:37:55.935Z,0.99,30-60s,13,0,55,30
2026-01-08T03:37:55.935Z,0.99,60-300s,91,0,11737,236
2026-01-08T03:37:55.935Z,0.99,5-15m,44,0,16739,956
2026-01-08T03:37:55.935Z,0.99,15-60m,14,0,60,8
2026-01-08T03:37:55.935Z,0.995,0-5s,12,6,17,2
2026-01-08T03:37:55.935Z,0.995,5-15s,895,548,1461,3
2026-01-08T03:37:55.935Z,0.995,15-30s,260,2,4787,20
2026-01-08T03:37:55.935Z,0.995,30-60s,13,0,55,30
2026-01-08T03:37:55.935Z,0.995,60-300s,91,0,11737,236
2026-01-08T03:37:55.935Z,0.995,5-15m,44,0,16739,956
2026-01-08T03:37:55.935Z,0.995,15-60m,14,0,60,8
2026-01-08T03:38:55.939Z,0.9,15-30s,5,5,5,1
2026-01-08T03:38:55.939Z,0.9,30-60s,7,6,9,3
2026-01-08T03:38:55.939Z,0.9,60-300s,3,1,4,2
2026-01-08T03:38:55.939Z,0.9,5-15m,21,0,40,3
2026-01-08T03:38:55.939Z,0.95,0-5s,6,6,6,1
2026-01-08T03:38:55.939Z,0.95,15-30s,11,0,49,6
2026-01-08T03:38:55.939Z,0.95,30-60s,6,3,9,4
2026-01-08T03:38:55.939Z,0.95,60-300s,168,0,1996,13
2026-01-08T03:38:55.939Z,0.95,5-15m,208,0,8995,48
2026-01-08T03:38:55.939Z,0.95,15-60m,6,6,6,1
2026-01-08T03:38:55.939Z,0.98,0-5s,12,6,17,2
2026-01-08T03:38:55.939Z,0.98,5-15s,548,548,548,1
2026-01-08T03:38:55.939Z,0.98,15-30s,22,2,76,18
2026-01-08T03:38:55.939Z,0.98,30-60s,11,0,40,21
2026-01-08T03:38:55.939Z,0.98,60-300s,46,0,1996,102
2026-01-08T03:38:55.939Z,0.98,5-15m,67,0,16739,377
2026-01-08T03:38:55.939Z,0.98,15-60m,4,2,6,2
2026-01-08T03:38:55.939Z,0.985,0-5s,12,6,17,2
2026-01-08T03:38:55.939Z,0.985,5-15s,613,548,677,2
2026-01-08T03:38:55.939Z,0.985,15-30s,22,2,76,18
2026-01-08T03:38:55.939Z,0.985,30-60s,10,0,40,23
2026-01-08T03:38:55.939Z,0.985,60-300s,47,0,1996,104
2026-01-08T03:38:55.939Z,0.985,5-15m,67,0,16739,384
2026-01-08T03:38:55.939Z,0.985,15-60m,4,2,6,2
2026-01-08T03:38:55.939Z,0.99,0-5s,12,6,17,2
2026-01-08T03:38:55.939Z,0.99,5-15s,613,548,677,2
2026-01-08T03:38:55.939Z,0.99,15-30s,22,2,76,19
2026-01-08T03:38:55.939Z,0.99,30-60s,13,0,55,30
2026-01-08T03:38:55.939Z,0.99,60-300s,91,0,11737,236
2026-01-08T03:38:55.939Z,0.99,5-15m,44,0,16739,959
2026-01-08T03:38:55.939Z,0.99,15-60m,14,0,60,8
2026-01-08T03:38:55.939Z,0.995,0-5s,12,6,17,2
2026-01-08T03:38:55.939Z,0.995,5-15s,895,548,1461,3
2026-01-08T03:38:55.939Z,0.995,15-30s,260,2,4787,20
2026-01-08T03:38:55.939Z,0.995,30-60s,13,0,55,30
2026-01-08T03:38:55.939Z,0.995,60-300s,91,0,11737,236
2026-01-08T03:38:55.939Z,0.995,5-15m,44,0,16739,959
2026-01-08T03:38:55.939Z,0.995,15-60m,14,0,60,8
2026-01-08T03:39:55.939Z,0.9,15-30s,5,5,5,1
2026-01-08T03:39:55.939Z,0.9,30-60s,7,6,9,3
2026-01-08T03:39:55.939Z,0.9,60-300s,3,1,4,2
2026-01-08T03:39:55.939Z,0.9,5-15m,21,0,40,3
2026-01-08T03:39:55.939Z,0.95,0-5s,6,6,6,1
2026-01-08T03:39:55.939Z,0.95,15-30s,11,0,49,6
2026-01-08T03:39:55.939Z,0.95,30-60s,6,3,9,4
2026-01-08T03:39:55.939Z,0.95,60-300s,168,0,1996,13
2026-01-08T03:39:55.939Z,0.95,5-15m,208,0,8995,48
2026-01-08T03:39:55.939Z,0.95,15-60m,6,6,6,1
2026-01-08T03:39:55.939Z,0.98,0-5s,12,6,17,2
2026-01-08T03:39:55.939Z,0.98,5-15s,548,548,548,1
2026-01-08T03:39:55.939Z,0.98,15-30s,22,2,76,18
2026-01-08T03:39:55.939Z,0.98,30-60s,11,0,40,21
2026-01-08T03:39:55.939Z,0.98,60-300s,46,0,1996,102
2026-01-08T03:39:55.939Z,0.98,5-15m,67,0,16739,379
2026-01-08T03:39:55.939Z,0.98,15-60m,4,2,6,2
2026-01-08T03:39:55.939Z,0.985,0-5s,12,6,17,2
2026-01-08T03:39:55.939Z,0.985,5-15s,613,548,677,2
2026-01-08T03:39:55.939Z,0.985,15-30s,22,2,76,18
2026-01-08T03:39:55.939Z,0.985,30-60s,10,0,40,23
2026-01-08T03:39:55.939Z,0.985,60-300s,47,0,1996,104
2026-01-08T03:39:55.939Z,0.985,5-15m,66,0,16739,386
2026-01-08T03:39:55.939Z,0.985,15-60m,4,2,6,2
2026-01-08T03:39:55.939Z,0.99,0-5s,12,6,17,2
2026-01-08T03:39:55.939Z,0.99,5-15s,613,548,677,2
2026-01-08T03:39:55.939Z,0.99,15-30s,22,2,76,19
2026-01-08T03:39:55.939Z,0.99,30-60s,13,0,55,30
2026-01-08T03:39:55.939Z,0.99,60-300s,91,0,11737,236
2026-01-08T03:39:55.939Z,0.99,5-15m,45,0,16739,962
2026-01-08T03:39:55.939Z,0.99,15-60m,14,0,60,8
2026-01-08T03:39:55.939Z,0.995,0-5s,12,6,17,2
2026-01-08T03:39:55.939Z,0.995,5-15s,895,548,1461,3
2026-01-08T03:39:55.939Z,0.995,15-30s,260,2,4787,20
2026-01-08T03:39:55.939Z,0.995,30-60s,13,0,55,30
2026-01-08T03:39:55.939Z,0.995,60-300s,91,0,11737,236
2026-01-08T03:39:55.939Z,0.995,5-15m,45,0,16739,962
2026-01-08T03:39:55.939Z,0.995,15-60m,14,0,60,8
2026-01-08T03:40:55.940Z,0.9,15-30s,5,5,5,1
2026-01-08T03:40:55.940Z,0.9,30-60s,7,6,9,3
2026-01-08T03:40:55.940Z,0.9,60-300s,3,1,4,2
2026-01-08T03:40:55.940Z,0.9,5-15m,21,0,40,3
2026-01-08T03:40:55.940Z,0.95,0-5s,6,6,6,1
2026-01-08T03:40:55.940Z,0.95,15-30s,11,0,49,6
2026-01-08T03:40:55.940Z,0.95,30-60s,6,3,9,4
2026-01-08T03:40:55.940Z,0.95,60-300s,168,0,1996,13
2026-01-08T03:40:55.940Z,0.95,5-15m,208,0,8995,48
2026-01-08T03:40:55.940Z,0.95,15-60m,6,6,6,1
2026-01-08T03:40:55.940Z,0.98,0-5s,12,6,17,2
2026-01-08T03:40:55.940Z,0.98,5-15s,548,548,548,1
2026-01-08T03:40:55.940Z,0.98,15-30s,22,2,76,18
2026-01-08T03:40:55.940Z,0.98,30-60s,11,0,40,21
2026-01-08T03:40:55.940Z,0.98,60-300s,46,0,1996,102
2026-01-08T03:40:55.940Z,0.98,5-15m,67,0,16739,379
2026-01-08T03:40:55.940Z,0.98,15-60m,4,2,6,2
2026-01-08T03:40:55.940Z,0.985,0-5s,12,6,17,2
2026-01-08T03:40:55.940Z,0.985,5-15s,613,548,677,2
2026-01-08T03:40:55.940Z,0.985,15-30s,22,2,76,18
2026-01-08T03:40:55.940Z,0.985,30-60s,10,0,40,23
2026-01-08T03:40:55.940Z,0.985,60-300s,47,0,1996,104
2026-01-08T03:40:55.940Z,0.985,5-15m,66,0,16739,386
2026-01-08T03:40:55.940Z,0.985,15-60m,4,2,6,2
2026-01-08T03:40:55.940Z,0.99,0-5s,12,6,17,2
2026-01-08T03:40:55.940Z,0.99,5-15s,613,548,677,2
2026-01-08T03:40:55.940Z,0.99,15-30s,22,2,76,19
2026-01-08T03:40:55.940Z,0.99,30-60s,13,0,55,30
2026-01-08T03:40:55.940Z,0.99,60-300s,90,0,11737,238
2026-01-08T03:40:55.940Z,0.99,5-15m,45,0,16739,963
2026-01-08T03:40:55.940Z,0.99,15-60m,14,0,60,8
2026-01-08T03:40:55.940Z,0.995,0-5s,12,6,17,2
2026-01-08T03:40:55.940Z,0.995,5-15s,895,548,1461,3
2026-01-08T03:40:55.940Z,0.995,15-30s,260,2,4787,20
2026-01-08T03:40:55.940Z,0.995,30-60s,13,0,55,30
2026-01-08T03:40:55.940Z,0.995,60-300s,90,0,11737,238
2026-01-08T03:40:55.940Z,0.995,5-15m,45,0,16739,963
2026-01-08T03:40:55.940Z,0.995,15-60m,14,0,60,8
2026-01-08T03:41:55.943Z,0.9,15-30s,5,5,5,1
2026-01-08T03:41:55.943Z,0.9,30-60s,7,6,9,3
2026-01-08T03:41:55.943Z,0.9,60-300s,3,1,4,2
2026-01-08T03:41:55.943Z,0.9,5-15m,21,0,40,3
2026-01-08T03:41:55.943Z,0.95,0-5s,6,6,6,1
2026-01-08T03:41:55.943Z,0.95,15-30s,11,0,49,6
2026-01-08T03:41:55.943Z,0.95,30-60s,6,3,9,4
2026-01-08T03:41:55.943Z,0.95,60-300s,157,0,1996,14
2026-01-08T03:41:55.943Z,0.95,5-15m,208,0,8995,48
2026-01-08T03:41:55.943Z,0.95,15-60m,6,6,6,1
2026-01-08T03:41:55.943Z,0.98,0-5s,12,6,17,2
2026-01-08T03:41:55.943Z,0.98,5-15s,548,548,548,1
2026-01-08T03:41:55.943Z,0.98,15-30s,22,2,76,18
2026-01-08T03:41:55.943Z,0.98,30-60s,11,0,40,21
2026-01-08T03:41:55.943Z,0.98,60-300s,45,0,1996,105
2026-01-08T03:41:55.943Z,0.98,5-15m,67,0,16739,379
2026-01-08T03:41:55.943Z,0.98,15-60m,4,2,6,2
2026-01-08T03:41:55.943Z,0.985,0-5s,12,6,17,2
2026-01-08T03:41:55.943Z,0.985,5-15s,613,548,677,2
2026-01-08T03:41:55.943Z,0.985,15-30s,22,2,76,18
2026-01-08T03:41:55.943Z,0.985,30-60s,10,0,40,23
2026-01-08T03:41:55.943Z,0.985,60-300s,46,0,1996,107
2026-01-08T03:41:55.943Z,0.985,5-15m,66,0,16739,386
2026-01-08T03:41:55.943Z,0.985,15-60m,4,2,6,2
2026-01-08T03:41:55.943Z,0.99,0-5s,12,6,17,2
2026-01-08T03:41:55.943Z,0.99,5-15s,613,548,677,2
2026-01-08T03:41:55.943Z,0.99,15-30s,22,2,76,19
2026-01-08T03:41:55.943Z,0.99,30-60s,13,0,55,30
2026-01-08T03:41:55.943Z,0.99,60-300s,86,0,11737,251
2026-01-08T03:41:55.943Z,0.99,5-15m,45,0,16739,963
2026-01-08T03:41:55.943Z,0.99,15-60m,14,0,60,8
2026-01-08T03:41:55.943Z,0.995,0-5s,12,6,17,2
2026-01-08T03:41:55.943Z,0.995,5-15s,895,548,1461,3
2026-01-08T03:41:55.943Z,0.995,15-30s,260,2,4787,20
2026-01-08T03:41:55.943Z,0.995,30-60s,13,0,55,30
2026-01-08T03:41:55.943Z,0.995,60-300s,86,0,11737,251
2026-01-08T03:41:55.943Z,0.995,5-15m,45,0,16739,963
2026-01-08T03:41:55.943Z,0.995,15-60m,14,0,60,8
2026-01-08T03:42:55.944Z,0.9,15-30s,5,5,5,1
2026-01-08T03:42:55.944Z,0.9,30-60s,7,6,9,3
2026-01-08T03:42:55.944Z,0.9,60-300s,3,1,4,2
2026-01-08T03:42:55.944Z,0.9,5-15m,21,0,40,3
2026-01-08T03:42:55.944Z,0.95,0-5s,6,6,6,1
2026-01-08T03:42:55.944Z,0.95,15-30s,11,0,49,6
2026-01-08T03:42:55.944Z,0.95,30-60s,6,3,9,4
2026-01-08T03:42:55.944Z,0.95,60-300s,157,0,1996,14
2026-01-08T03:42:55.944Z,0.95,5-15m,208,0,8995,48
2026-01-08T03:42:55.944Z,0.95,15-60m,6,6,6,1
2026-01-08T03:42:55.944Z,0.98,0-5s,12,6,17,2
2026-01-08T03:42:55.944Z,0.98,5-15s,548,548,548,1
2026-01-08T03:42:55.944Z,0.98,15-30s,22,2,76,18
2026-01-08T03:42:55.944Z,0.98,30-60s,11,0,40,21
2026-01-08T03:42:55.944Z,0.98,60-300s,40,0,1996,126
2026-01-08T03:42:55.944Z,0.98,5-15m,67,0,16739,379
2026-01-08T03:42:55.944Z,0.98,15-60m,4,2,6,2
2026-01-08T03:42:55.944Z,0.985,0-5s,12,6,17,2
2026-01-08T03:42:55.944Z,0.985,5-15s,613,548,677,2
2026-01-08T03:42:55.944Z,0.985,15-30s,22,2,76,18
2026-01-08T03:42:55.944Z,0.985,30-60s,10,0,40,23
2026-01-08T03:42:55.944Z,0.985,60-300s,41,0,1996,128
2026-01-08T03:42:55.944Z,0.985,5-15m,66,0,16739,386
2026-01-08T03:42:55.944Z,0.985,15-60m,4,2,6,2
2026-01-08T03:42:55.944Z,0.99,0-5s,12,6,17,2
2026-01-08T03:42:55.944Z,0.99,5-15s,613,548,677,2
2026-01-08T03:42:55.944Z,0.99,15-30s,22,2,76,19
2026-01-08T03:42:55.944Z,0.99,30-60s,13,0,55,30
2026-01-08T03:42:55.944Z,0.99,60-300s,79,0,11737,280
2026-01-08T03:42:55.944Z,0.99,5-15m,45,0,16739,963
2026-01-08T03:42:55.944Z,0.99,15-60m,14,0,60,8
2026-01-08T03:42:55.944Z,0.995,0-5s,12,6,17,2
2026-01-08T03:42:55.944Z,0.995,5-15s,895,548,1461,3
2026-01-08T03:42:55.944Z,0.995,15-30s,260,2,4787,20
2026-01-08T03:42:55.944Z,0.995,30-60s,13,0,55,30
2026-01-08T03:42:55.944Z,0.995,60-300s,79,0,11737,280
2026-01-08T03:42:55.944Z,0.995,5-15m,45,0,16739,963
2026-01-08T03:42:55.944Z,0.995,15-60m,14,0,60,8
2026-01-08T03:43:55.946Z,0.9,15-30s,5,5,5,1
2026-01-08T03:43:55.946Z,0.9,30-60s,7,6,9,3
2026-01-08T03:43:55.946Z,0.9,60-300s,3,1,4,2
2026-01-08T03:43:55.946Z,0.9,5-15m,21,0,40,3
2026-01-08T03:43:55.946Z,0.95,0-5s,6,6,6,1
2026-01-08T03:43:55.946Z,0.95,15-30s,11,0,49,6
2026-01-08T03:43:55.946Z,0.95,30-60s,6,3,9,4
2026-01-08T03:43:55.946Z,0.95,60-300s,197,0,1996,16
2026-01-08T03:43:55.946Z,0.95,5-15m,208,0,8995,48
2026-01-08T03:43:55.946Z,0.95,15-60m,6,6,6,1
2026-01-08T03:43:55.946Z,0.98,0-5s,12,6,17,2
2026-01-08T03:43:55.946Z,0.98,5-15s,548,548,548,1
2026-01-08T03:43:55.946Z,0.98,15-30s,22,2,76,18
2026-01-08T03:43:55.946Z,0.98,30-60s,11,0,40,21
2026-01-08T03:43:55.946Z,0.98,60-300s,45,0,1996,137
2026-01-08T03:43:55.946Z,0.98,5-15m,67,0,16739,379
2026-01-08T03:43:55.946Z,0.98,15-60m,4,2,6,2
2026-01-08T03:43:55.946Z,0.985,0-5s,12,6,17,2
2026-01-08T03:43:55.946Z,0.985,5-15s,613,548,677,2
2026-01-08T03:43:55.946Z,0.985,15-30s,22,2,76,18
2026-01-08T03:43:55.946Z,0.985,30-60s,10,0,40,23
2026-01-08T03:43:55.946Z,0.985,60-300s,46,0,1996,139
2026-01-08T03:43:55.946Z,0.985,5-15m,66,0,16739,386
2026-01-08T03:43:55.946Z,0.985,15-60m,4,2,6,2
2026-01-08T03:43:55.946Z,0.99,0-5s,12,6,17,2
2026-01-08T03:43:55.946Z,0.99,5-15s,613,548,677,2
2026-01-08T03:43:55.946Z,0.99,15-30s,22,2,76,19
2026-01-08T03:43:55.946Z,0.99,30-60s,13,0,55,30
2026-01-08T03:43:55.946Z,0.99,60-300s,78,0,11737,305
2026-01-08T03:43:55.946Z,0.99,5-15m,45,0,16739,963
2026-01-08T03:43:55.946Z,0.99,15-60m,14,0,60,8
2026-01-08T03:43:55.946Z,0.995,0-5s,12,6,17,2
2026-01-08T03:43:55.946Z,0.995,5-15s,895,548,1461,3
2026-01-08T03:43:55.946Z,0.995,15-30s,260,2,4787,20
2026-01-08T03:43:55.946Z,0.995,30-60s,13,0,55,30
2026-01-08T03:43:55.946Z,0.995,60-300s,78,0,11737,305
2026-01-08T03:43:55.946Z,0.995,5-15m,45,0,16739,963
2026-01-08T03:43:55.946Z,0.995,15-60m,14,0,60,8
2026-01-08T03:44:55.943Z,0.9,15-30s,5,5,5,1
2026-01-08T03:44:55.943Z,0.9,30-60s,7,6,9,3
2026-01-08T03:44:55.943Z,0.9,60-300s,3,1,4,2
2026-01-08T03:44:55.943Z,0.9,5-15m,21,0,40,3
2026-01-08T03:44:55.943Z,0.95,0-5s,6,6,6,1
2026-01-08T03:44:55.943Z,0.95,15-30s,11,0,49,6
2026-01-08T03:44:55.943Z,0.95,30-60s,6,3,9,4
2026-01-08T03:44:55.943Z,0.95,60-300s,186,0,1996,17
2026-01-08T03:44:55.943Z,0.95,5-15m,208,0,8995,48
2026-01-08T03:44:55.943Z,0.95,15-60m,6,6,6,1
2026-01-08T03:44:55.943Z,0.98,0-5s,12,6,17,2
2026-01-08T03:44:55.943Z,0.98,5-15s,548,548,548,1
2026-01-08T03:44:55.943Z,0.98,15-30s,22,2,76,18
2026-01-08T03:44:55.943Z,0.98,30-60s,11,0,40,21
2026-01-08T03:44:55.943Z,0.98,60-300s,45,0,1996,138
2026-01-08T03:44:55.943Z,0.98,5-15m,67,0,16739,379
2026-01-08T03:44:55.943Z,0.98,15-60m,4,2,6,2
2026-01-08T03:44:55.943Z,0.985,0-5s,12,6,17,2
2026-01-08T03:44:55.943Z,0.985,5-15s,613,548,677,2
2026-01-08T03:44:55.943Z,0.985,15-30s,22,2,76,18
2026-01-08T03:44:55.943Z,0.985,30-60s,10,0,40,23
2026-01-08T03:44:55.943Z,0.985,60-300s,46,0,1996,140
2026-01-08T03:44:55.943Z,0.985,5-15m,66,0,16739,386
2026-01-08T03:44:55.943Z,0.985,15-60m,4,2,6,2
2026-01-08T03:44:55.943Z,0.99,0-5s,12,6,17,2
2026-01-08T03:44:55.943Z,0.99,5-15s,613,548,677,2
2026-01-08T03:44:55.943Z,0.99,15-30s,22,2,76,19
2026-01-08T03:44:55.943Z,0.99,30-60s,13,0,55,30
2026-01-08T03:44:55.943Z,0.99,60-300s,78,0,11737,306
2026-01-08T03:44:55.943Z,0.99,5-15m,45,0,16739,963
2026-01-08T03:44:55.943Z,0.99,15-60m,14,0,60,8
2026-01-08T03:44:55.943Z,0.995,0-5s,12,6,17,2
2026-01-08T03:44:55.943Z,0.995,5-15s,895,548,1461,3
2026-01-08T03:44:55.943Z,0.995,15-30s,260,2,4787,20
2026-01-08T03:44:55.943Z,0.995,30-60s,13,0,55,30
2026-01-08T03:44:55.943Z,0.995,60-300s,78,0,11737,306
2026-01-08T03:44:55.943Z,0.995,5-15m,45,0,16739,963
2026-01-08T03:44:55.943Z,0.995,15-60m,14,0,60,8
2026-01-08T03:45:55.947Z,0.9,15-30s,5,5,5,1
2026-01-08T03:45:55.947Z,0.9,30-60s,7,6,9,3
2026-01-08T03:45:55.947Z,0.9,60-300s,3,1,4,2
2026-01-08T03:45:55.947Z,0.9,5-15m,21,0,40,3
2026-01-08T03:45:55.947Z,0.95,0-5s,6,6,6,1
2026-01-08T03:45:55.947Z,0.95,15-30s,11,0,49,6
2026-01-08T03:45:55.947Z,0.95,30-60s,6,3,9,4
2026-01-08T03:45:55.947Z,0.95,60-300s,186,0,1996,17
2026-01-08T03:45:55.947Z,0.95,5-15m,208,0,8995,48
2026-01-08T03:45:55.947Z,0.95,15-60m,6,6,6,1
2026-01-08T03:45:55.947Z,0.98,0-5s,12,6,17,2
2026-01-08T03:45:55.947Z,0.98,5-15s,548,548,548,1
2026-01-08T03:45:55.947Z,0.98,15-30s,22,2,76,18
2026-01-08T03:45:55.947Z,0.98,30-60s,11,0,40,21
2026-01-08T03:45:55.947Z,0.98,60-300s,45,0,1996,138
2026-01-08T03:45:55.947Z,0.98,5-15m,67,0,16739,379
2026-01-08T03:45:55.947Z,0.98,15-60m,4,2,6,2
2026-01-08T03:45:55.947Z,0.985,0-5s,12,6,17,2
2026-01-08T03:45:55.947Z,0.985,5-15s,613,548,677,2
2026-01-08T03:45:55.947Z,0.985,15-30s,22,2,76,18
2026-01-08T03:45:55.947Z,0.985,30-60s,10,0,40,23
2026-01-08T03:45:55.947Z,0.985,60-300s,46,0,1996,140
2026-01-08T03:45:55.947Z,0.985,5-15m,66,0,16739,386
2026-01-08T03:45:55.947Z,0.985,15-60m,4,2,6,2
2026-01-08T03:45:55.947Z,0.99,0-5s,12,6,17,2
2026-01-08T03:45:55.947Z,0.99,5-15s,613,548,677,2
2026-01-08T03:45:55.947Z,0.99,15-30s,22,2,76,19
2026-01-08T03:45:55.947Z,0.99,30-60s,13,0,55,30
2026-01-08T03:45:55.947Z,0.99,60-300s,78,0,11737,306
2026-01-08T03:45:55.947Z,0.99,5-15m,45,0,16739,963
2026-01-08T03:45:55.947Z,0.99,15-60m,14,0,60,8
2026-01-08T03:45:55.947Z,0.995,0-5s,12,6,17,2
2026-01-08T03:45:55.947Z,0.995,5-15s,895,548,1461,3
2026-01-08T03:45:55.947Z,0.995,15-30s,260,2,4787,20
2026-01-08T03:45:55.947Z,0.995,30-60s,13,0,55,30
2026-01-08T03:45:55.947Z,0.995,60-300s,78,0,11737,306
2026-01-08T03:45:55.947Z,0.995,5-15m,45,0,16739,963
2026-01-08T03:45:55.947Z,0.995,15-60m,14,0,60,8
2026-01-08T03:46:55.947Z,0.9,15-30s,5,5,5,1
2026-01-08T03:46:55.947Z,0.9,30-60s,7,6,9,3
2026-01-08T03:46:55.947Z,0.9,60-300s,3,1,4,2
2026-01-08T03:46:55.947Z,0.9,5-15m,21,0,40,3
2026-01-08T03:46:55.947Z,0.95,0-5s,6,6,6,1
2026-01-08T03:46:55.947Z,0.95,15-30s,11,0,49,6
2026-01-08T03:46:55.947Z,0.95,30-60s,6,3,9,4
2026-01-08T03:46:55.947Z,0.95,60-300s,186,0,1996,17
2026-01-08T03:46:55.947Z,0.95,5-15m,208,0,8995,48
2026-01-08T03:46:55.947Z,0.95,15-60m,6,6,6,1
2026-01-08T03:46:55.947Z,0.98,0-5s,12,6,17,2
2026-01-08T03:46:55.947Z,0.98,5-15s,548,548,548,1
2026-01-08T03:46:55.947Z,0.98,15-30s,22,2,76,18
2026-01-08T03:46:55.947Z,0.98,30-60s,11,0,40,21
2026-01-08T03:46:55.947Z,0.98,60-300s,45,0,1996,138
2026-01-08T03:46:55.947Z,0.98,5-15m,67,0,16739,379
2026-01-08T03:46:55.947Z,0.98,15-60m,4,2,6,2
2026-01-08T03:46:55.947Z,0.985,0-5s,12,6,17,2
2026-01-08T03:46:55.947Z,0.985,5-15s,613,548,677,2
2026-01-08T03:46:55.947Z,0.985,15-30s,22,2,76,18
2026-01-08T03:46:55.947Z,0.985,30-60s,10,0,40,23
2026-01-08T03:46:55.947Z,0.985,60-300s,46,0,1996,140
2026-01-08T03:46:55.947Z,0.985,5-15m,66,0,16739,386
2026-01-08T03:46:55.947Z,0.985,15-60m,4,2,6,2
2026-01-08T03:46:55.947Z,0.99,0-5s,12,6,17,2
2026-01-08T03:46:55.947Z,0.99,5-15s,613,548,677,2
2026-01-08T03:46:55.947Z,0.99,15-30s,22,2,76,19
2026-01-08T03:46:55.947Z,0.99,30-60s,13,0,55,30
2026-01-08T03:46:55.947Z,0.99,60-300s,78,0,11737,306
2026-01-08T03:46:55.947Z,0.99,5-15m,45,0,16739,963
2026-01-08T03:46:55.947Z,0.99,15-60m,14,0,60,8
2026-01-08T03:46:55.947Z,0.995,0-5s,12,6,17,2
2026-01-08T03:46:55.947Z,0.995,5-15s,895,548,1461,3
2026-01-08T03:46:55.947Z,0.995,15-30s,260,2,4787,20
2026-01-08T03:46:55.947Z,0.995,30-60s,13,0,55,30
2026-01-08T03:46:55.947Z,0.995,60-300s,78,0,11737,306
2026-01-08T03:46:55.947Z,0.995,5-15m,45,0,16739,963
2026-01-08T03:46:55.947Z,0.995,15-60m,14,0,60,8
2026-01-08T03:47:55.950Z,0.9,15-30s,5,5,5,1
2026-01-08T03:47:55.950Z,0.9,30-60s,7,6,9,3
2026-01-08T03:47:55.950Z,0.9,60-300s,3,1,4,2
2026-01-08T03:47:55.950Z,0.9,5-15m,27,0,43,4
2026-01-08T03:47:55.950Z,0.95,0-5s,6,6,6,1
2026-01-08T03:47:55.950Z,0.95,15-30s,11,0,49,6
2026-01-08T03:47:55.950Z,0.95,30-60s,6,3,9,4
2026-01-08T03:47:55.950Z,0.95,60-300s,186,0,1996,17
2026-01-08T03:47:55.950Z,0.95,5-15m,204,0,8995,49
2026-01-08T03:47:55.950Z,0.95,15-60m,6,6,6,1
2026-01-08T03:47:55.950Z,0.98,0-5s,12,6,17,2
2026-01-08T03:47:55.950Z,0.98,5-15s,548,548,548,1
2026-01-08T03:47:55.950Z,0.98,15-30s,22,2,76,18
2026-01-08T03:47:55.950Z,0.98,30-60s,11,0,40,21
2026-01-08T03:47:55.950Z,0.98,60-300s,45,0,1996,138
2026-01-08T03:47:55.950Z,0.98,5-15m,67,0,16739,380
2026-01-08T03:47:55.950Z,0.98,15-60m,4,2,6,2
2026-01-08T03:47:55.950Z,0.985,0-5s,12,6,17,2
2026-01-08T03:47:55.950Z,0.985,5-15s,613,548,677,2
2026-01-08T03:47:55.950Z,0.985,15-30s,22,2,76,18
2026-01-08T03:47:55.950Z,0.985,30-60s,10,0,40,23
2026-01-08T03:47:55.950Z,0.985,60-300s,46,0,1996,140
2026-01-08T03:47:55.950Z,0.985,5-15m,66,0,16739,387
2026-01-08T03:47:55.950Z,0.985,15-60m,4,2,6,2
2026-01-08T03:47:55.950Z,0.99,0-5s,12,6,17,2
2026-01-08T03:47:55.950Z,0.99,5-15s,613,548,677,2
2026-01-08T03:47:55.950Z,0.99,15-30s,22,2,76,19
2026-01-08T03:47:55.950Z,0.99,30-60s,13,0,55,30
2026-01-08T03:47:55.950Z,0.99,60-300s,78,0,11737,306
2026-01-08T03:47:55.950Z,0.99,5-15m,45,0,16739,968
2026-01-08T03:47:55.950Z,0.99,15-60m,14,0,60,8
2026-01-08T03:47:55.950Z,0.995,0-5s,12,6,17,2
2026-01-08T03:47:55.950Z,0.995,5-15s,895,548,1461,3
2026-01-08T03:47:55.950Z,0.995,15-30s,260,2,4787,20
2026-01-08T03:47:55.950Z,0.995,30-60s,13,0,55,30
2026-01-08T03:47:55.950Z,0.995,60-300s,78,0,11737,306
2026-01-08T03:47:55.950Z,0.995,5-15m,45,0,16739,968
2026-01-08T03:47:55.950Z,0.995,15-60m,14,0,60,8
2026-01-08T03:48:55.950Z,0.9,15-30s,5,5,5,1
2026-01-08T03:48:55.950Z,0.9,30-60s,7,6,9,3
2026-01-08T03:48:55.950Z,0.9,60-300s,3,1,4,2
2026-01-08T03:48:55.950Z,0.9,5-15m,27,0,43,4
2026-01-08T03:48:55.950Z,0.95,0-5s,6,6,6,1
2026-01-08T03:48:55.950Z,0.95,15-30s,11,0,49,6
2026-01-08T03:48:55.950Z,0.95,30-60s,6,3,9,4
2026-01-08T03:48:55.950Z,0.95,60-300s,186,0,1996,17
2026-01-08T03:48:55.950Z,0.95,5-15m,200,0,8995,50
2026-01-08T03:48:55.950Z,0.95,15-60m,6,6,6,1
2026-01-08T03:48:55.950Z,0.98,0-5s,12,6,17,2
2026-01-08T03:48:55.950Z,0.98,5-15s,548,548,548,1
2026-01-08T03:48:55.950Z,0.98,15-30s,22,2,76,18
2026-01-08T03:48:55.950Z,0.98,30-60s,11,0,40,21
2026-01-08T03:48:55.950Z,0.98,60-300s,45,0,1996,138
2026-01-08T03:48:55.950Z,0.98,5-15m,66,0,16739,386
2026-01-08T03:48:55.950Z,0.98,15-60m,4,2,6,2
2026-01-08T03:48:55.950Z,0.985,0-5s,12,6,17,2
2026-01-08T03:48:55.950Z,0.985,5-15s,613,548,677,2
2026-01-08T03:48:55.950Z,0.985,15-30s,22,2,76,18
2026-01-08T03:48:55.950Z,0.985,30-60s,10,0,40,23
2026-01-08T03:48:55.950Z,0.985,60-300s,46,0,1996,140
2026-01-08T03:48:55.950Z,0.985,5-15m,65,0,16739,393
2026-01-08T03:48:55.950Z,0.985,15-60m,4,2,6,2
2026-01-08T03:48:55.950Z,0.99,0-5s,12,6,17,2
2026-01-08T03:48:55.950Z,0.99,5-15s,613,548,677,2
2026-01-08T03:48:55.950Z,0.99,15-30s,22,2,76,19
2026-01-08T03:48:55.950Z,0.99,30-60s,13,0,55,30
2026-01-08T03:48:55.950Z,0.99,60-300s,78,0,11737,306
2026-01-08T03:48:55.950Z,0.99,5-15m,45,0,16739,985
2026-01-08T03:48:55.950Z,0.99,15-60m,15,0,60,9
2026-01-08T03:48:55.950Z,0.995,0-5s,12,6,17,2
2026-01-08T03:48:55.950Z,0.995,5-15s,895,548,1461,3
2026-01-08T03:48:55.950Z,0.995,15-30s,260,2,4787,20
2026-01-08T03:48:55.950Z,0.995,30-60s,13,0,55,30
2026-01-08T03:48:55.950Z,0.995,60-300s,78,0,11737,306
2026-01-08T03:48:55.950Z,0.995,5-15m,45,0,16739,985
2026-01-08T03:48:55.950Z,0.995,15-60m,15,0,60,9
2026-01-08T03:49:55.951Z,0.9,15-30s,5,5,5,1
2026-01-08T03:49:55.951Z,0.9,30-60s,7,6,9,3
2026-01-08T03:49:55.951Z,0.9,60-300s,3,1,4,2
2026-01-08T03:49:55.951Z,0.9,5-15m,27,0,43,4
2026-01-08T03:49:55.951Z,0.95,0-5s,6,6,6,1
2026-01-08T03:49:55.951Z,0.95,15-30s,11,0,49,6
2026-01-08T03:49:55.951Z,0.95,30-60s,6,3,9,4
2026-01-08T03:49:55.951Z,0.95,60-300s,186,0,1996,17
2026-01-08T03:49:55.951Z,0.95,5-15m,200,0,8995,50
2026-01-08T03:49:55.951Z,0.95,15-60m,6,6,6,1
2026-01-08T03:49:55.951Z,0.98,0-5s,12,6,17,2
2026-01-08T03:49:55.951Z,0.98,5-15s,548,548,548,1
2026-01-08T03:49:55.951Z,0.98,15-30s,22,2,76,18
2026-01-08T03:49:55.951Z,0.98,30-60s,11,0,40,21
2026-01-08T03:49:55.951Z,0.98,60-300s,45,0,1996,138
2026-01-08T03:49:55.951Z,0.98,5-15m,66,0,16739,389
2026-01-08T03:49:55.951Z,0.98,15-60m,4,2,6,2
2026-01-08T03:49:55.951Z,0.985,0-5s,12,6,17,2
2026-01-08T03:49:55.951Z,0.985,5-15s,613,548,677,2
2026-01-08T03:49:55.951Z,0.985,15-30s,22,2,76,18
2026-01-08T03:49:55.951Z,0.985,30-60s,10,0,40,23
2026-01-08T03:49:55.951Z,0.985,60-300s,46,0,1996,140
2026-01-08T03:49:55.951Z,0.985,5-15m,65,0,16739,396
2026-01-08T03:49:55.951Z,0.985,15-60m,4,2,6,2
2026-01-08T03:49:55.951Z,0.99,0-5s,12,6,17,2
2026-01-08T03:49:55.951Z,0.99,5-15s,613,548,677,2
2026-01-08T03:49:55.951Z,0.99,15-30s,22,2,76,19
2026-01-08T03:49:55.951Z,0.99,30-60s,13,0,55,30
2026-01-08T03:49:55.951Z,0.99,60-300s,78,0,11737,306
2026-01-08T03:49:55.951Z,0.99,5-15m,44,0,16739,995
2026-01-08T03:49:55.951Z,0.99,15-60m,15,0,60,9
2026-01-08T03:49:55.951Z,0.995,0-5s,12,6,17,2
2026-01-08T03:49:55.951Z,0.995,5-15s,895,548,1461,3
2026-01-08T03:49:55.951Z,0.995,15-30s,260,2,4787,20
2026-01-08T03:49:55.951Z,0.995,30-60s,13,0,55,30
2026-01-08T03:49:55.951Z,0.995,60-300s,78,0,11737,306
2026-01-08T03:49:55.951Z,0.995,5-15m,44,0,16739,995
2026-01-08T03:49:55.951Z,0.995,15-60m,15,0,60,9
2026-01-08T03:50:55.954Z,0.9,15-30s,5,5,5,1
2026-01-08T03:50:55.954Z,0.9,30-60s,7,6,9,3
2026-01-08T03:50:55.954Z,0.9,60-300s,3,1,4,2
2026-01-08T03:50:55.954Z,0.9,5-15m,27,0,43,4
2026-01-08T03:50:55.954Z,0.95,0-5s,6,6,6,1
2026-01-08T03:50:55.954Z,0.95,15-30s,11,0,49,6
2026-01-08T03:50:55.954Z,0.95,30-60s,6,3,9,4
2026-01-08T03:50:55.954Z,0.95,60-300s,186,0,1996,17
2026-01-08T03:50:55.954Z,0.95,5-15m,189,0,8995,53
2026-01-08T03:50:55.954Z,0.95,15-60m,6,6,6,1
2026-01-08T03:50:55.954Z,0.98,0-5s,12,6,17,2
2026-01-08T03:50:55.954Z,0.98,5-15s,548,548,548,1
2026-01-08T03:50:55.954Z,0.98,15-30s,22,2,76,18
2026-01-08T03:50:55.954Z,0.98,30-60s,11,0,40,21
2026-01-08T03:50:55.954Z,0.98,60-300s,45,0,1996,138
2026-01-08T03:50:55.954Z,0.98,5-15m,65,0,16739,395
2026-01-08T03:50:55.954Z,0.98,15-60m,4,2,6,2
2026-01-08T03:50:55.954Z,0.985,0-5s,12,6,17,2
2026-01-08T03:50:55.954Z,0.985,5-15s,613,548,677,2
2026-01-08T03:50:55.954Z,0.985,15-30s,22,2,76,18
2026-01-08T03:50:55.954Z,0.985,30-60s,10,0,40,23
2026-01-08T03:50:55.954Z,0.985,60-300s,46,0,1996,140
2026-01-08T03:50:55.954Z,0.985,5-15m,64,0,16739,402
2026-01-08T03:50:55.954Z,0.985,15-60m,4,2,6,2
2026-01-08T03:50:55.954Z,0.99,0-5s,12,6,17,2
2026-01-08T03:50:55.954Z,0.99,5-15s,613,548,677,2
2026-01-08T03:50:55.954Z,0.99,15-30s,22,2,76,19
2026-01-08T03:50:55.954Z,0.99,30-60s,13,0,55,30
2026-01-08T03:50:55.954Z,0.99,60-300s,78,0,11737,306
2026-01-08T03:50:55.954Z,0.99,5-15m,44,0,16739,1010
2026-01-08T03:50:55.954Z,0.99,15-60m,15,0,60,9
2026-01-08T03:50:55.954Z,0.995,0-5s,12,6,17,2
2026-01-08T03:50:55.954Z,0.995,5-15s,895,548,1461,3
2026-01-08T03:50:55.954Z,0.995,15-30s,260,2,4787,20
2026-01-08T03:50:55.954Z,0.995,30-60s,13,0,55,30
2026-01-08T03:50:55.954Z,0.995,60-300s,78,0,11737,306
2026-01-08T03:50:55.954Z,0.995,5-15m,44,0,16739,1010
2026-01-08T03:50:55.954Z,0.995,15-60m,15,0,60,9
2026-01-08T03:51:55.956Z,0.9,15-30s,5,5,5,1
2026-01-08T03:51:55.956Z,0.9,30-60s,7,6,9,3
2026-01-08T03:51:55.956Z,0.9,60-300s,3,1,4,2
2026-01-08T03:51:55.956Z,0.9,5-15m,27,0,43,4
2026-01-08T03:51:55.956Z,0.95,0-5s,6,6,6,1
2026-01-08T03:51:55.956Z,0.95,15-30s,11,0,49,6
2026-01-08T03:51:55.956Z,0.95,30-60s,6,3,9,4
2026-01-08T03:51:55.956Z,0.95,60-300s,186,0,1996,17
2026-01-08T03:51:55.956Z,0.95,5-15m,189,0,8995,53
2026-01-08T03:51:55.956Z,0.95,15-60m,6,6,6,1
2026-01-08T03:51:55.956Z,0.98,0-5s,12,6,17,2
2026-01-08T03:51:55.956Z,0.98,5-15s,548,548,548,1
2026-01-08T03:51:55.956Z,0.98,15-30s,22,2,76,18
2026-01-08T03:51:55.956Z,0.98,30-60s,11,0,40,21
2026-01-08T03:51:55.956Z,0.98,60-300s,45,0,1996,138
2026-01-08T03:51:55.956Z,0.98,5-15m,65,0,16739,397
2026-01-08T03:51:55.956Z,0.98,15-60m,4,2,6,2
2026-01-08T03:51:55.956Z,0.985,0-5s,12,6,17,2
2026-01-08T03:51:55.956Z,0.985,5-15s,613,548,677,2
2026-01-08T03:51:55.956Z,0.985,15-30s,22,2,76,18
2026-01-08T03:51:55.956Z,0.985,30-60s,10,0,40,23
2026-01-08T03:51:55.956Z,0.985,60-300s,46,0,1996,140
2026-01-08T03:51:55.956Z,0.985,5-15m,64,0,16739,404
2026-01-08T03:51:55.956Z,0.985,15-60m,4,2,6,2
2026-01-08T03:51:55.956Z,0.99,0-5s,12,6,17,2
2026-01-08T03:51:55.956Z,0.99,5-15s,613,548,677,2
2026-01-08T03:51:55.956Z,0.99,15-30s,22,2,76,19
2026-01-08T03:51:55.956Z,0.99,30-60s,13,0,55,30
2026-01-08T03:51:55.956Z,0.99,60-300s,78,0,11737,306
2026-01-08T03:51:55.956Z,0.99,5-15m,44,0,16739,1017
2026-01-08T03:51:55.956Z,0.99,15-60m,15,0,60,9
2026-01-08T03:51:55.956Z,0.995,0-5s,12,6,17,2
2026-01-08T03:51:55.956Z,0.995,5-15s,895,548,1461,3
2026-01-08T03:51:55.956Z,0.995,15-30s,260,2,4787,20
2026-01-08T03:51:55.956Z,0.995,30-60s,13,0,55,30
2026-01-08T03:51:55.956Z,0.995,60-300s,78,0,11737,306
2026-01-08T03:51:55.956Z,0.995,5-15m,44,0,16739,1017
2026-01-08T03:51:55.956Z,0.995,15-60m,15,0,60,9
2026-01-08T03:52:55.957Z,0.9,15-30s,5,5,5,1
2026-01-08T03:52:55.957Z,0.9,30-60s,7,6,9,3
2026-01-08T03:52:55.957Z,0.9,60-300s,3,1,4,2
2026-01-08T03:52:55.957Z,0.9,5-15m,27,0,43,4
2026-01-08T03:52:55.957Z,0.95,0-5s,6,6,6,1
2026-01-08T03:52:55.957Z,0.95,15-30s,11,0,49,6
2026-01-08T03:52:55.957Z,0.95,30-60s,6,3,9,4
2026-01-08T03:52:55.957Z,0.95,60-300s,186,0,1996,17
2026-01-08T03:52:55.957Z,0.95,5-15m,186,0,8995,54
2026-01-08T03:52:55.957Z,0.95,15-60m,6,6,6,1
2026-01-08T03:52:55.957Z,0.98,0-5s,12,6,17,2
2026-01-08T03:52:55.957Z,0.98,5-15s,548,548,548,1
2026-01-08T03:52:55.957Z,0.98,15-30s,22,2,76,18
2026-01-08T03:52:55.957Z,0.98,30-60s,11,0,40,21
2026-01-08T03:52:55.957Z,0.98,60-300s,45,0,1996,138
2026-01-08T03:52:55.957Z,0.98,5-15m,64,0,16739,403
2026-01-08T03:52:55.957Z,0.98,15-60m,4,2,6,2
2026-01-08T03:52:55.957Z,0.985,0-5s,12,6,17,2
2026-01-08T03:52:55.957Z,0.985,5-15s,613,548,677,2
2026-01-08T03:52:55.957Z,0.985,15-30s,22,2,76,18
2026-01-08T03:52:55.957Z,0.985,30-60s,10,0,40,23
2026-01-08T03:52:55.957Z,0.985,60-300s,46,0,1996,140
2026-01-08T03:52:55.957Z,0.985,5-15m,63,0,16739,410
2026-01-08T03:52:55.957Z,0.985,15-60m,4,2,6,2
2026-01-08T03:52:55.957Z,0.99,0-5s,12,6,17,2
2026-01-08T03:52:55.957Z,0.99,5-15s,613,548,677,2
2026-01-08T03:52:55.957Z,0.99,15-30s,22,2,76,19
2026-01-08T03:52:55.957Z,0.99,30-60s,13,0,55,30
2026-01-08T03:52:55.957Z,0.99,60-300s,78,0,11737,306
2026-01-08T03:52:55.957Z,0.99,5-15m,43,0,16739,1029
2026-01-08T03:52:55.957Z,0.99,15-60m,15,0,60,9
2026-01-08T03:52:55.957Z,0.995,0-5s,12,6,17,2
2026-01-08T03:52:55.957Z,0.995,5-15s,895,548,1461,3
2026-01-08T03:52:55.957Z,0.995,15-30s,260,2,4787,20
2026-01-08T03:52:55.957Z,0.995,30-60s,13,0,55,30
2026-01-08T03:52:55.957Z,0.995,60-300s,78,0,11737,306
2026-01-08T03:52:55.957Z,0.995,5-15m,43,0,16739,1029
2026-01-08T03:52:55.957Z,0.995,15-60m,15,0,60,9
2026-01-08T03:53:55.959Z,0.9,15-30s,5,5,5,1
2026-01-08T03:53:55.959Z,0.9,30-60s,7,6,9,3
2026-01-08T03:53:55.959Z,0.9,60-300s,3,1,4,2
2026-01-08T03:53:55.959Z,0.9,5-15m,27,0,43,4
2026-01-08T03:53:55.959Z,0.95,0-5s,6,6,6,1
2026-01-08T03:53:55.959Z,0.95,15-30s,11,0,49,6
2026-01-08T03:53:55.959Z,0.95,30-60s,6,3,9,4
2026-01-08T03:53:55.959Z,0.95,60-300s,186,0,1996,17
2026-01-08T03:53:55.959Z,0.95,5-15m,182,0,8995,55
2026-01-08T03:53:55.959Z,0.95,15-60m,6,6,6,1
2026-01-08T03:53:55.959Z,0.98,0-5s,12,6,17,2
2026-01-08T03:53:55.959Z,0.98,5-15s,548,548,548,1
2026-01-08T03:53:55.959Z,0.98,15-30s,22,2,76,18
2026-01-08T03:53:55.959Z,0.98,30-60s,11,0,40,21
2026-01-08T03:53:55.959Z,0.98,60-300s,45,0,1996,138
2026-01-08T03:53:55.959Z,0.98,5-15m,64,0,16739,405
2026-01-08T03:53:55.959Z,0.98,15-60m,4,2,6,2
2026-01-08T03:53:55.959Z,0.985,0-5s,12,6,17,2
2026-01-08T03:53:55.959Z,0.985,5-15s,613,548,677,2
2026-01-08T03:53:55.959Z,0.985,15-30s,22,2,76,18
2026-01-08T03:53:55.959Z,0.985,30-60s,10,0,40,23
2026-01-08T03:53:55.959Z,0.985,60-300s,46,0,1996,140
2026-01-08T03:53:55.959Z,0.985,5-15m,63,0,16739,412
2026-01-08T03:53:55.959Z,0.985,15-60m,4,2,6,2
2026-01-08T03:53:55.959Z,0.99,0-5s,12,6,17,2
2026-01-08T03:53:55.959Z,0.99,5-15s,613,548,677,2
2026-01-08T03:53:55.959Z,0.99,15-30s,22,2,76,19
2026-01-08T03:53:55.959Z,0.99,30-60s,13,0,55,30
2026-01-08T03:53:55.959Z,0.99,60-300s,78,0,11737,306
2026-01-08T03:53:55.959Z,0.99,5-15m,43,0,16739,1037
2026-01-08T03:53:55.959Z,0.99,15-60m,15,0,60,9
2026-01-08T03:53:55.959Z,0.995,0-5s,12,6,17,2
2026-01-08T03:53:55.959Z,0.995,5-15s,895,548,1461,3
2026-01-08T03:53:55.959Z,0.995,15-30s,260,2,4787,20
2026-01-08T03:53:55.959Z,0.995,30-60s,13,0,55,30
2026-01-08T03:53:55.959Z,0.995,60-300s,78,0,11737,306
2026-01-08T03:53:55.959Z,0.995,5-15m,43,0,16739,1037
2026-01-08T03:53:55.959Z,0.995,15-60m,15,0,60,9
2026-01-08T03:54:55.959Z,0.9,15-30s,5,5,5,1
2026-01-08T03:54:55.959Z,0.9,30-60s,7,6,9,3
2026-01-08T03:54:55.959Z,0.9,60-300s,3,1,4,2
2026-01-08T03:54:55.959Z,0.9,5-15m,27,0,43,4
2026-01-08T03:54:55.959Z,0.95,0-5s,6,6,6,1
2026-01-08T03:54:55.959Z,0.95,15-30s,11,0,49,6
2026-01-08T03:54:55.959Z,0.95,30-60s,6,3,9,4
2026-01-08T03:54:55.959Z,0.95,60-300s,186,0,1996,17
2026-01-08T03:54:55.959Z,0.95,5-15m,180,0,8995,56
2026-01-08T03:54:55.959Z,0.95,15-60m,6,6,6,1
2026-01-08T03:54:55.959Z,0.98,0-5s,12,6,17,2
2026-01-08T03:54:55.959Z,0.98,5-15s,548,548,548,1
2026-01-08T03:54:55.959Z,0.98,15-30s,22,2,76,18
2026-01-08T03:54:55.959Z,0.98,30-60s,11,0,40,21
2026-01-08T03:54:55.959Z,0.98,60-300s,45,0,1996,138
2026-01-08T03:54:55.959Z,0.98,5-15m,63,0,16739,410
2026-01-08T03:54:55.959Z,0.98,15-60m,4,2,6,2
2026-01-08T03:54:55.959Z,0.985,0-5s,12,6,17,2
2026-01-08T03:54:55.959Z,0.985,5-15s,613,548,677,2
2026-01-08T03:54:55.959Z,0.985,15-30s,22,2,76,18
2026-01-08T03:54:55.959Z,0.985,30-60s,10,0,40,23
2026-01-08T03:54:55.959Z,0.985,60-300s,46,0,1996,140
2026-01-08T03:54:55.959Z,0.985,5-15m,62,0,16739,417
2026-01-08T03:54:55.959Z,0.985,15-60m,4,2,6,2
2026-01-08T03:54:55.959Z,0.99,0-5s,12,6,17,2
2026-01-08T03:54:55.959Z,0.99,5-15s,613,548,677,2
2026-01-08T03:54:55.959Z,0.99,15-30s,22,2,76,19
2026-01-08T03:54:55.959Z,0.99,30-60s,13,0,55,30
2026-01-08T03:54:55.959Z,0.99,60-300s,78,0,11737,306
2026-01-08T03:54:55.959Z,0.99,5-15m,43,0,16739,1053
2026-01-08T03:54:55.959Z,0.99,15-60m,15,0,60,9
2026-01-08T03:54:55.959Z,0.995,0-5s,12,6,17,2
2026-01-08T03:54:55.959Z,0.995,5-15s,895,548,1461,3
2026-01-08T03:54:55.959Z,0.995,15-30s,260,2,4787,20
2026-01-08T03:54:55.959Z,0.995,30-60s,13,0,55,30
2026-01-08T03:54:55.959Z,0.995,60-300s,78,0,11737,306
2026-01-08T03:54:55.959Z,0.995,5-15m,43,0,16739,1053
2026-01-08T03:54:55.959Z,0.995,15-60m,15,0,60,9
2026-01-08T03:55:55.955Z,0.9,15-30s,5,5,5,1
2026-01-08T03:55:55.955Z,0.9,30-60s,7,6,9,3
2026-01-08T03:55:55.955Z,0.9,60-300s,3,1,4,2
2026-01-08T03:55:55.955Z,0.9,5-15m,27,0,43,4
2026-01-08T03:55:55.955Z,0.95,0-5s,6,6,6,1
2026-01-08T03:55:55.955Z,0.95,15-30s,11,0,49,6
2026-01-08T03:55:55.955Z,0.95,30-60s,6,3,9,4
2026-01-08T03:55:55.955Z,0.95,60-300s,160,0,1996,20
2026-01-08T03:55:55.955Z,0.95,5-15m,180,0,8995,56
2026-01-08T03:55:55.955Z,0.95,15-60m,6,6,6,1
2026-01-08T03:55:55.955Z,0.98,0-5s,12,6,17,2
2026-01-08T03:55:55.955Z,0.98,5-15s,548,548,548,1
2026-01-08T03:55:55.955Z,0.98,15-30s,22,2,76,18
2026-01-08T03:55:55.955Z,0.98,30-60s,11,0,40,21
2026-01-08T03:55:55.955Z,0.98,60-300s,43,0,1996,145
2026-01-08T03:55:55.955Z,0.98,5-15m,63,0,16739,412
2026-01-08T03:55:55.955Z,0.98,15-60m,4,2,6,2
2026-01-08T03:55:55.955Z,0.985,0-5s,12,6,17,2
2026-01-08T03:55:55.955Z,0.985,5-15s,613,548,677,2
2026-01-08T03:55:55.955Z,0.985,15-30s,22,2,76,18
2026-01-08T03:55:55.955Z,0.985,30-60s,10,0,40,23
2026-01-08T03:55:55.955Z,0.985,60-300s,44,0,1996,147
2026-01-08T03:55:55.955Z,0.985,5-15m,62,0,16739,419
2026-01-08T03:55:55.955Z,0.985,15-60m,4,2,6,2
2026-01-08T03:55:55.955Z,0.99,0-5s,12,6,17,2
2026-01-08T03:55:55.955Z,0.99,5-15s,613,548,677,2
2026-01-08T03:55:55.955Z,0.99,15-30s,22,2,76,19
2026-01-08T03:55:55.955Z,0.99,30-60s,13,0,55,30
2026-01-08T03:55:55.955Z,0.99,60-300s,74,0,11737,326
2026-01-08T03:55:55.955Z,0.99,5-15m,43,0,16739,1057
2026-01-08T03:55:55.955Z,0.99,15-60m,15,0,60,9
2026-01-08T03:55:55.955Z,0.995,0-5s,12,6,17,2
2026-01-08T03:55:55.955Z,0.995,5-15s,895,548,1461,3
2026-01-08T03:55:55.955Z,0.995,15-30s,260,2,4787,20
2026-01-08T03:55:55.955Z,0.995,30-60s,13,0,55,30
2026-01-08T03:55:55.955Z,0.995,60-300s,74,0,11737,326
2026-01-08T03:55:55.955Z,0.995,5-15m,43,0,16739,1057
2026-01-08T03:55:55.955Z,0.995,15-60m,15,0,60,9
2026-01-08T03:56:55.959Z,0.9,15-30s,5,5,5,1
2026-01-08T03:56:55.959Z,0.9,30-60s,7,6,9,3
2026-01-08T03:56:55.959Z,0.9,60-300s,3,1,4,2
2026-01-08T03:56:55.959Z,0.9,5-15m,27,0,43,4
2026-01-08T03:56:55.959Z,0.95,0-5s,6,6,6,1
2026-01-08T03:56:55.959Z,0.95,15-30s,11,0,49,6
2026-01-08T03:56:55.959Z,0.95,30-60s,6,3,9,4
2026-01-08T03:56:55.959Z,0.95,60-300s,160,0,1996,20
2026-01-08T03:56:55.959Z,0.95,5-15m,180,0,8995,56
2026-01-08T03:56:55.959Z,0.95,15-60m,6,6,6,1
2026-01-08T03:56:55.959Z,0.98,0-5s,12,6,17,2
2026-01-08T03:56:55.959Z,0.98,5-15s,548,548,548,1
2026-01-08T03:56:55.959Z,0.98,15-30s,22,2,76,18
2026-01-08T03:56:55.959Z,0.98,30-60s,11,0,40,21
2026-01-08T03:56:55.959Z,0.98,60-300s,43,0,1996,149
2026-01-08T03:56:55.959Z,0.98,5-15m,63,0,16739,412
2026-01-08T03:56:55.959Z,0.98,15-60m,4,2,6,2
2026-01-08T03:56:55.959Z,0.985,0-5s,12,6,17,2
2026-01-08T03:56:55.959Z,0.985,5-15s,613,548,677,2
2026-01-08T03:56:55.959Z,0.985,15-30s,22,2,76,18
2026-01-08T03:56:55.959Z,0.985,30-60s,10,0,40,23
2026-01-08T03:56:55.959Z,0.985,60-300s,43,0,1996,151
2026-01-08T03:56:55.959Z,0.985,5-15m,62,0,16739,419
2026-01-08T03:56:55.959Z,0.985,15-60m,4,2,6,2
2026-01-08T03:56:55.959Z,0.99,0-5s,12,6,17,2
2026-01-08T03:56:55.959Z,0.99,5-15s,613,548,677,2
2026-01-08T03:56:55.959Z,0.99,15-30s,22,2,76,19
2026-01-08T03:56:55.959Z,0.99,30-60s,13,0,55,30
2026-01-08T03:56:55.959Z,0.99,60-300s,72,0,11737,334
2026-01-08T03:56:55.959Z,0.99,5-15m,43,0,16739,1057
2026-01-08T03:56:55.959Z,0.99,15-60m,15,0,60,9
2026-01-08T03:56:55.959Z,0.995,0-5s,12,6,17,2
2026-01-08T03:56:55.959Z,0.995,5-15s,895,548,1461,3
2026-01-08T03:56:55.959Z,0.995,15-30s,260,2,4787,20
2026-01-08T03:56:55.959Z,0.995,30-60s,13,0,55,30
2026-01-08T03:56:55.959Z,0.995,60-300s,72,0,11737,334
2026-01-08T03:56:55.959Z,0.995,5-15m,43,0,16739,1057
2026-01-08T03:56:55.959Z,0.995,15-60m,15,0,60,9
2026-01-08T03:57:55.959Z,0.9,15-30s,5,5,5,1
2026-01-08T03:57:55.959Z,0.9,30-60s,7,6,9,3
2026-01-08T03:57:55.959Z,0.9,60-300s,3,1,4,2
2026-01-08T03:57:55.959Z,0.9,5-15m,27,0,43,4
2026-01-08T03:57:55.959Z,0.95,0-5s,6,6,6,1
2026-01-08T03:57:55.959Z,0.95,15-30s,11,0,49,6
2026-01-08T03:57:55.959Z,0.95,30-60s,6,3,9,4
2026-01-08T03:57:55.959Z,0.95,60-300s,147,0,1996,22
2026-01-08T03:57:55.959Z,0.95,5-15m,180,0,8995,56
2026-01-08T03:57:55.959Z,0.95,15-60m,6,6,6,1
2026-01-08T03:57:55.959Z,0.98,0-5s,12,6,17,2
2026-01-08T03:57:55.959Z,0.98,5-15s,548,548,548,1
2026-01-08T03:57:55.959Z,0.98,15-30s,22,2,76,18
2026-01-08T03:57:55.959Z,0.98,30-60s,11,0,40,21
2026-01-08T03:57:55.959Z,0.98,60-300s,42,0,1996,158
2026-01-08T03:57:55.959Z,0.98,5-15m,63,0,16739,412
2026-01-08T03:57:55.959Z,0.98,15-60m,4,2,6,2
2026-01-08T03:57:55.959Z,0.985,0-5s,12,6,17,2
2026-01-08T03:57:55.959Z,0.985,5-15s,613,548,677,2
2026-01-08T03:57:55.959Z,0.985,15-30s,22,2,76,18
2026-01-08T03:57:55.959Z,0.985,30-60s,10,0,40,23
2026-01-08T03:57:55.959Z,0.985,60-300s,42,0,1996,160
2026-01-08T03:57:55.959Z,0.985,5-15m,62,0,16739,419
2026-01-08T03:57:55.959Z,0.985,15-60m,4,2,6,2
2026-01-08T03:57:55.959Z,0.99,0-5s,12,6,17,2
2026-01-08T03:57:55.959Z,0.99,5-15s,613,548,677,2
2026-01-08T03:57:55.959Z,0.99,15-30s,22,2,76,19
2026-01-08T03:57:55.959Z,0.99,30-60s,13,0,55,30
2026-01-08T03:57:55.959Z,0.99,60-300s,68,0,11737,360
2026-01-08T03:57:55.959Z,0.99,5-15m,43,0,16739,1057
2026-01-08T03:57:55.959Z,0.99,15-60m,15,0,60,9
2026-01-08T03:57:55.959Z,0.995,0-5s,12,6,17,2
2026-01-08T03:57:55.959Z,0.995,5-15s,895,548,1461,3
2026-01-08T03:57:55.959Z,0.995,15-30s,260,2,4787,20
2026-01-08T03:57:55.959Z,0.995,30-60s,13,0,55,30
2026-01-08T03:57:55.959Z,0.995,60-300s,68,0,11737,360
2026-01-08T03:57:55.959Z,0.995,5-15m,43,0,16739,1057
2026-01-08T03:57:55.959Z,0.995,15-60m,15,0,60,9
2026-01-08T03:58:55.958Z,0.9,15-30s,5,5,5,1
2026-01-08T03:58:55.958Z,0.9,30-60s,7,6,9,3
2026-01-08T03:58:55.958Z,0.9,60-300s,3,1,4,2
2026-01-08T03:58:55.958Z,0.9,5-15m,27,0,43,4
2026-01-08T03:58:55.958Z,0.95,0-5s,6,6,6,1
2026-01-08T03:58:55.958Z,0.95,15-30s,11,0,49,6
2026-01-08T03:58:55.958Z,0.95,30-60s,6,3,9,4
2026-01-08T03:58:55.958Z,0.95,60-300s,135,0,1996,24
2026-01-08T03:58:55.958Z,0.95,5-15m,180,0,8995,56
2026-01-08T03:58:55.958Z,0.95,15-60m,6,6,6,1
2026-01-08T03:58:55.958Z,0.98,0-5s,12,6,17,2
2026-01-08T03:58:55.958Z,0.98,5-15s,548,548,548,1
2026-01-08T03:58:55.958Z,0.98,15-30s,22,2,76,18
2026-01-08T03:58:55.958Z,0.98,30-60s,11,0,40,21
2026-01-08T03:58:55.958Z,0.98,60-300s,39,0,1996,172
2026-01-08T03:58:55.958Z,0.98,5-15m,63,0,16739,412
2026-01-08T03:58:55.958Z,0.98,15-60m,4,2,6,2
2026-01-08T03:58:55.958Z,0.985,0-5s,12,6,17,2
2026-01-08T03:58:55.958Z,0.985,5-15s,613,548,677,2
2026-01-08T03:58:55.958Z,0.985,15-30s,22,2,76,18
2026-01-08T03:58:55.958Z,0.985,30-60s,10,0,40,23
2026-01-08T03:58:55.958Z,0.985,60-300s,39,0,1996,174
2026-01-08T03:58:55.958Z,0.985,5-15m,62,0,16739,419
2026-01-08T03:58:55.958Z,0.985,15-60m,4,2,6,2
2026-01-08T03:58:55.958Z,0.99,0-5s,12,6,17,2
2026-01-08T03:58:55.958Z,0.99,5-15s,613,548,677,2
2026-01-08T03:58:55.958Z,0.99,15-30s,22,2,76,19
2026-01-08T03:58:55.958Z,0.99,30-60s,13,0,55,30
2026-01-08T03:58:55.958Z,0.99,60-300s,66,0,11737,385
2026-01-08T03:58:55.958Z,0.99,5-15m,43,0,16739,1057
2026-01-08T03:58:55.958Z,0.99,15-60m,15,0,60,9
2026-01-08T03:58:55.958Z,0.995,0-5s,12,6,17,2
2026-01-08T03:58:55.958Z,0.995,5-15s,895,548,1461,3
2026-01-08T03:58:55.958Z,0.995,15-30s,260,2,4787,20
2026-01-08T03:58:55.958Z,0.995,30-60s,13,0,55,30
2026-01-08T03:58:55.958Z,0.995,60-300s,66,0,11737,385
2026-01-08T03:58:55.958Z,0.995,5-15m,43,0,16739,1057
2026-01-08T03:58:55.958Z,0.995,15-60m,15,0,60,9
2026-01-08T03:59:55.963Z,0.9,15-30s,5,5,5,1
2026-01-08T03:59:55.963Z,0.9,30-60s,7,6,9,3
2026-01-08T03:59:55.963Z,0.9,60-300s,3,1,4,2
2026-01-08T03:59:55.963Z,0.9,5-15m,27,0,43,4
2026-01-08T03:59:55.963Z,0.95,0-5s,6,6,6,1
2026-01-08T03:59:55.963Z,0.95,15-30s,11,0,49,6
2026-01-08T03:59:55.963Z,0.95,30-60s,6,3,9,4
2026-01-08T03:59:55.963Z,0.95,60-300s,135,0,1996,24
2026-01-08T03:59:55.963Z,0.95,5-15m,180,0,8995,56
2026-01-08T03:59:55.963Z,0.95,15-60m,6,6,6,1
2026-01-08T03:59:55.963Z,0.98,0-5s,12,6,17,3
2026-01-08T03:59:55.963Z,0.98,5-15s,548,548,548,1
2026-01-08T03:59:55.963Z,0.98,15-30s,22,2,76,18
2026-01-08T03:59:55.963Z,0.98,30-60s,17,0,152,29
2026-01-08T03:59:55.963Z,0.98,60-300s,39,0,1996,172
2026-01-08T03:59:55.963Z,0.98,5-15m,63,0,16739,412
2026-01-08T03:59:55.963Z,0.98,15-60m,4,2,6,2
2026-01-08T03:59:55.963Z,0.985,0-5s,12,6,17,3
2026-01-08T03:59:55.963Z,0.985,5-15s,613,548,677,2
2026-01-08T03:59:55.963Z,0.985,15-30s,22,2,76,18
2026-01-08T03:59:55.963Z,0.985,30-60s,16,0,152,31
2026-01-08T03:59:55.963Z,0.985,60-300s,39,0,1996,174
2026-01-08T03:59:55.963Z,0.985,5-15m,62,0,16739,419
2026-01-08T03:59:55.963Z,0.985,15-60m,4,2,6,2
2026-01-08T03:59:55.963Z,0.99,0-5s,12,6,17,3
2026-01-08T03:59:55.963Z,0.99,5-15s,613,548,677,2
2026-01-08T03:59:55.963Z,0.99,15-30s,22,2,76,19
2026-01-08T03:59:55.963Z,0.99,30-60s,17,0,152,39
2026-01-08T03:59:55.963Z,0.99,60-300s,66,0,11737,385
2026-01-08T03:59:55.963Z,0.99,5-15m,43,0,16739,1057
2026-01-08T03:59:55.963Z,0.99,15-60m,16,0,60,10
2026-01-08T03:59:55.963Z,0.995,0-5s,12,6,17,3
2026-01-08T03:59:55.963Z,0.995,5-15s,895,548,1461,3
2026-01-08T03:59:55.963Z,0.995,15-30s,260,2,4787,20
2026-01-08T03:59:55.963Z,0.995,30-60s,17,0,152,39
2026-01-08T03:59:55.963Z,0.995,60-300s,66,0,11737,385
2026-01-08T03:59:55.963Z,0.995,5-15m,43,0,16739,1057
2026-01-08T03:59:55.963Z,0.995,15-60m,16,0,60,10
2026-01-08T04:00:55.961Z,0.9,0-5s,10,10,10,1
2026-01-08T04:00:55.961Z,0.9,15-30s,5,5,5,1
2026-01-08T04:00:55.961Z,0.9,30-60s,7,6,9,3
2026-01-08T04:00:55.961Z,0.9,60-300s,3,1,4,2
2026-01-08T04:00:55.961Z,0.9,5-15m,27,0,43,4
2026-01-08T04:00:55.961Z,0.95,0-5s,8,6,10,2
2026-01-08T04:00:55.961Z,0.95,15-30s,11,0,49,6
2026-01-08T04:00:55.961Z,0.95,30-60s,6,3,9,4
2026-01-08T04:00:55.961Z,0.95,60-300s,135,0,1996,24
2026-01-08T04:00:55.961Z,0.95,5-15m,180,0,8995,56
2026-01-08T04:00:55.961Z,0.95,15-60m,6,6,6,1
2026-01-08T04:00:55.961Z,0.98,0-5s,13,2,25,6
2026-01-08T04:00:55.961Z,0.98,5-15s,548,548,548,1
2026-01-08T04:00:55.961Z,0.98,15-30s,22,2,76,18
2026-01-08T04:00:55.961Z,0.98,30-60s,17,0,152,29
2026-01-08T04:00:55.961Z,0.98,60-300s,39,0,1996,172
2026-01-08T04:00:55.961Z,0.98,5-15m,62,0,16739,418
2026-01-08T04:00:55.961Z,0.98,15-60m,14,2,35,3
2026-01-08T04:00:55.961Z,0.985,0-5s,13,2,25,6
2026-01-08T04:00:55.961Z,0.985,5-15s,613,548,677,2
2026-01-08T04:00:55.961Z,0.985,15-30s,22,2,76,18
2026-01-08T04:00:55.961Z,0.985,30-60s,16,0,152,31
2026-01-08T04:00:55.961Z,0.985,60-300s,39,0,1996,174
2026-01-08T04:00:55.961Z,0.985,5-15m,61,0,16739,425
2026-01-08T04:00:55.961Z,0.985,15-60m,14,2,35,3
2026-01-08T04:00:55.961Z,0.99,0-5s,13,2,25,7
2026-01-08T04:00:55.961Z,0.99,5-15s,613,548,677,2
2026-01-08T04:00:55.961Z,0.99,15-30s,22,2,76,19
2026-01-08T04:00:55.961Z,0.99,30-60s,17,0,152,39
2026-01-08T04:00:55.961Z,0.99,60-300s,66,0,11737,385
2026-01-08T04:00:55.961Z,0.99,5-15m,42,0,16739,1066
2026-01-08T04:00:55.961Z,0.99,15-60m,17,0,60,11
2026-01-08T04:00:55.961Z,0.995,0-5s,13,2,25,7
2026-01-08T04:00:55.961Z,0.995,5-15s,895,548,1461,3
2026-01-08T04:00:55.961Z,0.995,15-30s,260,2,4787,20
2026-01-08T04:00:55.961Z,0.995,30-60s,17,0,152,39
2026-01-08T04:00:55.961Z,0.995,60-300s,66,0,11737,385
2026-01-08T04:00:55.961Z,0.995,5-15m,42,0,16739,1066
2026-01-08T04:00:55.961Z,0.995,15-60m,17,0,60,11
2026-01-08T04:01:55.964Z,0.9,0-5s,10,10,10,1
2026-01-08T04:01:55.964Z,0.9,15-30s,5,5,5,1
2026-01-08T04:01:55.964Z,0.9,30-60s,7,6,9,3
2026-01-08T04:01:55.964Z,0.9,60-300s,3,1,4,2
2026-01-08T04:01:55.964Z,0.9,5-15m,27,0,43,4
2026-01-08T04:01:55.964Z,0.95,0-5s,8,6,10,2
2026-01-08T04:01:55.964Z,0.95,15-30s,11,0,49,6
2026-01-08T04:01:55.964Z,0.95,30-60s,6,3,9,4
2026-01-08T04:01:55.964Z,0.95,60-300s,135,0,1996,24
2026-01-08T04:01:55.964Z,0.95,5-15m,180,0,8995,56
2026-01-08T04:01:55.964Z,0.95,15-60m,6,6,6,1
2026-01-08T04:01:55.964Z,0.98,0-5s,13,2,25,6
2026-01-08T04:01:55.964Z,0.98,5-15s,548,548,548,1
2026-01-08T04:01:55.964Z,0.98,15-30s,22,2,76,18
2026-01-08T04:01:55.964Z,0.98,30-60s,17,0,152,29
2026-01-08T04:01:55.964Z,0.98,60-300s,39,0,1996,172
2026-01-08T04:01:55.964Z,0.98,5-15m,62,0,16739,421
2026-01-08T04:01:55.964Z,0.98,15-60m,14,2,35,3
2026-01-08T04:01:55.964Z,0.985,0-5s,13,2,25,6
2026-01-08T04:01:55.964Z,0.985,5-15s,613,548,677,2
2026-01-08T04:01:55.964Z,0.985,15-30s,22,2,76,18
2026-01-08T04:01:55.964Z,0.985,30-60s,16,0,152,31
2026-01-08T04:01:55.964Z,0.985,60-300s,39,0,1996,174
2026-01-08T04:01:55.964Z,0.985,5-15m,61,0,16739,428
2026-01-08T04:01:55.964Z,0.985,15-60m,14,2,35,3
2026-01-08T04:01:55.964Z,0.99,0-5s,13,2,25,7
2026-01-08T04:01:55.964Z,0.99,5-15s,613,548,677,2
2026-01-08T04:01:55.964Z,0.99,15-30s,22,2,76,19
2026-01-08T04:01:55.964Z,0.99,30-60s,17,0,152,39
2026-01-08T04:01:55.964Z,0.99,60-300s,66,0,11737,385
2026-01-08T04:01:55.964Z,0.99,5-15m,42,0,16739,1078
2026-01-08T04:01:55.964Z,0.99,15-60m,17,0,60,11
2026-01-08T04:01:55.964Z,0.995,0-5s,13,2,25,7
2026-01-08T04:01:55.964Z,0.995,5-15s,895,548,1461,3
2026-01-08T04:01:55.964Z,0.995,15-30s,260,2,4787,20
2026-01-08T04:01:55.964Z,0.995,30-60s,17,0,152,39
2026-01-08T04:01:55.964Z,0.995,60-300s,66,0,11737,385
2026-01-08T04:01:55.964Z,0.995,5-15m,42,0,16739,1078
2026-01-08T04:01:55.964Z,0.995,15-60m,17,0,60,11
2026-01-08T04:02:55.966Z,0.9,0-5s,10,10,10,1
2026-01-08T04:02:55.966Z,0.9,15-30s,5,5,5,1
2026-01-08T04:02:55.966Z,0.9,30-60s,7,6,9,3
2026-01-08T04:02:55.966Z,0.9,60-300s,3,1,4,2
2026-01-08T04:02:55.966Z,0.9,5-15m,27,0,43,4
2026-01-08T04:02:55.966Z,0.95,0-5s,8,6,10,2
2026-01-08T04:02:55.966Z,0.95,15-30s,11,0,49,6
2026-01-08T04:02:55.966Z,0.95,30-60s,6,3,9,4
2026-01-08T04:02:55.966Z,0.95,60-300s,135,0,1996,24
2026-01-08T04:02:55.966Z,0.95,5-15m,180,0,8995,56
2026-01-08T04:02:55.966Z,0.95,15-60m,6,6,6,1
2026-01-08T04:02:55.966Z,0.98,0-5s,13,2,25,6
2026-01-08T04:02:55.966Z,0.98,5-15s,548,548,548,1
2026-01-08T04:02:55.966Z,0.98,15-30s,22,2,76,18
2026-01-08T04:02:55.966Z,0.98,30-60s,17,0,152,29
2026-01-08T04:02:55.966Z,0.98,60-300s,39,0,1996,172
2026-01-08T04:02:55.966Z,0.98,5-15m,61,0,16739,424
2026-01-08T04:02:55.966Z,0.98,15-60m,14,2,35,3
2026-01-08T04:02:55.966Z,0.985,0-5s,13,2,25,6
2026-01-08T04:02:55.966Z,0.985,5-15s,613,548,677,2
2026-01-08T04:02:55.966Z,0.985,15-30s,22,2,76,18
2026-01-08T04:02:55.966Z,0.985,30-60s,16,0,152,31
2026-01-08T04:02:55.966Z,0.985,60-300s,39,0,1996,174
2026-01-08T04:02:55.966Z,0.985,5-15m,61,0,16739,431
2026-01-08T04:02:55.966Z,0.985,15-60m,14,2,35,3
2026-01-08T04:02:55.966Z,0.99,0-5s,13,2,25,7
2026-01-08T04:02:55.966Z,0.99,5-15s,613,548,677,2
2026-01-08T04:02:55.966Z,0.99,15-30s,22,2,76,19
2026-01-08T04:02:55.966Z,0.99,30-60s,17,0,152,39
2026-01-08T04:02:55.966Z,0.99,60-300s,66,0,11737,385
2026-01-08T04:02:55.966Z,0.99,5-15m,42,0,16739,1086
2026-01-08T04:02:55.966Z,0.99,15-60m,17,0,60,11
2026-01-08T04:02:55.966Z,0.995,0-5s,13,2,25,7
2026-01-08T04:02:55.966Z,0.995,5-15s,895,548,1461,3
2026-01-08T04:02:55.966Z,0.995,15-30s,260,2,4787,20
2026-01-08T04:02:55.966Z,0.995,30-60s,17,0,152,39
2026-01-08T04:02:55.966Z,0.995,60-300s,66,0,11737,385
2026-01-08T04:02:55.966Z,0.995,5-15m,42,0,16739,1086
2026-01-08T04:02:55.966Z,0.995,15-60m,17,0,60,11
2026-01-08T04:03:55.962Z,0.9,0-5s,10,10,10,1
2026-01-08T04:03:55.962Z,0.9,15-30s,5,5,5,1
2026-01-08T04:03:55.962Z,0.9,30-60s,7,6,9,3
2026-01-08T04:03:55.962Z,0.9,60-300s,3,1,4,2
2026-01-08T04:03:55.962Z,0.9,5-15m,27,0,43,4
2026-01-08T04:03:55.962Z,0.95,0-5s,8,6,10,2
2026-01-08T04:03:55.962Z,0.95,15-30s,11,0,49,6
2026-01-08T04:03:55.962Z,0.95,30-60s,6,3,9,4
2026-01-08T04:03:55.962Z,0.95,60-300s,135,0,1996,24
2026-01-08T04:03:55.962Z,0.95,5-15m,180,0,8995,56
2026-01-08T04:03:55.962Z,0.95,15-60m,6,6,6,1
2026-01-08T04:03:55.962Z,0.98,0-5s,13,2,25,6
2026-01-08T04:03:55.962Z,0.98,5-15s,548,548,548,1
2026-01-08T04:03:55.962Z,0.98,15-30s,22,2,76,18
2026-01-08T04:03:55.962Z,0.98,30-60s,17,0,152,29
2026-01-08T04:03:55.962Z,0.98,60-300s,39,0,1996,172
2026-01-08T04:03:55.962Z,0.98,5-15m,61,0,16739,427
2026-01-08T04:03:55.962Z,0.98,15-60m,14,2,35,3
2026-01-08T04:03:55.962Z,0.985,0-5s,13,2,25,6
2026-01-08T04:03:55.962Z,0.985,5-15s,613,548,677,2
2026-01-08T04:03:55.962Z,0.985,15-30s,22,2,76,18
2026-01-08T04:03:55.962Z,0.985,30-60s,16,0,152,31
2026-01-08T04:03:55.962Z,0.985,60-300s,39,0,1996,174
2026-01-08T04:03:55.962Z,0.985,5-15m,60,0,16739,434
2026-01-08T04:03:55.962Z,0.985,15-60m,14,2,35,3
2026-01-08T04:03:55.962Z,0.99,0-5s,13,2,25,7
2026-01-08T04:03:55.962Z,0.99,5-15s,613,548,677,2
2026-01-08T04:03:55.962Z,0.99,15-30s,22,2,76,19
2026-01-08T04:03:55.962Z,0.99,30-60s,17,0,152,39
2026-01-08T04:03:55.962Z,0.99,60-300s,66,0,11737,385
2026-01-08T04:03:55.962Z,0.99,5-15m,42,0,16739,1093
2026-01-08T04:03:55.962Z,0.99,15-60m,17,0,60,11
2026-01-08T04:03:55.962Z,0.995,0-5s,13,2,25,7
2026-01-08T04:03:55.962Z,0.995,5-15s,895,548,1461,3
2026-01-08T04:03:55.962Z,0.995,15-30s,260,2,4787,20
2026-01-08T04:03:55.962Z,0.995,30-60s,17,0,152,39
2026-01-08T04:03:55.962Z,0.995,60-300s,66,0,11737,385
2026-01-08T04:03:55.962Z,0.995,5-15m,42,0,16739,1093
2026-01-08T04:03:55.962Z,0.995,15-60m,17,0,60,11
2026-01-08T04:04:55.966Z,0.9,0-5s,10,10,10,1
2026-01-08T04:04:55.966Z,0.9,15-30s,5,5,5,1
2026-01-08T04:04:55.966Z,0.9,30-60s,7,6,9,3
2026-01-08T04:04:55.966Z,0.9,60-300s,3,1,4,2
2026-01-08T04:04:55.966Z,0.9,5-15m,27,0,43,4
2026-01-08T04:04:55.966Z,0.95,0-5s,8,6,10,2
2026-01-08T04:04:55.966Z,0.95,15-30s,11,0,49,6
2026-01-08T04:04:55.966Z,0.95,30-60s,6,3,9,4
2026-01-08T04:04:55.966Z,0.95,60-300s,135,0,1996,24
2026-01-08T04:04:55.966Z,0.95,5-15m,180,0,8995,56
2026-01-08T04:04:55.966Z,0.95,15-60m,6,6,6,1
2026-01-08T04:04:55.966Z,0.98,0-5s,13,2,25,6
2026-01-08T04:04:55.966Z,0.98,5-15s,548,548,548,1
2026-01-08T04:04:55.966Z,0.98,15-30s,22,2,76,18
2026-01-08T04:04:55.966Z,0.98,30-60s,17,0,152,29
2026-01-08T04:04:55.966Z,0.98,60-300s,39,0,1996,172
2026-01-08T04:04:55.966Z,0.98,5-15m,61,0,16739,430
2026-01-08T04:04:55.966Z,0.98,15-60m,14,2,35,3
2026-01-08T04:04:55.966Z,0.985,0-5s,13,2,25,6
2026-01-08T04:04:55.966Z,0.985,5-15s,613,548,677,2
2026-01-08T04:04:55.966Z,0.985,15-30s,22,2,76,18
2026-01-08T04:04:55.966Z,0.985,30-60s,16,0,152,31
2026-01-08T04:04:55.966Z,0.985,60-300s,39,0,1996,174
2026-01-08T04:04:55.966Z,0.985,5-15m,60,0,16739,437
2026-01-08T04:04:55.966Z,0.985,15-60m,14,2,35,3
2026-01-08T04:04:55.966Z,0.99,0-5s,13,2,25,7
2026-01-08T04:04:55.966Z,0.99,5-15s,613,548,677,2
2026-01-08T04:04:55.966Z,0.99,15-30s,22,2,76,19
2026-01-08T04:04:55.966Z,0.99,30-60s,17,0,152,39
2026-01-08T04:04:55.966Z,0.99,60-300s,66,0,11737,385
2026-01-08T04:04:55.966Z,0.99,5-15m,42,0,16739,1098
2026-01-08T04:04:55.966Z,0.99,15-60m,17,0,60,11
2026-01-08T04:04:55.966Z,0.995,0-5s,13,2,25,7
2026-01-08T04:04:55.966Z,0.995,5-15s,895,548,1461,3
2026-01-08T04:04:55.966Z,0.995,15-30s,260,2,4787,20
2026-01-08T04:04:55.966Z,0.995,30-60s,17,0,152,39
2026-01-08T04:04:55.966Z,0.995,60-300s,66,0,11737,385
2026-01-08T04:04:55.966Z,0.995,5-15m,42,0,16739,1098
2026-01-08T04:04:55.966Z,0.995,15-60m,17,0,60,11
2026-01-08T04:05:55.968Z,0.9,0-5s,10,10,10,1
2026-01-08T04:05:55.968Z,0.9,15-30s,5,5,5,1
2026-01-08T04:05:55.968Z,0.9,30-60s,7,6,9,3
2026-01-08T04:05:55.968Z,0.9,60-300s,3,1,4,2
2026-01-08T04:05:55.968Z,0.9,5-15m,27,0,43,4
2026-01-08T04:05:55.968Z,0.95,0-5s,8,6,10,2
2026-01-08T04:05:55.968Z,0.95,15-30s,11,0,49,6
2026-01-08T04:05:55.968Z,0.95,30-60s,6,3,9,4
2026-01-08T04:05:55.968Z,0.95,60-300s,135,0,1996,24
2026-01-08T04:05:55.968Z,0.95,5-15m,180,0,8995,56
2026-01-08T04:05:55.968Z,0.95,15-60m,6,6,6,1
2026-01-08T04:05:55.968Z,0.98,0-5s,13,2,25,6
2026-01-08T04:05:55.968Z,0.98,5-15s,548,548,548,1
2026-01-08T04:05:55.968Z,0.98,15-30s,22,2,76,18
2026-01-08T04:05:55.968Z,0.98,30-60s,17,0,152,29
2026-01-08T04:05:55.968Z,0.98,60-300s,39,0,1996,172
2026-01-08T04:05:55.968Z,0.98,5-15m,60,0,16739,437
2026-01-08T04:05:55.968Z,0.98,15-60m,14,2,35,3
2026-01-08T04:05:55.968Z,0.985,0-5s,13,2,25,6
2026-01-08T04:05:55.968Z,0.985,5-15s,613,548,677,2
2026-01-08T04:05:55.968Z,0.985,15-30s,22,2,76,18
2026-01-08T04:05:55.968Z,0.985,30-60s,16,0,152,31
2026-01-08T04:05:55.968Z,0.985,60-300s,39,0,1996,174
2026-01-08T04:05:55.968Z,0.985,5-15m,59,0,16739,444
2026-01-08T04:05:55.968Z,0.985,15-60m,14,2,35,3
2026-01-08T04:05:55.968Z,0.99,0-5s,13,2,25,7
2026-01-08T04:05:55.968Z,0.99,5-15s,613,548,677,2
2026-01-08T04:05:55.968Z,0.99,15-30s,22,2,76,19
2026-01-08T04:05:55.968Z,0.99,30-60s,17,0,152,39
2026-01-08T04:05:55.968Z,0.99,60-300s,66,0,11737,385
2026-01-08T04:05:55.968Z,0.99,5-15m,42,0,16739,1112
2026-01-08T04:05:55.968Z,0.99,15-60m,17,0,60,11
2026-01-08T04:05:55.968Z,0.995,0-5s,13,2,25,7
2026-01-08T04:05:55.968Z,0.995,5-15s,895,548,1461,3
2026-01-08T04:05:55.968Z,0.995,15-30s,260,2,4787,20
2026-01-08T04:05:55.968Z,0.995,30-60s,17,0,152,39
2026-01-08T04:05:55.968Z,0.995,60-300s,66,0,11737,385
2026-01-08T04:05:55.968Z,0.995,5-15m,42,0,16739,1112
2026-01-08T04:05:55.968Z,0.995,15-60m,17,0,60,11
2026-01-08T04:06:55.969Z,0.9,0-5s,10,10,10,1
2026-01-08T04:06:55.969Z,0.9,15-30s,5,5,5,1
2026-01-08T04:06:55.969Z,0.9,30-60s,7,6,9,3
2026-01-08T04:06:55.969Z,0.9,60-300s,3,1,4,2
2026-01-08T04:06:55.969Z,0.9,5-15m,27,0,43,4
2026-01-08T04:06:55.969Z,0.95,0-5s,8,6,10,2
2026-01-08T04:06:55.969Z,0.95,15-30s,11,0,49,6
2026-01-08T04:06:55.969Z,0.95,30-60s,6,3,9,4
2026-01-08T04:06:55.969Z,0.95,60-300s,135,0,1996,24
2026-01-08T04:06:55.969Z,0.95,5-15m,176,0,8995,57
2026-01-08T04:06:55.969Z,0.95,15-60m,6,6,6,1
2026-01-08T04:06:55.969Z,0.98,0-5s,13,2,25,6
2026-01-08T04:06:55.969Z,0.98,5-15s,548,548,548,1
2026-01-08T04:06:55.969Z,0.98,15-30s,22,2,76,18
2026-01-08T04:06:55.969Z,0.98,30-60s,17,0,152,29
2026-01-08T04:06:55.969Z,0.98,60-300s,39,0,1996,172
2026-01-08T04:06:55.969Z,0.98,5-15m,59,0,16739,439
2026-01-08T04:06:55.969Z,0.98,15-60m,14,2,35,3
2026-01-08T04:06:55.969Z,0.985,0-5s,13,2,25,6
2026-01-08T04:06:55.969Z,0.985,5-15s,613,548,677,2
2026-01-08T04:06:55.969Z,0.985,15-30s,22,2,76,18
2026-01-08T04:06:55.969Z,0.985,30-60s,16,0,152,31
2026-01-08T04:06:55.969Z,0.985,60-300s,39,0,1996,174
2026-01-08T04:06:55.969Z,0.985,5-15m,59,0,16739,446
2026-01-08T04:06:55.969Z,0.985,15-60m,14,2,35,3
2026-01-08T04:06:55.969Z,0.99,0-5s,13,2,25,7
2026-01-08T04:06:55.969Z,0.99,5-15s,613,548,677,2
2026-01-08T04:06:55.969Z,0.99,15-30s,22,2,76,19
2026-01-08T04:06:55.969Z,0.99,30-60s,17,0,152,39
2026-01-08T04:06:55.969Z,0.99,60-300s,66,0,11737,385
2026-01-08T04:06:55.969Z,0.99,5-15m,42,0,16739,1117
2026-01-08T04:06:55.969Z,0.99,15-60m,17,0,60,11
2026-01-08T04:06:55.969Z,0.995,0-5s,13,2,25,7
2026-01-08T04:06:55.969Z,0.995,5-15s,895,548,1461,3
2026-01-08T04:06:55.969Z,0.995,15-30s,260,2,4787,20
2026-01-08T04:06:55.969Z,0.995,30-60s,17,0,152,39
2026-01-08T04:06:55.969Z,0.995,60-300s,66,0,11737,385
2026-01-08T04:06:55.969Z,0.995,5-15m,42,0,16739,1117
2026-01-08T04:06:55.969Z,0.995,15-60m,17,0,60,11
2026-01-08T04:07:55.970Z,0.9,0-5s,10,10,10,1
2026-01-08T04:07:55.970Z,0.9,15-30s,5,5,5,1
2026-01-08T04:07:55.970Z,0.9,30-60s,7,6,9,3
2026-01-08T04:07:55.970Z,0.9,60-300s,3,1,4,2
2026-01-08T04:07:55.970Z,0.9,5-15m,27,0,43,4
2026-01-08T04:07:55.970Z,0.95,0-5s,8,6,10,2
2026-01-08T04:07:55.970Z,0.95,15-30s,11,0,49,6
2026-01-08T04:07:55.970Z,0.95,30-60s,6,3,9,4
2026-01-08T04:07:55.970Z,0.95,60-300s,135,0,1996,24
2026-01-08T04:07:55.970Z,0.95,5-15m,176,0,8995,57
2026-01-08T04:07:55.970Z,0.95,15-60m,6,6,6,1
2026-01-08T04:07:55.970Z,0.98,0-5s,13,2,25,6
2026-01-08T04:07:55.970Z,0.98,5-15s,548,548,548,1
2026-01-08T04:07:55.970Z,0.98,15-30s,22,2,76,18
2026-01-08T04:07:55.970Z,0.98,30-60s,17,0,152,29
2026-01-08T04:07:55.970Z,0.98,60-300s,39,0,1996,172
2026-01-08T04:07:55.970Z,0.98,5-15m,60,0,16739,447
2026-01-08T04:07:55.970Z,0.98,15-60m,14,2,35,3
2026-01-08T04:07:55.970Z,0.985,0-5s,13,2,25,6
2026-01-08T04:07:55.970Z,0.985,5-15s,613,548,677,2
2026-01-08T04:07:55.970Z,0.985,15-30s,22,2,76,18
2026-01-08T04:07:55.970Z,0.985,30-60s,16,0,152,31
2026-01-08T04:07:55.970Z,0.985,60-300s,39,0,1996,174
2026-01-08T04:07:55.970Z,0.985,5-15m,59,0,16739,454
2026-01-08T04:07:55.970Z,0.985,15-60m,14,2,35,3
2026-01-08T04:07:55.970Z,0.99,0-5s,13,2,25,7
2026-01-08T04:07:55.970Z,0.99,5-15s,613,548,677,2
2026-01-08T04:07:55.970Z,0.99,15-30s,22,2,76,19
2026-01-08T04:07:55.970Z,0.99,30-60s,17,0,152,39
2026-01-08T04:07:55.970Z,0.99,60-300s,66,0,11737,385
2026-01-08T04:07:55.970Z,0.99,5-15m,42,0,16739,1126
2026-01-08T04:07:55.970Z,0.99,15-60m,17,0,60,11
2026-01-08T04:07:55.970Z,0.995,0-5s,13,2,25,7
2026-01-08T04:07:55.970Z,0.995,5-15s,895,548,1461,3
2026-01-08T04:07:55.970Z,0.995,15-30s,260,2,4787,20
2026-01-08T04:07:55.970Z,0.995,30-60s,17,0,152,39
2026-01-08T04:07:55.970Z,0.995,60-300s,66,0,11737,385
2026-01-08T04:07:55.970Z,0.995,5-15m,42,0,16739,1126
2026-01-08T04:07:55.970Z,0.995,15-60m,17,0,60,11
2026-01-08T04:08:55.971Z,0.9,0-5s,10,10,10,1
2026-01-08T04:08:55.971Z,0.9,15-30s,5,5,5,1
2026-01-08T04:08:55.971Z,0.9,30-60s,7,6,9,3
2026-01-08T04:08:55.971Z,0.9,60-300s,3,1,4,2
2026-01-08T04:08:55.971Z,0.9,5-15m,27,0,43,4
2026-01-08T04:08:55.971Z,0.95,0-5s,8,6,10,2
2026-01-08T04:08:55.971Z,0.95,15-30s,11,0,49,6
2026-01-08T04:08:55.971Z,0.95,30-60s,6,3,9,4
2026-01-08T04:08:55.971Z,0.95,60-300s,135,0,1996,24
2026-01-08T04:08:55.971Z,0.95,5-15m,176,0,8995,57
2026-01-08T04:08:55.971Z,0.95,15-60m,6,6,6,1
2026-01-08T04:08:55.971Z,0.98,0-5s,13,2,25,6
2026-01-08T04:08:55.971Z,0.98,5-15s,548,548,548,1
2026-01-08T04:08:55.971Z,0.98,15-30s,22,2,76,18
2026-01-08T04:08:55.971Z,0.98,30-60s,17,0,152,29
2026-01-08T04:08:55.971Z,0.98,60-300s,39,0,1996,172
2026-01-08T04:08:55.971Z,0.98,5-15m,59,0,16739,455
2026-01-08T04:08:55.971Z,0.98,15-60m,14,2,35,3
2026-01-08T04:08:55.971Z,0.985,0-5s,13,2,25,6
2026-01-08T04:08:55.971Z,0.985,5-15s,613,548,677,2
2026-01-08T04:08:55.971Z,0.985,15-30s,22,2,76,18
2026-01-08T04:08:55.971Z,0.985,30-60s,16,0,152,31
2026-01-08T04:08:55.971Z,0.985,60-300s,39,0,1996,174
2026-01-08T04:08:55.971Z,0.985,5-15m,58,0,16739,462
2026-01-08T04:08:55.971Z,0.985,15-60m,14,2,35,3
2026-01-08T04:08:55.971Z,0.99,0-5s,13,2,25,7
2026-01-08T04:08:55.971Z,0.99,5-15s,613,548,677,2
2026-01-08T04:08:55.971Z,0.99,15-30s,22,2,76,19
2026-01-08T04:08:55.971Z,0.99,30-60s,17,0,152,39
2026-01-08T04:08:55.971Z,0.99,60-300s,66,0,11737,385
2026-01-08T04:08:55.971Z,0.99,5-15m,42,0,16739,1139
2026-01-08T04:08:55.971Z,0.99,15-60m,17,0,60,11
2026-01-08T04:08:55.971Z,0.995,0-5s,13,2,25,7
2026-01-08T04:08:55.971Z,0.995,5-15s,895,548,1461,3
2026-01-08T04:08:55.971Z,0.995,15-30s,260,2,4787,20
2026-01-08T04:08:55.971Z,0.995,30-60s,17,0,152,39
2026-01-08T04:08:55.971Z,0.995,60-300s,66,0,11737,385
2026-01-08T04:08:55.971Z,0.995,5-15m,42,0,16739,1139
2026-01-08T04:08:55.971Z,0.995,15-60m,17,0,60,11
2026-01-08T04:09:55.969Z,0.9,0-5s,10,10,10,1
2026-01-08T04:09:55.969Z,0.9,15-30s,5,5,5,1
2026-01-08T04:09:55.969Z,0.9,30-60s,7,6,9,3
2026-01-08T04:09:55.969Z,0.9,60-300s,3,1,4,2
2026-01-08T04:09:55.969Z,0.9,5-15m,27,0,43,4
2026-01-08T04:09:55.969Z,0.95,0-5s,8,6,10,2
2026-01-08T04:09:55.969Z,0.95,15-30s,11,0,49,6
2026-01-08T04:09:55.969Z,0.95,30-60s,6,3,9,4
2026-01-08T04:09:55.969Z,0.95,60-300s,135,0,1996,24
2026-01-08T04:09:55.969Z,0.95,5-15m,168,0,8995,60
2026-01-08T04:09:55.969Z,0.95,15-60m,6,6,6,1
2026-01-08T04:09:55.969Z,0.98,0-5s,13,2,25,6
2026-01-08T04:09:55.969Z,0.98,5-15s,548,548,548,1
2026-01-08T04:09:55.969Z,0.98,15-30s,22,2,76,18
2026-01-08T04:09:55.969Z,0.98,30-60s,17,0,152,29
2026-01-08T04:09:55.969Z,0.98,60-300s,39,0,1996,172
2026-01-08T04:09:55.969Z,0.98,5-15m,58,0,16739,463
2026-01-08T04:09:55.969Z,0.98,15-60m,14,2,35,3
2026-01-08T04:09:55.969Z,0.985,0-5s,13,2,25,6
2026-01-08T04:09:55.969Z,0.985,5-15s,613,548,677,2
2026-01-08T04:09:55.969Z,0.985,15-30s,22,2,76,18
2026-01-08T04:09:55.969Z,0.985,30-60s,16,0,152,31
2026-01-08T04:09:55.969Z,0.985,60-300s,39,0,1996,174
2026-01-08T04:09:55.969Z,0.985,5-15m,58,0,16739,471
2026-01-08T04:09:55.969Z,0.985,15-60m,14,2,35,3
2026-01-08T04:09:55.969Z,0.99,0-5s,13,2,25,7
2026-01-08T04:09:55.969Z,0.99,5-15s,613,548,677,2
2026-01-08T04:09:55.969Z,0.99,15-30s,22,2,76,19
2026-01-08T04:09:55.969Z,0.99,30-60s,17,0,152,39
2026-01-08T04:09:55.969Z,0.99,60-300s,66,0,11737,385
2026-01-08T04:09:55.969Z,0.99,5-15m,41,0,16739,1157
2026-01-08T04:09:55.969Z,0.99,15-60m,17,0,60,12
2026-01-08T04:09:55.969Z,0.995,0-5s,13,2,25,7
2026-01-08T04:09:55.969Z,0.995,5-15s,895,548,1461,3
2026-01-08T04:09:55.969Z,0.995,15-30s,260,2,4787,20
2026-01-08T04:09:55.969Z,0.995,30-60s,17,0,152,39
2026-01-08T04:09:55.969Z,0.995,60-300s,66,0,11737,385
2026-01-08T04:09:55.969Z,0.995,5-15m,41,0,16739,1157
2026-01-08T04:09:55.969Z,0.995,15-60m,17,0,60,12
2026-01-08T04:10:55.972Z,0.9,0-5s,10,10,10,1
2026-01-08T04:10:55.972Z,0.9,15-30s,5,5,5,1
2026-01-08T04:10:55.972Z,0.9,30-60s,7,6,9,3
2026-01-08T04:10:55.972Z,0.9,60-300s,3,1,4,2
2026-01-08T04:10:55.972Z,0.9,5-15m,27,0,43,4
2026-01-08T04:10:55.972Z,0.95,0-5s,8,6,10,2
2026-01-08T04:10:55.972Z,0.95,15-30s,11,0,49,6
2026-01-08T04:10:55.972Z,0.95,30-60s,6,3,9,4
2026-01-08T04:10:55.972Z,0.95,60-300s,132,0,1996,25
2026-01-08T04:10:55.972Z,0.95,5-15m,168,0,8995,60
2026-01-08T04:10:55.972Z,0.95,15-60m,6,6,6,1
2026-01-08T04:10:55.972Z,0.98,0-5s,13,2,25,6
2026-01-08T04:10:55.972Z,0.98,5-15s,548,548,548,1
2026-01-08T04:10:55.972Z,0.98,15-30s,22,2,76,18
2026-01-08T04:10:55.972Z,0.98,30-60s,17,0,152,29
2026-01-08T04:10:55.972Z,0.98,60-300s,38,0,1996,180
2026-01-08T04:10:55.972Z,0.98,5-15m,58,0,16739,463
2026-01-08T04:10:55.972Z,0.98,15-60m,14,2,35,3
2026-01-08T04:10:55.972Z,0.985,0-5s,13,2,25,6
2026-01-08T04:10:55.972Z,0.985,5-15s,613,548,677,2
2026-01-08T04:10:55.972Z,0.985,15-30s,22,2,76,18
2026-01-08T04:10:55.972Z,0.985,30-60s,16,0,152,31
2026-01-08T04:10:55.972Z,0.985,60-300s,38,0,1996,183
2026-01-08T04:10:55.972Z,0.985,5-15m,58,0,16739,471
2026-01-08T04:10:55.972Z,0.985,15-60m,14,2,35,3
2026-01-08T04:10:55.972Z,0.99,0-5s,13,2,25,7
2026-01-08T04:10:55.972Z,0.99,5-15s,613,548,677,2
2026-01-08T04:10:55.972Z,0.99,15-30s,22,2,76,19
2026-01-08T04:10:55.972Z,0.99,30-60s,17,0,152,39
2026-01-08T04:10:55.972Z,0.99,60-300s,64,0,11737,407
2026-01-08T04:10:55.972Z,0.99,5-15m,41,0,16739,1157
2026-01-08T04:10:55.972Z,0.99,15-60m,17,0,60,12
2026-01-08T04:10:55.972Z,0.995,0-5s,13,2,25,7
2026-01-08T04:10:55.972Z,0.995,5-15s,895,548,1461,3
2026-01-08T04:10:55.972Z,0.995,15-30s,260,2,4787,20
2026-01-08T04:10:55.972Z,0.995,30-60s,17,0,152,39
2026-01-08T04:10:55.972Z,0.995,60-300s,64,0,11737,407
2026-01-08T04:10:55.972Z,0.995,5-15m,41,0,16739,1157
2026-01-08T04:10:55.972Z,0.995,15-60m,17,0,60,12
2026-01-08T04:11:55.970Z,0.9,0-5s,10,10,10,1
2026-01-08T04:11:55.970Z,0.9,15-30s,5,5,5,1
2026-01-08T04:11:55.970Z,0.9,30-60s,7,6,9,3
2026-01-08T04:11:55.970Z,0.9,60-300s,3,1,4,2
2026-01-08T04:11:55.970Z,0.9,5-15m,27,0,43,4
2026-01-08T04:11:55.970Z,0.95,0-5s,8,6,10,2
2026-01-08T04:11:55.970Z,0.95,15-30s,11,0,49,6
2026-01-08T04:11:55.970Z,0.95,30-60s,6,3,9,4
2026-01-08T04:11:55.970Z,0.95,60-300s,124,0,1996,27
2026-01-08T04:11:55.970Z,0.95,5-15m,168,0,8995,60
2026-01-08T04:11:55.970Z,0.95,15-60m,6,6,6,1
2026-01-08T04:11:55.970Z,0.98,0-5s,13,2,25,6
2026-01-08T04:11:55.970Z,0.98,5-15s,548,548,548,1
2026-01-08T04:11:55.970Z,0.98,15-30s,22,2,76,18
2026-01-08T04:11:55.970Z,0.98,30-60s,17,0,152,29
2026-01-08T04:11:55.970Z,0.98,60-300s,37,0,1996,188
2026-01-08T04:11:55.970Z,0.98,5-15m,58,0,16739,463
2026-01-08T04:11:55.970Z,0.98,15-60m,14,2,35,3
2026-01-08T04:11:55.970Z,0.985,0-5s,13,2,25,6
2026-01-08T04:11:55.970Z,0.985,5-15s,613,548,677,2
2026-01-08T04:11:55.970Z,0.985,15-30s,22,2,76,18
2026-01-08T04:11:55.970Z,0.985,30-60s,16,0,152,31
2026-01-08T04:11:55.970Z,0.985,60-300s,37,0,1996,191
2026-01-08T04:11:55.970Z,0.985,5-15m,58,0,16739,471
2026-01-08T04:11:55.970Z,0.985,15-60m,14,2,35,3
2026-01-08T04:11:55.970Z,0.99,0-5s,13,2,25,7
2026-01-08T04:11:55.970Z,0.99,5-15s,613,548,677,2
2026-01-08T04:11:55.970Z,0.99,15-30s,22,2,76,19
2026-01-08T04:11:55.970Z,0.99,30-60s,17,0,152,39
2026-01-08T04:11:55.970Z,0.99,60-300s,62,0,11737,429
2026-01-08T04:11:55.970Z,0.99,5-15m,41,0,16739,1157
2026-01-08T04:11:55.970Z,0.99,15-60m,16,0,60,13
2026-01-08T04:11:55.970Z,0.995,0-5s,13,2,25,7
2026-01-08T04:11:55.970Z,0.995,5-15s,895,548,1461,3
2026-01-08T04:11:55.970Z,0.995,15-30s,260,2,4787,20
2026-01-08T04:11:55.970Z,0.995,30-60s,17,0,152,39
2026-01-08T04:11:55.970Z,0.995,60-300s,62,0,11737,429
2026-01-08T04:11:55.970Z,0.995,5-15m,41,0,16739,1157
2026-01-08T04:11:55.970Z,0.995,15-60m,16,0,60,13
2026-01-08T04:12:55.974Z,0.9,0-5s,10,10,10,1
2026-01-08T04:12:55.974Z,0.9,15-30s,5,5,5,1
2026-01-08T04:12:55.974Z,0.9,30-60s,7,6,9,3
2026-01-08T04:12:55.974Z,0.9,60-300s,3,1,4,2
2026-01-08T04:12:55.974Z,0.9,5-15m,27,0,43,4
2026-01-08T04:12:55.974Z,0.95,0-5s,8,6,10,2
2026-01-08T04:12:55.974Z,0.95,15-30s,11,0,49,6
2026-01-08T04:12:55.974Z,0.95,30-60s,6,3,9,4
2026-01-08T04:12:55.974Z,0.95,60-300s,120,0,1996,28
2026-01-08T04:12:55.974Z,0.95,5-15m,168,0,8995,60
2026-01-08T04:12:55.974Z,0.95,15-60m,6,6,6,1
2026-01-08T04:12:55.974Z,0.98,0-5s,13,2,25,6
2026-01-08T04:12:55.974Z,0.98,5-15s,548,548,548,1
2026-01-08T04:12:55.974Z,0.98,15-30s,22,2,76,18
2026-01-08T04:12:55.974Z,0.98,30-60s,17,0,152,29
2026-01-08T04:12:55.974Z,0.98,60-300s,36,0,1996,194
2026-01-08T04:12:55.974Z,0.98,5-15m,58,0,16739,463
2026-01-08T04:12:55.974Z,0.98,15-60m,14,2,35,3
2026-01-08T04:12:55.974Z,0.985,0-5s,13,2,25,6
2026-01-08T04:12:55.974Z,0.985,5-15s,613,548,677,2
2026-01-08T04:12:55.974Z,0.985,15-30s,22,2,76,18
2026-01-08T04:12:55.974Z,0.985,30-60s,16,0,152,31
2026-01-08T04:12:55.974Z,0.985,60-300s,37,0,1996,197
2026-01-08T04:12:55.974Z,0.985,5-15m,58,0,16739,471
2026-01-08T04:12:55.974Z,0.985,15-60m,14,2,35,3
2026-01-08T04:12:55.974Z,0.99,0-5s,13,2,25,7
2026-01-08T04:12:55.974Z,0.99,5-15s,613,548,677,2
2026-01-08T04:12:55.974Z,0.99,15-30s,22,2,76,19
2026-01-08T04:12:55.974Z,0.99,30-60s,17,0,152,39
2026-01-08T04:12:55.974Z,0.99,60-300s,60,0,11737,442
2026-01-08T04:12:55.974Z,0.99,5-15m,41,0,16739,1157
2026-01-08T04:12:55.974Z,0.99,15-60m,16,0,60,13
2026-01-08T04:12:55.974Z,0.995,0-5s,13,2,25,7
2026-01-08T04:12:55.974Z,0.995,5-15s,895,548,1461,3
2026-01-08T04:12:55.974Z,0.995,15-30s,260,2,4787,20
2026-01-08T04:12:55.974Z,0.995,30-60s,17,0,152,39
2026-01-08T04:12:55.974Z,0.995,60-300s,60,0,11737,442
2026-01-08T04:12:55.974Z,0.995,5-15m,41,0,16739,1157
2026-01-08T04:12:55.974Z,0.995,15-60m,16,0,60,13
2026-01-08T04:13:55.976Z,0.9,0-5s,10,10,10,1
2026-01-08T04:13:55.976Z,0.9,15-30s,5,5,5,1
2026-01-08T04:13:55.976Z,0.9,30-60s,7,6,9,3
2026-01-08T04:13:55.976Z,0.9,60-300s,3,1,4,2
2026-01-08T04:13:55.976Z,0.9,5-15m,27,0,43,4
2026-01-08T04:13:55.976Z,0.95,0-5s,8,6,10,2
2026-01-08T04:13:55.976Z,0.95,15-30s,11,0,49,6
2026-01-08T04:13:55.976Z,0.95,30-60s,6,3,9,4
2026-01-08T04:13:55.976Z,0.95,60-300s,120,0,1996,28
2026-01-08T04:13:55.976Z,0.95,5-15m,168,0,8995,60
2026-01-08T04:13:55.976Z,0.95,15-60m,6,6,6,1
2026-01-08T04:13:55.976Z,0.98,0-5s,13,2,25,6
2026-01-08T04:13:55.976Z,0.98,5-15s,548,548,548,1
2026-01-08T04:13:55.976Z,0.98,15-30s,22,2,76,18
2026-01-08T04:13:55.976Z,0.98,30-60s,17,0,152,29
2026-01-08T04:13:55.976Z,0.98,60-300s,36,0,1996,195
2026-01-08T04:13:55.976Z,0.98,5-15m,58,0,16739,463
2026-01-08T04:13:55.976Z,0.98,15-60m,14,2,35,3
2026-01-08T04:13:55.976Z,0.985,0-5s,13,2,25,6
2026-01-08T04:13:55.976Z,0.985,5-15s,613,548,677,2
2026-01-08T04:13:55.976Z,0.985,15-30s,22,2,76,18
2026-01-08T04:13:55.976Z,0.985,30-60s,16,0,152,31
2026-01-08T04:13:55.976Z,0.985,60-300s,37,0,1996,198
2026-01-08T04:13:55.976Z,0.985,5-15m,58,0,16739,471
2026-01-08T04:13:55.976Z,0.985,15-60m,14,2,35,3
2026-01-08T04:13:55.976Z,0.99,0-5s,13,2,25,7
2026-01-08T04:13:55.976Z,0.99,5-15s,613,548,677,2
2026-01-08T04:13:55.976Z,0.99,15-30s,22,2,76,19
2026-01-08T04:13:55.976Z,0.99,30-60s,17,0,152,39
2026-01-08T04:13:55.976Z,0.99,60-300s,60,0,11737,443
2026-01-08T04:13:55.976Z,0.99,5-15m,41,0,16739,1157
2026-01-08T04:13:55.976Z,0.99,15-60m,16,0,60,13
2026-01-08T04:13:55.976Z,0.995,0-5s,13,2,25,7
2026-01-08T04:13:55.976Z,0.995,5-15s,895,548,1461,3
2026-01-08T04:13:55.976Z,0.995,15-30s,260,2,4787,20
2026-01-08T04:13:55.976Z,0.995,30-60s,17,0,152,39
2026-01-08T04:13:55.976Z,0.995,60-300s,60,0,11737,443
2026-01-08T04:13:55.976Z,0.995,5-15m,41,0,16739,1157
2026-01-08T04:13:55.976Z,0.995,15-60m,16,0,60,13
2026-01-08T04:14:55.977Z,0.9,0-5s,10,10,10,1
2026-01-08T04:14:55.977Z,0.9,15-30s,5,5,5,1
2026-01-08T04:14:55.977Z,0.9,30-60s,7,6,9,3
2026-01-08T04:14:55.977Z,0.9,60-300s,3,1,4,2
2026-01-08T04:14:55.977Z,0.9,5-15m,27,0,43,4
2026-01-08T04:14:55.977Z,0.95,0-5s,8,6,10,2
2026-01-08T04:14:55.977Z,0.95,15-30s,11,0,49,6
2026-01-08T04:14:55.977Z,0.95,30-60s,6,3,9,4
2026-01-08T04:14:55.977Z,0.95,60-300s,120,0,1996,28
2026-01-08T04:14:55.977Z,0.95,5-15m,168,0,8995,60
2026-01-08T04:14:55.977Z,0.95,15-60m,6,6,6,1
2026-01-08T04:14:55.977Z,0.98,0-5s,13,2,25,6
2026-01-08T04:14:55.977Z,0.98,5-15s,548,548,548,1
2026-01-08T04:14:55.977Z,0.98,15-30s,22,2,76,18
2026-01-08T04:14:55.977Z,0.98,30-60s,17,0,152,29
2026-01-08T04:14:55.977Z,0.98,60-300s,36,0,1996,195
2026-01-08T04:14:55.977Z,0.98,5-15m,58,0,16739,463
2026-01-08T04:14:55.977Z,0.98,15-60m,14,2,35,3
2026-01-08T04:14:55.977Z,0.985,0-5s,13,2,25,6
2026-01-08T04:14:55.977Z,0.985,5-15s,613,548,677,2
2026-01-08T04:14:55.977Z,0.985,15-30s,22,2,76,18
2026-01-08T04:14:55.977Z,0.985,30-60s,16,0,152,31
2026-01-08T04:14:55.977Z,0.985,60-300s,37,0,1996,198
2026-01-08T04:14:55.977Z,0.985,5-15m,58,0,16739,471
2026-01-08T04:14:55.977Z,0.985,15-60m,14,2,35,3
2026-01-08T04:14:55.977Z,0.99,0-5s,13,2,25,7
2026-01-08T04:14:55.977Z,0.99,5-15s,613,548,677,2
2026-01-08T04:14:55.977Z,0.99,15-30s,22,2,76,19
2026-01-08T04:14:55.977Z,0.99,30-60s,17,0,152,39
2026-01-08T04:14:55.977Z,0.99,60-300s,60,0,11737,443
2026-01-08T04:14:55.977Z,0.99,5-15m,41,0,16739,1157
2026-01-08T04:14:55.977Z,0.99,15-60m,16,0,60,13
2026-01-08T04:14:55.977Z,0.995,0-5s,13,2,25,7
2026-01-08T04:14:55.977Z,0.995,5-15s,895,548,1461,3
2026-01-08T04:14:55.977Z,0.995,15-30s,260,2,4787,20
2026-01-08T04:14:55.977Z,0.995,30-60s,17,0,152,39
2026-01-08T04:14:55.977Z,0.995,60-300s,60,0,11737,443
2026-01-08T04:14:55.977Z,0.995,5-15m,41,0,16739,1157
2026-01-08T04:14:55.977Z,0.995,15-60m,16,0,60,13
2026-01-08T04:15:55.978Z,0.9,0-5s,10,10,10,1
2026-01-08T04:15:55.978Z,0.9,15-30s,5,5,5,1
2026-01-08T04:15:55.978Z,0.9,30-60s,7,6,9,3
2026-01-08T04:15:55.978Z,0.9,60-300s,3,1,4,2
2026-01-08T04:15:55.978Z,0.9,5-15m,27,0,43,4
2026-01-08T04:15:55.978Z,0.95,0-5s,8,6,10,2
2026-01-08T04:15:55.978Z,0.95,15-30s,11,0,49,6
2026-01-08T04:15:55.978Z,0.95,30-60s,6,3,9,4
2026-01-08T04:15:55.978Z,0.95,60-300s,120,0,1996,28
2026-01-08T04:15:55.978Z,0.95,5-15m,168,0,8995,60
2026-01-08T04:15:55.978Z,0.95,15-60m,6,6,6,1
2026-01-08T04:15:55.978Z,0.98,0-5s,13,2,25,6
2026-01-08T04:15:55.978Z,0.98,5-15s,548,548,548,1
2026-01-08T04:15:55.978Z,0.98,15-30s,22,2,76,18
2026-01-08T04:15:55.978Z,0.98,30-60s,17,0,152,29
2026-01-08T04:15:55.978Z,0.98,60-300s,36,0,1996,195
2026-01-08T04:15:55.978Z,0.98,5-15m,58,0,16739,463
2026-01-08T04:15:55.978Z,0.98,15-60m,14,2,35,3
2026-01-08T04:15:55.978Z,0.985,0-5s,13,2,25,6
2026-01-08T04:15:55.978Z,0.985,5-15s,613,548,677,2
2026-01-08T04:15:55.978Z,0.985,15-30s,22,2,76,18
2026-01-08T04:15:55.978Z,0.985,30-60s,16,0,152,31
2026-01-08T04:15:55.978Z,0.985,60-300s,37,0,1996,198
2026-01-08T04:15:55.978Z,0.985,5-15m,58,0,16739,471
2026-01-08T04:15:55.978Z,0.985,15-60m,14,2,35,3
2026-01-08T04:15:55.978Z,0.99,0-5s,13,2,25,7
2026-01-08T04:15:55.978Z,0.99,5-15s,613,548,677,2
2026-01-08T04:15:55.978Z,0.99,15-30s,22,2,76,19
2026-01-08T04:15:55.978Z,0.99,30-60s,17,0,152,39
2026-01-08T04:15:55.978Z,0.99,60-300s,60,0,11737,443
2026-01-08T04:15:55.978Z,0.99,5-15m,41,0,16739,1157
2026-01-08T04:15:55.978Z,0.99,15-60m,16,0,60,13
2026-01-08T04:15:55.978Z,0.995,0-5s,13,2,25,7
2026-01-08T04:15:55.978Z,0.995,5-15s,895,548,1461,3
2026-01-08T04:15:55.978Z,0.995,15-30s,260,2,4787,20
2026-01-08T04:15:55.978Z,0.995,30-60s,17,0,152,39
2026-01-08T04:15:55.978Z,0.995,60-300s,60,0,11737,443
2026-01-08T04:15:55.978Z,0.995,5-15m,41,0,16739,1157
2026-01-08T04:15:55.978Z,0.995,15-60m,16,0,60,13
2026-01-08T04:16:55.975Z,0.9,0-5s,10,10,10,1
2026-01-08T04:16:55.975Z,0.9,15-30s,5,5,5,1
2026-01-08T04:16:55.975Z,0.9,30-60s,7,6,9,3
2026-01-08T04:16:55.975Z,0.9,60-300s,3,1,4,2
2026-01-08T04:16:55.975Z,0.9,5-15m,27,0,43,4
2026-01-08T04:16:55.975Z,0.95,0-5s,8,6,10,2
2026-01-08T04:16:55.975Z,0.95,15-30s,11,0,49,6
2026-01-08T04:16:55.975Z,0.95,30-60s,6,3,9,4
2026-01-08T04:16:55.975Z,0.95,60-300s,120,0,1996,28
2026-01-08T04:16:55.975Z,0.95,5-15m,168,0,8995,60
2026-01-08T04:16:55.975Z,0.95,15-60m,6,6,6,1
2026-01-08T04:16:55.975Z,0.98,0-5s,13,2,25,6
2026-01-08T04:16:55.975Z,0.98,5-15s,548,548,548,1
2026-01-08T04:16:55.975Z,0.98,15-30s,22,2,76,18
2026-01-08T04:16:55.975Z,0.98,30-60s,17,0,152,29
2026-01-08T04:16:55.975Z,0.98,60-300s,36,0,1996,195
2026-01-08T04:16:55.975Z,0.98,5-15m,58,0,16739,463
2026-01-08T04:16:55.975Z,0.98,15-60m,14,2,35,3
2026-01-08T04:16:55.975Z,0.985,0-5s,13,2,25,6
2026-01-08T04:16:55.975Z,0.985,5-15s,613,548,677,2
2026-01-08T04:16:55.975Z,0.985,15-30s,22,2,76,18
2026-01-08T04:16:55.975Z,0.985,30-60s,16,0,152,31
2026-01-08T04:16:55.975Z,0.985,60-300s,37,0,1996,198
2026-01-08T04:16:55.975Z,0.985,5-15m,58,0,16739,471
2026-01-08T04:16:55.975Z,0.985,15-60m,14,2,35,3
2026-01-08T04:16:55.975Z,0.99,0-5s,13,2,25,7
2026-01-08T04:16:55.975Z,0.99,5-15s,613,548,677,2
2026-01-08T04:16:55.975Z,0.99,15-30s,22,2,76,19
2026-01-08T04:16:55.975Z,0.99,30-60s,17,0,152,39
2026-01-08T04:16:55.975Z,0.99,60-300s,60,0,11737,443
2026-01-08T04:16:55.975Z,0.99,5-15m,41,0,16739,1157
2026-01-08T04:16:55.975Z,0.99,15-60m,16,0,60,13
2026-01-08T04:16:55.975Z,0.995,0-5s,13,2,25,7
2026-01-08T04:16:55.975Z,0.995,5-15s,895,548,1461,3
2026-01-08T04:16:55.975Z,0.995,15-30s,260,2,4787,20
2026-01-08T04:16:55.975Z,0.995,30-60s,17,0,152,39
2026-01-08T04:16:55.975Z,0.995,60-300s,60,0,11737,443
2026-01-08T04:16:55.975Z,0.995,5-15m,41,0,16739,1157
2026-01-08T04:16:55.975Z,0.995,15-60m,16,0,60,13
2026-01-08T04:17:55.978Z,0.9,0-5s,10,10,10,1
2026-01-08T04:17:55.978Z,0.9,15-30s,5,5,5,1
2026-01-08T04:17:55.978Z,0.9,30-60s,7,6,9,3
2026-01-08T04:17:55.978Z,0.9,60-300s,3,1,4,2
2026-01-08T04:17:55.978Z,0.9,5-15m,27,0,43,4
2026-01-08T04:17:55.978Z,0.95,0-5s,8,6,10,2
2026-01-08T04:17:55.978Z,0.95,15-30s,11,0,49,6
2026-01-08T04:17:55.978Z,0.95,30-60s,6,3,9,4
2026-01-08T04:17:55.978Z,0.95,60-300s,120,0,1996,28
2026-01-08T04:17:55.978Z,0.95,5-15m,168,0,8995,60
2026-01-08T04:17:55.978Z,0.95,15-60m,6,6,6,1
2026-01-08T04:17:55.978Z,0.98,0-5s,13,2,25,6
2026-01-08T04:17:55.978Z,0.98,5-15s,548,548,548,1
2026-01-08T04:17:55.978Z,0.98,15-30s,22,2,76,18
2026-01-08T04:17:55.978Z,0.98,30-60s,17,0,152,29
2026-01-08T04:17:55.978Z,0.98,60-300s,36,0,1996,195
2026-01-08T04:17:55.978Z,0.98,5-15m,58,0,16739,466
2026-01-08T04:17:55.978Z,0.98,15-60m,14,2,35,3
2026-01-08T04:17:55.978Z,0.985,0-5s,13,2,25,6
2026-01-08T04:17:55.978Z,0.985,5-15s,613,548,677,2
2026-01-08T04:17:55.978Z,0.985,15-30s,22,2,76,18
2026-01-08T04:17:55.978Z,0.985,30-60s,16,0,152,31
2026-01-08T04:17:55.978Z,0.985,60-300s,37,0,1996,198
2026-01-08T04:17:55.978Z,0.985,5-15m,57,0,16739,474
2026-01-08T04:17:55.978Z,0.985,15-60m,14,2,35,3
2026-01-08T04:17:55.978Z,0.99,0-5s,13,2,25,7
2026-01-08T04:17:55.978Z,0.99,5-15s,613,548,677,2
2026-01-08T04:17:55.978Z,0.99,15-30s,22,2,76,19
2026-01-08T04:17:55.978Z,0.99,30-60s,17,0,152,39
2026-01-08T04:17:55.978Z,0.99,60-300s,60,0,11737,443
2026-01-08T04:17:55.978Z,0.99,5-15m,42,0,16739,1163
2026-01-08T04:17:55.978Z,0.99,15-60m,16,0,60,13
2026-01-08T04:17:55.978Z,0.995,0-5s,13,2,25,7
2026-01-08T04:17:55.978Z,0.995,5-15s,895,548,1461,3
2026-01-08T04:17:55.978Z,0.995,15-30s,260,2,4787,20
2026-01-08T04:17:55.978Z,0.995,30-60s,17,0,152,39
2026-01-08T04:17:55.978Z,0.995,60-300s,60,0,11737,443
2026-01-08T04:17:55.978Z,0.995,5-15m,42,0,16739,1163
2026-01-08T04:17:55.978Z,0.995,15-60m,16,0,60,13
2026-01-08T04:18:55.980Z,0.9,0-5s,10,10,10,1
2026-01-08T04:18:55.980Z,0.9,15-30s,5,5,5,1
2026-01-08T04:18:55.980Z,0.9,30-60s,7,6,9,3
2026-01-08T04:18:55.980Z,0.9,60-300s,3,1,4,2
2026-01-08T04:18:55.980Z,0.9,5-15m,27,0,43,4
2026-01-08T04:18:55.980Z,0.95,0-5s,8,6,10,2
2026-01-08T04:18:55.980Z,0.95,15-30s,11,0,49,6
2026-01-08T04:18:55.980Z,0.95,30-60s,6,3,9,4
2026-01-08T04:18:55.980Z,0.95,60-300s,120,0,1996,28
2026-01-08T04:18:55.980Z,0.95,5-15m,168,0,8995,60
2026-01-08T04:18:55.980Z,0.95,15-60m,6,6,6,1
2026-01-08T04:18:55.980Z,0.98,0-5s,13,2,25,6
2026-01-08T04:18:55.980Z,0.98,5-15s,548,548,548,1
2026-01-08T04:18:55.980Z,0.98,15-30s,22,2,76,18
2026-01-08T04:18:55.980Z,0.98,30-60s,17,0,152,29
2026-01-08T04:18:55.980Z,0.98,60-300s,36,0,1996,195
2026-01-08T04:18:55.980Z,0.98,5-15m,57,0,16739,475
2026-01-08T04:18:55.980Z,0.98,15-60m,14,2,35,3
2026-01-08T04:18:55.980Z,0.985,0-5s,13,2,25,6
2026-01-08T04:18:55.980Z,0.985,5-15s,613,548,677,2
2026-01-08T04:18:55.980Z,0.985,15-30s,22,2,76,18
2026-01-08T04:18:55.980Z,0.985,30-60s,16,0,152,31
2026-01-08T04:18:55.980Z,0.985,60-300s,37,0,1996,198
2026-01-08T04:18:55.980Z,0.985,5-15m,57,0,16739,483
2026-01-08T04:18:55.980Z,0.985,15-60m,14,2,35,3
2026-01-08T04:18:55.980Z,0.99,0-5s,13,2,25,7
2026-01-08T04:18:55.980Z,0.99,5-15s,613,548,677,2
2026-01-08T04:18:55.980Z,0.99,15-30s,22,2,76,19
2026-01-08T04:18:55.980Z,0.99,30-60s,17,0,152,39
2026-01-08T04:18:55.980Z,0.99,60-300s,60,0,11737,443
2026-01-08T04:18:55.980Z,0.99,5-15m,41,0,16739,1177
2026-01-08T04:18:55.980Z,0.99,15-60m,16,0,60,13
2026-01-08T04:18:55.980Z,0.995,0-5s,13,2,25,7
2026-01-08T04:18:55.980Z,0.995,5-15s,895,548,1461,3
2026-01-08T04:18:55.980Z,0.995,15-30s,260,2,4787,20
2026-01-08T04:18:55.980Z,0.995,30-60s,17,0,152,39
2026-01-08T04:18:55.980Z,0.995,60-300s,60,0,11737,443
2026-01-08T04:18:55.980Z,0.995,5-15m,41,0,16739,1177
2026-01-08T04:18:55.980Z,0.995,15-60m,16,0,60,13
2026-01-08T04:19:55.982Z,0.9,0-5s,10,10,10,1
2026-01-08T04:19:55.982Z,0.9,15-30s,5,5,5,1
2026-01-08T04:19:55.982Z,0.9,30-60s,7,6,9,3
2026-01-08T04:19:55.982Z,0.9,60-300s,3,1,4,2
2026-01-08T04:19:55.982Z,0.9,5-15m,27,0,43,4
2026-01-08T04:19:55.982Z,0.95,0-5s,8,6,10,2
2026-01-08T04:19:55.982Z,0.95,15-30s,11,0,49,6
2026-01-08T04:19:55.982Z,0.95,30-60s,6,3,9,4
2026-01-08T04:19:55.982Z,0.95,60-300s,120,0,1996,28
2026-01-08T04:19:55.982Z,0.95,5-15m,168,0,8995,60
2026-01-08T04:19:55.982Z,0.95,15-60m,6,6,6,1
2026-01-08T04:19:55.982Z,0.98,0-5s,13,2,25,6
2026-01-08T04:19:55.982Z,0.98,5-15s,548,548,548,1
2026-01-08T04:19:55.982Z,0.98,15-30s,22,2,76,18
2026-01-08T04:19:55.982Z,0.98,30-60s,17,0,152,29
2026-01-08T04:19:55.982Z,0.98,60-300s,36,0,1996,195
2026-01-08T04:19:55.982Z,0.98,5-15m,57,0,16739,482
2026-01-08T04:19:55.982Z,0.98,15-60m,14,2,35,3
2026-01-08T04:19:55.982Z,0.985,0-5s,13,2,25,6
2026-01-08T04:19:55.982Z,0.985,5-15s,613,548,677,2
2026-01-08T04:19:55.982Z,0.985,15-30s,22,2,76,18
2026-01-08T04:19:55.982Z,0.985,30-60s,16,0,152,31
2026-01-08T04:19:55.982Z,0.985,60-300s,37,0,1996,198
2026-01-08T04:19:55.982Z,0.985,5-15m,56,0,16739,490
2026-01-08T04:19:55.982Z,0.985,15-60m,14,2,35,3
2026-01-08T04:19:55.982Z,0.99,0-5s,13,2,25,7
2026-01-08T04:19:55.982Z,0.99,5-15s,613,548,677,2
2026-01-08T04:19:55.982Z,0.99,15-30s,22,2,76,19
2026-01-08T04:19:55.982Z,0.99,30-60s,17,0,152,39
2026-01-08T04:19:55.982Z,0.99,60-300s,60,0,11737,443
2026-01-08T04:19:55.982Z,0.99,5-15m,41,0,16739,1192
2026-01-08T04:19:55.982Z,0.99,15-60m,16,0,60,13
2026-01-08T04:19:55.982Z,0.995,0-5s,13,2,25,7
2026-01-08T04:19:55.982Z,0.995,5-15s,895,548,1461,3
2026-01-08T04:19:55.982Z,0.995,15-30s,260,2,4787,20
2026-01-08T04:19:55.982Z,0.995,30-60s,17,0,152,39
2026-01-08T04:19:55.982Z,0.995,60-300s,60,0,11737,443
2026-01-08T04:19:55.982Z,0.995,5-15m,41,0,16739,1192
2026-01-08T04:19:55.982Z,0.995,15-60m,16,0,60,13
2026-01-08T04:20:55.984Z,0.9,0-5s,10,10,10,1
2026-01-08T04:20:55.984Z,0.9,15-30s,5,5,5,1
2026-01-08T04:20:55.984Z,0.9,30-60s,7,6,9,3
2026-01-08T04:20:55.984Z,0.9,60-300s,3,1,4,2
2026-01-08T04:20:55.984Z,0.9,5-15m,27,0,43,4
2026-01-08T04:20:55.984Z,0.95,0-5s,8,6,10,2
2026-01-08T04:20:55.984Z,0.95,15-30s,11,0,49,6
2026-01-08T04:20:55.984Z,0.95,30-60s,6,3,9,4
2026-01-08T04:20:55.984Z,0.95,60-300s,120,0,1996,28
2026-01-08T04:20:55.984Z,0.95,5-15m,164,0,8995,62
2026-01-08T04:20:55.984Z,0.95,15-60m,6,6,6,1
2026-01-08T04:20:55.984Z,0.98,0-5s,13,2,25,6
2026-01-08T04:20:55.984Z,0.98,5-15s,548,548,548,1
2026-01-08T04:20:55.984Z,0.98,15-30s,22,2,76,18
2026-01-08T04:20:55.984Z,0.98,30-60s,17,0,152,29
2026-01-08T04:20:55.984Z,0.98,60-300s,36,0,1996,195
2026-01-08T04:20:55.984Z,0.98,5-15m,56,0,16739,491
2026-01-08T04:20:55.984Z,0.98,15-60m,14,2,35,3
2026-01-08T04:20:55.984Z,0.985,0-5s,13,2,25,6
2026-01-08T04:20:55.984Z,0.985,5-15s,613,548,677,2
2026-01-08T04:20:55.984Z,0.985,15-30s,22,2,76,18
2026-01-08T04:20:55.984Z,0.985,30-60s,16,0,152,31
2026-01-08T04:20:55.984Z,0.985,60-300s,37,0,1996,198
2026-01-08T04:20:55.984Z,0.985,5-15m,56,0,16739,499
2026-01-08T04:20:55.984Z,0.985,15-60m,14,2,35,3
2026-01-08T04:20:55.984Z,0.99,0-5s,13,2,25,7
2026-01-08T04:20:55.984Z,0.99,5-15s,613,548,677,2
2026-01-08T04:20:55.984Z,0.99,15-30s,22,2,76,19
2026-01-08T04:20:55.984Z,0.99,30-60s,17,0,152,39
2026-01-08T04:20:55.984Z,0.99,60-300s,60,0,11737,443
2026-01-08T04:20:55.984Z,0.99,5-15m,41,0,16739,1205
2026-01-08T04:20:55.984Z,0.99,15-60m,16,0,60,13
2026-01-08T04:20:55.984Z,0.995,0-5s,13,2,25,7
2026-01-08T04:20:55.984Z,0.995,5-15s,895,548,1461,3
2026-01-08T04:20:55.984Z,0.995,15-30s,260,2,4787,20
2026-01-08T04:20:55.984Z,0.995,30-60s,17,0,152,39
2026-01-08T04:20:55.984Z,0.995,60-300s,60,0,11737,443
2026-01-08T04:20:55.984Z,0.995,5-15m,41,0,16739,1205
2026-01-08T04:20:55.984Z,0.995,15-60m,16,0,60,13
2026-01-08T04:21:55.985Z,0.9,0-5s,10,10,10,1
2026-01-08T04:21:55.985Z,0.9,15-30s,5,5,5,1
2026-01-08T04:21:55.985Z,0.9,30-60s,7,6,9,3
2026-01-08T04:21:55.985Z,0.9,60-300s,3,1,4,2
2026-01-08T04:21:55.985Z,0.9,5-15m,27,0,43,4
2026-01-08T04:21:55.985Z,0.95,0-5s,8,6,10,2
2026-01-08T04:21:55.985Z,0.95,15-30s,11,0,49,6
2026-01-08T04:21:55.985Z,0.95,30-60s,6,3,9,4
2026-01-08T04:21:55.985Z,0.95,60-300s,120,0,1996,28
2026-01-08T04:21:55.985Z,0.95,5-15m,164,0,8995,62
2026-01-08T04:21:55.985Z,0.95,15-60m,6,6,6,1
2026-01-08T04:21:55.985Z,0.98,0-5s,13,2,25,6
2026-01-08T04:21:55.985Z,0.98,5-15s,548,548,548,1
2026-01-08T04:21:55.985Z,0.98,15-30s,22,2,76,18
2026-01-08T04:21:55.985Z,0.98,30-60s,17,0,152,29
2026-01-08T04:21:55.985Z,0.98,60-300s,36,0,1996,195
2026-01-08T04:21:55.985Z,0.98,5-15m,56,0,16739,493
2026-01-08T04:21:55.985Z,0.98,15-60m,14,2,35,3
2026-01-08T04:21:55.985Z,0.985,0-5s,13,2,25,6
2026-01-08T04:21:55.985Z,0.985,5-15s,613,548,677,2
2026-01-08T04:21:55.985Z,0.985,15-30s,22,2,76,18
2026-01-08T04:21:55.985Z,0.985,30-60s,16,0,152,31
2026-01-08T04:21:55.985Z,0.985,60-300s,37,0,1996,198
2026-01-08T04:21:55.985Z,0.985,5-15m,55,0,16739,501
2026-01-08T04:21:55.985Z,0.985,15-60m,14,2,35,3
2026-01-08T04:21:55.985Z,0.99,0-5s,13,2,25,7
2026-01-08T04:21:55.985Z,0.99,5-15s,613,548,677,2
2026-01-08T04:21:55.985Z,0.99,15-30s,22,2,76,19
2026-01-08T04:21:55.985Z,0.99,30-60s,17,0,152,39
2026-01-08T04:21:55.985Z,0.99,60-300s,60,0,11737,443
2026-01-08T04:21:55.985Z,0.99,5-15m,41,0,16739,1208
2026-01-08T04:21:55.985Z,0.99,15-60m,16,0,60,13
2026-01-08T04:21:55.985Z,0.995,0-5s,13,2,25,7
2026-01-08T04:21:55.985Z,0.995,5-15s,895,548,1461,3
2026-01-08T04:21:55.985Z,0.995,15-30s,260,2,4787,20
2026-01-08T04:21:55.985Z,0.995,30-60s,17,0,152,39
2026-01-08T04:21:55.985Z,0.995,60-300s,60,0,11737,443
2026-01-08T04:21:55.985Z,0.995,5-15m,41,0,16739,1208
2026-01-08T04:21:55.985Z,0.995,15-60m,16,0,60,13
2026-01-08T04:22:55.982Z,0.9,0-5s,10,10,10,1
2026-01-08T04:22:55.982Z,0.9,15-30s,5,5,5,1
2026-01-08T04:22:55.982Z,0.9,30-60s,7,6,9,3
2026-01-08T04:22:55.982Z,0.9,60-300s,3,1,4,2
2026-01-08T04:22:55.982Z,0.9,5-15m,27,0,43,4
2026-01-08T04:22:55.982Z,0.95,0-5s,8,6,10,2
2026-01-08T04:22:55.982Z,0.95,15-30s,11,0,49,6
2026-01-08T04:22:55.982Z,0.95,30-60s,6,3,9,4
2026-01-08T04:22:55.982Z,0.95,60-300s,120,0,1996,28
2026-01-08T04:22:55.982Z,0.95,5-15m,164,0,8995,62
2026-01-08T04:22:55.982Z,0.95,15-60m,6,6,6,1
2026-01-08T04:22:55.982Z,0.98,0-5s,13,2,25,6
2026-01-08T04:22:55.982Z,0.98,5-15s,548,548,548,1
2026-01-08T04:22:55.982Z,0.98,15-30s,22,2,76,18
2026-01-08T04:22:55.982Z,0.98,30-60s,17,0,152,29
2026-01-08T04:22:55.982Z,0.98,60-300s,36,0,1996,195
2026-01-08T04:22:55.982Z,0.98,5-15m,56,0,16739,498
2026-01-08T04:22:55.982Z,0.98,15-60m,14,2,35,3
2026-01-08T04:22:55.982Z,0.985,0-5s,13,2,25,6
2026-01-08T04:22:55.982Z,0.985,5-15s,613,548,677,2
2026-01-08T04:22:55.982Z,0.985,15-30s,22,2,76,18
2026-01-08T04:22:55.982Z,0.985,30-60s,16,0,152,31
2026-01-08T04:22:55.982Z,0.985,60-300s,37,0,1996,198
2026-01-08T04:22:55.982Z,0.985,5-15m,55,0,16739,506
2026-01-08T04:22:55.982Z,0.985,15-60m,14,2,35,3
2026-01-08T04:22:55.982Z,0.99,0-5s,13,2,25,7
2026-01-08T04:22:55.982Z,0.99,5-15s,613,548,677,2
2026-01-08T04:22:55.982Z,0.99,15-30s,22,2,76,19
2026-01-08T04:22:55.982Z,0.99,30-60s,17,0,152,39
2026-01-08T04:22:55.982Z,0.99,60-300s,60,0,11737,443
2026-01-08T04:22:55.982Z,0.99,5-15m,41,0,16739,1217
2026-01-08T04:22:55.982Z,0.99,15-60m,16,0,60,13
2026-01-08T04:22:55.982Z,0.995,0-5s,13,2,25,7
2026-01-08T04:22:55.982Z,0.995,5-15s,895,548,1461,3
2026-01-08T04:22:55.982Z,0.995,15-30s,260,2,4787,20
2026-01-08T04:22:55.982Z,0.995,30-60s,17,0,152,39
2026-01-08T04:22:55.982Z,0.995,60-300s,60,0,11737,443
2026-01-08T04:22:55.982Z,0.995,5-15m,41,0,16739,1217
2026-01-08T04:22:55.982Z,0.995,15-60m,16,0,60,13
2026-01-08T04:23:55.986Z,0.9,0-5s,10,10,10,1
2026-01-08T04:23:55.986Z,0.9,15-30s,5,5,5,1
2026-01-08T04:23:55.986Z,0.9,30-60s,7,6,9,3
2026-01-08T04:23:55.986Z,0.9,60-300s,3,1,4,2
2026-01-08T04:23:55.986Z,0.9,5-15m,27,0,43,4
2026-01-08T04:23:55.986Z,0.95,0-5s,8,6,10,2
2026-01-08T04:23:55.986Z,0.95,15-30s,11,0,49,6
2026-01-08T04:23:55.986Z,0.95,30-60s,6,3,9,4
2026-01-08T04:23:55.986Z,0.95,60-300s,120,0,1996,28
2026-01-08T04:23:55.986Z,0.95,5-15m,164,0,8995,62
2026-01-08T04:23:55.986Z,0.95,15-60m,6,6,6,1
2026-01-08T04:23:55.986Z,0.98,0-5s,13,2,25,6
2026-01-08T04:23:55.986Z,0.98,5-15s,548,548,548,1
2026-01-08T04:23:55.986Z,0.98,15-30s,22,2,76,18
2026-01-08T04:23:55.986Z,0.98,30-60s,17,0,152,29
2026-01-08T04:23:55.986Z,0.98,60-300s,36,0,1996,195
2026-01-08T04:23:55.986Z,0.98,5-15m,56,0,16739,498
2026-01-08T04:23:55.986Z,0.98,15-60m,14,2,35,3
2026-01-08T04:23:55.986Z,0.985,0-5s,13,2,25,6
2026-01-08T04:23:55.986Z,0.985,5-15s,613,548,677,2
2026-01-08T04:23:55.986Z,0.985,15-30s,22,2,76,18
2026-01-08T04:23:55.986Z,0.985,30-60s,16,0,152,31
2026-01-08T04:23:55.986Z,0.985,60-300s,37,0,1996,198
2026-01-08T04:23:55.986Z,0.985,5-15m,55,0,16739,506
2026-01-08T04:23:55.986Z,0.985,15-60m,14,2,35,3
2026-01-08T04:23:55.986Z,0.99,0-5s,13,2,25,7
2026-01-08T04:23:55.986Z,0.99,5-15s,613,548,677,2
2026-01-08T04:23:55.986Z,0.99,15-30s,22,2,76,19
2026-01-08T04:23:55.986Z,0.99,30-60s,17,0,152,39
2026-01-08T04:23:55.986Z,0.99,60-300s,60,0,11737,443
2026-01-08T04:23:55.986Z,0.99,5-15m,41,0,16739,1220
2026-01-08T04:23:55.986Z,0.99,15-60m,16,0,60,13
2026-01-08T04:23:55.986Z,0.995,0-5s,13,2,25,7
2026-01-08T04:23:55.986Z,0.995,5-15s,895,548,1461,3
2026-01-08T04:23:55.986Z,0.995,15-30s,260,2,4787,20
2026-01-08T04:23:55.986Z,0.995,30-60s,17,0,152,39
2026-01-08T04:23:55.986Z,0.995,60-300s,60,0,11737,443
2026-01-08T04:23:55.986Z,0.995,5-15m,41,0,16739,1220
2026-01-08T04:23:55.986Z,0.995,15-60m,16,0,60,13
2026-01-08T04:24:55.985Z,0.9,0-5s,10,10,10,1
2026-01-08T04:24:55.985Z,0.9,15-30s,5,5,5,1
2026-01-08T04:24:55.985Z,0.9,30-60s,7,6,9,3
2026-01-08T04:24:55.985Z,0.9,60-300s,3,1,4,2
2026-01-08T04:24:55.985Z,0.9,5-15m,27,0,43,4
2026-01-08T04:24:55.985Z,0.95,0-5s,8,6,10,2
2026-01-08T04:24:55.985Z,0.95,15-30s,11,0,49,6
2026-01-08T04:24:55.985Z,0.95,30-60s,6,3,9,4
2026-01-08T04:24:55.985Z,0.95,60-300s,120,0,1996,28
2026-01-08T04:24:55.985Z,0.95,5-15m,162,0,8995,63
2026-01-08T04:24:55.985Z,0.95,15-60m,6,6,6,1
2026-01-08T04:24:55.985Z,0.98,0-5s,13,2,25,6
2026-01-08T04:24:55.985Z,0.98,5-15s,548,548,548,1
2026-01-08T04:24:55.985Z,0.98,15-30s,22,2,76,18
2026-01-08T04:24:55.985Z,0.98,30-60s,17,0,152,29
2026-01-08T04:24:55.985Z,0.98,60-300s,36,0,1996,195
2026-01-08T04:24:55.985Z,0.98,5-15m,56,0,16739,499
2026-01-08T04:24:55.985Z,0.98,15-60m,14,2,35,3
2026-01-08T04:24:55.985Z,0.985,0-5s,13,2,25,6
2026-01-08T04:24:55.985Z,0.985,5-15s,613,548,677,2
2026-01-08T04:24:55.985Z,0.985,15-30s,22,2,76,18
2026-01-08T04:24:55.985Z,0.985,30-60s,16,0,152,31
2026-01-08T04:24:55.985Z,0.985,60-300s,37,0,1996,198
2026-01-08T04:24:55.985Z,0.985,5-15m,55,0,16739,508
2026-01-08T04:24:55.985Z,0.985,15-60m,14,2,35,3
2026-01-08T04:24:55.985Z,0.99,0-5s,13,2,25,7
2026-01-08T04:24:55.985Z,0.99,5-15s,613,548,677,2
2026-01-08T04:24:55.985Z,0.99,15-30s,22,2,76,19
2026-01-08T04:24:55.985Z,0.99,30-60s,17,0,152,39
2026-01-08T04:24:55.985Z,0.99,60-300s,60,0,11737,443
2026-01-08T04:24:55.985Z,0.99,5-15m,41,0,16739,1225
2026-01-08T04:24:55.985Z,0.99,15-60m,16,0,60,13
2026-01-08T04:24:55.985Z,0.995,0-5s,13,2,25,7
2026-01-08T04:24:55.985Z,0.995,5-15s,895,548,1461,3
2026-01-08T04:24:55.985Z,0.995,15-30s,260,2,4787,20
2026-01-08T04:24:55.985Z,0.995,30-60s,17,0,152,39
2026-01-08T04:24:55.985Z,0.995,60-300s,60,0,11737,443
2026-01-08T04:24:55.985Z,0.995,5-15m,41,0,16739,1225
2026-01-08T04:24:55.985Z,0.995,15-60m,16,0,60,13
2026-01-08T04:25:55.983Z,0.9,0-5s,10,10,10,1
2026-01-08T04:25:55.983Z,0.9,15-30s,5,5,5,1
2026-01-08T04:25:55.983Z,0.9,30-60s,7,6,9,3
2026-01-08T04:25:55.983Z,0.9,60-300s,3,1,4,2
2026-01-08T04:25:55.983Z,0.9,5-15m,27,0,43,4
2026-01-08T04:25:55.983Z,0.95,0-5s,8,6,10,2
2026-01-08T04:25:55.983Z,0.95,15-30s,11,0,49,6
2026-01-08T04:25:55.983Z,0.95,30-60s,6,3,9,4
2026-01-08T04:25:55.983Z,0.95,60-300s,120,0,1996,28
2026-01-08T04:25:55.983Z,0.95,5-15m,162,0,8995,63
2026-01-08T04:25:55.983Z,0.95,15-60m,6,6,6,1
2026-01-08T04:25:55.983Z,0.98,0-5s,13,2,25,6
2026-01-08T04:25:55.983Z,0.98,5-15s,548,548,548,1
2026-01-08T04:25:55.983Z,0.98,15-30s,22,2,76,18
2026-01-08T04:25:55.983Z,0.98,30-60s,17,0,152,29
2026-01-08T04:25:55.983Z,0.98,60-300s,36,0,1996,195
2026-01-08T04:25:55.983Z,0.98,5-15m,56,0,16739,499
2026-01-08T04:25:55.983Z,0.98,15-60m,14,2,35,3
2026-01-08T04:25:55.983Z,0.985,0-5s,13,2,25,6
2026-01-08T04:25:55.983Z,0.985,5-15s,613,548,677,2
2026-01-08T04:25:55.983Z,0.985,15-30s,22,2,76,18
2026-01-08T04:25:55.983Z,0.985,30-60s,16,0,152,31
2026-01-08T04:25:55.983Z,0.985,60-300s,37,0,1996,198
2026-01-08T04:25:55.983Z,0.985,5-15m,55,0,16739,508
2026-01-08T04:25:55.983Z,0.985,15-60m,14,2,35,3
2026-01-08T04:25:55.983Z,0.99,0-5s,13,2,25,7
2026-01-08T04:25:55.983Z,0.99,5-15s,613,548,677,2
2026-01-08T04:25:55.983Z,0.99,15-30s,22,2,76,19
2026-01-08T04:25:55.983Z,0.99,30-60s,17,0,152,39
2026-01-08T04:25:55.983Z,0.99,60-300s,60,0,11737,443
2026-01-08T04:25:55.983Z,0.99,5-15m,41,0,16739,1225
2026-01-08T04:25:55.983Z,0.99,15-60m,16,0,60,13
2026-01-08T04:25:55.983Z,0.995,0-5s,13,2,25,7
2026-01-08T04:25:55.983Z,0.995,5-15s,895,548,1461,3
2026-01-08T04:25:55.983Z,0.995,15-30s,260,2,4787,20
2026-01-08T04:25:55.983Z,0.995,30-60s,17,0,152,39
2026-01-08T04:25:55.983Z,0.995,60-300s,60,0,11737,443
2026-01-08T04:25:55.983Z,0.995,5-15m,41,0,16739,1225
2026-01-08T04:25:55.983Z,0.995,15-60m,16,0,60,13
2026-01-08T04:26:55.987Z,0.9,0-5s,10,10,10,1
2026-01-08T04:26:55.987Z,0.9,15-30s,5,5,5,1
2026-01-08T04:26:55.987Z,0.9,30-60s,7,6,9,3
2026-01-08T04:26:55.987Z,0.9,60-300s,3,1,4,2
2026-01-08T04:26:55.987Z,0.9,5-15m,27,0,43,4
2026-01-08T04:26:55.987Z,0.95,0-5s,8,6,10,2
2026-01-08T04:26:55.987Z,0.95,15-30s,11,0,49,6
2026-01-08T04:26:55.987Z,0.95,30-60s,6,3,9,4
2026-01-08T04:26:55.987Z,0.95,60-300s,120,0,1996,28
2026-01-08T04:26:55.987Z,0.95,5-15m,162,0,8995,63
2026-01-08T04:26:55.987Z,0.95,15-60m,6,6,6,1
2026-01-08T04:26:55.987Z,0.98,0-5s,13,2,25,6
2026-01-08T04:26:55.987Z,0.98,5-15s,548,548,548,1
2026-01-08T04:26:55.987Z,0.98,15-30s,22,2,76,18
2026-01-08T04:26:55.987Z,0.98,30-60s,17,0,152,29
2026-01-08T04:26:55.987Z,0.98,60-300s,36,0,1996,195
2026-01-08T04:26:55.987Z,0.98,5-15m,56,0,16739,499
2026-01-08T04:26:55.987Z,0.98,15-60m,14,2,35,3
2026-01-08T04:26:55.987Z,0.985,0-5s,13,2,25,6
2026-01-08T04:26:55.987Z,0.985,5-15s,613,548,677,2
2026-01-08T04:26:55.987Z,0.985,15-30s,22,2,76,18
2026-01-08T04:26:55.987Z,0.985,30-60s,16,0,152,31
2026-01-08T04:26:55.987Z,0.985,60-300s,37,0,1996,198
2026-01-08T04:26:55.987Z,0.985,5-15m,55,0,16739,508
2026-01-08T04:26:55.987Z,0.985,15-60m,14,2,35,3
2026-01-08T04:26:55.987Z,0.99,0-5s,13,2,25,7
2026-01-08T04:26:55.987Z,0.99,5-15s,613,548,677,2
2026-01-08T04:26:55.987Z,0.99,15-30s,22,2,76,19
2026-01-08T04:26:55.987Z,0.99,30-60s,17,0,152,39
2026-01-08T04:26:55.987Z,0.99,60-300s,60,0,11737,443
2026-01-08T04:26:55.987Z,0.99,5-15m,41,0,16739,1225
2026-01-08T04:26:55.987Z,0.99,15-60m,16,0,60,13
2026-01-08T04:26:55.987Z,0.995,0-5s,13,2,25,7
2026-01-08T04:26:55.987Z,0.995,5-15s,895,548,1461,3
2026-01-08T04:26:55.987Z,0.995,15-30s,260,2,4787,20
2026-01-08T04:26:55.987Z,0.995,30-60s,17,0,152,39
2026-01-08T04:26:55.987Z,0.995,60-300s,60,0,11737,443
2026-01-08T04:26:55.987Z,0.995,5-15m,41,0,16739,1225
2026-01-08T04:26:55.987Z,0.995,15-60m,16,0,60,13
2026-01-08T04:27:55.987Z,0.9,0-5s,10,10,10,1
2026-01-08T04:27:55.987Z,0.9,15-30s,5,5,5,1
2026-01-08T04:27:55.987Z,0.9,30-60s,7,6,9,3
2026-01-08T04:27:55.987Z,0.9,60-300s,3,1,4,2
2026-01-08T04:27:55.987Z,0.9,5-15m,27,0,43,4
2026-01-08T04:27:55.987Z,0.95,0-5s,8,6,10,2
2026-01-08T04:27:55.987Z,0.95,15-30s,11,0,49,6
2026-01-08T04:27:55.987Z,0.95,30-60s,6,3,9,4
2026-01-08T04:27:55.987Z,0.95,60-300s,120,0,1996,28
2026-01-08T04:27:55.987Z,0.95,5-15m,162,0,8995,63
2026-01-08T04:27:55.987Z,0.95,15-60m,6,6,6,1
2026-01-08T04:27:55.987Z,0.98,0-5s,13,2,25,6
2026-01-08T04:27:55.987Z,0.98,5-15s,548,548,548,1
2026-01-08T04:27:55.987Z,0.98,15-30s,22,2,76,18
2026-01-08T04:27:55.987Z,0.98,30-60s,17,0,152,29
2026-01-08T04:27:55.987Z,0.98,60-300s,36,0,1996,195
2026-01-08T04:27:55.987Z,0.98,5-15m,56,0,16739,499
2026-01-08T04:27:55.987Z,0.98,15-60m,14,2,35,3
2026-01-08T04:27:55.987Z,0.985,0-5s,13,2,25,6
2026-01-08T04:27:55.987Z,0.985,5-15s,613,548,677,2
2026-01-08T04:27:55.987Z,0.985,15-30s,22,2,76,18
2026-01-08T04:27:55.987Z,0.985,30-60s,16,0,152,31
2026-01-08T04:27:55.987Z,0.985,60-300s,37,0,1996,198
2026-01-08T04:27:55.987Z,0.985,5-15m,55,0,16739,508
2026-01-08T04:27:55.987Z,0.985,15-60m,14,2,35,3
2026-01-08T04:27:55.987Z,0.99,0-5s,13,2,25,7
2026-01-08T04:27:55.987Z,0.99,5-15s,613,548,677,2
2026-01-08T04:27:55.987Z,0.99,15-30s,22,2,76,19
2026-01-08T04:27:55.987Z,0.99,30-60s,17,0,152,39
2026-01-08T04:27:55.987Z,0.99,60-300s,60,0,11737,443
2026-01-08T04:27:55.987Z,0.99,5-15m,41,0,16739,1225
2026-01-08T04:27:55.987Z,0.99,15-60m,16,0,60,13
2026-01-08T04:27:55.987Z,0.995,0-5s,13,2,25,7
2026-01-08T04:27:55.987Z,0.995,5-15s,895,548,1461,3
2026-01-08T04:27:55.987Z,0.995,15-30s,260,2,4787,20
2026-01-08T04:27:55.987Z,0.995,30-60s,17,0,152,39
2026-01-08T04:27:55.987Z,0.995,60-300s,75,0,11737,444
2026-01-08T04:27:55.987Z,0.995,5-15m,41,0,16739,1225
2026-01-08T04:27:55.987Z,0.995,15-60m,16,0,60,13
2026-01-08T04:28:55.985Z,0.9,0-5s,10,10,10,1
2026-01-08T04:28:55.985Z,0.9,15-30s,5,5,5,1
2026-01-08T04:28:55.985Z,0.9,30-60s,7,6,9,3
2026-01-08T04:28:55.985Z,0.9,60-300s,3,1,4,2
2026-01-08T04:28:55.985Z,0.9,5-15m,27,0,43,4
2026-01-08T04:28:55.985Z,0.95,0-5s,8,6,10,2
2026-01-08T04:28:55.985Z,0.95,15-30s,11,0,49,6
2026-01-08T04:28:55.985Z,0.95,30-60s,6,3,9,4
2026-01-08T04:28:55.985Z,0.95,60-300s,120,0,1996,28
2026-01-08T04:28:55.985Z,0.95,5-15m,162,0,8995,63
2026-01-08T04:28:55.985Z,0.95,15-60m,6,6,6,1
2026-01-08T04:28:55.985Z,0.98,0-5s,13,2,25,6
2026-01-08T04:28:55.985Z,0.98,5-15s,548,548,548,1
2026-01-08T04:28:55.985Z,0.98,15-30s,22,2,76,18
2026-01-08T04:28:55.985Z,0.98,30-60s,17,0,152,29
2026-01-08T04:28:55.985Z,0.98,60-300s,36,0,1996,195
2026-01-08T04:28:55.985Z,0.98,5-15m,56,0,16739,499
2026-01-08T04:28:55.985Z,0.98,15-60m,14,2,35,3
2026-01-08T04:28:55.985Z,0.985,0-5s,13,2,25,6
2026-01-08T04:28:55.985Z,0.985,5-15s,613,548,677,2
2026-01-08T04:28:55.985Z,0.985,15-30s,22,2,76,18
2026-01-08T04:28:55.985Z,0.985,30-60s,16,0,152,31
2026-01-08T04:28:55.985Z,0.985,60-300s,37,0,1996,198
2026-01-08T04:28:55.985Z,0.985,5-15m,55,0,16739,508
2026-01-08T04:28:55.985Z,0.985,15-60m,14,2,35,3
2026-01-08T04:28:55.985Z,0.99,0-5s,13,2,25,7
2026-01-08T04:28:55.985Z,0.99,5-15s,613,548,677,2
2026-01-08T04:28:55.985Z,0.99,15-30s,22,2,76,19
2026-01-08T04:28:55.985Z,0.99,30-60s,17,0,152,39
2026-01-08T04:28:55.985Z,0.99,60-300s,60,0,11737,443
2026-01-08T04:28:55.985Z,0.99,5-15m,41,0,16739,1225
2026-01-08T04:28:55.985Z,0.99,15-60m,16,0,60,13
2026-01-08T04:28:55.985Z,0.995,0-5s,13,2,25,7
2026-01-08T04:28:55.985Z,0.995,5-15s,895,548,1461,3
2026-01-08T04:28:55.985Z,0.995,15-30s,260,2,4787,20
2026-01-08T04:28:55.985Z,0.995,30-60s,17,0,152,39
2026-01-08T04:28:55.985Z,0.995,60-300s,75,0,11737,444
2026-01-08T04:28:55.985Z,0.995,5-15m,41,0,16739,1225
2026-01-08T04:28:55.985Z,0.995,15-60m,16,0,60,13
2026-01-08T04:29:55.987Z,0.9,0-5s,10,10,10,1
2026-01-08T04:29:55.987Z,0.9,15-30s,5,5,5,1
2026-01-08T04:29:55.987Z,0.9,30-60s,7,6,9,3
2026-01-08T04:29:55.987Z,0.9,60-300s,3,1,4,2
2026-01-08T04:29:55.987Z,0.9,5-15m,27,0,43,4
2026-01-08T04:29:55.987Z,0.95,0-5s,8,6,10,2
2026-01-08T04:29:55.987Z,0.95,15-30s,11,0,49,6
2026-01-08T04:29:55.987Z,0.95,30-60s,6,3,9,4
2026-01-08T04:29:55.987Z,0.95,60-300s,120,0,1996,28
2026-01-08T04:29:55.987Z,0.95,5-15m,162,0,8995,63
2026-01-08T04:29:55.987Z,0.95,15-60m,6,6,6,1
2026-01-08T04:29:55.987Z,0.98,0-5s,13,2,25,6
2026-01-08T04:29:55.987Z,0.98,5-15s,548,548,548,1
2026-01-08T04:29:55.987Z,0.98,15-30s,22,2,76,18
2026-01-08T04:29:55.987Z,0.98,30-60s,17,0,152,29
2026-01-08T04:29:55.987Z,0.98,60-300s,36,0,1996,195
2026-01-08T04:29:55.987Z,0.98,5-15m,56,0,16739,499
2026-01-08T04:29:55.987Z,0.98,15-60m,14,2,35,3
2026-01-08T04:29:55.987Z,0.985,0-5s,13,2,25,6
2026-01-08T04:29:55.987Z,0.985,5-15s,613,548,677,2
2026-01-08T04:29:55.987Z,0.985,15-30s,22,2,76,18
2026-01-08T04:29:55.987Z,0.985,30-60s,16,0,152,31
2026-01-08T04:29:55.987Z,0.985,60-300s,37,0,1996,198
2026-01-08T04:29:55.987Z,0.985,5-15m,55,0,16739,508
2026-01-08T04:29:55.987Z,0.985,15-60m,14,2,35,3
2026-01-08T04:29:55.987Z,0.99,0-5s,13,2,25,7
2026-01-08T04:29:55.987Z,0.99,5-15s,613,548,677,2
2026-01-08T04:29:55.987Z,0.99,15-30s,22,2,76,19
2026-01-08T04:29:55.987Z,0.99,30-60s,17,0,152,39
2026-01-08T04:29:55.987Z,0.99,60-300s,60,0,11737,443
2026-01-08T04:29:55.987Z,0.99,5-15m,41,0,16739,1225
2026-01-08T04:29:55.987Z,0.99,15-60m,16,0,60,13
2026-01-08T04:29:55.987Z,0.995,0-5s,13,2,25,7
2026-01-08T04:29:55.987Z,0.995,5-15s,895,548,1461,3
2026-01-08T04:29:55.987Z,0.995,15-30s,260,2,4787,20
2026-01-08T04:29:55.987Z,0.995,30-60s,17,0,152,39
2026-01-08T04:29:55.987Z,0.995,60-300s,75,0,11737,444
2026-01-08T04:29:55.987Z,0.995,5-15m,41,0,16739,1225
2026-01-08T04:29:55.987Z,0.995,15-60m,16,0,60,13
2026-01-08T04:30:55.989Z,0.9,0-5s,10,10,10,1
2026-01-08T04:30:55.989Z,0.9,15-30s,5,5,5,1
2026-01-08T04:30:55.989Z,0.9,30-60s,7,6,9,3
2026-01-08T04:30:55.989Z,0.9,60-300s,3,1,4,2
2026-01-08T04:30:55.989Z,0.9,5-15m,27,0,43,4
2026-01-08T04:30:55.989Z,0.95,0-5s,8,6,10,2
2026-01-08T04:30:55.989Z,0.95,15-30s,11,0,49,6
2026-01-08T04:30:55.989Z,0.95,30-60s,6,3,9,4
2026-01-08T04:30:55.989Z,0.95,60-300s,120,0,1996,28
2026-01-08T04:30:55.989Z,0.95,5-15m,162,0,8995,63
2026-01-08T04:30:55.989Z,0.95,15-60m,6,6,6,1
2026-01-08T04:30:55.989Z,0.98,0-5s,13,2,25,6
2026-01-08T04:30:55.989Z,0.98,5-15s,548,548,548,1
2026-01-08T04:30:55.989Z,0.98,15-30s,22,2,76,18
2026-01-08T04:30:55.989Z,0.98,30-60s,17,0,152,29
2026-01-08T04:30:55.989Z,0.98,60-300s,36,0,1996,195
2026-01-08T04:30:55.989Z,0.98,5-15m,56,0,16739,503
2026-01-08T04:30:55.989Z,0.98,15-60m,14,2,35,3
2026-01-08T04:30:55.989Z,0.985,0-5s,13,2,25,6
2026-01-08T04:30:55.989Z,0.985,5-15s,613,548,677,2
2026-01-08T04:30:55.989Z,0.985,15-30s,22,2,76,18
2026-01-08T04:30:55.989Z,0.985,30-60s,16,0,152,31
2026-01-08T04:30:55.989Z,0.985,60-300s,37,0,1996,198
2026-01-08T04:30:55.989Z,0.985,5-15m,55,0,16739,512
2026-01-08T04:30:55.989Z,0.985,15-60m,14,2,35,3
2026-01-08T04:30:55.989Z,0.99,0-5s,13,2,25,7
2026-01-08T04:30:55.989Z,0.99,5-15s,613,548,677,2
2026-01-08T04:30:55.989Z,0.99,15-30s,22,2,76,19
2026-01-08T04:30:55.989Z,0.99,30-60s,17,0,152,39
2026-01-08T04:30:55.989Z,0.99,60-300s,60,0,11737,443
2026-01-08T04:30:55.989Z,0.99,5-15m,40,0,16739,1234
2026-01-08T04:30:55.989Z,0.99,15-60m,16,0,60,13
2026-01-08T04:30:55.989Z,0.995,0-5s,13,2,25,7
2026-01-08T04:30:55.989Z,0.995,5-15s,895,548,1461,3
2026-01-08T04:30:55.989Z,0.995,15-30s,260,2,4787,20
2026-01-08T04:30:55.989Z,0.995,30-60s,17,0,152,39
2026-01-08T04:30:55.989Z,0.995,60-300s,75,0,11737,444
2026-01-08T04:30:55.989Z,0.995,5-15m,40,0,16739,1234
2026-01-08T04:30:55.989Z,0.995,15-60m,16,0,60,13
2026-01-08T04:31:55.988Z,0.9,0-5s,10,10,10,1
2026-01-08T04:31:55.988Z,0.9,15-30s,5,5,5,1
2026-01-08T04:31:55.988Z,0.9,30-60s,7,6,9,3
2026-01-08T04:31:55.988Z,0.9,60-300s,3,1,4,2
2026-01-08T04:31:55.988Z,0.9,5-15m,27,0,43,4
2026-01-08T04:31:55.988Z,0.95,0-5s,8,6,10,2
2026-01-08T04:31:55.988Z,0.95,15-30s,11,0,49,6
2026-01-08T04:31:55.988Z,0.95,30-60s,6,3,9,4
2026-01-08T04:31:55.988Z,0.95,60-300s,120,0,1996,28
2026-01-08T04:31:55.988Z,0.95,5-15m,159,0,8995,64
2026-01-08T04:31:55.988Z,0.95,15-60m,6,6,6,1
2026-01-08T04:31:55.988Z,0.98,0-5s,13,2,25,6
2026-01-08T04:31:55.988Z,0.98,5-15s,548,548,548,1
2026-01-08T04:31:55.988Z,0.98,15-30s,22,2,76,18
2026-01-08T04:31:55.988Z,0.98,30-60s,17,0,152,29
2026-01-08T04:31:55.988Z,0.98,60-300s,36,0,1996,195
2026-01-08T04:31:55.988Z,0.98,5-15m,55,0,16739,512
2026-01-08T04:31:55.988Z,0.98,15-60m,14,2,35,3
2026-01-08T04:31:55.988Z,0.985,0-5s,13,2,25,6
2026-01-08T04:31:55.988Z,0.985,5-15s,613,548,677,2
2026-01-08T04:31:55.988Z,0.985,15-30s,22,2,76,18
2026-01-08T04:31:55.988Z,0.985,30-60s,16,0,152,31
2026-01-08T04:31:55.988Z,0.985,60-300s,37,0,1996,198
2026-01-08T04:31:55.988Z,0.985,5-15m,54,0,16739,521
2026-01-08T04:31:55.988Z,0.985,15-60m,14,2,35,3
2026-01-08T04:31:55.988Z,0.99,0-5s,13,2,25,7
2026-01-08T04:31:55.988Z,0.99,5-15s,613,548,677,2
2026-01-08T04:31:55.988Z,0.99,15-30s,22,2,76,19
2026-01-08T04:31:55.988Z,0.99,30-60s,17,0,152,39
2026-01-08T04:31:55.988Z,0.99,60-300s,60,0,11737,443
2026-01-08T04:31:55.988Z,0.99,5-15m,40,0,16739,1246
2026-01-08T04:31:55.988Z,0.99,15-60m,16,0,60,13
2026-01-08T04:31:55.988Z,0.995,0-5s,13,2,25,7
2026-01-08T04:31:55.988Z,0.995,5-15s,895,548,1461,3
2026-01-08T04:31:55.988Z,0.995,15-30s,260,2,4787,20
2026-01-08T04:31:55.988Z,0.995,30-60s,17,0,152,39
2026-01-08T04:31:55.988Z,0.995,60-300s,75,0,11737,444
2026-01-08T04:31:55.988Z,0.995,5-15m,40,0,16739,1246
2026-01-08T04:31:55.988Z,0.995,15-60m,16,0,60,13
2026-01-08T04:32:55.991Z,0.9,0-5s,10,10,10,1
2026-01-08T04:32:55.991Z,0.9,15-30s,5,5,5,1
2026-01-08T04:32:55.991Z,0.9,30-60s,7,6,9,3
2026-01-08T04:32:55.991Z,0.9,60-300s,3,1,4,2
2026-01-08T04:32:55.991Z,0.9,5-15m,27,0,43,4
2026-01-08T04:32:55.991Z,0.95,0-5s,8,6,10,2
2026-01-08T04:32:55.991Z,0.95,15-30s,11,0,49,6
2026-01-08T04:32:55.991Z,0.95,30-60s,6,3,9,4
2026-01-08T04:32:55.991Z,0.95,60-300s,120,0,1996,28
2026-01-08T04:32:55.991Z,0.95,5-15m,159,0,8995,64
2026-01-08T04:32:55.991Z,0.95,15-60m,6,6,6,1
2026-01-08T04:32:55.991Z,0.98,0-5s,13,2,25,6
2026-01-08T04:32:55.991Z,0.98,5-15s,548,548,548,1
2026-01-08T04:32:55.991Z,0.98,15-30s,22,2,76,18
2026-01-08T04:32:55.991Z,0.98,30-60s,17,0,152,29
2026-01-08T04:32:55.991Z,0.98,60-300s,36,0,1996,195
2026-01-08T04:32:55.991Z,0.98,5-15m,55,0,16739,514
2026-01-08T04:32:55.991Z,0.98,15-60m,14,2,35,3
2026-01-08T04:32:55.991Z,0.985,0-5s,13,2,25,6
2026-01-08T04:32:55.991Z,0.985,5-15s,613,548,677,2
2026-01-08T04:32:55.991Z,0.985,15-30s,22,2,76,18
2026-01-08T04:32:55.991Z,0.985,30-60s,16,0,152,31
2026-01-08T04:32:55.991Z,0.985,60-300s,37,0,1996,198
2026-01-08T04:32:55.991Z,0.985,5-15m,54,0,16739,523
2026-01-08T04:32:55.991Z,0.985,15-60m,14,2,35,3
2026-01-08T04:32:55.991Z,0.99,0-5s,13,2,25,7
2026-01-08T04:32:55.991Z,0.99,5-15s,613,548,677,2
2026-01-08T04:32:55.991Z,0.99,15-30s,22,2,76,19
2026-01-08T04:32:55.991Z,0.99,30-60s,17,0,152,39
2026-01-08T04:32:55.991Z,0.99,60-300s,60,0,11737,443
2026-01-08T04:32:55.991Z,0.99,5-15m,40,0,16739,1249
2026-01-08T04:32:55.991Z,0.99,15-60m,16,0,60,13
2026-01-08T04:32:55.991Z,0.995,0-5s,13,2,25,7
2026-01-08T04:32:55.991Z,0.995,5-15s,895,548,1461,3
2026-01-08T04:32:55.991Z,0.995,15-30s,260,2,4787,20
2026-01-08T04:32:55.991Z,0.995,30-60s,17,0,152,39
2026-01-08T04:32:55.991Z,0.995,60-300s,75,0,11737,444
2026-01-08T04:32:55.991Z,0.995,5-15m,40,0,16739,1249
2026-01-08T04:32:55.991Z,0.995,15-60m,16,0,60,13
2026-01-08T04:33:55.992Z,0.9,0-5s,10,10,10,1
2026-01-08T04:33:55.992Z,0.9,15-30s,5,5,5,1
2026-01-08T04:33:55.992Z,0.9,30-60s,7,6,9,3
2026-01-08T04:33:55.992Z,0.9,60-300s,3,1,4,2
2026-01-08T04:33:55.992Z,0.9,5-15m,27,0,43,4
2026-01-08T04:33:55.992Z,0.95,0-5s,8,6,10,2
2026-01-08T04:33:55.992Z,0.95,15-30s,11,0,49,6
2026-01-08T04:33:55.992Z,0.95,30-60s,6,3,9,4
2026-01-08T04:33:55.992Z,0.95,60-300s,120,0,1996,28
2026-01-08T04:33:55.992Z,0.95,5-15m,159,0,8995,64
2026-01-08T04:33:55.992Z,0.95,15-60m,6,6,6,1
2026-01-08T04:33:55.992Z,0.98,0-5s,13,2,25,6
2026-01-08T04:33:55.992Z,0.98,5-15s,548,548,548,1
2026-01-08T04:33:55.992Z,0.98,15-30s,22,2,76,18
2026-01-08T04:33:55.992Z,0.98,30-60s,17,0,152,29
2026-01-08T04:33:55.992Z,0.98,60-300s,36,0,1996,195
2026-01-08T04:33:55.992Z,0.98,5-15m,55,0,16739,516
2026-01-08T04:33:55.992Z,0.98,15-60m,14,2,35,3
2026-01-08T04:33:55.992Z,0.985,0-5s,13,2,25,6
2026-01-08T04:33:55.992Z,0.985,5-15s,613,548,677,2
2026-01-08T04:33:55.992Z,0.985,15-30s,22,2,76,18
2026-01-08T04:33:55.992Z,0.985,30-60s,16,0,152,31
2026-01-08T04:33:55.992Z,0.985,60-300s,37,0,1996,198
2026-01-08T04:33:55.992Z,0.985,5-15m,54,0,16739,525
2026-01-08T04:33:55.992Z,0.985,15-60m,14,2,35,3
2026-01-08T04:33:55.992Z,0.99,0-5s,13,2,25,7
2026-01-08T04:33:55.992Z,0.99,5-15s,613,548,677,2
2026-01-08T04:33:55.992Z,0.99,15-30s,22,2,76,19
2026-01-08T04:33:55.992Z,0.99,30-60s,17,0,152,39
2026-01-08T04:33:55.992Z,0.99,60-300s,60,0,11737,443
2026-01-08T04:33:55.992Z,0.99,5-15m,41,0,16739,1255
2026-01-08T04:33:55.992Z,0.99,15-60m,16,0,60,13
2026-01-08T04:33:55.992Z,0.995,0-5s,13,2,25,7
2026-01-08T04:33:55.992Z,0.995,5-15s,895,548,1461,3
2026-01-08T04:33:55.992Z,0.995,15-30s,260,2,4787,20
2026-01-08T04:33:55.992Z,0.995,30-60s,17,0,152,39
2026-01-08T04:33:55.992Z,0.995,60-300s,75,0,11737,444
2026-01-08T04:33:55.992Z,0.995,5-15m,41,0,16739,1255
2026-01-08T04:33:55.992Z,0.995,15-60m,16,0,60,13
2026-01-08T04:34:55.994Z,0.9,0-5s,10,10,10,1
2026-01-08T04:34:55.994Z,0.9,15-30s,5,5,5,1
2026-01-08T04:34:55.994Z,0.9,30-60s,7,6,9,3
2026-01-08T04:34:55.994Z,0.9,60-300s,3,1,4,2
2026-01-08T04:34:55.994Z,0.9,5-15m,27,0,43,4
2026-01-08T04:34:55.994Z,0.95,0-5s,8,6,10,2
2026-01-08T04:34:55.994Z,0.95,15-30s,11,0,49,6
2026-01-08T04:34:55.994Z,0.95,30-60s,6,3,9,4
2026-01-08T04:34:55.994Z,0.95,60-300s,120,0,1996,28
2026-01-08T04:34:55.994Z,0.95,5-15m,151,0,8995,68
2026-01-08T04:34:55.994Z,0.95,15-60m,6,6,6,1
2026-01-08T04:34:55.994Z,0.98,0-5s,13,2,25,6
2026-01-08T04:34:55.994Z,0.98,5-15s,548,548,548,1
2026-01-08T04:34:55.994Z,0.98,15-30s,22,2,76,18
2026-01-08T04:34:55.994Z,0.98,30-60s,17,0,152,29
2026-01-08T04:34:55.994Z,0.98,60-300s,36,0,1996,195
2026-01-08T04:34:55.994Z,0.98,5-15m,54,0,16739,528
2026-01-08T04:34:55.994Z,0.98,15-60m,14,2,35,3
2026-01-08T04:34:55.994Z,0.985,0-5s,13,2,25,6
2026-01-08T04:34:55.994Z,0.985,5-15s,613,548,677,2
2026-01-08T04:34:55.994Z,0.985,15-30s,22,2,76,18
2026-01-08T04:34:55.994Z,0.985,30-60s,16,0,152,31
2026-01-08T04:34:55.994Z,0.985,60-300s,37,0,1996,198
2026-01-08T04:34:55.994Z,0.985,5-15m,53,0,16739,537
2026-01-08T04:34:55.994Z,0.985,15-60m,14,2,35,3
2026-01-08T04:34:55.994Z,0.99,0-5s,13,2,25,7
2026-01-08T04:34:55.994Z,0.99,5-15s,613,548,677,2
2026-01-08T04:34:55.994Z,0.99,15-30s,22,2,76,19
2026-01-08T04:34:55.994Z,0.99,30-60s,17,0,152,39
2026-01-08T04:34:55.994Z,0.99,60-300s,60,0,11737,443
2026-01-08T04:34:55.994Z,0.99,5-15m,40,0,16739,1273
2026-01-08T04:34:55.994Z,0.99,15-60m,16,0,60,13
2026-01-08T04:34:55.994Z,0.995,0-5s,13,2,25,7
2026-01-08T04:34:55.994Z,0.995,5-15s,895,548,1461,3
2026-01-08T04:34:55.994Z,0.995,15-30s,260,2,4787,20
2026-01-08T04:34:55.994Z,0.995,30-60s,17,0,152,39
2026-01-08T04:34:55.994Z,0.995,60-300s,75,0,11737,444
2026-01-08T04:34:55.994Z,0.995,5-15m,40,0,16739,1273
2026-01-08T04:34:55.994Z,0.995,15-60m,16,0,60,13
2026-01-08T04:35:55.993Z,0.9,0-5s,10,10,10,1
2026-01-08T04:35:55.993Z,0.9,15-30s,5,5,5,1
2026-01-08T04:35:55.993Z,0.9,30-60s,7,6,9,3
2026-01-08T04:35:55.993Z,0.9,60-300s,3,1,4,2
2026-01-08T04:35:55.993Z,0.9,5-15m,27,0,43,4
2026-01-08T04:35:55.993Z,0.95,0-5s,8,6,10,2
2026-01-08T04:35:55.993Z,0.95,15-30s,11,0,49,6
2026-01-08T04:35:55.993Z,0.95,30-60s,6,3,9,4
2026-01-08T04:35:55.993Z,0.95,60-300s,120,0,1996,28
2026-01-08T04:35:55.993Z,0.95,5-15m,151,0,8995,68
2026-01-08T04:35:55.993Z,0.95,15-60m,6,6,6,1
2026-01-08T04:35:55.993Z,0.98,0-5s,13,2,25,6
2026-01-08T04:35:55.993Z,0.98,5-15s,548,548,548,1
2026-01-08T04:35:55.993Z,0.98,15-30s,22,2,76,18
2026-01-08T04:35:55.993Z,0.98,30-60s,17,0,152,29
2026-01-08T04:35:55.993Z,0.98,60-300s,36,0,1996,195
2026-01-08T04:35:55.993Z,0.98,5-15m,53,0,16739,536
2026-01-08T04:35:55.993Z,0.98,15-60m,14,2,35,3
2026-01-08T04:35:55.993Z,0.985,0-5s,13,2,25,6
2026-01-08T04:35:55.993Z,0.985,5-15s,613,548,677,2
2026-01-08T04:35:55.993Z,0.985,15-30s,22,2,76,18
2026-01-08T04:35:55.993Z,0.985,30-60s,16,0,152,31
2026-01-08T04:35:55.993Z,0.985,60-300s,37,0,1996,198
2026-01-08T04:35:55.993Z,0.985,5-15m,53,0,16739,545
2026-01-08T04:35:55.993Z,0.985,15-60m,14,2,35,3
2026-01-08T04:35:55.993Z,0.99,0-5s,13,2,25,7
2026-01-08T04:35:55.993Z,0.99,5-15s,613,548,677,2
2026-01-08T04:35:55.993Z,0.99,15-30s,22,2,76,19
2026-01-08T04:35:55.993Z,0.99,30-60s,17,0,152,39
2026-01-08T04:35:55.993Z,0.99,60-300s,60,0,11737,443
2026-01-08T04:35:55.993Z,0.99,5-15m,40,0,16739,1284
2026-01-08T04:35:55.993Z,0.99,15-60m,16,0,60,13
2026-01-08T04:35:55.993Z,0.995,0-5s,13,2,25,7
2026-01-08T04:35:55.993Z,0.995,5-15s,895,548,1461,3
2026-01-08T04:35:55.993Z,0.995,15-30s,260,2,4787,20
2026-01-08T04:35:55.993Z,0.995,30-60s,17,0,152,39
2026-01-08T04:35:55.993Z,0.995,60-300s,75,0,11737,444
2026-01-08T04:35:55.993Z,0.995,5-15m,40,0,16739,1284
2026-01-08T04:35:55.993Z,0.995,15-60m,16,0,60,13
2026-01-08T04:36:55.996Z,0.9,0-5s,10,10,10,1
2026-01-08T04:36:55.996Z,0.9,15-30s,5,5,5,1
2026-01-08T04:36:55.996Z,0.9,30-60s,7,6,9,3
2026-01-08T04:36:55.996Z,0.9,60-300s,3,1,4,2
2026-01-08T04:36:55.996Z,0.9,5-15m,27,0,43,4
2026-01-08T04:36:55.996Z,0.95,0-5s,8,6,10,2
2026-01-08T04:36:55.996Z,0.95,15-30s,11,0,49,6
2026-01-08T04:36:55.996Z,0.95,30-60s,6,3,9,4
2026-01-08T04:36:55.996Z,0.95,60-300s,120,0,1996,28
2026-01-08T04:36:55.996Z,0.95,5-15m,151,0,8995,68
2026-01-08T04:36:55.996Z,0.95,15-60m,6,6,6,1
2026-01-08T04:36:55.996Z,0.98,0-5s,13,2,25,6
2026-01-08T04:36:55.996Z,0.98,5-15s,548,548,548,1
2026-01-08T04:36:55.996Z,0.98,15-30s,22,2,76,18
2026-01-08T04:36:55.996Z,0.98,30-60s,17,0,152,29
2026-01-08T04:36:55.996Z,0.98,60-300s,36,0,1996,195
2026-01-08T04:36:55.996Z,0.98,5-15m,53,0,16739,540
2026-01-08T04:36:55.996Z,0.98,15-60m,14,2,35,3
2026-01-08T04:36:55.996Z,0.985,0-5s,13,2,25,6
2026-01-08T04:36:55.996Z,0.985,5-15s,613,548,677,2
2026-01-08T04:36:55.996Z,0.985,15-30s,22,2,76,18
2026-01-08T04:36:55.996Z,0.985,30-60s,16,0,152,31
2026-01-08T04:36:55.996Z,0.985,60-300s,37,0,1996,198
2026-01-08T04:36:55.996Z,0.985,5-15m,52,0,16739,549
2026-01-08T04:36:55.996Z,0.985,15-60m,14,2,35,3
2026-01-08T04:36:55.996Z,0.99,0-5s,13,2,25,7
2026-01-08T04:36:55.996Z,0.99,5-15s,613,548,677,2
2026-01-08T04:36:55.996Z,0.99,15-30s,22,2,76,19
2026-01-08T04:36:55.996Z,0.99,30-60s,17,0,152,39
2026-01-08T04:36:55.996Z,0.99,60-300s,60,0,11737,443
2026-01-08T04:36:55.996Z,0.99,5-15m,40,0,16739,1290
2026-01-08T04:36:55.996Z,0.99,15-60m,16,0,60,13
2026-01-08T04:36:55.996Z,0.995,0-5s,13,2,25,7
2026-01-08T04:36:55.996Z,0.995,5-15s,895,548,1461,3
2026-01-08T04:36:55.996Z,0.995,15-30s,260,2,4787,20
2026-01-08T04:36:55.996Z,0.995,30-60s,17,0,152,39
2026-01-08T04:36:55.996Z,0.995,60-300s,75,0,11737,444
2026-01-08T04:36:55.996Z,0.995,5-15m,40,0,16739,1290
2026-01-08T04:36:55.996Z,0.995,15-60m,16,0,60,13
2026-01-08T04:37:55.994Z,0.9,0-5s,10,10,10,1
2026-01-08T04:37:55.994Z,0.9,15-30s,5,5,5,1
2026-01-08T04:37:55.994Z,0.9,30-60s,7,6,9,3
2026-01-08T04:37:55.994Z,0.9,60-300s,3,1,4,2
2026-01-08T04:37:55.994Z,0.9,5-15m,27,0,43,4
2026-01-08T04:37:55.994Z,0.95,0-5s,8,6,10,2
2026-01-08T04:37:55.994Z,0.95,15-30s,11,0,49,6
2026-01-08T04:37:55.994Z,0.95,30-60s,6,3,9,4
2026-01-08T04:37:55.994Z,0.95,60-300s,120,0,1996,28
2026-01-08T04:37:55.994Z,0.95,5-15m,147,0,8995,70
2026-01-08T04:37:55.994Z,0.95,15-60m,6,6,6,1
2026-01-08T04:37:55.994Z,0.98,0-5s,13,2,25,6
2026-01-08T04:37:55.994Z,0.98,5-15s,548,548,548,1
2026-01-08T04:37:55.994Z,0.98,15-30s,22,2,76,18
2026-01-08T04:37:55.994Z,0.98,30-60s,17,0,152,29
2026-01-08T04:37:55.994Z,0.98,60-300s,36,0,1996,195
2026-01-08T04:37:55.994Z,0.98,5-15m,53,0,16739,544
2026-01-08T04:37:55.994Z,0.98,15-60m,14,2,35,3
2026-01-08T04:37:55.994Z,0.985,0-5s,13,2,25,6
2026-01-08T04:37:55.994Z,0.985,5-15s,613,548,677,2
2026-01-08T04:37:55.994Z,0.985,15-30s,22,2,76,18
2026-01-08T04:37:55.994Z,0.985,30-60s,16,0,152,31
2026-01-08T04:37:55.994Z,0.985,60-300s,37,0,1996,198
2026-01-08T04:37:55.994Z,0.985,5-15m,52,0,16739,553
2026-01-08T04:37:55.994Z,0.985,15-60m,14,2,35,3
2026-01-08T04:37:55.994Z,0.99,0-5s,13,2,25,7
2026-01-08T04:37:55.994Z,0.99,5-15s,613,548,677,2
2026-01-08T04:37:55.994Z,0.99,15-30s,22,2,76,19
2026-01-08T04:37:55.994Z,0.99,30-60s,17,0,152,39
2026-01-08T04:37:55.994Z,0.99,60-300s,60,0,11737,443
2026-01-08T04:37:55.994Z,0.99,5-15m,40,0,16739,1296
2026-01-08T04:37:55.994Z,0.99,15-60m,16,0,60,13
2026-01-08T04:37:55.994Z,0.995,0-5s,13,2,25,7
2026-01-08T04:37:55.994Z,0.995,5-15s,895,548,1461,3
2026-01-08T04:37:55.994Z,0.995,15-30s,260,2,4787,20
2026-01-08T04:37:55.994Z,0.995,30-60s,17,0,152,39
2026-01-08T04:37:55.994Z,0.995,60-300s,75,0,11737,444
2026-01-08T04:37:55.994Z,0.995,5-15m,40,0,16739,1296
2026-01-08T04:37:55.994Z,0.995,15-60m,16,0,60,13
2026-01-08T04:38:55.995Z,0.9,0-5s,10,10,10,1
2026-01-08T04:38:55.995Z,0.9,15-30s,5,5,5,1
2026-01-08T04:38:55.995Z,0.9,30-60s,7,6,9,3
2026-01-08T04:38:55.995Z,0.9,60-300s,3,1,4,2
2026-01-08T04:38:55.995Z,0.9,5-15m,28,0,43,5
2026-01-08T04:38:55.995Z,0.95,0-5s,8,6,10,2
2026-01-08T04:38:55.995Z,0.95,15-30s,11,0,49,6
2026-01-08T04:38:55.995Z,0.95,30-60s,6,3,9,4
2026-01-08T04:38:55.995Z,0.95,60-300s,120,0,1996,28
2026-01-08T04:38:55.995Z,0.95,5-15m,143,0,8995,72
2026-01-08T04:38:55.995Z,0.95,15-60m,6,6,6,1
2026-01-08T04:38:55.995Z,0.98,0-5s,13,2,25,6
2026-01-08T04:38:55.995Z,0.98,5-15s,548,548,548,1
2026-01-08T04:38:55.995Z,0.98,15-30s,22,2,76,18
2026-01-08T04:38:55.995Z,0.98,30-60s,17,0,152,29
2026-01-08T04:38:55.995Z,0.98,60-300s,36,0,1996,195
2026-01-08T04:38:55.995Z,0.98,5-15m,51,0,16739,562
2026-01-08T04:38:55.995Z,0.98,15-60m,14,2,35,3
2026-01-08T04:38:55.995Z,0.985,0-5s,13,2,25,6
2026-01-08T04:38:55.995Z,0.985,5-15s,613,548,677,2
2026-01-08T04:38:55.995Z,0.985,15-30s,22,2,76,18
2026-01-08T04:38:55.995Z,0.985,30-60s,16,0,152,31
2026-01-08T04:38:55.995Z,0.985,60-300s,37,0,1996,198
2026-01-08T04:38:55.995Z,0.985,5-15m,51,0,16739,571
2026-01-08T04:38:55.995Z,0.985,15-60m,14,2,35,3
2026-01-08T04:38:55.995Z,0.99,0-5s,13,2,25,7
2026-01-08T04:38:55.995Z,0.99,5-15s,613,548,677,2
2026-01-08T04:38:55.995Z,0.99,15-30s,22,2,76,19
2026-01-08T04:38:55.995Z,0.99,30-60s,17,0,152,39
2026-01-08T04:38:55.995Z,0.99,60-300s,60,0,11737,443
2026-01-08T04:38:55.995Z,0.99,5-15m,41,0,16739,1326
2026-01-08T04:38:55.995Z,0.99,15-60m,16,0,60,13
2026-01-08T04:38:55.995Z,0.995,0-5s,13,2,25,7
2026-01-08T04:38:55.995Z,0.995,5-15s,895,548,1461,3
2026-01-08T04:38:55.995Z,0.995,15-30s,260,2,4787,20
2026-01-08T04:38:55.995Z,0.995,30-60s,17,0,152,39
2026-01-08T04:38:55.995Z,0.995,60-300s,75,0,11737,444
2026-01-08T04:38:55.995Z,0.995,5-15m,41,0,16739,1326
2026-01-08T04:38:55.995Z,0.995,15-60m,16,0,60,13
2026-01-08T04:39:55.996Z,0.9,0-5s,10,10,10,1
2026-01-08T04:39:55.996Z,0.9,15-30s,5,5,5,1
2026-01-08T04:39:55.996Z,0.9,30-60s,7,6,9,3
2026-01-08T04:39:55.996Z,0.9,60-300s,3,1,4,2
2026-01-08T04:39:55.996Z,0.9,5-15m,28,0,43,5
2026-01-08T04:39:55.996Z,0.95,0-5s,8,6,10,2
2026-01-08T04:39:55.996Z,0.95,15-30s,11,0,49,6
2026-01-08T04:39:55.996Z,0.95,30-60s,6,3,9,4
2026-01-08T04:39:55.996Z,0.95,60-300s,120,0,1996,28
2026-01-08T04:39:55.996Z,0.95,5-15m,143,0,8995,72
2026-01-08T04:39:55.996Z,0.95,15-60m,6,6,6,1
2026-01-08T04:39:55.996Z,0.98,0-5s,13,2,25,6
2026-01-08T04:39:55.996Z,0.98,5-15s,548,548,548,1
2026-01-08T04:39:55.996Z,0.98,15-30s,22,2,76,18
2026-01-08T04:39:55.996Z,0.98,30-60s,17,0,152,29
2026-01-08T04:39:55.996Z,0.98,60-300s,36,0,1996,195
2026-01-08T04:39:55.996Z,0.98,5-15m,51,0,16739,563
2026-01-08T04:39:55.996Z,0.98,15-60m,14,2,35,3
2026-01-08T04:39:55.996Z,0.985,0-5s,13,2,25,6
2026-01-08T04:39:55.996Z,0.985,5-15s,613,548,677,2
2026-01-08T04:39:55.996Z,0.985,15-30s,22,2,76,18
2026-01-08T04:39:55.996Z,0.985,30-60s,16,0,152,31
2026-01-08T04:39:55.996Z,0.985,60-300s,37,0,1996,198
2026-01-08T04:39:55.996Z,0.985,5-15m,51,0,16739,572
2026-01-08T04:39:55.996Z,0.985,15-60m,14,2,35,3
2026-01-08T04:39:55.996Z,0.99,0-5s,13,2,25,7
2026-01-08T04:39:55.996Z,0.99,5-15s,613,548,677,2
2026-01-08T04:39:55.996Z,0.99,15-30s,22,2,76,19
2026-01-08T04:39:55.996Z,0.99,30-60s,17,0,152,39
2026-01-08T04:39:55.996Z,0.99,60-300s,60,0,11737,443
2026-01-08T04:39:55.996Z,0.99,5-15m,41,0,16739,1327
2026-01-08T04:39:55.996Z,0.99,15-60m,16,0,60,13
2026-01-08T04:39:55.996Z,0.995,0-5s,13,2,25,7
2026-01-08T04:39:55.996Z,0.995,5-15s,895,548,1461,3
2026-01-08T04:39:55.996Z,0.995,15-30s,260,2,4787,20
2026-01-08T04:39:55.996Z,0.995,30-60s,17,0,152,39
2026-01-08T04:39:55.996Z,0.995,60-300s,75,0,11737,444
2026-01-08T04:39:55.996Z,0.995,5-15m,41,0,16739,1327
2026-01-08T04:39:55.996Z,0.995,15-60m,16,0,60,13
2026-01-08T04:40:55.997Z,0.9,0-5s,10,10,10,1
2026-01-08T04:40:55.997Z,0.9,15-30s,5,5,5,1
2026-01-08T04:40:55.997Z,0.9,30-60s,7,6,9,3
2026-01-08T04:40:55.997Z,0.9,60-300s,3,1,4,2
2026-01-08T04:40:55.997Z,0.9,5-15m,28,0,43,5
2026-01-08T04:40:55.997Z,0.95,0-5s,8,6,10,2
2026-01-08T04:40:55.997Z,0.95,15-30s,11,0,49,6
2026-01-08T04:40:55.997Z,0.95,30-60s,6,3,9,4
2026-01-08T04:40:55.997Z,0.95,60-300s,116,0,1996,29
2026-01-08T04:40:55.997Z,0.95,5-15m,143,0,8995,72
2026-01-08T04:40:55.997Z,0.95,15-60m,6,6,6,1
2026-01-08T04:40:55.997Z,0.98,0-5s,13,2,25,6
2026-01-08T04:40:55.997Z,0.98,5-15s,548,548,548,1
2026-01-08T04:40:55.997Z,0.98,15-30s,22,2,76,18
2026-01-08T04:40:55.997Z,0.98,30-60s,17,0,152,29
2026-01-08T04:40:55.997Z,0.98,60-300s,35,0,1996,203
2026-01-08T04:40:55.997Z,0.98,5-15m,51,0,16739,564
2026-01-08T04:40:55.997Z,0.98,15-60m,14,2,35,3
2026-01-08T04:40:55.997Z,0.985,0-5s,13,2,25,6
2026-01-08T04:40:55.997Z,0.985,5-15s,613,548,677,2
2026-01-08T04:40:55.997Z,0.985,15-30s,22,2,76,18
2026-01-08T04:40:55.997Z,0.985,30-60s,16,0,152,31
2026-01-08T04:40:55.997Z,0.985,60-300s,36,0,1996,206
2026-01-08T04:40:55.997Z,0.985,5-15m,51,0,16739,573
2026-01-08T04:40:55.997Z,0.985,15-60m,14,2,35,3
2026-01-08T04:40:55.997Z,0.99,0-5s,13,2,25,7
2026-01-08T04:40:55.997Z,0.99,5-15s,613,548,677,2
2026-01-08T04:40:55.997Z,0.99,15-30s,22,2,76,19
2026-01-08T04:40:55.997Z,0.99,30-60s,17,0,152,39
2026-01-08T04:40:55.997Z,0.99,60-300s,59,0,11737,459
2026-01-08T04:40:55.997Z,0.99,5-15m,41,0,16739,1328
2026-01-08T04:40:55.997Z,0.99,15-60m,16,0,60,13
2026-01-08T04:40:55.997Z,0.995,0-5s,13,2,25,7
2026-01-08T04:40:55.997Z,0.995,5-15s,895,548,1461,3
2026-01-08T04:40:55.997Z,0.995,15-30s,260,2,4787,20
2026-01-08T04:40:55.997Z,0.995,30-60s,17,0,152,39
2026-01-08T04:40:55.997Z,0.995,60-300s,73,0,11737,460
2026-01-08T04:40:55.997Z,0.995,5-15m,41,0,16739,1328
2026-01-08T04:40:55.997Z,0.995,15-60m,16,0,60,13
2026-01-08T04:41:56.006Z,0.9,0-5s,10,10,10,1
2026-01-08T04:41:56.006Z,0.9,15-30s,5,5,5,1
2026-01-08T04:41:56.006Z,0.9,30-60s,7,6,9,3
2026-01-08T04:41:56.006Z,0.9,60-300s,3,1,4,2
2026-01-08T04:41:56.006Z,0.9,5-15m,28,0,43,5
2026-01-08T04:41:56.006Z,0.95,0-5s,8,6,10,2
2026-01-08T04:41:56.006Z,0.95,15-30s,11,0,49,6
2026-01-08T04:41:56.006Z,0.95,30-60s,6,3,9,4
2026-01-08T04:41:56.006Z,0.95,60-300s,116,0,1996,29
2026-01-08T04:41:56.006Z,0.95,5-15m,143,0,8995,72
2026-01-08T04:41:56.006Z,0.95,15-60m,6,6,6,1
2026-01-08T04:41:56.006Z,0.98,0-5s,13,2,25,6
2026-01-08T04:41:56.006Z,0.98,5-15s,548,548,548,1
2026-01-08T04:41:56.006Z,0.98,15-30s,22,2,76,18
2026-01-08T04:41:56.006Z,0.98,30-60s,17,0,152,29
2026-01-08T04:41:56.006Z,0.98,60-300s,34,0,1996,211
2026-01-08T04:41:56.006Z,0.98,5-15m,51,0,16739,564
2026-01-08T04:41:56.006Z,0.98,15-60m,14,2,35,3
2026-01-08T04:41:56.006Z,0.985,0-5s,13,2,25,6
2026-01-08T04:41:56.006Z,0.985,5-15s,613,548,677,2
2026-01-08T04:41:56.006Z,0.985,15-30s,22,2,76,18
2026-01-08T04:41:56.006Z,0.985,30-60s,16,0,152,31
2026-01-08T04:41:56.006Z,0.985,60-300s,35,0,1996,215
2026-01-08T04:41:56.006Z,0.985,5-15m,51,0,16739,573
2026-01-08T04:41:56.006Z,0.985,15-60m,14,2,35,3
2026-01-08T04:41:56.006Z,0.99,0-5s,13,2,25,7
2026-01-08T04:41:56.006Z,0.99,5-15s,613,548,677,2
2026-01-08T04:41:56.006Z,0.99,15-30s,22,2,76,19
2026-01-08T04:41:56.006Z,0.99,30-60s,17,0,152,39
2026-01-08T04:41:56.006Z,0.99,60-300s,58,0,11737,472
2026-01-08T04:41:56.006Z,0.99,5-15m,41,0,16739,1328
2026-01-08T04:41:56.006Z,0.99,15-60m,16,0,60,13
2026-01-08T04:41:56.006Z,0.995,0-5s,13,2,25,7
2026-01-08T04:41:56.006Z,0.995,5-15s,895,548,1461,3
2026-01-08T04:41:56.006Z,0.995,15-30s,260,2,4787,20
2026-01-08T04:41:56.006Z,0.995,30-60s,17,0,152,39
2026-01-08T04:41:56.006Z,0.995,60-300s,71,0,11737,473
2026-01-08T04:41:56.006Z,0.995,5-15m,41,0,16739,1328
2026-01-08T04:41:56.006Z,0.995,15-60m,16,0,60,13
2026-01-08T04:42:56.006Z,0.9,0-5s,10,10,10,1
2026-01-08T04:42:56.006Z,0.9,15-30s,5,5,5,1
2026-01-08T04:42:56.006Z,0.9,30-60s,7,6,9,3
2026-01-08T04:42:56.006Z,0.9,60-300s,3,1,4,2
2026-01-08T04:42:56.006Z,0.9,5-15m,28,0,43,5
2026-01-08T04:42:56.006Z,0.95,0-5s,8,6,10,2
2026-01-08T04:42:56.006Z,0.95,15-30s,11,0,49,6
2026-01-08T04:42:56.006Z,0.95,30-60s,6,3,9,4
2026-01-08T04:42:56.006Z,0.95,60-300s,116,0,1996,29
2026-01-08T04:42:56.006Z,0.95,5-15m,143,0,8995,72
2026-01-08T04:42:56.006Z,0.95,15-60m,6,6,6,1
2026-01-08T04:42:56.006Z,0.98,0-5s,13,2,25,6
2026-01-08T04:42:56.006Z,0.98,5-15s,548,548,548,1
2026-01-08T04:42:56.006Z,0.98,15-30s,22,2,76,18
2026-01-08T04:42:56.006Z,0.98,30-60s,17,0,152,29
2026-01-08T04:42:56.006Z,0.98,60-300s,34,0,1996,219
2026-01-08T04:42:56.006Z,0.98,5-15m,51,0,16739,564
2026-01-08T04:42:56.006Z,0.98,15-60m,14,2,35,3
2026-01-08T04:42:56.006Z,0.985,0-5s,13,2,25,6
2026-01-08T04:42:56.006Z,0.985,5-15s,613,548,677,2
2026-01-08T04:42:56.006Z,0.985,15-30s,22,2,76,18
2026-01-08T04:42:56.006Z,0.985,30-60s,16,0,152,31
2026-01-08T04:42:56.006Z,0.985,60-300s,34,0,1996,223
2026-01-08T04:42:56.006Z,0.985,5-15m,51,0,16739,573
2026-01-08T04:42:56.006Z,0.985,15-60m,14,2,35,3
2026-01-08T04:42:56.006Z,0.99,0-5s,13,2,25,7
2026-01-08T04:42:56.006Z,0.99,5-15s,613,548,677,2
2026-01-08T04:42:56.006Z,0.99,15-30s,22,2,76,19
2026-01-08T04:42:56.006Z,0.99,30-60s,17,0,152,39
2026-01-08T04:42:56.006Z,0.99,60-300s,58,0,11737,489
2026-01-08T04:42:56.006Z,0.99,5-15m,41,0,16739,1328
2026-01-08T04:42:56.006Z,0.99,15-60m,16,0,60,13
2026-01-08T04:42:56.006Z,0.995,0-5s,13,2,25,7
2026-01-08T04:42:56.006Z,0.995,5-15s,895,548,1461,3
2026-01-08T04:42:56.006Z,0.995,15-30s,260,2,4787,20
2026-01-08T04:42:56.006Z,0.995,30-60s,17,0,152,39
2026-01-08T04:42:56.006Z,0.995,60-300s,71,0,11737,490
2026-01-08T04:42:56.006Z,0.995,5-15m,41,0,16739,1328
2026-01-08T04:42:56.006Z,0.995,15-60m,16,0,60,13
2026-01-08T04:43:56.007Z,0.9,0-5s,10,10,10,1
2026-01-08T04:43:56.007Z,0.9,15-30s,5,5,5,1
2026-01-08T04:43:56.007Z,0.9,30-60s,7,6,9,3
2026-01-08T04:43:56.007Z,0.9,60-300s,3,1,4,2
2026-01-08T04:43:56.007Z,0.9,5-15m,28,0,43,5
2026-01-08T04:43:56.007Z,0.95,0-5s,8,6,10,2
2026-01-08T04:43:56.007Z,0.95,15-30s,11,0,49,6
2026-01-08T04:43:56.007Z,0.95,30-60s,6,3,9,4
2026-01-08T04:43:56.007Z,0.95,60-300s,112,0,1996,30
2026-01-08T04:43:56.007Z,0.95,5-15m,143,0,8995,72
2026-01-08T04:43:56.007Z,0.95,15-60m,6,6,6,1
2026-01-08T04:43:56.007Z,0.98,0-5s,13,2,25,6
2026-01-08T04:43:56.007Z,0.98,5-15s,548,548,548,1
2026-01-08T04:43:56.007Z,0.98,15-30s,22,2,76,18
2026-01-08T04:43:56.007Z,0.98,30-60s,17,0,152,29
2026-01-08T04:43:56.007Z,0.98,60-300s,32,0,1996,231
2026-01-08T04:43:56.007Z,0.98,5-15m,51,0,16739,564
2026-01-08T04:43:56.007Z,0.98,15-60m,14,2,35,3
2026-01-08T04:43:56.007Z,0.985,0-5s,13,2,25,6
2026-01-08T04:43:56.007Z,0.985,5-15s,613,548,677,2
2026-01-08T04:43:56.007Z,0.985,15-30s,22,2,76,18
2026-01-08T04:43:56.007Z,0.985,30-60s,16,0,152,31
2026-01-08T04:43:56.007Z,0.985,60-300s,33,0,1996,236
2026-01-08T04:43:56.007Z,0.985,5-15m,51,0,16739,573
2026-01-08T04:43:56.007Z,0.985,15-60m,14,2,35,3
2026-01-08T04:43:56.007Z,0.99,0-5s,13,2,25,7
2026-01-08T04:43:56.007Z,0.99,5-15s,613,548,677,2
2026-01-08T04:43:56.007Z,0.99,15-30s,22,2,76,19
2026-01-08T04:43:56.007Z,0.99,30-60s,17,0,152,39
2026-01-08T04:43:56.007Z,0.99,60-300s,56,0,11737,512
2026-01-08T04:43:56.007Z,0.99,5-15m,41,0,16739,1328
2026-01-08T04:43:56.007Z,0.99,15-60m,16,0,60,13
2026-01-08T04:43:56.007Z,0.995,0-5s,13,2,25,7
2026-01-08T04:43:56.007Z,0.995,5-15s,895,548,1461,3
2026-01-08T04:43:56.007Z,0.995,15-30s,260,2,4787,20
2026-01-08T04:43:56.007Z,0.995,30-60s,17,0,152,39
2026-01-08T04:43:56.007Z,0.995,60-300s,69,0,11737,513
2026-01-08T04:43:56.007Z,0.995,5-15m,41,0,16739,1328
2026-01-08T04:43:56.007Z,0.995,15-60m,16,0,60,13
2026-01-08T04:44:56.010Z,0.9,0-5s,10,10,10,1
2026-01-08T04:44:56.010Z,0.9,15-30s,5,5,5,1
2026-01-08T04:44:56.010Z,0.9,30-60s,7,6,9,3
2026-01-08T04:44:56.010Z,0.9,60-300s,3,1,4,2
2026-01-08T04:44:56.010Z,0.9,5-15m,28,0,43,5
2026-01-08T04:44:56.010Z,0.95,0-5s,8,6,10,2
2026-01-08T04:44:56.010Z,0.95,15-30s,11,0,49,6
2026-01-08T04:44:56.010Z,0.95,30-60s,6,3,9,5
2026-01-08T04:44:56.010Z,0.95,60-300s,112,0,1996,30
2026-01-08T04:44:56.010Z,0.95,5-15m,143,0,8995,72
2026-01-08T04:44:56.010Z,0.95,15-60m,6,6,6,1
2026-01-08T04:44:56.010Z,0.98,0-5s,13,2,25,6
2026-01-08T04:44:56.010Z,0.98,5-15s,548,548,548,1
2026-01-08T04:44:56.010Z,0.98,15-30s,22,2,76,18
2026-01-08T04:44:56.010Z,0.98,30-60s,17,0,152,35
2026-01-08T04:44:56.010Z,0.98,60-300s,32,0,1996,231
2026-01-08T04:44:56.010Z,0.98,5-15m,51,0,16739,564
2026-01-08T04:44:56.010Z,0.98,15-60m,14,2,35,3
2026-01-08T04:44:56.010Z,0.985,0-5s,13,2,25,6
2026-01-08T04:44:56.010Z,0.985,5-15s,613,548,677,2
2026-01-08T04:44:56.010Z,0.985,15-30s,22,2,76,18
2026-01-08T04:44:56.010Z,0.985,30-60s,16,0,152,37
2026-01-08T04:44:56.010Z,0.985,60-300s,33,0,1996,236
2026-01-08T04:44:56.010Z,0.985,5-15m,51,0,16739,573
2026-01-08T04:44:56.010Z,0.985,15-60m,14,2,35,3
2026-01-08T04:44:56.010Z,0.99,0-5s,13,2,25,7
2026-01-08T04:44:56.010Z,0.99,5-15s,613,548,677,2
2026-01-08T04:44:56.010Z,0.99,15-30s,22,2,76,19
2026-01-08T04:44:56.010Z,0.99,30-60s,18,0,152,48
2026-01-08T04:44:56.010Z,0.99,60-300s,56,0,11737,512
2026-01-08T04:44:56.010Z,0.99,5-15m,41,0,16739,1328
2026-01-08T04:44:56.010Z,0.99,15-60m,16,0,60,13
2026-01-08T04:44:56.010Z,0.995,0-5s,13,2,25,7
2026-01-08T04:44:56.010Z,0.995,5-15s,735,252,1461,4
2026-01-08T04:44:56.010Z,0.995,15-30s,260,2,4787,20
2026-01-08T04:44:56.010Z,0.995,30-60s,18,0,152,48
2026-01-08T04:44:56.010Z,0.995,60-300s,69,0,11737,513
2026-01-08T04:44:56.010Z,0.995,5-15m,41,0,16739,1328
2026-01-08T04:44:56.010Z,0.995,15-60m,16,0,60,13
2026-01-08T04:45:56.009Z,0.9,0-5s,10,10,10,1
2026-01-08T04:45:56.009Z,0.9,15-30s,5,5,5,1
2026-01-08T04:45:56.009Z,0.9,30-60s,7,6,9,3
2026-01-08T04:45:56.009Z,0.9,60-300s,3,1,4,2
2026-01-08T04:45:56.009Z,0.9,5-15m,28,0,43,5
2026-01-08T04:45:56.009Z,0.95,0-5s,8,6,10,2
2026-01-08T04:45:56.009Z,0.95,15-30s,11,0,49,6
2026-01-08T04:45:56.009Z,0.95,30-60s,6,3,9,5
2026-01-08T04:45:56.009Z,0.95,60-300s,112,0,1996,30
2026-01-08T04:45:56.009Z,0.95,5-15m,143,0,8995,72
2026-01-08T04:45:56.009Z,0.95,15-60m,6,6,6,1
2026-01-08T04:45:56.009Z,0.98,0-5s,13,2,25,6
2026-01-08T04:45:56.009Z,0.98,5-15s,548,548,548,1
2026-01-08T04:45:56.009Z,0.98,15-30s,22,2,76,18
2026-01-08T04:45:56.009Z,0.98,30-60s,17,0,152,35
2026-01-08T04:45:56.009Z,0.98,60-300s,32,0,1996,231
2026-01-08T04:45:56.009Z,0.98,5-15m,51,0,16739,564
2026-01-08T04:45:56.009Z,0.98,15-60m,14,2,35,3
2026-01-08T04:45:56.009Z,0.985,0-5s,13,2,25,6
2026-01-08T04:45:56.009Z,0.985,5-15s,613,548,677,2
2026-01-08T04:45:56.009Z,0.985,15-30s,22,2,76,18
2026-01-08T04:45:56.009Z,0.985,30-60s,16,0,152,37
2026-01-08T04:45:56.009Z,0.985,60-300s,33,0,1996,236
2026-01-08T04:45:56.009Z,0.985,5-15m,51,0,16739,573
2026-01-08T04:45:56.009Z,0.985,15-60m,14,2,35,3
2026-01-08T04:45:56.009Z,0.99,0-5s,13,2,25,7
2026-01-08T04:45:56.009Z,0.99,5-15s,613,548,677,2
2026-01-08T04:45:56.009Z,0.99,15-30s,22,2,76,19
2026-01-08T04:45:56.009Z,0.99,30-60s,18,0,152,48
2026-01-08T04:45:56.009Z,0.99,60-300s,56,0,11737,512
2026-01-08T04:45:56.009Z,0.99,5-15m,41,0,16739,1329
2026-01-08T04:45:56.009Z,0.99,15-60m,16,0,60,13
2026-01-08T04:45:56.009Z,0.995,0-5s,13,2,25,7
2026-01-08T04:45:56.009Z,0.995,5-15s,735,252,1461,4
2026-01-08T04:45:56.009Z,0.995,15-30s,260,2,4787,20
2026-01-08T04:45:56.009Z,0.995,30-60s,18,0,152,48
2026-01-08T04:45:56.009Z,0.995,60-300s,69,0,11737,513
2026-01-08T04:45:56.009Z,0.995,5-15m,41,0,16739,1329
2026-01-08T04:45:56.009Z,0.995,15-60m,16,0,60,13
2026-01-08T04:46:56.013Z,0.9,0-5s,10,10,10,1
2026-01-08T04:46:56.013Z,0.9,15-30s,5,5,5,1
2026-01-08T04:46:56.013Z,0.9,30-60s,7,6,9,3
2026-01-08T04:46:56.013Z,0.9,60-300s,3,1,4,2
2026-01-08T04:46:56.013Z,0.9,5-15m,28,0,43,5
2026-01-08T04:46:56.013Z,0.95,0-5s,8,6,10,2
2026-01-08T04:46:56.013Z,0.95,15-30s,11,0,49,6
2026-01-08T04:46:56.013Z,0.95,30-60s,6,3,9,5
2026-01-08T04:46:56.013Z,0.95,60-300s,112,0,1996,30
2026-01-08T04:46:56.013Z,0.95,5-15m,143,0,8995,72
2026-01-08T04:46:56.013Z,0.95,15-60m,6,6,6,1
2026-01-08T04:46:56.013Z,0.98,0-5s,13,2,25,6
2026-01-08T04:46:56.013Z,0.98,5-15s,548,548,548,1
2026-01-08T04:46:56.013Z,0.98,15-30s,22,2,76,18
2026-01-08T04:46:56.013Z,0.98,30-60s,17,0,152,35
2026-01-08T04:46:56.013Z,0.98,60-300s,32,0,1996,231
2026-01-08T04:46:56.013Z,0.98,5-15m,51,0,16739,564
2026-01-08T04:46:56.013Z,0.98,15-60m,14,2,35,3
2026-01-08T04:46:56.013Z,0.985,0-5s,13,2,25,6
2026-01-08T04:46:56.013Z,0.985,5-15s,613,548,677,2
2026-01-08T04:46:56.013Z,0.985,15-30s,22,2,76,18
2026-01-08T04:46:56.013Z,0.985,30-60s,16,0,152,37
2026-01-08T04:46:56.013Z,0.985,60-300s,33,0,1996,236
2026-01-08T04:46:56.013Z,0.985,5-15m,51,0,16739,573
2026-01-08T04:46:56.013Z,0.985,15-60m,14,2,35,3
2026-01-08T04:46:56.013Z,0.99,0-5s,13,2,25,7
2026-01-08T04:46:56.013Z,0.99,5-15s,613,548,677,2
2026-01-08T04:46:56.013Z,0.99,15-30s,22,2,76,19
2026-01-08T04:46:56.013Z,0.99,30-60s,18,0,152,48
2026-01-08T04:46:56.013Z,0.99,60-300s,56,0,11737,512
2026-01-08T04:46:56.013Z,0.99,5-15m,41,0,16739,1334
2026-01-08T04:46:56.013Z,0.99,15-60m,16,0,60,13
2026-01-08T04:46:56.013Z,0.995,0-5s,13,2,25,7
2026-01-08T04:46:56.013Z,0.995,5-15s,735,252,1461,4
2026-01-08T04:46:56.013Z,0.995,15-30s,260,2,4787,20
2026-01-08T04:46:56.013Z,0.995,30-60s,18,0,152,48
2026-01-08T04:46:56.013Z,0.995,60-300s,69,0,11737,513
2026-01-08T04:46:56.013Z,0.995,5-15m,41,0,16739,1334
2026-01-08T04:46:56.013Z,0.995,15-60m,16,0,60,13
2026-01-08T04:47:56.014Z,0.9,0-5s,10,10,10,1
2026-01-08T04:47:56.014Z,0.9,15-30s,5,5,5,1
2026-01-08T04:47:56.014Z,0.9,30-60s,7,6,9,3
2026-01-08T04:47:56.014Z,0.9,60-300s,3,1,4,2
2026-01-08T04:47:56.014Z,0.9,5-15m,28,0,43,5
2026-01-08T04:47:56.014Z,0.95,0-5s,8,6,10,2
2026-01-08T04:47:56.014Z,0.95,15-30s,11,0,49,6
2026-01-08T04:47:56.014Z,0.95,30-60s,6,3,9,5
2026-01-08T04:47:56.014Z,0.95,60-300s,112,0,1996,30
2026-01-08T04:47:56.014Z,0.95,5-15m,143,0,8995,72
2026-01-08T04:47:56.014Z,0.95,15-60m,6,6,6,1
2026-01-08T04:47:56.014Z,0.98,0-5s,13,2,25,6
2026-01-08T04:47:56.014Z,0.98,5-15s,548,548,548,1
2026-01-08T04:47:56.014Z,0.98,15-30s,22,2,76,18
2026-01-08T04:47:56.014Z,0.98,30-60s,17,0,152,35
2026-01-08T04:47:56.014Z,0.98,60-300s,32,0,1996,231
2026-01-08T04:47:56.014Z,0.98,5-15m,51,0,16739,564
2026-01-08T04:47:56.014Z,0.98,15-60m,14,2,35,3
2026-01-08T04:47:56.014Z,0.985,0-5s,13,2,25,6
2026-01-08T04:47:56.014Z,0.985,5-15s,613,548,677,2
2026-01-08T04:47:56.014Z,0.985,15-30s,22,2,76,18
2026-01-08T04:47:56.014Z,0.985,30-60s,16,0,152,37
2026-01-08T04:47:56.014Z,0.985,60-300s,33,0,1996,236
2026-01-08T04:47:56.014Z,0.985,5-15m,51,0,16739,573
2026-01-08T04:47:56.014Z,0.985,15-60m,14,2,35,3
2026-01-08T04:47:56.014Z,0.99,0-5s,13,2,25,7
2026-01-08T04:47:56.014Z,0.99,5-15s,613,548,677,2
2026-01-08T04:47:56.014Z,0.99,15-30s,22,2,76,19
2026-01-08T04:47:56.014Z,0.99,30-60s,18,0,152,48
2026-01-08T04:47:56.014Z,0.99,60-300s,56,0,11737,512
2026-01-08T04:47:56.014Z,0.99,5-15m,41,0,16739,1336
2026-01-08T04:47:56.014Z,0.99,15-60m,16,0,60,13
2026-01-08T04:47:56.014Z,0.995,0-5s,13,2,25,7
2026-01-08T04:47:56.014Z,0.995,5-15s,735,252,1461,4
2026-01-08T04:47:56.014Z,0.995,15-30s,260,2,4787,20
2026-01-08T04:47:56.014Z,0.995,30-60s,18,0,152,48
2026-01-08T04:47:56.014Z,0.995,60-300s,69,0,11737,513
2026-01-08T04:47:56.014Z,0.995,5-15m,41,0,16739,1336
2026-01-08T04:47:56.014Z,0.995,15-60m,16,0,60,13
2026-01-08T04:48:56.018Z,0.9,0-5s,10,10,10,1
2026-01-08T04:48:56.018Z,0.9,15-30s,5,5,5,1
2026-01-08T04:48:56.018Z,0.9,30-60s,7,6,9,3
2026-01-08T04:48:56.018Z,0.9,60-300s,3,1,4,2
2026-01-08T04:48:56.018Z,0.9,5-15m,28,0,43,5
2026-01-08T04:48:56.018Z,0.95,0-5s,8,6,10,2
2026-01-08T04:48:56.018Z,0.95,15-30s,11,0,49,6
2026-01-08T04:48:56.018Z,0.95,30-60s,6,3,9,5
2026-01-08T04:48:56.018Z,0.95,60-300s,112,0,1996,30
2026-01-08T04:48:56.018Z,0.95,5-15m,143,0,8995,72
2026-01-08T04:48:56.018Z,0.95,15-60m,6,6,6,1
2026-01-08T04:48:56.018Z,0.98,0-5s,13,2,25,6
2026-01-08T04:48:56.018Z,0.98,5-15s,548,548,548,1
2026-01-08T04:48:56.018Z,0.98,15-30s,22,2,76,18
2026-01-08T04:48:56.018Z,0.98,30-60s,17,0,152,35
2026-01-08T04:48:56.018Z,0.98,60-300s,32,0,1996,231
2026-01-08T04:48:56.018Z,0.98,5-15m,51,0,16739,567
2026-01-08T04:48:56.018Z,0.98,15-60m,14,2,35,3
2026-01-08T04:48:56.018Z,0.985,0-5s,13,2,25,6
2026-01-08T04:48:56.018Z,0.985,5-15s,613,548,677,2
2026-01-08T04:48:56.018Z,0.985,15-30s,22,2,76,18
2026-01-08T04:48:56.018Z,0.985,30-60s,16,0,152,37
2026-01-08T04:48:56.018Z,0.985,60-300s,33,0,1996,236
2026-01-08T04:48:56.018Z,0.985,5-15m,51,0,16739,576
2026-01-08T04:48:56.018Z,0.985,15-60m,14,2,35,3
2026-01-08T04:48:56.018Z,0.99,0-5s,13,2,25,7
2026-01-08T04:48:56.018Z,0.99,5-15s,613,548,677,2
2026-01-08T04:48:56.018Z,0.99,15-30s,22,2,76,19
2026-01-08T04:48:56.018Z,0.99,30-60s,18,0,152,48
2026-01-08T04:48:56.018Z,0.99,60-300s,56,0,11737,512
2026-01-08T04:48:56.018Z,0.99,5-15m,41,0,16739,1339
2026-01-08T04:48:56.018Z,0.99,15-60m,16,0,60,13
2026-01-08T04:48:56.018Z,0.995,0-5s,13,2,25,7
2026-01-08T04:48:56.018Z,0.995,5-15s,735,252,1461,4
2026-01-08T04:48:56.018Z,0.995,15-30s,260,2,4787,20
2026-01-08T04:48:56.018Z,0.995,30-60s,18,0,152,48
2026-01-08T04:48:56.018Z,0.995,60-300s,69,0,11737,513
2026-01-08T04:48:56.018Z,0.995,5-15m,41,0,16739,1339
2026-01-08T04:48:56.018Z,0.995,15-60m,16,0,60,13
2026-01-08T04:49:56.014Z,0.9,0-5s,10,10,10,1
2026-01-08T04:49:56.014Z,0.9,15-30s,5,5,5,1
2026-01-08T04:49:56.014Z,0.9,30-60s,7,6,9,3
2026-01-08T04:49:56.014Z,0.9,60-300s,3,1,4,2
2026-01-08T04:49:56.014Z,0.9,5-15m,28,0,43,5
2026-01-08T04:49:56.014Z,0.95,0-5s,8,6,10,2
2026-01-08T04:49:56.014Z,0.95,15-30s,11,0,49,6
2026-01-08T04:49:56.014Z,0.95,30-60s,6,3,9,5
2026-01-08T04:49:56.014Z,0.95,60-300s,112,0,1996,30
2026-01-08T04:49:56.014Z,0.95,5-15m,143,0,8995,72
2026-01-08T04:49:56.014Z,0.95,15-60m,6,6,6,1
2026-01-08T04:49:56.014Z,0.98,0-5s,13,2,25,6
2026-01-08T04:49:56.014Z,0.98,5-15s,548,548,548,1
2026-01-08T04:49:56.014Z,0.98,15-30s,22,2,76,18
2026-01-08T04:49:56.014Z,0.98,30-60s,17,0,152,35
2026-01-08T04:49:56.014Z,0.98,60-300s,32,0,1996,231
2026-01-08T04:49:56.014Z,0.98,5-15m,51,0,16739,569
2026-01-08T04:49:56.014Z,0.98,15-60m,14,2,35,3
2026-01-08T04:49:56.014Z,0.985,0-5s,13,2,25,6
2026-01-08T04:49:56.014Z,0.985,5-15s,613,548,677,2
2026-01-08T04:49:56.014Z,0.985,15-30s,22,2,76,18
2026-01-08T04:49:56.014Z,0.985,30-60s,16,0,152,37
2026-01-08T04:49:56.014Z,0.985,60-300s,33,0,1996,236
2026-01-08T04:49:56.014Z,0.985,5-15m,50,0,16739,578
2026-01-08T04:49:56.014Z,0.985,15-60m,14,2,35,3
2026-01-08T04:49:56.014Z,0.99,0-5s,13,2,25,7
2026-01-08T04:49:56.014Z,0.99,5-15s,613,548,677,2
2026-01-08T04:49:56.014Z,0.99,15-30s,22,2,76,19
2026-01-08T04:49:56.014Z,0.99,30-60s,18,0,152,48
2026-01-08T04:49:56.014Z,0.99,60-300s,56,0,11737,512
2026-01-08T04:49:56.014Z,0.99,5-15m,41,0,16739,1345
2026-01-08T04:49:56.014Z,0.99,15-60m,16,0,60,13
2026-01-08T04:49:56.014Z,0.995,0-5s,13,2,25,7
2026-01-08T04:49:56.014Z,0.995,5-15s,735,252,1461,4
2026-01-08T04:49:56.014Z,0.995,15-30s,260,2,4787,20
2026-01-08T04:49:56.014Z,0.995,30-60s,18,0,152,48
2026-01-08T04:49:56.014Z,0.995,60-300s,69,0,11737,513
2026-01-08T04:49:56.014Z,0.995,5-15m,41,0,16739,1345
2026-01-08T04:49:56.014Z,0.995,15-60m,16,0,60,13
2026-01-08T04:50:56.017Z,0.9,0-5s,10,10,10,1
2026-01-08T04:50:56.017Z,0.9,15-30s,5,5,5,1
2026-01-08T04:50:56.017Z,0.9,30-60s,7,6,9,3
2026-01-08T04:50:56.017Z,0.9,60-300s,3,1,4,2
2026-01-08T04:50:56.017Z,0.9,5-15m,28,0,43,5
2026-01-08T04:50:56.017Z,0.95,0-5s,8,6,10,2
2026-01-08T04:50:56.017Z,0.95,15-30s,11,0,49,6
2026-01-08T04:50:56.017Z,0.95,30-60s,6,3,9,5
2026-01-08T04:50:56.017Z,0.95,60-300s,112,0,1996,30
2026-01-08T04:50:56.017Z,0.95,5-15m,143,0,8995,72
2026-01-08T04:50:56.017Z,0.95,15-60m,6,6,6,1
2026-01-08T04:50:56.017Z,0.98,0-5s,13,2,25,6
2026-01-08T04:50:56.017Z,0.98,5-15s,548,548,548,1
2026-01-08T04:50:56.017Z,0.98,15-30s,22,2,76,18
2026-01-08T04:50:56.017Z,0.98,30-60s,17,0,152,35
2026-01-08T04:50:56.017Z,0.98,60-300s,32,0,1996,231
2026-01-08T04:50:56.017Z,0.98,5-15m,51,0,16739,575
2026-01-08T04:50:56.017Z,0.98,15-60m,14,2,35,3
2026-01-08T04:50:56.017Z,0.985,0-5s,13,2,25,6
2026-01-08T04:50:56.017Z,0.985,5-15s,613,548,677,2
2026-01-08T04:50:56.017Z,0.985,15-30s,22,2,76,18
2026-01-08T04:50:56.017Z,0.985,30-60s,16,0,152,37
2026-01-08T04:50:56.017Z,0.985,60-300s,33,0,1996,236
2026-01-08T04:50:56.017Z,0.985,5-15m,50,0,16739,584
2026-01-08T04:50:56.017Z,0.985,15-60m,14,2,35,3
2026-01-08T04:50:56.017Z,0.99,0-5s,13,2,25,7
2026-01-08T04:50:56.017Z,0.99,5-15s,613,548,677,2
2026-01-08T04:50:56.017Z,0.99,15-30s,22,2,76,19
2026-01-08T04:50:56.017Z,0.99,30-60s,18,0,152,48
2026-01-08T04:50:56.017Z,0.99,60-300s,56,0,11737,512
2026-01-08T04:50:56.017Z,0.99,5-15m,41,0,16739,1361
2026-01-08T04:50:56.017Z,0.99,15-60m,16,0,60,13
2026-01-08T04:50:56.017Z,0.995,0-5s,13,2,25,7
2026-01-08T04:50:56.017Z,0.995,5-15s,735,252,1461,4
2026-01-08T04:50:56.017Z,0.995,15-30s,260,2,4787,20
2026-01-08T04:50:56.017Z,0.995,30-60s,18,0,152,48
2026-01-08T04:50:56.017Z,0.995,60-300s,69,0,11737,513
2026-01-08T04:50:56.017Z,0.995,5-15m,41,0,16739,1361
2026-01-08T04:50:56.017Z,0.995,15-60m,16,0,60,13
2026-01-08T04:51:56.017Z,0.9,0-5s,10,10,10,1
2026-01-08T04:51:56.017Z,0.9,15-30s,5,5,5,1
2026-01-08T04:51:56.017Z,0.9,30-60s,7,6,9,3
2026-01-08T04:51:56.017Z,0.9,60-300s,3,1,4,2
2026-01-08T04:51:56.017Z,0.9,5-15m,28,0,43,5
2026-01-08T04:51:56.017Z,0.95,0-5s,8,6,10,2
2026-01-08T04:51:56.017Z,0.95,15-30s,11,0,49,6
2026-01-08T04:51:56.017Z,0.95,30-60s,6,3,9,5
2026-01-08T04:51:56.017Z,0.95,60-300s,112,0,1996,30
2026-01-08T04:51:56.017Z,0.95,5-15m,136,0,8995,76
2026-01-08T04:51:56.017Z,0.95,15-60m,6,6,6,1
2026-01-08T04:51:56.017Z,0.98,0-5s,13,2,25,6
2026-01-08T04:51:56.017Z,0.98,5-15s,548,548,548,1
2026-01-08T04:51:56.017Z,0.98,15-30s,22,2,76,18
2026-01-08T04:51:56.017Z,0.98,30-60s,17,0,152,35
2026-01-08T04:51:56.017Z,0.98,60-300s,32,0,1996,231
2026-01-08T04:51:56.017Z,0.98,5-15m,51,0,16739,581
2026-01-08T04:51:56.017Z,0.98,15-60m,14,2,35,3
2026-01-08T04:51:56.017Z,0.985,0-5s,13,2,25,6
2026-01-08T04:51:56.017Z,0.985,5-15s,613,548,677,2
2026-01-08T04:51:56.017Z,0.985,15-30s,22,2,76,18
2026-01-08T04:51:56.017Z,0.985,30-60s,16,0,152,37
2026-01-08T04:51:56.017Z,0.985,60-300s,33,0,1996,236
2026-01-08T04:51:56.017Z,0.985,5-15m,51,0,16739,590
2026-01-08T04:51:56.017Z,0.985,15-60m,14,2,35,3
2026-01-08T04:51:56.017Z,0.99,0-5s,13,2,25,7
2026-01-08T04:51:56.017Z,0.99,5-15s,613,548,677,2
2026-01-08T04:51:56.017Z,0.99,15-30s,22,2,76,19
2026-01-08T04:51:56.017Z,0.99,30-60s,18,0,152,48
2026-01-08T04:51:56.017Z,0.99,60-300s,56,0,11737,512
2026-01-08T04:51:56.017Z,0.99,5-15m,41,0,16739,1367
2026-01-08T04:51:56.017Z,0.99,15-60m,16,0,60,13
2026-01-08T04:51:56.017Z,0.995,0-5s,13,2,25,7
2026-01-08T04:51:56.017Z,0.995,5-15s,735,252,1461,4
2026-01-08T04:51:56.017Z,0.995,15-30s,260,2,4787,20
2026-01-08T04:51:56.017Z,0.995,30-60s,18,0,152,48
2026-01-08T04:51:56.017Z,0.995,60-300s,69,0,11737,513
2026-01-08T04:51:56.017Z,0.995,5-15m,41,0,16739,1367
2026-01-08T04:51:56.017Z,0.995,15-60m,16,0,60,13
2026-01-08T04:52:56.022Z,0.9,0-5s,10,10,10,1
2026-01-08T04:52:56.022Z,0.9,15-30s,5,5,5,1
2026-01-08T04:52:56.022Z,0.9,30-60s,7,6,9,3
2026-01-08T04:52:56.022Z,0.9,60-300s,3,1,4,2
2026-01-08T04:52:56.022Z,0.9,5-15m,28,0,43,5
2026-01-08T04:52:56.022Z,0.95,0-5s,8,6,10,2
2026-01-08T04:52:56.022Z,0.95,15-30s,11,0,49,6
2026-01-08T04:52:56.022Z,0.95,30-60s,6,3,9,5
2026-01-08T04:52:56.022Z,0.95,60-300s,112,0,1996,30
2026-01-08T04:52:56.022Z,0.95,5-15m,136,0,8995,76
2026-01-08T04:52:56.022Z,0.95,15-60m,6,6,6,1
2026-01-08T04:52:56.022Z,0.98,0-5s,13,2,25,6
2026-01-08T04:52:56.022Z,0.98,5-15s,548,548,548,1
2026-01-08T04:52:56.022Z,0.98,15-30s,22,2,76,18
2026-01-08T04:52:56.022Z,0.98,30-60s,17,0,152,35
2026-01-08T04:52:56.022Z,0.98,60-300s,32,0,1996,231
2026-01-08T04:52:56.022Z,0.98,5-15m,51,0,16739,586
2026-01-08T04:52:56.022Z,0.98,15-60m,14,2,35,3
2026-01-08T04:52:56.022Z,0.985,0-5s,13,2,25,6
2026-01-08T04:52:56.022Z,0.985,5-15s,613,548,677,2
2026-01-08T04:52:56.022Z,0.985,15-30s,22,2,76,18
2026-01-08T04:52:56.022Z,0.985,30-60s,16,0,152,37
2026-01-08T04:52:56.022Z,0.985,60-300s,33,0,1996,236
2026-01-08T04:52:56.022Z,0.985,5-15m,50,0,16739,595
2026-01-08T04:52:56.022Z,0.985,15-60m,14,2,35,3
2026-01-08T04:52:56.022Z,0.99,0-5s,13,2,25,7
2026-01-08T04:52:56.022Z,0.99,5-15s,613,548,677,2
2026-01-08T04:52:56.022Z,0.99,15-30s,22,2,76,19
2026-01-08T04:52:56.022Z,0.99,30-60s,18,0,152,48
2026-01-08T04:52:56.022Z,0.99,60-300s,56,0,11737,512
2026-01-08T04:52:56.022Z,0.99,5-15m,41,0,16739,1377
2026-01-08T04:52:56.022Z,0.99,15-60m,16,0,60,13
2026-01-08T04:52:56.022Z,0.995,0-5s,13,2,25,7
2026-01-08T04:52:56.022Z,0.995,5-15s,735,252,1461,4
2026-01-08T04:52:56.022Z,0.995,15-30s,260,2,4787,20
2026-01-08T04:52:56.022Z,0.995,30-60s,18,0,152,48
2026-01-08T04:52:56.022Z,0.995,60-300s,69,0,11737,513
2026-01-08T04:52:56.022Z,0.995,5-15m,41,0,16739,1377
2026-01-08T04:52:56.022Z,0.995,15-60m,16,0,60,13
2026-01-08T04:53:56.023Z,0.9,0-5s,10,10,10,1
2026-01-08T04:53:56.023Z,0.9,15-30s,5,5,5,1
2026-01-08T04:53:56.023Z,0.9,30-60s,7,6,9,3
2026-01-08T04:53:56.023Z,0.9,60-300s,3,1,4,2
2026-01-08T04:53:56.023Z,0.9,5-15m,28,0,43,5
2026-01-08T04:53:56.023Z,0.95,0-5s,8,6,10,2
2026-01-08T04:53:56.023Z,0.95,15-30s,11,0,49,6
2026-01-08T04:53:56.023Z,0.95,30-60s,6,3,9,5
2026-01-08T04:53:56.023Z,0.95,60-300s,112,0,1996,30
2026-01-08T04:53:56.023Z,0.95,5-15m,133,0,8995,78
2026-01-08T04:53:56.023Z,0.95,15-60m,6,6,6,1
2026-01-08T04:53:56.023Z,0.98,0-5s,13,2,25,6
2026-01-08T04:53:56.023Z,0.98,5-15s,548,548,548,1
2026-01-08T04:53:56.023Z,0.98,15-30s,22,2,76,18
2026-01-08T04:53:56.023Z,0.98,30-60s,17,0,152,35
2026-01-08T04:53:56.023Z,0.98,60-300s,32,0,1996,231
2026-01-08T04:53:56.023Z,0.98,5-15m,51,0,16739,592
2026-01-08T04:53:56.023Z,0.98,15-60m,14,2,35,3
2026-01-08T04:53:56.023Z,0.985,0-5s,13,2,25,6
2026-01-08T04:53:56.023Z,0.985,5-15s,613,548,677,2
2026-01-08T04:53:56.023Z,0.985,15-30s,22,2,76,18
2026-01-08T04:53:56.023Z,0.985,30-60s,16,0,152,37
2026-01-08T04:53:56.023Z,0.985,60-300s,33,0,1996,236
2026-01-08T04:53:56.023Z,0.985,5-15m,50,0,16739,601
2026-01-08T04:53:56.023Z,0.985,15-60m,14,2,35,3
2026-01-08T04:53:56.023Z,0.99,0-5s,13,2,25,7
2026-01-08T04:53:56.023Z,0.99,5-15s,613,548,677,2
2026-01-08T04:53:56.023Z,0.99,15-30s,22,2,76,19
2026-01-08T04:53:56.023Z,0.99,30-60s,18,0,152,48
2026-01-08T04:53:56.023Z,0.99,60-300s,56,0,11737,512
2026-01-08T04:53:56.023Z,0.99,5-15m,41,0,16739,1387
2026-01-08T04:53:56.023Z,0.99,15-60m,16,0,60,13
2026-01-08T04:53:56.023Z,0.995,0-5s,13,2,25,7
2026-01-08T04:53:56.023Z,0.995,5-15s,735,252,1461,4
2026-01-08T04:53:56.023Z,0.995,15-30s,260,2,4787,20
2026-01-08T04:53:56.023Z,0.995,30-60s,18,0,152,48
2026-01-08T04:53:56.023Z,0.995,60-300s,69,0,11737,513
2026-01-08T04:53:56.023Z,0.995,5-15m,41,0,16739,1387
2026-01-08T04:53:56.023Z,0.995,15-60m,16,0,60,13
2026-01-08T04:54:56.022Z,0.9,0-5s,10,10,10,1
2026-01-08T04:54:56.022Z,0.9,15-30s,5,5,5,1
2026-01-08T04:54:56.022Z,0.9,30-60s,7,6,9,3
2026-01-08T04:54:56.022Z,0.9,60-300s,3,1,4,2
2026-01-08T04:54:56.022Z,0.9,5-15m,28,0,43,5
2026-01-08T04:54:56.022Z,0.95,0-5s,8,6,10,2
2026-01-08T04:54:56.022Z,0.95,15-30s,11,0,49,6
2026-01-08T04:54:56.022Z,0.95,30-60s,6,3,9,5
2026-01-08T04:54:56.022Z,0.95,60-300s,112,0,1996,30
2026-01-08T04:54:56.022Z,0.95,5-15m,133,0,8995,78
2026-01-08T04:54:56.022Z,0.95,15-60m,6,6,6,1
2026-01-08T04:54:56.022Z,0.98,0-5s,13,2,25,6
2026-01-08T04:54:56.022Z,0.98,5-15s,548,548,548,1
2026-01-08T04:54:56.022Z,0.98,15-30s,22,2,76,18
2026-01-08T04:54:56.022Z,0.98,30-60s,17,0,152,35
2026-01-08T04:54:56.022Z,0.98,60-300s,32,0,1996,231
2026-01-08T04:54:56.022Z,0.98,5-15m,50,0,16739,594
2026-01-08T04:54:56.022Z,0.98,15-60m,14,2,35,3
2026-01-08T04:54:56.022Z,0.985,0-5s,13,2,25,6
2026-01-08T04:54:56.022Z,0.985,5-15s,613,548,677,2
2026-01-08T04:54:56.022Z,0.985,15-30s,22,2,76,18
2026-01-08T04:54:56.022Z,0.985,30-60s,16,0,152,37
2026-01-08T04:54:56.022Z,0.985,60-300s,33,0,1996,236
2026-01-08T04:54:56.022Z,0.985,5-15m,50,0,16739,603
2026-01-08T04:54:56.022Z,0.985,15-60m,14,2,35,3
2026-01-08T04:54:56.022Z,0.99,0-5s,13,2,25,7
2026-01-08T04:54:56.022Z,0.99,5-15s,613,548,677,2
2026-01-08T04:54:56.022Z,0.99,15-30s,22,2,76,19
2026-01-08T04:54:56.022Z,0.99,30-60s,18,0,152,48
2026-01-08T04:54:56.022Z,0.99,60-300s,56,0,11737,512
2026-01-08T04:54:56.022Z,0.99,5-15m,41,0,16739,1390
2026-01-08T04:54:56.022Z,0.99,15-60m,16,0,60,13
2026-01-08T04:54:56.022Z,0.995,0-5s,13,2,25,7
2026-01-08T04:54:56.022Z,0.995,5-15s,735,252,1461,4
2026-01-08T04:54:56.022Z,0.995,15-30s,260,2,4787,20
2026-01-08T04:54:56.022Z,0.995,30-60s,18,0,152,48
2026-01-08T04:54:56.022Z,0.995,60-300s,69,0,11737,513
2026-01-08T04:54:56.022Z,0.995,5-15m,41,0,16739,1390
2026-01-08T04:54:56.022Z,0.995,15-60m,16,0,60,13
2026-01-08T04:55:56.024Z,0.9,0-5s,10,10,10,1
2026-01-08T04:55:56.024Z,0.9,15-30s,5,5,5,1
2026-01-08T04:55:56.024Z,0.9,30-60s,7,6,9,3
2026-01-08T04:55:56.024Z,0.9,60-300s,3,1,4,2
2026-01-08T04:55:56.024Z,0.9,5-15m,28,0,43,5
2026-01-08T04:55:56.024Z,0.95,0-5s,8,6,10,2
2026-01-08T04:55:56.024Z,0.95,15-30s,11,0,49,6
2026-01-08T04:55:56.024Z,0.95,30-60s,6,3,9,5
2026-01-08T04:55:56.024Z,0.95,60-300s,112,0,1996,30
2026-01-08T04:55:56.024Z,0.95,5-15m,133,0,8995,78
2026-01-08T04:55:56.024Z,0.95,15-60m,6,6,6,1
2026-01-08T04:55:56.024Z,0.98,0-5s,13,2,25,6
2026-01-08T04:55:56.024Z,0.98,5-15s,548,548,548,1
2026-01-08T04:55:56.024Z,0.98,15-30s,22,2,76,18
2026-01-08T04:55:56.024Z,0.98,30-60s,17,0,152,35
2026-01-08T04:55:56.024Z,0.98,60-300s,32,0,1996,233
2026-01-08T04:55:56.024Z,0.98,5-15m,50,0,16739,594
2026-01-08T04:55:56.024Z,0.98,15-60m,14,2,35,3
2026-01-08T04:55:56.024Z,0.985,0-5s,13,2,25,6
2026-01-08T04:55:56.024Z,0.985,5-15s,613,548,677,2
2026-01-08T04:55:56.024Z,0.985,15-30s,22,2,76,18
2026-01-08T04:55:56.024Z,0.985,30-60s,16,0,152,37
2026-01-08T04:55:56.024Z,0.985,60-300s,33,0,1996,238
2026-01-08T04:55:56.024Z,0.985,5-15m,50,0,16739,603
2026-01-08T04:55:56.024Z,0.985,15-60m,14,2,35,3
2026-01-08T04:55:56.024Z,0.99,0-5s,13,2,25,7
2026-01-08T04:55:56.024Z,0.99,5-15s,613,548,677,2
2026-01-08T04:55:56.024Z,0.99,15-30s,22,2,76,19
2026-01-08T04:55:56.024Z,0.99,30-60s,18,0,152,48
2026-01-08T04:55:56.024Z,0.99,60-300s,56,0,11737,516
2026-01-08T04:55:56.024Z,0.99,5-15m,41,0,16739,1390
2026-01-08T04:55:56.024Z,0.99,15-60m,16,0,60,13
2026-01-08T04:55:56.024Z,0.995,0-5s,13,2,25,7
2026-01-08T04:55:56.024Z,0.995,5-15s,735,252,1461,4
2026-01-08T04:55:56.024Z,0.995,15-30s,260,2,4787,20
2026-01-08T04:55:56.024Z,0.995,30-60s,18,0,152,48
2026-01-08T04:55:56.024Z,0.995,60-300s,69,0,11737,517
2026-01-08T04:55:56.024Z,0.995,5-15m,41,0,16739,1390
2026-01-08T04:55:56.024Z,0.995,15-60m,16,0,60,13
2026-01-08T04:56:56.027Z,0.9,0-5s,10,10,10,1
2026-01-08T04:56:56.027Z,0.9,15-30s,5,5,5,1
2026-01-08T04:56:56.027Z,0.9,30-60s,7,6,9,3
2026-01-08T04:56:56.027Z,0.9,60-300s,3,1,4,2
2026-01-08T04:56:56.027Z,0.9,5-15m,28,0,43,5
2026-01-08T04:56:56.027Z,0.95,0-5s,8,6,10,2
2026-01-08T04:56:56.027Z,0.95,15-30s,11,0,49,6
2026-01-08T04:56:56.027Z,0.95,30-60s,6,3,9,5
2026-01-08T04:56:56.027Z,0.95,60-300s,107,0,1996,32
2026-01-08T04:56:56.027Z,0.95,5-15m,133,0,8995,78
2026-01-08T04:56:56.027Z,0.95,15-60m,6,6,6,1
2026-01-08T04:56:56.027Z,0.98,0-5s,13,2,25,6
2026-01-08T04:56:56.027Z,0.98,5-15s,548,548,548,1
2026-01-08T04:56:56.027Z,0.98,15-30s,22,2,76,18
2026-01-08T04:56:56.027Z,0.98,30-60s,17,0,152,35
2026-01-08T04:56:56.027Z,0.98,60-300s,32,0,1996,239
2026-01-08T04:56:56.027Z,0.98,5-15m,50,0,16739,594
2026-01-08T04:56:56.027Z,0.98,15-60m,14,2,35,3
2026-01-08T04:56:56.027Z,0.985,0-5s,13,2,25,6
2026-01-08T04:56:56.027Z,0.985,5-15s,613,548,677,2
2026-01-08T04:56:56.027Z,0.985,15-30s,22,2,76,18
2026-01-08T04:56:56.027Z,0.985,30-60s,16,0,152,37
2026-01-08T04:56:56.027Z,0.985,60-300s,32,0,1996,244
2026-01-08T04:56:56.027Z,0.985,5-15m,50,0,16739,603
2026-01-08T04:56:56.027Z,0.985,15-60m,14,2,35,3
2026-01-08T04:56:56.027Z,0.99,0-5s,13,2,25,7
2026-01-08T04:56:56.027Z,0.99,5-15s,613,548,677,2
2026-01-08T04:56:56.027Z,0.99,15-30s,22,2,76,19
2026-01-08T04:56:56.027Z,0.99,30-60s,18,0,152,48
2026-01-08T04:56:56.027Z,0.99,60-300s,55,0,11737,526
2026-01-08T04:56:56.027Z,0.99,5-15m,41,0,16739,1390
2026-01-08T04:56:56.027Z,0.99,15-60m,16,0,60,13
2026-01-08T04:56:56.027Z,0.995,0-5s,13,2,25,7
2026-01-08T04:56:56.027Z,0.995,5-15s,735,252,1461,4
2026-01-08T04:56:56.027Z,0.995,15-30s,260,2,4787,20
2026-01-08T04:56:56.027Z,0.995,30-60s,18,0,152,48
2026-01-08T04:56:56.027Z,0.995,60-300s,68,0,11737,527
2026-01-08T04:56:56.027Z,0.995,5-15m,41,0,16739,1390
2026-01-08T04:56:56.027Z,0.995,15-60m,16,0,60,13
2026-01-08T04:57:56.027Z,0.9,0-5s,10,10,10,1
2026-01-08T04:57:56.027Z,0.9,15-30s,5,5,5,1
2026-01-08T04:57:56.027Z,0.9,30-60s,7,6,9,3
2026-01-08T04:57:56.027Z,0.9,60-300s,3,1,4,2
2026-01-08T04:57:56.027Z,0.9,5-15m,28,0,43,5
2026-01-08T04:57:56.027Z,0.95,0-5s,8,6,10,2
2026-01-08T04:57:56.027Z,0.95,15-30s,11,0,49,6
2026-01-08T04:57:56.027Z,0.95,30-60s,6,3,9,5
2026-01-08T04:57:56.027Z,0.95,60-300s,105,0,1996,33
2026-01-08T04:57:56.027Z,0.95,5-15m,133,0,8995,78
2026-01-08T04:57:56.027Z,0.95,15-60m,6,6,6,1
2026-01-08T04:57:56.027Z,0.98,0-5s,13,2,25,6
2026-01-08T04:57:56.027Z,0.98,5-15s,548,548,548,1
2026-01-08T04:57:56.027Z,0.98,15-30s,22,2,76,18
2026-01-08T04:57:56.027Z,0.98,30-60s,17,0,152,35
2026-01-08T04:57:56.027Z,0.98,60-300s,32,0,1996,242
2026-01-08T04:57:56.027Z,0.98,5-15m,50,0,16739,594
2026-01-08T04:57:56.027Z,0.98,15-60m,14,2,35,3
2026-01-08T04:57:56.027Z,0.985,0-5s,13,2,25,6
2026-01-08T04:57:56.027Z,0.985,5-15s,613,548,677,2
2026-01-08T04:57:56.027Z,0.985,15-30s,22,2,76,18
2026-01-08T04:57:56.027Z,0.985,30-60s,16,0,152,37
2026-01-08T04:57:56.027Z,0.985,60-300s,32,0,1996,247
2026-01-08T04:57:56.027Z,0.985,5-15m,50,0,16739,603
2026-01-08T04:57:56.027Z,0.985,15-60m,14,2,35,3
2026-01-08T04:57:56.027Z,0.99,0-5s,13,2,25,7
2026-01-08T04:57:56.027Z,0.99,5-15s,613,548,677,2
2026-01-08T04:57:56.027Z,0.99,15-30s,22,2,76,19
2026-01-08T04:57:56.027Z,0.99,30-60s,18,0,152,48
2026-01-08T04:57:56.027Z,0.99,60-300s,55,0,11737,533
2026-01-08T04:57:56.027Z,0.99,5-15m,41,0,16739,1390
2026-01-08T04:57:56.027Z,0.99,15-60m,16,0,60,13
2026-01-08T04:57:56.027Z,0.995,0-5s,13,2,25,7
2026-01-08T04:57:56.027Z,0.995,5-15s,735,252,1461,4
2026-01-08T04:57:56.027Z,0.995,15-30s,260,2,4787,20
2026-01-08T04:57:56.027Z,0.995,30-60s,18,0,152,48
2026-01-08T04:57:56.027Z,0.995,60-300s,67,0,11737,534
2026-01-08T04:57:56.027Z,0.995,5-15m,41,0,16739,1390
2026-01-08T04:57:56.027Z,0.995,15-60m,16,0,60,13
2026-01-08T04:58:56.025Z,0.9,0-5s,10,10,10,1
2026-01-08T04:58:56.025Z,0.9,15-30s,5,5,5,1
2026-01-08T04:58:56.025Z,0.9,30-60s,7,6,9,3
2026-01-08T04:58:56.025Z,0.9,60-300s,3,1,4,2
2026-01-08T04:58:56.025Z,0.9,5-15m,28,0,43,5
2026-01-08T04:58:56.025Z,0.95,0-5s,8,6,10,2
2026-01-08T04:58:56.025Z,0.95,15-30s,11,0,49,6
2026-01-08T04:58:56.025Z,0.95,30-60s,6,3,9,5
2026-01-08T04:58:56.025Z,0.95,60-300s,105,0,1996,33
2026-01-08T04:58:56.025Z,0.95,5-15m,133,0,8995,78
2026-01-08T04:58:56.025Z,0.95,15-60m,6,6,6,1
2026-01-08T04:58:56.025Z,0.98,0-5s,13,2,25,6
2026-01-08T04:58:56.025Z,0.98,5-15s,548,548,548,1
2026-01-08T04:58:56.025Z,0.98,15-30s,22,2,76,18
2026-01-08T04:58:56.025Z,0.98,30-60s,17,0,152,35
2026-01-08T04:58:56.025Z,0.98,60-300s,32,0,1996,242
2026-01-08T04:58:56.025Z,0.98,5-15m,50,0,16739,594
2026-01-08T04:58:56.025Z,0.98,15-60m,14,2,35,3
2026-01-08T04:58:56.025Z,0.985,0-5s,13,2,25,6
2026-01-08T04:58:56.025Z,0.985,5-15s,613,548,677,2
2026-01-08T04:58:56.025Z,0.985,15-30s,22,2,76,18
2026-01-08T04:58:56.025Z,0.985,30-60s,16,0,152,37
2026-01-08T04:58:56.025Z,0.985,60-300s,32,0,1996,247
2026-01-08T04:58:56.025Z,0.985,5-15m,50,0,16739,603
2026-01-08T04:58:56.025Z,0.985,15-60m,14,2,35,3
2026-01-08T04:58:56.025Z,0.99,0-5s,13,2,25,7
2026-01-08T04:58:56.025Z,0.99,5-15s,613,548,677,2
2026-01-08T04:58:56.025Z,0.99,15-30s,22,2,76,19
2026-01-08T04:58:56.025Z,0.99,30-60s,18,0,152,48
2026-01-08T04:58:56.025Z,0.99,60-300s,55,0,11737,537
2026-01-08T04:58:56.025Z,0.99,5-15m,41,0,16739,1390
2026-01-08T04:58:56.025Z,0.99,15-60m,16,0,60,13
2026-01-08T04:58:56.025Z,0.995,0-5s,13,2,25,7
2026-01-08T04:58:56.025Z,0.995,5-15s,735,252,1461,4
2026-01-08T04:58:56.025Z,0.995,15-30s,260,2,4787,20
2026-01-08T04:58:56.025Z,0.995,30-60s,18,0,152,48
2026-01-08T04:58:56.025Z,0.995,60-300s,66,0,11737,538
2026-01-08T04:58:56.025Z,0.995,5-15m,41,0,16739,1390
2026-01-08T04:58:56.025Z,0.995,15-60m,16,0,60,13
2026-01-08T04:59:56.028Z,0.9,0-5s,10,10,10,1
2026-01-08T04:59:56.028Z,0.9,15-30s,5,5,5,1
2026-01-08T04:59:56.028Z,0.9,30-60s,7,6,9,3
2026-01-08T04:59:56.028Z,0.9,60-300s,3,1,4,2
2026-01-08T04:59:56.028Z,0.9,5-15m,28,0,43,5
2026-01-08T04:59:56.028Z,0.95,0-5s,8,6,10,2
2026-01-08T04:59:56.028Z,0.95,15-30s,10,0,49,7
2026-01-08T04:59:56.028Z,0.95,30-60s,6,3,9,5
2026-01-08T04:59:56.028Z,0.95,60-300s,105,0,1996,33
2026-01-08T04:59:56.028Z,0.95,5-15m,133,0,8995,78
2026-01-08T04:59:56.028Z,0.95,15-60m,6,6,6,1
2026-01-08T04:59:56.028Z,0.98,0-5s,13,2,25,6
2026-01-08T04:59:56.028Z,0.98,5-15s,285,21,548,2
2026-01-08T04:59:56.028Z,0.98,15-30s,20,0,76,21
2026-01-08T04:59:56.028Z,0.98,30-60s,16,0,152,37
2026-01-08T04:59:56.028Z,0.98,60-300s,32,0,1996,243
2026-01-08T04:59:56.028Z,0.98,5-15m,50,0,16739,594
2026-01-08T04:59:56.028Z,0.98,15-60m,14,2,35,3
2026-01-08T04:59:56.028Z,0.985,0-5s,13,2,25,6
2026-01-08T04:59:56.028Z,0.985,5-15s,415,21,677,3
2026-01-08T04:59:56.028Z,0.985,15-30s,20,0,76,21
2026-01-08T04:59:56.028Z,0.985,30-60s,15,0,152,39
2026-01-08T04:59:56.028Z,0.985,60-300s,32,0,1996,248
2026-01-08T04:59:56.028Z,0.985,5-15m,50,0,16739,603
2026-01-08T04:59:56.028Z,0.985,15-60m,14,2,35,3
2026-01-08T04:59:56.028Z,0.99,0-5s,13,2,25,7
2026-01-08T04:59:56.028Z,0.99,5-15s,415,21,677,3
2026-01-08T04:59:56.028Z,0.99,15-30s,18,0,76,24
2026-01-08T04:59:56.028Z,0.99,30-60s,18,0,152,51
2026-01-08T04:59:56.028Z,0.99,60-300s,54,0,11737,538
2026-01-08T04:59:56.028Z,0.99,5-15m,41,0,16739,1390
2026-01-08T04:59:56.028Z,0.99,15-60m,16,0,60,13
2026-01-08T04:59:56.028Z,0.995,0-5s,13,2,25,7
2026-01-08T04:59:56.028Z,0.995,5-15s,592,21,1461,5
2026-01-08T04:59:56.028Z,0.995,15-30s,209,0,4787,25
2026-01-08T04:59:56.028Z,0.995,30-60s,18,0,152,51
2026-01-08T04:59:56.028Z,0.995,60-300s,66,0,11737,539
2026-01-08T04:59:56.028Z,0.995,5-15m,41,0,16739,1390
2026-01-08T04:59:56.028Z,0.995,15-60m,16,0,60,13
2026-01-08T05:00:56.030Z,0.9,0-5s,10,10,10,1
2026-01-08T05:00:56.030Z,0.9,15-30s,5,5,5,1
2026-01-08T05:00:56.030Z,0.9,30-60s,7,6,9,3
2026-01-08T05:00:56.030Z,0.9,60-300s,3,1,4,2
2026-01-08T05:00:56.030Z,0.9,5-15m,28,0,43,5
2026-01-08T05:00:56.030Z,0.95,0-5s,8,6,10,2
2026-01-08T05:00:56.030Z,0.95,15-30s,10,0,49,7
2026-01-08T05:00:56.030Z,0.95,30-60s,6,3,9,5
2026-01-08T05:00:56.030Z,0.95,60-300s,105,0,1996,33
2026-01-08T05:00:56.030Z,0.95,5-15m,133,0,8995,78
2026-01-08T05:00:56.030Z,0.95,15-60m,6,6,6,1
2026-01-08T05:00:56.030Z,0.98,0-5s,13,2,25,6
2026-01-08T05:00:56.030Z,0.98,5-15s,285,21,548,2
2026-01-08T05:00:56.030Z,0.98,15-30s,20,0,76,21
2026-01-08T05:00:56.030Z,0.98,30-60s,16,0,152,37
2026-01-08T05:00:56.030Z,0.98,60-300s,32,0,1996,243
2026-01-08T05:00:56.030Z,0.98,5-15m,50,0,16739,594
2026-01-08T05:00:56.030Z,0.98,15-60m,14,2,35,3
2026-01-08T05:00:56.030Z,0.985,0-5s,13,2,25,6
2026-01-08T05:00:56.030Z,0.985,5-15s,415,21,677,3
2026-01-08T05:00:56.030Z,0.985,15-30s,20,0,76,21
2026-01-08T05:00:56.030Z,0.985,30-60s,15,0,152,39
2026-01-08T05:00:56.030Z,0.985,60-300s,32,0,1996,248
2026-01-08T05:00:56.030Z,0.985,5-15m,50,0,16739,603
2026-01-08T05:00:56.030Z,0.985,15-60m,14,2,35,3
2026-01-08T05:00:56.030Z,0.99,0-5s,13,2,25,7
2026-01-08T05:00:56.030Z,0.99,5-15s,415,21,677,3
2026-01-08T05:00:56.030Z,0.99,15-30s,18,0,76,24
2026-01-08T05:00:56.030Z,0.99,30-60s,18,0,152,51
2026-01-08T05:00:56.030Z,0.99,60-300s,54,0,11737,538
2026-01-08T05:00:56.030Z,0.99,5-15m,41,0,16739,1393
2026-01-08T05:00:56.030Z,0.99,15-60m,16,0,60,13
2026-01-08T05:00:56.030Z,0.995,0-5s,13,2,25,7
2026-01-08T05:00:56.030Z,0.995,5-15s,592,21,1461,5
2026-01-08T05:00:56.030Z,0.995,15-30s,209,0,4787,25
2026-01-08T05:00:56.030Z,0.995,30-60s,18,0,152,51
2026-01-08T05:00:56.030Z,0.995,60-300s,66,0,11737,539
2026-01-08T05:00:56.030Z,0.995,5-15m,41,0,16739,1393
2026-01-08T05:00:56.030Z,0.995,15-60m,16,0,60,13
2026-01-08T05:01:56.031Z,0.9,0-5s,10,10,10,1
2026-01-08T05:01:56.031Z,0.9,15-30s,5,5,5,1
2026-01-08T05:01:56.031Z,0.9,30-60s,7,6,9,3
2026-01-08T05:01:56.031Z,0.9,60-300s,3,1,4,2
2026-01-08T05:01:56.031Z,0.9,5-15m,28,0,43,5
2026-01-08T05:01:56.031Z,0.95,0-5s,8,6,10,2
2026-01-08T05:01:56.031Z,0.95,15-30s,10,0,49,7
2026-01-08T05:01:56.031Z,0.95,30-60s,6,3,9,5
2026-01-08T05:01:56.031Z,0.95,60-300s,105,0,1996,33
2026-01-08T05:01:56.031Z,0.95,5-15m,130,0,8995,80
2026-01-08T05:01:56.031Z,0.95,15-60m,6,6,6,1
2026-01-08T05:01:56.031Z,0.98,0-5s,13,2,25,6
2026-01-08T05:01:56.031Z,0.98,5-15s,285,21,548,2
2026-01-08T05:01:56.031Z,0.98,15-30s,20,0,76,21
2026-01-08T05:01:56.031Z,0.98,30-60s,16,0,152,37
2026-01-08T05:01:56.031Z,0.98,60-300s,32,0,1996,243
2026-01-08T05:01:56.031Z,0.98,5-15m,50,0,16739,598
2026-01-08T05:01:56.031Z,0.98,15-60m,14,2,35,3
2026-01-08T05:01:56.031Z,0.985,0-5s,13,2,25,6
2026-01-08T05:01:56.031Z,0.985,5-15s,415,21,677,3
2026-01-08T05:01:56.031Z,0.985,15-30s,20,0,76,21
2026-01-08T05:01:56.031Z,0.985,30-60s,15,0,152,39
2026-01-08T05:01:56.031Z,0.985,60-300s,32,0,1996,248
2026-01-08T05:01:56.031Z,0.985,5-15m,50,0,16739,607
2026-01-08T05:01:56.031Z,0.985,15-60m,14,2,35,3
2026-01-08T05:01:56.031Z,0.99,0-5s,13,2,25,7
2026-01-08T05:01:56.031Z,0.99,5-15s,415,21,677,3
2026-01-08T05:01:56.031Z,0.99,15-30s,18,0,76,24
2026-01-08T05:01:56.031Z,0.99,30-60s,18,0,152,51
2026-01-08T05:01:56.031Z,0.99,60-300s,54,0,11737,538
2026-01-08T05:01:56.031Z,0.99,5-15m,40,0,16739,1404
2026-01-08T05:01:56.031Z,0.99,15-60m,16,0,60,13
2026-01-08T05:01:56.031Z,0.995,0-5s,13,2,25,7
2026-01-08T05:01:56.031Z,0.995,5-15s,592,21,1461,5
2026-01-08T05:01:56.031Z,0.995,15-30s,209,0,4787,25
2026-01-08T05:01:56.031Z,0.995,30-60s,18,0,152,51
2026-01-08T05:01:56.031Z,0.995,60-300s,66,0,11737,539
2026-01-08T05:01:56.031Z,0.995,5-15m,40,0,16739,1404
2026-01-08T05:01:56.031Z,0.995,15-60m,16,0,60,13
2026-01-08T05:02:56.031Z,0.9,0-5s,10,10,10,1
2026-01-08T05:02:56.031Z,0.9,15-30s,5,5,5,1
2026-01-08T05:02:56.031Z,0.9,30-60s,7,6,9,3
2026-01-08T05:02:56.031Z,0.9,60-300s,3,1,4,2
2026-01-08T05:02:56.031Z,0.9,5-15m,28,0,43,5
2026-01-08T05:02:56.031Z,0.95,0-5s,8,6,10,2
2026-01-08T05:02:56.031Z,0.95,15-30s,10,0,49,7
2026-01-08T05:02:56.031Z,0.95,30-60s,6,3,9,5
2026-01-08T05:02:56.031Z,0.95,60-300s,105,0,1996,33
2026-01-08T05:02:56.031Z,0.95,5-15m,130,0,8995,80
2026-01-08T05:02:56.031Z,0.95,15-60m,6,6,6,1
2026-01-08T05:02:56.031Z,0.98,0-5s,13,2,25,6
2026-01-08T05:02:56.031Z,0.98,5-15s,285,21,548,2
2026-01-08T05:02:56.031Z,0.98,15-30s,20,0,76,21
2026-01-08T05:02:56.031Z,0.98,30-60s,16,0,152,37
2026-01-08T05:02:56.031Z,0.98,60-300s,32,0,1996,243
2026-01-08T05:02:56.031Z,0.98,5-15m,50,0,16739,600
2026-01-08T05:02:56.031Z,0.98,15-60m,14,2,35,3
2026-01-08T05:02:56.031Z,0.985,0-5s,13,2,25,6
2026-01-08T05:02:56.031Z,0.985,5-15s,415,21,677,3
2026-01-08T05:02:56.031Z,0.985,15-30s,20,0,76,21
2026-01-08T05:02:56.031Z,0.985,30-60s,15,0,152,39
2026-01-08T05:02:56.031Z,0.985,60-300s,32,0,1996,248
2026-01-08T05:02:56.031Z,0.985,5-15m,50,0,16739,609
2026-01-08T05:02:56.031Z,0.985,15-60m,14,2,35,3
2026-01-08T05:02:56.031Z,0.99,0-5s,13,2,25,7
2026-01-08T05:02:56.031Z,0.99,5-15s,415,21,677,3
2026-01-08T05:02:56.031Z,0.99,15-30s,18,0,76,24
2026-01-08T05:02:56.031Z,0.99,30-60s,18,0,152,51
2026-01-08T05:02:56.031Z,0.99,60-300s,54,0,11737,538
2026-01-08T05:02:56.031Z,0.99,5-15m,40,0,16739,1408
2026-01-08T05:02:56.031Z,0.99,15-60m,16,0,60,13
2026-01-08T05:02:56.031Z,0.995,0-5s,13,2,25,7
2026-01-08T05:02:56.031Z,0.995,5-15s,592,21,1461,5
2026-01-08T05:02:56.031Z,0.995,15-30s,209,0,4787,25
2026-01-08T05:02:56.031Z,0.995,30-60s,18,0,152,51
2026-01-08T05:02:56.031Z,0.995,60-300s,66,0,11737,539
2026-01-08T05:02:56.031Z,0.995,5-15m,40,0,16739,1408
2026-01-08T05:02:56.031Z,0.995,15-60m,16,0,60,13
2026-01-08T05:03:56.030Z,0.9,0-5s,10,10,10,1
2026-01-08T05:03:56.030Z,0.9,15-30s,5,5,5,1
2026-01-08T05:03:56.030Z,0.9,30-60s,7,6,9,3
2026-01-08T05:03:56.030Z,0.9,60-300s,3,1,4,2
2026-01-08T05:03:56.030Z,0.9,5-15m,28,0,43,5
2026-01-08T05:03:56.030Z,0.95,0-5s,8,6,10,2
2026-01-08T05:03:56.030Z,0.95,15-30s,10,0,49,7
2026-01-08T05:03:56.030Z,0.95,30-60s,6,3,9,5
2026-01-08T05:03:56.030Z,0.95,60-300s,105,0,1996,33
2026-01-08T05:03:56.030Z,0.95,5-15m,127,0,8995,82
2026-01-08T05:03:56.030Z,0.95,15-60m,6,6,6,1
2026-01-08T05:03:56.030Z,0.98,0-5s,13,2,25,6
2026-01-08T05:03:56.030Z,0.98,5-15s,285,21,548,2
2026-01-08T05:03:56.030Z,0.98,15-30s,20,0,76,21
2026-01-08T05:03:56.030Z,0.98,30-60s,16,0,152,37
2026-01-08T05:03:56.030Z,0.98,60-300s,32,0,1996,243
2026-01-08T05:03:56.030Z,0.98,5-15m,50,0,16739,604
2026-01-08T05:03:56.030Z,0.98,15-60m,14,2,35,3
2026-01-08T05:03:56.030Z,0.985,0-5s,13,2,25,6
2026-01-08T05:03:56.030Z,0.985,5-15s,415,21,677,3
2026-01-08T05:03:56.030Z,0.985,15-30s,20,0,76,21
2026-01-08T05:03:56.030Z,0.985,30-60s,15,0,152,39
2026-01-08T05:03:56.030Z,0.985,60-300s,32,0,1996,248
2026-01-08T05:03:56.030Z,0.985,5-15m,49,0,16739,613
2026-01-08T05:03:56.030Z,0.985,15-60m,14,2,35,3
2026-01-08T05:03:56.030Z,0.99,0-5s,13,2,25,7
2026-01-08T05:03:56.030Z,0.99,5-15s,415,21,677,3
2026-01-08T05:03:56.030Z,0.99,15-30s,18,0,76,24
2026-01-08T05:03:56.030Z,0.99,30-60s,18,0,152,51
2026-01-08T05:03:56.030Z,0.99,60-300s,54,0,11737,538
2026-01-08T05:03:56.030Z,0.99,5-15m,40,0,16739,1417
2026-01-08T05:03:56.030Z,0.99,15-60m,16,0,60,13
2026-01-08T05:03:56.030Z,0.995,0-5s,13,2,25,7
2026-01-08T05:03:56.030Z,0.995,5-15s,592,21,1461,5
2026-01-08T05:03:56.030Z,0.995,15-30s,209,0,4787,25
2026-01-08T05:03:56.030Z,0.995,30-60s,18,0,152,51
2026-01-08T05:03:56.030Z,0.995,60-300s,66,0,11737,539
2026-01-08T05:03:56.030Z,0.995,5-15m,40,0,16739,1417
2026-01-08T05:03:56.030Z,0.995,15-60m,16,0,60,13
2026-01-08T05:04:56.029Z,0.9,0-5s,10,10,10,1
2026-01-08T05:04:56.029Z,0.9,15-30s,5,5,5,1
2026-01-08T05:04:56.029Z,0.9,30-60s,7,6,9,3
2026-01-08T05:04:56.029Z,0.9,60-300s,3,1,4,2
2026-01-08T05:04:56.029Z,0.9,5-15m,28,0,43,5
2026-01-08T05:04:56.029Z,0.95,0-5s,8,6,10,2
2026-01-08T05:04:56.029Z,0.95,15-30s,10,0,49,7
2026-01-08T05:04:56.029Z,0.95,30-60s,6,3,9,5
2026-01-08T05:04:56.029Z,0.95,60-300s,105,0,1996,33
2026-01-08T05:04:56.029Z,0.95,5-15m,127,0,8995,82
2026-01-08T05:04:56.029Z,0.95,15-60m,6,6,6,1
2026-01-08T05:04:56.029Z,0.98,0-5s,13,2,25,6
2026-01-08T05:04:56.029Z,0.98,5-15s,285,21,548,2
2026-01-08T05:04:56.029Z,0.98,15-30s,20,0,76,21
2026-01-08T05:04:56.029Z,0.98,30-60s,16,0,152,37
2026-01-08T05:04:56.029Z,0.98,60-300s,32,0,1996,243
2026-01-08T05:04:56.029Z,0.98,5-15m,50,0,16739,606
2026-01-08T05:04:56.029Z,0.98,15-60m,14,2,35,3
2026-01-08T05:04:56.029Z,0.985,0-5s,13,2,25,6
2026-01-08T05:04:56.029Z,0.985,5-15s,415,21,677,3
2026-01-08T05:04:56.029Z,0.985,15-30s,20,0,76,21
2026-01-08T05:04:56.029Z,0.985,30-60s,15,0,152,39
2026-01-08T05:04:56.029Z,0.985,60-300s,32,0,1996,248
2026-01-08T05:04:56.029Z,0.985,5-15m,49,0,16739,615
2026-01-08T05:04:56.029Z,0.985,15-60m,14,2,35,3
2026-01-08T05:04:56.029Z,0.99,0-5s,13,2,25,7
2026-01-08T05:04:56.029Z,0.99,5-15s,415,21,677,3
2026-01-08T05:04:56.029Z,0.99,15-30s,18,0,76,24
2026-01-08T05:04:56.029Z,0.99,30-60s,18,0,152,51
2026-01-08T05:04:56.029Z,0.99,60-300s,54,0,11737,538
2026-01-08T05:04:56.029Z,0.99,5-15m,40,0,16739,1426
2026-01-08T05:04:56.029Z,0.99,15-60m,16,0,60,13
2026-01-08T05:04:56.029Z,0.995,0-5s,13,2,25,7
2026-01-08T05:04:56.029Z,0.995,5-15s,592,21,1461,5
2026-01-08T05:04:56.029Z,0.995,15-30s,209,0,4787,25
2026-01-08T05:04:56.029Z,0.995,30-60s,18,0,152,51
2026-01-08T05:04:56.029Z,0.995,60-300s,66,0,11737,539
2026-01-08T05:04:56.029Z,0.995,5-15m,40,0,16739,1426
2026-01-08T05:04:56.029Z,0.995,15-60m,16,0,60,13
2026-01-08T05:05:56.035Z,0.9,0-5s,10,10,10,1
2026-01-08T05:05:56.035Z,0.9,15-30s,5,5,5,1
2026-01-08T05:05:56.035Z,0.9,30-60s,7,6,9,3
2026-01-08T05:05:56.035Z,0.9,60-300s,3,1,4,2
2026-01-08T05:05:56.035Z,0.9,5-15m,28,0,43,5
2026-01-08T05:05:56.035Z,0.95,0-5s,8,6,10,2
2026-01-08T05:05:56.035Z,0.95,15-30s,10,0,49,7
2026-01-08T05:05:56.035Z,0.95,30-60s,6,3,9,5
2026-01-08T05:05:56.035Z,0.95,60-300s,105,0,1996,33
2026-01-08T05:05:56.035Z,0.95,5-15m,127,0,8995,82
2026-01-08T05:05:56.035Z,0.95,15-60m,6,6,6,1
2026-01-08T05:05:56.035Z,0.98,0-5s,13,2,25,6
2026-01-08T05:05:56.035Z,0.98,5-15s,285,21,548,2
2026-01-08T05:05:56.035Z,0.98,15-30s,20,0,76,21
2026-01-08T05:05:56.035Z,0.98,30-60s,16,0,152,37
2026-01-08T05:05:56.035Z,0.98,60-300s,32,0,1996,243
2026-01-08T05:05:56.035Z,0.98,5-15m,50,0,16739,609
2026-01-08T05:05:56.035Z,0.98,15-60m,14,2,35,3
2026-01-08T05:05:56.035Z,0.985,0-5s,13,2,25,6
2026-01-08T05:05:56.035Z,0.985,5-15s,415,21,677,3
2026-01-08T05:05:56.035Z,0.985,15-30s,20,0,76,21
2026-01-08T05:05:56.035Z,0.985,30-60s,15,0,152,39
2026-01-08T05:05:56.035Z,0.985,60-300s,32,0,1996,248
2026-01-08T05:05:56.035Z,0.985,5-15m,49,0,16739,618
2026-01-08T05:05:56.035Z,0.985,15-60m,14,2,35,3
2026-01-08T05:05:56.035Z,0.99,0-5s,13,2,25,7
2026-01-08T05:05:56.035Z,0.99,5-15s,415,21,677,3
2026-01-08T05:05:56.035Z,0.99,15-30s,18,0,76,24
2026-01-08T05:05:56.035Z,0.99,30-60s,18,0,152,51
2026-01-08T05:05:56.035Z,0.99,60-300s,54,0,11737,538
2026-01-08T05:05:56.035Z,0.99,5-15m,40,0,16739,1434
2026-01-08T05:05:56.035Z,0.99,15-60m,16,0,60,13
2026-01-08T05:05:56.035Z,0.995,0-5s,13,2,25,7
2026-01-08T05:05:56.035Z,0.995,5-15s,592,21,1461,5
2026-01-08T05:05:56.035Z,0.995,15-30s,209,0,4787,25
2026-01-08T05:05:56.035Z,0.995,30-60s,18,0,152,51
2026-01-08T05:05:56.035Z,0.995,60-300s,66,0,11737,539
2026-01-08T05:05:56.035Z,0.995,5-15m,40,0,16739,1434
2026-01-08T05:05:56.035Z,0.995,15-60m,16,0,60,13
2026-01-08T05:06:56.034Z,0.9,0-5s,10,10,10,1
2026-01-08T05:06:56.034Z,0.9,15-30s,5,5,5,1
2026-01-08T05:06:56.034Z,0.9,30-60s,7,6,9,3
2026-01-08T05:06:56.034Z,0.9,60-300s,3,1,4,2
2026-01-08T05:06:56.034Z,0.9,5-15m,28,0,43,5
2026-01-08T05:06:56.034Z,0.95,0-5s,8,6,10,2
2026-01-08T05:06:56.034Z,0.95,15-30s,10,0,49,7
2026-01-08T05:06:56.034Z,0.95,30-60s,6,3,9,5
2026-01-08T05:06:56.034Z,0.95,60-300s,105,0,1996,33
2026-01-08T05:06:56.034Z,0.95,5-15m,127,0,8995,82
2026-01-08T05:06:56.034Z,0.95,15-60m,6,6,6,1
2026-01-08T05:06:56.034Z,0.98,0-5s,13,2,25,6
2026-01-08T05:06:56.034Z,0.98,5-15s,285,21,548,2
2026-01-08T05:06:56.034Z,0.98,15-30s,20,0,76,21
2026-01-08T05:06:56.034Z,0.98,30-60s,16,0,152,37
2026-01-08T05:06:56.034Z,0.98,60-300s,32,0,1996,243
2026-01-08T05:06:56.034Z,0.98,5-15m,50,0,16739,611
2026-01-08T05:06:56.034Z,0.98,15-60m,14,2,35,3
2026-01-08T05:06:56.034Z,0.985,0-5s,13,2,25,6
2026-01-08T05:06:56.034Z,0.985,5-15s,415,21,677,3
2026-01-08T05:06:56.034Z,0.985,15-30s,20,0,76,21
2026-01-08T05:06:56.034Z,0.985,30-60s,15,0,152,39
2026-01-08T05:06:56.034Z,0.985,60-300s,32,0,1996,248
2026-01-08T05:06:56.034Z,0.985,5-15m,49,0,16739,620
2026-01-08T05:06:56.034Z,0.985,15-60m,14,2,35,3
2026-01-08T05:06:56.034Z,0.99,0-5s,13,2,25,7
2026-01-08T05:06:56.034Z,0.99,5-15s,415,21,677,3
2026-01-08T05:06:56.034Z,0.99,15-30s,18,0,76,24
2026-01-08T05:06:56.034Z,0.99,30-60s,18,0,152,51
2026-01-08T05:06:56.034Z,0.99,60-300s,54,0,11737,538
2026-01-08T05:06:56.034Z,0.99,5-15m,40,0,16739,1438
2026-01-08T05:06:56.034Z,0.99,15-60m,16,0,60,13
2026-01-08T05:06:56.034Z,0.995,0-5s,13,2,25,7
2026-01-08T05:06:56.034Z,0.995,5-15s,592,21,1461,5
2026-01-08T05:06:56.034Z,0.995,15-30s,209,0,4787,25
2026-01-08T05:06:56.034Z,0.995,30-60s,18,0,152,51
2026-01-08T05:06:56.034Z,0.995,60-300s,66,0,11737,539
2026-01-08T05:06:56.034Z,0.995,5-15m,40,0,16739,1438
2026-01-08T05:06:56.034Z,0.995,15-60m,16,0,60,13
2026-01-08T05:07:56.034Z,0.9,0-5s,10,10,10,1
2026-01-08T05:07:56.034Z,0.9,15-30s,5,5,5,1
2026-01-08T05:07:56.034Z,0.9,30-60s,7,6,9,3
2026-01-08T05:07:56.034Z,0.9,60-300s,3,1,4,2
2026-01-08T05:07:56.034Z,0.9,5-15m,25,0,43,6
2026-01-08T05:07:56.034Z,0.95,0-5s,8,6,10,2
2026-01-08T05:07:56.034Z,0.95,15-30s,10,0,49,7
2026-01-08T05:07:56.034Z,0.95,30-60s,6,3,9,5
2026-01-08T05:07:56.034Z,0.95,60-300s,105,0,1996,33
2026-01-08T05:07:56.034Z,0.95,5-15m,126,0,8995,83
2026-01-08T05:07:56.034Z,0.95,15-60m,6,6,6,1
2026-01-08T05:07:56.034Z,0.98,0-5s,13,2,25,6
2026-01-08T05:07:56.034Z,0.98,5-15s,285,21,548,2
2026-01-08T05:07:56.034Z,0.98,15-30s,20,0,76,21
2026-01-08T05:07:56.034Z,0.98,30-60s,16,0,152,37
2026-01-08T05:07:56.034Z,0.98,60-300s,32,0,1996,243
2026-01-08T05:07:56.034Z,0.98,5-15m,49,0,16739,614
2026-01-08T05:07:56.034Z,0.98,15-60m,14,2,35,3
2026-01-08T05:07:56.034Z,0.985,0-5s,13,2,25,6
2026-01-08T05:07:56.034Z,0.985,5-15s,415,21,677,3
2026-01-08T05:07:56.034Z,0.985,15-30s,20,0,76,21
2026-01-08T05:07:56.034Z,0.985,30-60s,15,0,152,39
2026-01-08T05:07:56.034Z,0.985,60-300s,32,0,1996,248
2026-01-08T05:07:56.034Z,0.985,5-15m,49,0,16739,623
2026-01-08T05:07:56.034Z,0.985,15-60m,14,2,35,3
2026-01-08T05:07:56.034Z,0.99,0-5s,13,2,25,7
2026-01-08T05:07:56.034Z,0.99,5-15s,415,21,677,3
2026-01-08T05:07:56.034Z,0.99,15-30s,18,0,76,24
2026-01-08T05:07:56.034Z,0.99,30-60s,18,0,152,51
2026-01-08T05:07:56.034Z,0.99,60-300s,54,0,11737,538
2026-01-08T05:07:56.034Z,0.99,5-15m,40,0,16739,1445
2026-01-08T05:07:56.034Z,0.99,15-60m,16,0,60,13
2026-01-08T05:07:56.034Z,0.995,0-5s,13,2,25,7
2026-01-08T05:07:56.034Z,0.995,5-15s,592,21,1461,5
2026-01-08T05:07:56.034Z,0.995,15-30s,209,0,4787,25
2026-01-08T05:07:56.034Z,0.995,30-60s,18,0,152,51
2026-01-08T05:07:56.034Z,0.995,60-300s,66,0,11737,539
2026-01-08T05:07:56.034Z,0.995,5-15m,40,0,16739,1445
2026-01-08T05:07:56.034Z,0.995,15-60m,16,0,60,13
2026-01-08T05:08:56.040Z,0.9,0-5s,10,10,10,1
2026-01-08T05:08:56.040Z,0.9,15-30s,5,5,5,1
2026-01-08T05:08:56.040Z,0.9,30-60s,7,6,9,3
2026-01-08T05:08:56.040Z,0.9,60-300s,3,1,4,2
2026-01-08T05:08:56.040Z,0.9,5-15m,25,0,43,6
2026-01-08T05:08:56.040Z,0.95,0-5s,8,6,10,2
2026-01-08T05:08:56.040Z,0.95,15-30s,10,0,49,7
2026-01-08T05:08:56.040Z,0.95,30-60s,6,3,9,5
2026-01-08T05:08:56.040Z,0.95,60-300s,105,0,1996,33
2026-01-08T05:08:56.040Z,0.95,5-15m,126,0,8995,83
2026-01-08T05:08:56.040Z,0.95,15-60m,6,6,6,1
2026-01-08T05:08:56.040Z,0.98,0-5s,13,2,25,6
2026-01-08T05:08:56.040Z,0.98,5-15s,285,21,548,2
2026-01-08T05:08:56.040Z,0.98,15-30s,20,0,76,21
2026-01-08T05:08:56.040Z,0.98,30-60s,16,0,152,37
2026-01-08T05:08:56.040Z,0.98,60-300s,32,0,1996,243
2026-01-08T05:08:56.040Z,0.98,5-15m,49,0,16739,616
2026-01-08T05:08:56.040Z,0.98,15-60m,14,2,35,3
2026-01-08T05:08:56.040Z,0.985,0-5s,13,2,25,6
2026-01-08T05:08:56.040Z,0.985,5-15s,415,21,677,3
2026-01-08T05:08:56.040Z,0.985,15-30s,20,0,76,21
2026-01-08T05:08:56.040Z,0.985,30-60s,15,0,152,39
2026-01-08T05:08:56.040Z,0.985,60-300s,32,0,1996,248
2026-01-08T05:08:56.040Z,0.985,5-15m,49,0,16739,625
2026-01-08T05:08:56.040Z,0.985,15-60m,14,2,35,3
2026-01-08T05:08:56.040Z,0.99,0-5s,13,2,25,7
2026-01-08T05:08:56.040Z,0.99,5-15s,415,21,677,3
2026-01-08T05:08:56.040Z,0.99,15-30s,18,0,76,24
2026-01-08T05:08:56.040Z,0.99,30-60s,18,0,152,51
2026-01-08T05:08:56.040Z,0.99,60-300s,54,0,11737,538
2026-01-08T05:08:56.040Z,0.99,5-15m,39,0,16739,1450
2026-01-08T05:08:56.040Z,0.99,15-60m,16,0,60,13
2026-01-08T05:08:56.040Z,0.995,0-5s,13,2,25,7
2026-01-08T05:08:56.040Z,0.995,5-15s,592,21,1461,5
2026-01-08T05:08:56.040Z,0.995,15-30s,209,0,4787,25
2026-01-08T05:08:56.040Z,0.995,30-60s,18,0,152,51
2026-01-08T05:08:56.040Z,0.995,60-300s,66,0,11737,539
2026-01-08T05:08:56.040Z,0.995,5-15m,39,0,16739,1450
2026-01-08T05:08:56.040Z,0.995,15-60m,16,0,60,13
2026-01-08T05:09:56.037Z,0.9,0-5s,10,10,10,1
2026-01-08T05:09:56.037Z,0.9,15-30s,5,5,5,1
2026-01-08T05:09:56.037Z,0.9,30-60s,7,6,9,3
2026-01-08T05:09:56.037Z,0.9,60-300s,3,1,4,2
2026-01-08T05:09:56.037Z,0.9,5-15m,25,0,43,6
2026-01-08T05:09:56.037Z,0.95,0-5s,8,6,10,2
2026-01-08T05:09:56.037Z,0.95,15-30s,10,0,49,7
2026-01-08T05:09:56.037Z,0.95,30-60s,6,3,9,5
2026-01-08T05:09:56.037Z,0.95,60-300s,105,0,1996,33
2026-01-08T05:09:56.037Z,0.95,5-15m,126,0,8995,83
2026-01-08T05:09:56.037Z,0.95,15-60m,6,6,6,1
2026-01-08T05:09:56.037Z,0.98,0-5s,13,2,25,6
2026-01-08T05:09:56.037Z,0.98,5-15s,285,21,548,2
2026-01-08T05:09:56.037Z,0.98,15-30s,20,0,76,21
2026-01-08T05:09:56.037Z,0.98,30-60s,16,0,152,37
2026-01-08T05:09:56.037Z,0.98,60-300s,32,0,1996,243
2026-01-08T05:09:56.037Z,0.98,5-15m,49,0,16739,618
2026-01-08T05:09:56.037Z,0.98,15-60m,14,2,35,3
2026-01-08T05:09:56.037Z,0.985,0-5s,13,2,25,6
2026-01-08T05:09:56.037Z,0.985,5-15s,415,21,677,3
2026-01-08T05:09:56.037Z,0.985,15-30s,20,0,76,21
2026-01-08T05:09:56.037Z,0.985,30-60s,15,0,152,39
2026-01-08T05:09:56.037Z,0.985,60-300s,32,0,1996,248
2026-01-08T05:09:56.037Z,0.985,5-15m,49,0,16739,627
2026-01-08T05:09:56.037Z,0.985,15-60m,14,2,35,3
2026-01-08T05:09:56.037Z,0.99,0-5s,13,2,25,7
2026-01-08T05:09:56.037Z,0.99,5-15s,415,21,677,3
2026-01-08T05:09:56.037Z,0.99,15-30s,18,0,76,24
2026-01-08T05:09:56.037Z,0.99,30-60s,18,0,152,51
2026-01-08T05:09:56.037Z,0.99,60-300s,54,0,11737,538
2026-01-08T05:09:56.037Z,0.99,5-15m,39,0,16739,1453
2026-01-08T05:09:56.037Z,0.99,15-60m,16,0,60,13
2026-01-08T05:09:56.037Z,0.995,0-5s,13,2,25,7
2026-01-08T05:09:56.037Z,0.995,5-15s,592,21,1461,5
2026-01-08T05:09:56.037Z,0.995,15-30s,209,0,4787,25
2026-01-08T05:09:56.037Z,0.995,30-60s,18,0,152,51
2026-01-08T05:09:56.037Z,0.995,60-300s,66,0,11737,539
2026-01-08T05:09:56.037Z,0.995,5-15m,39,0,16739,1453
2026-01-08T05:09:56.037Z,0.995,15-60m,16,0,60,13
2026-01-08T05:10:56.044Z,0.9,0-5s,10,10,10,1
2026-01-08T05:10:56.044Z,0.9,15-30s,5,5,5,1
2026-01-08T05:10:56.044Z,0.9,30-60s,7,6,9,3
2026-01-08T05:10:56.044Z,0.9,60-300s,3,1,4,2
2026-01-08T05:10:56.044Z,0.9,5-15m,25,0,43,6
2026-01-08T05:10:56.044Z,0.95,0-5s,8,6,10,2
2026-01-08T05:10:56.044Z,0.95,15-30s,10,0,49,7
2026-01-08T05:10:56.044Z,0.95,30-60s,6,3,9,5
2026-01-08T05:10:56.044Z,0.95,60-300s,105,0,1996,33
2026-01-08T05:10:56.044Z,0.95,5-15m,126,0,8995,83
2026-01-08T05:10:56.044Z,0.95,15-60m,6,6,6,1
2026-01-08T05:10:56.044Z,0.98,0-5s,13,2,25,6
2026-01-08T05:10:56.044Z,0.98,5-15s,285,21,548,2
2026-01-08T05:10:56.044Z,0.98,15-30s,20,0,76,21
2026-01-08T05:10:56.044Z,0.98,30-60s,16,0,152,37
2026-01-08T05:10:56.044Z,0.98,60-300s,32,0,1996,245
2026-01-08T05:10:56.044Z,0.98,5-15m,49,0,16739,618
2026-01-08T05:10:56.044Z,0.98,15-60m,14,2,35,3
2026-01-08T05:10:56.044Z,0.985,0-5s,13,2,25,6
2026-01-08T05:10:56.044Z,0.985,5-15s,415,21,677,3
2026-01-08T05:10:56.044Z,0.985,15-30s,20,0,76,21
2026-01-08T05:10:56.044Z,0.985,30-60s,15,0,152,39
2026-01-08T05:10:56.044Z,0.985,60-300s,32,0,1996,250
2026-01-08T05:10:56.044Z,0.985,5-15m,49,0,16739,627
2026-01-08T05:10:56.044Z,0.985,15-60m,14,2,35,3
2026-01-08T05:10:56.044Z,0.99,0-5s,13,2,25,7
2026-01-08T05:10:56.044Z,0.99,5-15s,415,21,677,3
2026-01-08T05:10:56.044Z,0.99,15-30s,18,0,76,24
2026-01-08T05:10:56.044Z,0.99,30-60s,18,0,152,51
2026-01-08T05:10:56.044Z,0.99,60-300s,54,0,11737,543
2026-01-08T05:10:56.044Z,0.99,5-15m,39,0,16739,1453
2026-01-08T05:10:56.044Z,0.99,15-60m,16,0,60,13
2026-01-08T05:10:56.044Z,0.995,0-5s,13,2,25,7
2026-01-08T05:10:56.044Z,0.995,5-15s,592,21,1461,5
2026-01-08T05:10:56.044Z,0.995,15-30s,209,0,4787,25
2026-01-08T05:10:56.044Z,0.995,30-60s,18,0,152,51
2026-01-08T05:10:56.044Z,0.995,60-300s,66,0,11737,544
2026-01-08T05:10:56.044Z,0.995,5-15m,39,0,16739,1453
2026-01-08T05:10:56.044Z,0.995,15-60m,16,0,60,13
2026-01-08T05:11:56.042Z,0.9,0-5s,10,10,10,1
2026-01-08T05:11:56.042Z,0.9,15-30s,5,5,5,1
2026-01-08T05:11:56.042Z,0.9,30-60s,7,6,9,3
2026-01-08T05:11:56.042Z,0.9,60-300s,3,1,4,2
2026-01-08T05:11:56.042Z,0.9,5-15m,25,0,43,6
2026-01-08T05:11:56.042Z,0.95,0-5s,8,6,10,2
2026-01-08T05:11:56.042Z,0.95,15-30s,10,0,49,7
2026-01-08T05:11:56.042Z,0.95,30-60s,6,3,9,5
2026-01-08T05:11:56.042Z,0.95,60-300s,102,0,1996,34
2026-01-08T05:11:56.042Z,0.95,5-15m,126,0,8995,83
2026-01-08T05:11:56.042Z,0.95,15-60m,6,6,6,1
2026-01-08T05:11:56.042Z,0.98,0-5s,13,2,25,6
2026-01-08T05:11:56.042Z,0.98,5-15s,285,21,548,2
2026-01-08T05:11:56.042Z,0.98,15-30s,20,0,76,21
2026-01-08T05:11:56.042Z,0.98,30-60s,16,0,152,37
2026-01-08T05:11:56.042Z,0.98,60-300s,31,0,1996,248
2026-01-08T05:11:56.042Z,0.98,5-15m,49,0,16739,618
2026-01-08T05:11:56.042Z,0.98,15-60m,14,2,35,3
2026-01-08T05:11:56.042Z,0.985,0-5s,13,2,25,6
2026-01-08T05:11:56.042Z,0.985,5-15s,415,21,677,3
2026-01-08T05:11:56.042Z,0.985,15-30s,20,0,76,21
2026-01-08T05:11:56.042Z,0.985,30-60s,15,0,152,39
2026-01-08T05:11:56.042Z,0.985,60-300s,32,0,1996,253
2026-01-08T05:11:56.042Z,0.985,5-15m,49,0,16739,627
2026-01-08T05:11:56.042Z,0.985,15-60m,14,2,35,3
2026-01-08T05:11:56.042Z,0.99,0-5s,13,2,25,7
2026-01-08T05:11:56.042Z,0.99,5-15s,415,21,677,3
2026-01-08T05:11:56.042Z,0.99,15-30s,18,0,76,24
2026-01-08T05:11:56.042Z,0.99,30-60s,18,0,152,51
2026-01-08T05:11:56.042Z,0.99,60-300s,54,0,11737,546
2026-01-08T05:11:56.042Z,0.99,5-15m,39,0,16739,1453
2026-01-08T05:11:56.042Z,0.99,15-60m,16,0,60,13
2026-01-08T05:11:56.042Z,0.995,0-5s,13,2,25,7
2026-01-08T05:11:56.042Z,0.995,5-15s,592,21,1461,5
2026-01-08T05:11:56.042Z,0.995,15-30s,209,0,4787,25
2026-01-08T05:11:56.042Z,0.995,30-60s,18,0,152,51
2026-01-08T05:11:56.042Z,0.995,60-300s,66,0,11737,547
2026-01-08T05:11:56.042Z,0.995,5-15m,39,0,16739,1453
2026-01-08T05:11:56.042Z,0.995,15-60m,16,0,60,13
2026-01-08T05:12:56.047Z,0.9,0-5s,10,10,10,1
2026-01-08T05:12:56.047Z,0.9,15-30s,5,5,5,1
2026-01-08T05:12:56.047Z,0.9,30-60s,7,6,9,3
2026-01-08T05:12:56.047Z,0.9,60-300s,3,1,4,2
2026-01-08T05:12:56.047Z,0.9,5-15m,25,0,43,6
2026-01-08T05:12:56.047Z,0.95,0-5s,8,6,10,2
2026-01-08T05:12:56.047Z,0.95,15-30s,10,0,49,7
2026-01-08T05:12:56.047Z,0.95,30-60s,6,3,9,5
2026-01-08T05:12:56.047Z,0.95,60-300s,102,0,1996,34
2026-01-08T05:12:56.047Z,0.95,5-15m,126,0,8995,83
2026-01-08T05:12:56.047Z,0.95,15-60m,6,6,6,1
2026-01-08T05:12:56.047Z,0.98,0-5s,13,2,25,6
2026-01-08T05:12:56.047Z,0.98,5-15s,285,21,548,2
2026-01-08T05:12:56.047Z,0.98,15-30s,20,0,76,21
2026-01-08T05:12:56.047Z,0.98,30-60s,16,0,152,37
2026-01-08T05:12:56.047Z,0.98,60-300s,31,0,1996,250
2026-01-08T05:12:56.047Z,0.98,5-15m,49,0,16739,618
2026-01-08T05:12:56.047Z,0.98,15-60m,14,2,35,3
2026-01-08T05:12:56.047Z,0.985,0-5s,13,2,25,6
2026-01-08T05:12:56.047Z,0.985,5-15s,415,21,677,3
2026-01-08T05:12:56.047Z,0.985,15-30s,20,0,76,21
2026-01-08T05:12:56.047Z,0.985,30-60s,15,0,152,39
2026-01-08T05:12:56.047Z,0.985,60-300s,32,0,1996,255
2026-01-08T05:12:56.047Z,0.985,5-15m,49,0,16739,627
2026-01-08T05:12:56.047Z,0.985,15-60m,14,2,35,3
2026-01-08T05:12:56.047Z,0.99,0-5s,13,2,25,7
2026-01-08T05:12:56.047Z,0.99,5-15s,415,21,677,3
2026-01-08T05:12:56.047Z,0.99,15-30s,18,0,76,24
2026-01-08T05:12:56.047Z,0.99,30-60s,18,0,152,51
2026-01-08T05:12:56.047Z,0.99,60-300s,53,0,11737,550
2026-01-08T05:12:56.047Z,0.99,5-15m,39,0,16739,1453
2026-01-08T05:12:56.047Z,0.99,15-60m,16,0,60,13
2026-01-08T05:12:56.047Z,0.995,0-5s,13,2,25,7
2026-01-08T05:12:56.047Z,0.995,5-15s,592,21,1461,5
2026-01-08T05:12:56.047Z,0.995,15-30s,209,0,4787,25
2026-01-08T05:12:56.047Z,0.995,30-60s,18,0,152,51
2026-01-08T05:12:56.047Z,0.995,60-300s,65,0,11737,551
2026-01-08T05:12:56.047Z,0.995,5-15m,39,0,16739,1453
2026-01-08T05:12:56.047Z,0.995,15-60m,16,0,60,13
2026-01-08T05:13:56.042Z,0.9,0-5s,10,10,10,1
2026-01-08T05:13:56.042Z,0.9,15-30s,5,5,5,1
2026-01-08T05:13:56.042Z,0.9,30-60s,7,6,9,3
2026-01-08T05:13:56.042Z,0.9,60-300s,3,1,4,2
2026-01-08T05:13:56.042Z,0.9,5-15m,25,0,43,6
2026-01-08T05:13:56.042Z,0.95,0-5s,8,6,10,2
2026-01-08T05:13:56.042Z,0.95,15-30s,10,0,49,7
2026-01-08T05:13:56.042Z,0.95,30-60s,6,3,9,5
2026-01-08T05:13:56.042Z,0.95,60-300s,102,0,1996,34
2026-01-08T05:13:56.042Z,0.95,5-15m,126,0,8995,83
2026-01-08T05:13:56.042Z,0.95,15-60m,6,6,6,1
2026-01-08T05:13:56.042Z,0.98,0-5s,13,2,25,6
2026-01-08T05:13:56.042Z,0.98,5-15s,285,21,548,2
2026-01-08T05:13:56.042Z,0.98,15-30s,20,0,76,21
2026-01-08T05:13:56.042Z,0.98,30-60s,16,0,152,37
2026-01-08T05:13:56.042Z,0.98,60-300s,31,0,1996,251
2026-01-08T05:13:56.042Z,0.98,5-15m,49,0,16739,618
2026-01-08T05:13:56.042Z,0.98,15-60m,14,2,35,3
2026-01-08T05:13:56.042Z,0.985,0-5s,13,2,25,6
2026-01-08T05:13:56.042Z,0.985,5-15s,415,21,677,3
2026-01-08T05:13:56.042Z,0.985,15-30s,20,0,76,21
2026-01-08T05:13:56.042Z,0.985,30-60s,15,0,152,39
2026-01-08T05:13:56.042Z,0.985,60-300s,31,0,1996,256
2026-01-08T05:13:56.042Z,0.985,5-15m,49,0,16739,627
2026-01-08T05:13:56.042Z,0.985,15-60m,14,2,35,3
2026-01-08T05:13:56.042Z,0.99,0-5s,13,2,25,7
2026-01-08T05:13:56.042Z,0.99,5-15s,415,21,677,3
2026-01-08T05:13:56.042Z,0.99,15-30s,18,0,76,24
2026-01-08T05:13:56.042Z,0.99,30-60s,18,0,152,51
2026-01-08T05:13:56.042Z,0.99,60-300s,53,0,11737,552
2026-01-08T05:13:56.042Z,0.99,5-15m,39,0,16739,1453
2026-01-08T05:13:56.042Z,0.99,15-60m,16,0,60,13
2026-01-08T05:13:56.042Z,0.995,0-5s,13,2,25,7
2026-01-08T05:13:56.042Z,0.995,5-15s,592,21,1461,5
2026-01-08T05:13:56.042Z,0.995,15-30s,209,0,4787,25
2026-01-08T05:13:56.042Z,0.995,30-60s,18,0,152,51
2026-01-08T05:13:56.042Z,0.995,60-300s,65,0,11737,553
2026-01-08T05:13:56.042Z,0.995,5-15m,39,0,16739,1453
2026-01-08T05:13:56.042Z,0.995,15-60m,16,0,60,13
2026-01-08T05:14:56.047Z,0.9,0-5s,10,10,10,1
2026-01-08T05:14:56.047Z,0.9,5-15s,2,2,2,1
2026-01-08T05:14:56.047Z,0.9,15-30s,5,5,5,1
2026-01-08T05:14:56.047Z,0.9,30-60s,7,6,9,3
2026-01-08T05:14:56.047Z,0.9,60-300s,3,1,4,2
2026-01-08T05:14:56.047Z,0.9,5-15m,25,0,43,6
2026-01-08T05:14:56.047Z,0.95,0-5s,8,6,10,2
2026-01-08T05:14:56.047Z,0.95,5-15s,2,2,2,1
2026-01-08T05:14:56.047Z,0.95,15-30s,10,0,49,7
2026-01-08T05:14:56.047Z,0.95,30-60s,6,3,9,5
2026-01-08T05:14:56.047Z,0.95,60-300s,102,0,1996,34
2026-01-08T05:14:56.047Z,0.95,5-15m,126,0,8995,83
2026-01-08T05:14:56.047Z,0.95,15-60m,6,6,6,1
2026-01-08T05:14:56.047Z,0.98,0-5s,13,2,25,6
2026-01-08T05:14:56.047Z,0.98,5-15s,190,2,548,3
2026-01-08T05:14:56.047Z,0.98,15-30s,20,0,76,21
2026-01-08T05:14:56.047Z,0.98,30-60s,16,0,152,37
2026-01-08T05:14:56.047Z,0.98,60-300s,31,0,1996,251
2026-01-08T05:14:56.047Z,0.98,5-15m,49,0,16739,618
2026-01-08T05:14:56.047Z,0.98,15-60m,14,2,35,3
2026-01-08T05:14:56.047Z,0.985,0-5s,13,2,25,6
2026-01-08T05:14:56.047Z,0.985,5-15s,312,2,677,4
2026-01-08T05:14:56.047Z,0.985,15-30s,20,0,76,21
2026-01-08T05:14:56.047Z,0.985,30-60s,15,0,152,39
2026-01-08T05:14:56.047Z,0.985,60-300s,31,0,1996,256
2026-01-08T05:14:56.047Z,0.985,5-15m,49,0,16739,627
2026-01-08T05:14:56.047Z,0.985,15-60m,14,2,35,3
2026-01-08T05:14:56.047Z,0.99,0-5s,13,2,25,7
2026-01-08T05:14:56.047Z,0.99,5-15s,312,2,677,4
2026-01-08T05:14:56.047Z,0.99,15-30s,18,0,76,24
2026-01-08T05:14:56.047Z,0.99,30-60s,18,0,152,51
2026-01-08T05:14:56.047Z,0.99,60-300s,53,0,11737,552
2026-01-08T05:14:56.047Z,0.99,5-15m,39,0,16739,1453
2026-01-08T05:14:56.047Z,0.99,15-60m,16,0,60,13
2026-01-08T05:14:56.047Z,0.995,0-5s,13,2,25,7
2026-01-08T05:14:56.047Z,0.995,5-15s,494,2,1461,6
2026-01-08T05:14:56.047Z,0.995,15-30s,209,0,4787,25
2026-01-08T05:14:56.047Z,0.995,30-60s,18,0,152,51
2026-01-08T05:14:56.047Z,0.995,60-300s,65,0,11737,553
2026-01-08T05:14:56.047Z,0.995,5-15m,39,0,16739,1453
2026-01-08T05:14:56.047Z,0.995,15-60m,16,0,60,13
2026-01-08T05:15:56.050Z,0.9,0-5s,10,10,10,1
2026-01-08T05:15:56.050Z,0.9,5-15s,2,2,2,1
2026-01-08T05:15:56.050Z,0.9,15-30s,5,5,5,1
2026-01-08T05:15:56.050Z,0.9,30-60s,7,6,9,3
2026-01-08T05:15:56.050Z,0.9,60-300s,3,1,4,2
2026-01-08T05:15:56.050Z,0.9,5-15m,25,0,43,6
2026-01-08T05:15:56.050Z,0.95,0-5s,8,6,10,2
2026-01-08T05:15:56.050Z,0.95,5-15s,2,2,2,1
2026-01-08T05:15:56.050Z,0.95,15-30s,10,0,49,7
2026-01-08T05:15:56.050Z,0.95,30-60s,6,3,9,5
2026-01-08T05:15:56.050Z,0.95,60-300s,102,0,1996,34
2026-01-08T05:15:56.050Z,0.95,5-15m,126,0,8995,83
2026-01-08T05:15:56.050Z,0.95,15-60m,6,6,6,1
2026-01-08T05:15:56.050Z,0.98,0-5s,13,2,25,6
2026-01-08T05:15:56.050Z,0.98,5-15s,190,2,548,3
2026-01-08T05:15:56.050Z,0.98,15-30s,20,0,76,21
2026-01-08T05:15:56.050Z,0.98,30-60s,16,0,152,37
2026-01-08T05:15:56.050Z,0.98,60-300s,31,0,1996,251
2026-01-08T05:15:56.050Z,0.98,5-15m,49,0,16739,619
2026-01-08T05:15:56.050Z,0.98,15-60m,14,2,35,3
2026-01-08T05:15:56.050Z,0.985,0-5s,13,2,25,6
2026-01-08T05:15:56.050Z,0.985,5-15s,312,2,677,4
2026-01-08T05:15:56.050Z,0.985,15-30s,20,0,76,21
2026-01-08T05:15:56.050Z,0.985,30-60s,15,0,152,39
2026-01-08T05:15:56.050Z,0.985,60-300s,31,0,1996,256
2026-01-08T05:15:56.050Z,0.985,5-15m,49,0,16739,628
2026-01-08T05:15:56.050Z,0.985,15-60m,14,2,35,3
2026-01-08T05:15:56.050Z,0.99,0-5s,13,2,25,7
2026-01-08T05:15:56.050Z,0.99,5-15s,312,2,677,4
2026-01-08T05:15:56.050Z,0.99,15-30s,18,0,76,24
2026-01-08T05:15:56.050Z,0.99,30-60s,18,0,152,51
2026-01-08T05:15:56.050Z,0.99,60-300s,53,0,11737,552
2026-01-08T05:15:56.050Z,0.99,5-15m,39,0,16739,1460
2026-01-08T05:15:56.050Z,0.99,15-60m,16,0,60,13
2026-01-08T05:15:56.050Z,0.995,0-5s,13,2,25,7
2026-01-08T05:15:56.050Z,0.995,5-15s,494,2,1461,6
2026-01-08T05:15:56.050Z,0.995,15-30s,209,0,4787,25
2026-01-08T05:15:56.050Z,0.995,30-60s,18,0,152,51
2026-01-08T05:15:56.050Z,0.995,60-300s,65,0,11737,553
2026-01-08T05:15:56.050Z,0.995,5-15m,39,0,16739,1460
2026-01-08T05:15:56.050Z,0.995,15-60m,16,0,60,13
2026-01-08T05:16:56.050Z,0.9,0-5s,10,10,10,1
2026-01-08T05:16:56.050Z,0.9,5-15s,2,2,2,1
2026-01-08T05:16:56.050Z,0.9,15-30s,5,5,5,1
2026-01-08T05:16:56.050Z,0.9,30-60s,7,6,9,3
2026-01-08T05:16:56.050Z,0.9,60-300s,3,1,4,2
2026-01-08T05:16:56.050Z,0.9,5-15m,25,0,43,6
2026-01-08T05:16:56.050Z,0.95,0-5s,8,6,10,2
2026-01-08T05:16:56.050Z,0.95,5-15s,2,2,2,1
2026-01-08T05:16:56.050Z,0.95,15-30s,10,0,49,7
2026-01-08T05:16:56.050Z,0.95,30-60s,6,3,9,5
2026-01-08T05:16:56.050Z,0.95,60-300s,102,0,1996,34
2026-01-08T05:16:56.050Z,0.95,5-15m,124,0,8995,84
2026-01-08T05:16:56.050Z,0.95,15-60m,6,6,6,1
2026-01-08T05:16:56.050Z,0.98,0-5s,13,2,25,6
2026-01-08T05:16:56.050Z,0.98,5-15s,190,2,548,3
2026-01-08T05:16:56.050Z,0.98,15-30s,20,0,76,21
2026-01-08T05:16:56.050Z,0.98,30-60s,16,0,152,37
2026-01-08T05:16:56.050Z,0.98,60-300s,31,0,1996,251
2026-01-08T05:16:56.050Z,0.98,5-15m,49,0,16739,622
2026-01-08T05:16:56.050Z,0.98,15-60m,14,2,35,3
2026-01-08T05:16:56.050Z,0.985,0-5s,13,2,25,6
2026-01-08T05:16:56.050Z,0.985,5-15s,312,2,677,4
2026-01-08T05:16:56.050Z,0.985,15-30s,20,0,76,21
2026-01-08T05:16:56.050Z,0.985,30-60s,15,0,152,39
2026-01-08T05:16:56.050Z,0.985,60-300s,31,0,1996,256
2026-01-08T05:16:56.050Z,0.985,5-15m,48,0,16739,631
2026-01-08T05:16:56.050Z,0.985,15-60m,14,2,35,3
2026-01-08T05:16:56.050Z,0.99,0-5s,13,2,25,7
2026-01-08T05:16:56.050Z,0.99,5-15s,312,2,677,4
2026-01-08T05:16:56.050Z,0.99,15-30s,18,0,76,24
2026-01-08T05:16:56.050Z,0.99,30-60s,18,0,152,51
2026-01-08T05:16:56.050Z,0.99,60-300s,53,0,11737,552
2026-01-08T05:16:56.050Z,0.99,5-15m,39,0,16739,1466
2026-01-08T05:16:56.050Z,0.99,15-60m,16,0,60,13
2026-01-08T05:16:56.050Z,0.995,0-5s,13,2,25,7
2026-01-08T05:16:56.050Z,0.995,5-15s,494,2,1461,6
2026-01-08T05:16:56.050Z,0.995,15-30s,209,0,4787,25
2026-01-08T05:16:56.050Z,0.995,30-60s,18,0,152,51
2026-01-08T05:16:56.050Z,0.995,60-300s,65,0,11737,553
2026-01-08T05:16:56.050Z,0.995,5-15m,39,0,16739,1466
2026-01-08T05:16:56.050Z,0.995,15-60m,16,0,60,13
2026-01-08T05:17:56.059Z,0.9,0-5s,10,10,10,1
2026-01-08T05:17:56.059Z,0.9,5-15s,2,2,2,1
2026-01-08T05:17:56.059Z,0.9,15-30s,5,5,5,1
2026-01-08T05:17:56.059Z,0.9,30-60s,7,6,9,3
2026-01-08T05:17:56.059Z,0.9,60-300s,3,1,4,2
2026-01-08T05:17:56.059Z,0.9,5-15m,25,0,43,6
2026-01-08T05:17:56.059Z,0.95,0-5s,8,6,10,2
2026-01-08T05:17:56.059Z,0.95,5-15s,2,2,2,1
2026-01-08T05:17:56.059Z,0.95,15-30s,10,0,49,7
2026-01-08T05:17:56.059Z,0.95,30-60s,6,3,9,5
2026-01-08T05:17:56.059Z,0.95,60-300s,102,0,1996,34
2026-01-08T05:17:56.059Z,0.95,5-15m,124,0,8995,84
2026-01-08T05:17:56.059Z,0.95,15-60m,6,6,6,1
2026-01-08T05:17:56.059Z,0.98,0-5s,13,2,25,6
2026-01-08T05:17:56.059Z,0.98,5-15s,190,2,548,3
2026-01-08T05:17:56.059Z,0.98,15-30s,20,0,76,21
2026-01-08T05:17:56.059Z,0.98,30-60s,16,0,152,37
2026-01-08T05:17:56.059Z,0.98,60-300s,31,0,1996,251
2026-01-08T05:17:56.059Z,0.98,5-15m,49,0,16739,626
2026-01-08T05:17:56.059Z,0.98,15-60m,14,2,35,3
2026-01-08T05:17:56.059Z,0.985,0-5s,13,2,25,6
2026-01-08T05:17:56.059Z,0.985,5-15s,312,2,677,4
2026-01-08T05:17:56.059Z,0.985,15-30s,20,0,76,21
2026-01-08T05:17:56.059Z,0.985,30-60s,15,0,152,39
2026-01-08T05:17:56.059Z,0.985,60-300s,31,0,1996,256
2026-01-08T05:17:56.059Z,0.985,5-15m,48,0,16739,635
2026-01-08T05:17:56.059Z,0.985,15-60m,14,2,35,3
2026-01-08T05:17:56.059Z,0.99,0-5s,13,2,25,7
2026-01-08T05:17:56.059Z,0.99,5-15s,312,2,677,4
2026-01-08T05:17:56.059Z,0.99,15-30s,18,0,76,24
2026-01-08T05:17:56.059Z,0.99,30-60s,18,0,152,51
2026-01-08T05:17:56.059Z,0.99,60-300s,53,0,11737,552
2026-01-08T05:17:56.059Z,0.99,5-15m,39,0,16739,1473
2026-01-08T05:17:56.059Z,0.99,15-60m,16,0,60,13
2026-01-08T05:17:56.059Z,0.995,0-5s,13,2,25,7
2026-01-08T05:17:56.059Z,0.995,5-15s,494,2,1461,6
2026-01-08T05:17:56.059Z,0.995,15-30s,209,0,4787,25
2026-01-08T05:17:56.059Z,0.995,30-60s,18,0,152,51
2026-01-08T05:17:56.059Z,0.995,60-300s,65,0,11737,553
2026-01-08T05:17:56.059Z,0.995,5-15m,39,0,16739,1473
2026-01-08T05:17:56.059Z,0.995,15-60m,16,0,60,13
2026-01-08T05:18:56.051Z,0.9,0-5s,10,10,10,1
2026-01-08T05:18:56.051Z,0.9,5-15s,2,2,2,1
2026-01-08T05:18:56.051Z,0.9,15-30s,5,5,5,1
2026-01-08T05:18:56.051Z,0.9,30-60s,7,6,9,3
2026-01-08T05:18:56.051Z,0.9,60-300s,3,1,4,2
2026-01-08T05:18:56.051Z,0.9,5-15m,25,0,43,6
2026-01-08T05:18:56.051Z,0.95,0-5s,8,6,10,2
2026-01-08T05:18:56.051Z,0.95,5-15s,2,2,2,1
2026-01-08T05:18:56.051Z,0.95,15-30s,10,0,49,7
2026-01-08T05:18:56.051Z,0.95,30-60s,6,3,9,5
2026-01-08T05:18:56.051Z,0.95,60-300s,102,0,1996,34
2026-01-08T05:18:56.051Z,0.95,5-15m,124,0,8995,84
2026-01-08T05:18:56.051Z,0.95,15-60m,6,6,6,1
2026-01-08T05:18:56.051Z,0.98,0-5s,13,2,25,6
2026-01-08T05:18:56.051Z,0.98,5-15s,190,2,548,3
2026-01-08T05:18:56.051Z,0.98,15-30s,20,0,76,21
2026-01-08T05:18:56.051Z,0.98,30-60s,16,0,152,37
2026-01-08T05:18:56.051Z,0.98,60-300s,31,0,1996,251
2026-01-08T05:18:56.051Z,0.98,5-15m,49,0,16739,628
2026-01-08T05:18:56.051Z,0.98,15-60m,14,2,35,3
2026-01-08T05:18:56.051Z,0.985,0-5s,13,2,25,6
2026-01-08T05:18:56.051Z,0.985,5-15s,312,2,677,4
2026-01-08T05:18:56.051Z,0.985,15-30s,20,0,76,21
2026-01-08T05:18:56.051Z,0.985,30-60s,15,0,152,39
2026-01-08T05:18:56.051Z,0.985,60-300s,31,0,1996,256
2026-01-08T05:18:56.051Z,0.985,5-15m,48,0,16739,637
2026-01-08T05:18:56.051Z,0.985,15-60m,14,2,35,3
2026-01-08T05:18:56.051Z,0.99,0-5s,13,2,25,7
2026-01-08T05:18:56.051Z,0.99,5-15s,312,2,677,4
2026-01-08T05:18:56.051Z,0.99,15-30s,18,0,76,24
2026-01-08T05:18:56.051Z,0.99,30-60s,18,0,152,51
2026-01-08T05:18:56.051Z,0.99,60-300s,53,0,11737,552
2026-01-08T05:18:56.051Z,0.99,5-15m,39,0,16739,1477
2026-01-08T05:18:56.051Z,0.99,15-60m,16,0,60,13
2026-01-08T05:18:56.051Z,0.995,0-5s,13,2,25,7
2026-01-08T05:18:56.051Z,0.995,5-15s,494,2,1461,6
2026-01-08T05:18:56.051Z,0.995,15-30s,209,0,4787,25
2026-01-08T05:18:56.051Z,0.995,30-60s,18,0,152,51
2026-01-08T05:18:56.051Z,0.995,60-300s,65,0,11737,553
2026-01-08T05:18:56.051Z,0.995,5-15m,39,0,16739,1477
2026-01-08T05:18:56.051Z,0.995,15-60m,16,0,60,13
2026-01-08T05:19:56.054Z,0.9,0-5s,10,10,10,1
2026-01-08T05:19:56.054Z,0.9,5-15s,2,2,2,1
2026-01-08T05:19:56.054Z,0.9,15-30s,5,5,5,1
2026-01-08T05:19:56.054Z,0.9,30-60s,7,6,9,3
2026-01-08T05:19:56.054Z,0.9,60-300s,3,1,4,2
2026-01-08T05:19:56.054Z,0.9,5-15m,25,0,43,6
2026-01-08T05:19:56.054Z,0.95,0-5s,8,6,10,2
2026-01-08T05:19:56.054Z,0.95,5-15s,2,2,2,1
2026-01-08T05:19:56.054Z,0.95,15-30s,10,0,49,7
2026-01-08T05:19:56.054Z,0.95,30-60s,6,3,9,5
2026-01-08T05:19:56.054Z,0.95,60-300s,102,0,1996,34
2026-01-08T05:19:56.054Z,0.95,5-15m,123,0,8995,85
2026-01-08T05:19:56.054Z,0.95,15-60m,6,6,6,1
2026-01-08T05:19:56.054Z,0.98,0-5s,13,2,25,6
2026-01-08T05:19:56.054Z,0.98,5-15s,190,2,548,3
2026-01-08T05:19:56.054Z,0.98,15-30s,20,0,76,21
2026-01-08T05:19:56.054Z,0.98,30-60s,16,0,152,37
2026-01-08T05:19:56.054Z,0.98,60-300s,31,0,1996,251
2026-01-08T05:19:56.054Z,0.98,5-15m,49,0,16739,632
2026-01-08T05:19:56.054Z,0.98,15-60m,14,2,35,3
2026-01-08T05:19:56.054Z,0.985,0-5s,13,2,25,6
2026-01-08T05:19:56.054Z,0.985,5-15s,312,2,677,4
2026-01-08T05:19:56.054Z,0.985,15-30s,20,0,76,21
2026-01-08T05:19:56.054Z,0.985,30-60s,15,0,152,39
2026-01-08T05:19:56.054Z,0.985,60-300s,31,0,1996,256
2026-01-08T05:19:56.054Z,0.985,5-15m,48,0,16739,641
2026-01-08T05:19:56.054Z,0.985,15-60m,14,2,35,3
2026-01-08T05:19:56.054Z,0.99,0-5s,13,2,25,7
2026-01-08T05:19:56.054Z,0.99,5-15s,312,2,677,4
2026-01-08T05:19:56.054Z,0.99,15-30s,18,0,76,24
2026-01-08T05:19:56.054Z,0.99,30-60s,18,0,152,51
2026-01-08T05:19:56.054Z,0.99,60-300s,53,0,11737,552
2026-01-08T05:19:56.054Z,0.99,5-15m,39,0,16739,1486
2026-01-08T05:19:56.054Z,0.99,15-60m,16,0,60,13
2026-01-08T05:19:56.054Z,0.995,0-5s,13,2,25,7
2026-01-08T05:19:56.054Z,0.995,5-15s,494,2,1461,6
2026-01-08T05:19:56.054Z,0.995,15-30s,209,0,4787,25
2026-01-08T05:19:56.054Z,0.995,30-60s,18,0,152,51
2026-01-08T05:19:56.054Z,0.995,60-300s,65,0,11737,553
2026-01-08T05:19:56.054Z,0.995,5-15m,39,0,16739,1486
2026-01-08T05:19:56.054Z,0.995,15-60m,16,0,60,13
2026-01-08T05:20:56.055Z,0.9,0-5s,10,10,10,1
2026-01-08T05:20:56.055Z,0.9,5-15s,2,2,2,1
2026-01-08T05:20:56.055Z,0.9,15-30s,5,5,5,1
2026-01-08T05:20:56.055Z,0.9,30-60s,7,6,9,3
2026-01-08T05:20:56.055Z,0.9,60-300s,3,1,4,2
2026-01-08T05:20:56.055Z,0.9,5-15m,25,0,43,6
2026-01-08T05:20:56.055Z,0.95,0-5s,8,6,10,2
2026-01-08T05:20:56.055Z,0.95,5-15s,2,2,2,1
2026-01-08T05:20:56.055Z,0.95,15-30s,10,0,49,7
2026-01-08T05:20:56.055Z,0.95,30-60s,6,3,9,5
2026-01-08T05:20:56.055Z,0.95,60-300s,102,0,1996,34
2026-01-08T05:20:56.055Z,0.95,5-15m,122,0,8995,86
2026-01-08T05:20:56.055Z,0.95,15-60m,6,6,6,1
2026-01-08T05:20:56.055Z,0.98,0-5s,13,2,25,6
2026-01-08T05:20:56.055Z,0.98,5-15s,190,2,548,3
2026-01-08T05:20:56.055Z,0.98,15-30s,20,0,76,21
2026-01-08T05:20:56.055Z,0.98,30-60s,16,0,152,37
2026-01-08T05:20:56.055Z,0.98,60-300s,31,0,1996,251
2026-01-08T05:20:56.055Z,0.98,5-15m,48,0,16739,640
2026-01-08T05:20:56.055Z,0.98,15-60m,14,2,35,3
2026-01-08T05:20:56.055Z,0.985,0-5s,13,2,25,6
2026-01-08T05:20:56.055Z,0.985,5-15s,312,2,677,4
2026-01-08T05:20:56.055Z,0.985,15-30s,20,0,76,21
2026-01-08T05:20:56.055Z,0.985,30-60s,15,0,152,39
2026-01-08T05:20:56.055Z,0.985,60-300s,31,0,1996,256
2026-01-08T05:20:56.055Z,0.985,5-15m,48,0,16739,649
2026-01-08T05:20:56.055Z,0.985,15-60m,14,2,35,3
2026-01-08T05:20:56.055Z,0.99,0-5s,13,2,25,7
2026-01-08T05:20:56.055Z,0.99,5-15s,312,2,677,4
2026-01-08T05:20:56.055Z,0.99,15-30s,18,0,76,24
2026-01-08T05:20:56.055Z,0.99,30-60s,18,0,152,51
2026-01-08T05:20:56.055Z,0.99,60-300s,53,0,11737,552
2026-01-08T05:20:56.055Z,0.99,5-15m,39,0,16739,1498
2026-01-08T05:20:56.055Z,0.99,15-60m,16,0,60,13
2026-01-08T05:20:56.055Z,0.995,0-5s,13,2,25,7
2026-01-08T05:20:56.055Z,0.995,5-15s,494,2,1461,6
2026-01-08T05:20:56.055Z,0.995,15-30s,209,0,4787,25
2026-01-08T05:20:56.055Z,0.995,30-60s,18,0,152,51
2026-01-08T05:20:56.055Z,0.995,60-300s,65,0,11737,553
2026-01-08T05:20:56.055Z,0.995,5-15m,39,0,16739,1498
2026-01-08T05:20:56.055Z,0.995,15-60m,16,0,60,13
2026-01-08T05:21:56.053Z,0.9,0-5s,10,10,10,1
2026-01-08T05:21:56.053Z,0.9,5-15s,2,2,2,1
2026-01-08T05:21:56.053Z,0.9,15-30s,5,5,5,1
2026-01-08T05:21:56.053Z,0.9,30-60s,7,6,9,3
2026-01-08T05:21:56.053Z,0.9,60-300s,3,1,4,2
2026-01-08T05:21:56.053Z,0.9,5-15m,25,0,43,6
2026-01-08T05:21:56.053Z,0.95,0-5s,8,6,10,2
2026-01-08T05:21:56.053Z,0.95,5-15s,2,2,2,1
2026-01-08T05:21:56.053Z,0.95,15-30s,10,0,49,7
2026-01-08T05:21:56.053Z,0.95,30-60s,6,3,9,5
2026-01-08T05:21:56.053Z,0.95,60-300s,102,0,1996,34
2026-01-08T05:21:56.053Z,0.95,5-15m,120,0,8995,88
2026-01-08T05:21:56.053Z,0.95,15-60m,6,6,6,1
2026-01-08T05:21:56.053Z,0.98,0-5s,13,2,25,6
2026-01-08T05:21:56.053Z,0.98,5-15s,190,2,548,3
2026-01-08T05:21:56.053Z,0.98,15-30s,20,0,76,21
2026-01-08T05:21:56.053Z,0.98,30-60s,16,0,152,37
2026-01-08T05:21:56.053Z,0.98,60-300s,31,0,1996,251
2026-01-08T05:21:56.053Z,0.98,5-15m,48,0,16739,645
2026-01-08T05:21:56.053Z,0.98,15-60m,14,2,35,3
2026-01-08T05:21:56.053Z,0.985,0-5s,13,2,25,6
2026-01-08T05:21:56.053Z,0.985,5-15s,312,2,677,4
2026-01-08T05:21:56.053Z,0.985,15-30s,20,0,76,21
2026-01-08T05:21:56.053Z,0.985,30-60s,15,0,152,39
2026-01-08T05:21:56.053Z,0.985,60-300s,31,0,1996,256
2026-01-08T05:21:56.053Z,0.985,5-15m,48,0,16739,655
2026-01-08T05:21:56.053Z,0.985,15-60m,14,2,35,3
2026-01-08T05:21:56.053Z,0.99,0-5s,13,2,25,7
2026-01-08T05:21:56.053Z,0.99,5-15s,312,2,677,4
2026-01-08T05:21:56.053Z,0.99,15-30s,18,0,76,24
2026-01-08T05:21:56.053Z,0.99,30-60s,18,0,152,51
2026-01-08T05:21:56.053Z,0.99,60-300s,53,0,11737,552
2026-01-08T05:21:56.053Z,0.99,5-15m,39,0,16739,1507
2026-01-08T05:21:56.053Z,0.99,15-60m,16,0,60,13
2026-01-08T05:21:56.053Z,0.995,0-5s,13,2,25,7
2026-01-08T05:21:56.053Z,0.995,5-15s,494,2,1461,6
2026-01-08T05:21:56.053Z,0.995,15-30s,209,0,4787,25
2026-01-08T05:21:56.053Z,0.995,30-60s,18,0,152,51
2026-01-08T05:21:56.053Z,0.995,60-300s,65,0,11737,553
2026-01-08T05:21:56.053Z,0.995,5-15m,39,0,16739,1507
2026-01-08T05:21:56.053Z,0.995,15-60m,16,0,60,13
2026-01-08T05:22:56.058Z,0.9,0-5s,10,10,10,1
2026-01-08T05:22:56.058Z,0.9,5-15s,2,2,2,1
2026-01-08T05:22:56.058Z,0.9,15-30s,5,5,5,1
2026-01-08T05:22:56.058Z,0.9,30-60s,7,6,9,3
2026-01-08T05:22:56.058Z,0.9,60-300s,3,1,4,2
2026-01-08T05:22:56.058Z,0.9,5-15m,25,0,43,6
2026-01-08T05:22:56.058Z,0.95,0-5s,8,6,10,2
2026-01-08T05:22:56.058Z,0.95,5-15s,2,2,2,1
2026-01-08T05:22:56.058Z,0.95,15-30s,10,0,49,7
2026-01-08T05:22:56.058Z,0.95,30-60s,6,3,9,5
2026-01-08T05:22:56.058Z,0.95,60-300s,102,0,1996,34
2026-01-08T05:22:56.058Z,0.95,5-15m,120,0,8995,88
2026-01-08T05:22:56.058Z,0.95,15-60m,6,6,6,1
2026-01-08T05:22:56.058Z,0.98,0-5s,13,2,25,6
2026-01-08T05:22:56.058Z,0.98,5-15s,190,2,548,3
2026-01-08T05:22:56.058Z,0.98,15-30s,20,0,76,21
2026-01-08T05:22:56.058Z,0.98,30-60s,16,0,152,37
2026-01-08T05:22:56.058Z,0.98,60-300s,31,0,1996,251
2026-01-08T05:22:56.058Z,0.98,5-15m,48,0,16739,648
2026-01-08T05:22:56.058Z,0.98,15-60m,14,2,35,3
2026-01-08T05:22:56.058Z,0.985,0-5s,13,2,25,6
2026-01-08T05:22:56.058Z,0.985,5-15s,312,2,677,4
2026-01-08T05:22:56.058Z,0.985,15-30s,20,0,76,21
2026-01-08T05:22:56.058Z,0.985,30-60s,15,0,152,39
2026-01-08T05:22:56.058Z,0.985,60-300s,31,0,1996,256
2026-01-08T05:22:56.058Z,0.985,5-15m,47,0,16739,658
2026-01-08T05:22:56.058Z,0.985,15-60m,14,2,35,3
2026-01-08T05:22:56.058Z,0.99,0-5s,13,2,25,7
2026-01-08T05:22:56.058Z,0.99,5-15s,312,2,677,4
2026-01-08T05:22:56.058Z,0.99,15-30s,18,0,76,24
2026-01-08T05:22:56.058Z,0.99,30-60s,18,0,152,51
2026-01-08T05:22:56.058Z,0.99,60-300s,53,0,11737,552
2026-01-08T05:22:56.058Z,0.99,5-15m,39,0,16739,1515
2026-01-08T05:22:56.058Z,0.99,15-60m,16,0,60,13
2026-01-08T05:22:56.058Z,0.995,0-5s,13,2,25,7
2026-01-08T05:22:56.058Z,0.995,5-15s,494,2,1461,6
2026-01-08T05:22:56.058Z,0.995,15-30s,209,0,4787,25
2026-01-08T05:22:56.058Z,0.995,30-60s,18,0,152,51
2026-01-08T05:22:56.058Z,0.995,60-300s,65,0,11737,553
2026-01-08T05:22:56.058Z,0.995,5-15m,39,0,16739,1515
2026-01-08T05:22:56.058Z,0.995,15-60m,16,0,60,13
2026-01-08T05:23:56.058Z,0.9,0-5s,10,10,10,1
2026-01-08T05:23:56.058Z,0.9,5-15s,2,2,2,1
2026-01-08T05:23:56.058Z,0.9,15-30s,5,5,5,1
2026-01-08T05:23:56.058Z,0.9,30-60s,7,6,9,3
2026-01-08T05:23:56.058Z,0.9,60-300s,3,1,4,2
2026-01-08T05:23:56.058Z,0.9,5-15m,25,0,43,6
2026-01-08T05:23:56.058Z,0.95,0-5s,8,6,10,2
2026-01-08T05:23:56.058Z,0.95,5-15s,2,2,2,1
2026-01-08T05:23:56.058Z,0.95,15-30s,10,0,49,7
2026-01-08T05:23:56.058Z,0.95,30-60s,6,3,9,5
2026-01-08T05:23:56.058Z,0.95,60-300s,102,0,1996,34
2026-01-08T05:23:56.058Z,0.95,5-15m,119,0,8995,89
2026-01-08T05:23:56.058Z,0.95,15-60m,6,6,6,1
2026-01-08T05:23:56.058Z,0.98,0-5s,13,2,25,6
2026-01-08T05:23:56.058Z,0.98,5-15s,190,2,548,3
2026-01-08T05:23:56.058Z,0.98,15-30s,20,0,76,21
2026-01-08T05:23:56.058Z,0.98,30-60s,16,0,152,37
2026-01-08T05:23:56.058Z,0.98,60-300s,31,0,1996,251
2026-01-08T05:23:56.058Z,0.98,5-15m,48,0,16739,652
2026-01-08T05:23:56.058Z,0.98,15-60m,14,2,35,3
2026-01-08T05:23:56.058Z,0.985,0-5s,13,2,25,6
2026-01-08T05:23:56.058Z,0.985,5-15s,312,2,677,4
2026-01-08T05:23:56.058Z,0.985,15-30s,20,0,76,21
2026-01-08T05:23:56.058Z,0.985,30-60s,15,0,152,39
2026-01-08T05:23:56.058Z,0.985,60-300s,31,0,1996,256
2026-01-08T05:23:56.058Z,0.985,5-15m,47,0,16739,662
2026-01-08T05:23:56.058Z,0.985,15-60m,14,2,35,3
2026-01-08T05:23:56.058Z,0.99,0-5s,13,2,25,7
2026-01-08T05:23:56.058Z,0.99,5-15s,312,2,677,4
2026-01-08T05:23:56.058Z,0.99,15-30s,18,0,76,24
2026-01-08T05:23:56.058Z,0.99,30-60s,18,0,152,51
2026-01-08T05:23:56.058Z,0.99,60-300s,53,0,11737,552
2026-01-08T05:23:56.058Z,0.99,5-15m,38,0,16739,1527
2026-01-08T05:23:56.058Z,0.99,15-60m,16,0,60,13
2026-01-08T05:23:56.058Z,0.995,0-5s,13,2,25,7
2026-01-08T05:23:56.058Z,0.995,5-15s,494,2,1461,6
2026-01-08T05:23:56.058Z,0.995,15-30s,209,0,4787,25
2026-01-08T05:23:56.058Z,0.995,30-60s,18,0,152,51
2026-01-08T05:23:56.058Z,0.995,60-300s,65,0,11737,553
2026-01-08T05:23:56.058Z,0.995,5-15m,38,0,16739,1527
2026-01-08T05:23:56.058Z,0.995,15-60m,16,0,60,13
2026-01-08T05:24:56.053Z,0.9,0-5s,10,10,10,1
2026-01-08T05:24:56.053Z,0.9,5-15s,2,2,2,1
2026-01-08T05:24:56.053Z,0.9,15-30s,5,5,5,1
2026-01-08T05:24:56.053Z,0.9,30-60s,7,6,9,3
2026-01-08T05:24:56.053Z,0.9,60-300s,3,1,4,2
2026-01-08T05:24:56.053Z,0.9,5-15m,25,0,43,6
2026-01-08T05:24:56.053Z,0.95,0-5s,8,6,10,2
2026-01-08T05:24:56.053Z,0.95,5-15s,2,2,2,1
2026-01-08T05:24:56.053Z,0.95,15-30s,10,0,49,7
2026-01-08T05:24:56.053Z,0.95,30-60s,6,3,9,5
2026-01-08T05:24:56.053Z,0.95,60-300s,102,0,1996,34
2026-01-08T05:24:56.053Z,0.95,5-15m,118,0,8995,90
2026-01-08T05:24:56.053Z,0.95,15-60m,6,6,6,1
2026-01-08T05:24:56.053Z,0.98,0-5s,13,2,25,6
2026-01-08T05:24:56.053Z,0.98,5-15s,190,2,548,3
2026-01-08T05:24:56.053Z,0.98,15-30s,20,0,76,21
2026-01-08T05:24:56.053Z,0.98,30-60s,16,0,152,37
2026-01-08T05:24:56.053Z,0.98,60-300s,31,0,1996,251
2026-01-08T05:24:56.053Z,0.98,5-15m,48,0,16739,653
2026-01-08T05:24:56.053Z,0.98,15-60m,14,2,35,3
2026-01-08T05:24:56.053Z,0.985,0-5s,13,2,25,6
2026-01-08T05:24:56.053Z,0.985,5-15s,312,2,677,4
2026-01-08T05:24:56.053Z,0.985,15-30s,20,0,76,21
2026-01-08T05:24:56.053Z,0.985,30-60s,15,0,152,39
2026-01-08T05:24:56.053Z,0.985,60-300s,31,0,1996,256
2026-01-08T05:24:56.053Z,0.985,5-15m,47,0,16739,663
2026-01-08T05:24:56.053Z,0.985,15-60m,14,2,35,3
2026-01-08T05:24:56.053Z,0.99,0-5s,13,2,25,7
2026-01-08T05:24:56.053Z,0.99,5-15s,312,2,677,4
2026-01-08T05:24:56.053Z,0.99,15-30s,18,0,76,24
2026-01-08T05:24:56.053Z,0.99,30-60s,18,0,152,51
2026-01-08T05:24:56.053Z,0.99,60-300s,53,0,11737,552
2026-01-08T05:24:56.053Z,0.99,5-15m,38,0,16739,1533
2026-01-08T05:24:56.053Z,0.99,15-60m,16,0,60,13
2026-01-08T05:24:56.053Z,0.995,0-5s,13,2,25,7
2026-01-08T05:24:56.053Z,0.995,5-15s,494,2,1461,6
2026-01-08T05:24:56.053Z,0.995,15-30s,209,0,4787,25
2026-01-08T05:24:56.053Z,0.995,30-60s,18,0,152,51
2026-01-08T05:24:56.053Z,0.995,60-300s,65,0,11737,553
2026-01-08T05:24:56.053Z,0.995,5-15m,38,0,16739,1533
2026-01-08T05:24:56.053Z,0.995,15-60m,16,0,60,13
2026-01-08T05:25:56.059Z,0.9,0-5s,10,10,10,1
2026-01-08T05:25:56.059Z,0.9,5-15s,2,2,2,1
2026-01-08T05:25:56.059Z,0.9,15-30s,5,5,5,1
2026-01-08T05:25:56.059Z,0.9,30-60s,7,6,9,3
2026-01-08T05:25:56.059Z,0.9,60-300s,8,1,20,3
2026-01-08T05:25:56.059Z,0.9,5-15m,25,0,43,6
2026-01-08T05:25:56.059Z,0.95,0-5s,8,6,10,2
2026-01-08T05:25:56.059Z,0.95,5-15s,2,2,2,1
2026-01-08T05:25:56.059Z,0.95,15-30s,10,0,49,7
2026-01-08T05:25:56.059Z,0.95,30-60s,6,3,9,5
2026-01-08T05:25:56.059Z,0.95,60-300s,97,0,1996,36
2026-01-08T05:25:56.059Z,0.95,5-15m,118,0,8995,90
2026-01-08T05:25:56.059Z,0.95,15-60m,6,6,6,1
2026-01-08T05:25:56.059Z,0.98,0-5s,13,2,25,6
2026-01-08T05:25:56.059Z,0.98,5-15s,190,2,548,3
2026-01-08T05:25:56.059Z,0.98,15-30s,20,0,76,21
2026-01-08T05:25:56.059Z,0.98,30-60s,16,0,152,37
2026-01-08T05:25:56.059Z,0.98,60-300s,31,0,1996,258
2026-01-08T05:25:56.059Z,0.98,5-15m,48,0,16739,653
2026-01-08T05:25:56.059Z,0.98,15-60m,14,2,35,3
2026-01-08T05:25:56.059Z,0.985,0-5s,13,2,25,6
2026-01-08T05:25:56.059Z,0.985,5-15s,312,2,677,4
2026-01-08T05:25:56.059Z,0.985,15-30s,20,0,76,21
2026-01-08T05:25:56.059Z,0.985,30-60s,15,0,152,39
2026-01-08T05:25:56.059Z,0.985,60-300s,31,0,1996,263
2026-01-08T05:25:56.059Z,0.985,5-15m,47,0,16739,663
2026-01-08T05:25:56.059Z,0.985,15-60m,14,2,35,3
2026-01-08T05:25:56.059Z,0.99,0-5s,13,2,25,7
2026-01-08T05:25:56.059Z,0.99,5-15s,312,2,677,4
2026-01-08T05:25:56.059Z,0.99,15-30s,18,0,76,24
2026-01-08T05:25:56.059Z,0.99,30-60s,18,0,152,51
2026-01-08T05:25:56.059Z,0.99,60-300s,53,0,11737,562
2026-01-08T05:25:56.059Z,0.99,5-15m,38,0,16739,1533
2026-01-08T05:25:56.059Z,0.99,15-60m,16,0,60,13
2026-01-08T05:25:56.059Z,0.995,0-5s,13,2,25,7
2026-01-08T05:25:56.059Z,0.995,5-15s,494,2,1461,6
2026-01-08T05:25:56.059Z,0.995,15-30s,209,0,4787,25
2026-01-08T05:25:56.059Z,0.995,30-60s,18,0,152,51
2026-01-08T05:25:56.059Z,0.995,60-300s,64,0,11737,563
2026-01-08T05:25:56.059Z,0.995,5-15m,38,0,16739,1533
2026-01-08T05:25:56.059Z,0.995,15-60m,16,0,60,13
2026-01-08T05:26:56.058Z,0.9,0-5s,10,10,10,1
2026-01-08T05:26:56.058Z,0.9,5-15s,2,2,2,1
2026-01-08T05:26:56.058Z,0.9,15-30s,5,5,5,1
2026-01-08T05:26:56.058Z,0.9,30-60s,7,6,9,3
2026-01-08T05:26:56.058Z,0.9,60-300s,8,1,20,3
2026-01-08T05:26:56.058Z,0.9,5-15m,25,0,43,6
2026-01-08T05:26:56.058Z,0.95,0-5s,8,6,10,2
2026-01-08T05:26:56.058Z,0.95,5-15s,2,2,2,1
2026-01-08T05:26:56.058Z,0.95,15-30s,10,0,49,7
2026-01-08T05:26:56.058Z,0.95,30-60s,6,3,9,5
2026-01-08T05:26:56.058Z,0.95,60-300s,97,0,1996,36
2026-01-08T05:26:56.058Z,0.95,5-15m,118,0,8995,90
2026-01-08T05:26:56.058Z,0.95,15-60m,6,6,6,1
2026-01-08T05:26:56.058Z,0.98,0-5s,13,2,25,6
2026-01-08T05:26:56.058Z,0.98,5-15s,190,2,548,3
2026-01-08T05:26:56.058Z,0.98,15-30s,20,0,76,21
2026-01-08T05:26:56.058Z,0.98,30-60s,16,0,152,37
2026-01-08T05:26:56.058Z,0.98,60-300s,32,0,1996,263
2026-01-08T05:26:56.058Z,0.98,5-15m,48,0,16739,653
2026-01-08T05:26:56.058Z,0.98,15-60m,14,2,35,3
2026-01-08T05:26:56.058Z,0.985,0-5s,13,2,25,6
2026-01-08T05:26:56.058Z,0.985,5-15s,312,2,677,4
2026-01-08T05:26:56.058Z,0.985,15-30s,20,0,76,21
2026-01-08T05:26:56.058Z,0.985,30-60s,15,0,152,39
2026-01-08T05:26:56.058Z,0.985,60-300s,32,0,1996,268
2026-01-08T05:26:56.058Z,0.985,5-15m,47,0,16739,663
2026-01-08T05:26:56.058Z,0.985,15-60m,14,2,35,3
2026-01-08T05:26:56.058Z,0.99,0-5s,13,2,25,7
2026-01-08T05:26:56.058Z,0.99,5-15s,312,2,677,4
2026-01-08T05:26:56.058Z,0.99,15-30s,18,0,76,24
2026-01-08T05:26:56.058Z,0.99,30-60s,18,0,152,51
2026-01-08T05:26:56.058Z,0.99,60-300s,53,0,11737,573
2026-01-08T05:26:56.058Z,0.99,5-15m,38,0,16739,1533
2026-01-08T05:26:56.058Z,0.99,15-60m,16,0,60,13
2026-01-08T05:26:56.058Z,0.995,0-5s,13,2,25,7
2026-01-08T05:26:56.058Z,0.995,5-15s,494,2,1461,6
2026-01-08T05:26:56.058Z,0.995,15-30s,209,0,4787,25
2026-01-08T05:26:56.058Z,0.995,30-60s,18,0,152,51
2026-01-08T05:26:56.058Z,0.995,60-300s,64,0,11737,574
2026-01-08T05:26:56.058Z,0.995,5-15m,38,0,16739,1533
2026-01-08T05:26:56.058Z,0.995,15-60m,16,0,60,13
2026-01-08T05:27:56.059Z,0.9,0-5s,10,10,10,1
2026-01-08T05:27:56.059Z,0.9,5-15s,2,2,2,1
2026-01-08T05:27:56.059Z,0.9,15-30s,5,5,5,1
2026-01-08T05:27:56.059Z,0.9,30-60s,7,6,9,3
2026-01-08T05:27:56.059Z,0.9,60-300s,8,1,20,3
2026-01-08T05:27:56.059Z,0.9,5-15m,25,0,43,6
2026-01-08T05:27:56.059Z,0.95,0-5s,8,6,10,2
2026-01-08T05:27:56.059Z,0.95,5-15s,2,2,2,1
2026-01-08T05:27:56.059Z,0.95,15-30s,10,0,49,7
2026-01-08T05:27:56.059Z,0.95,30-60s,6,3,9,5
2026-01-08T05:27:56.059Z,0.95,60-300s,97,0,1996,36
2026-01-08T05:27:56.059Z,0.95,5-15m,118,0,8995,90
2026-01-08T05:27:56.059Z,0.95,15-60m,6,6,6,1
2026-01-08T05:27:56.059Z,0.98,0-5s,13,2,25,6
2026-01-08T05:27:56.059Z,0.98,5-15s,190,2,548,3
2026-01-08T05:27:56.059Z,0.98,15-30s,20,0,76,21
2026-01-08T05:27:56.059Z,0.98,30-60s,16,0,152,37
2026-01-08T05:27:56.059Z,0.98,60-300s,32,0,1996,267
2026-01-08T05:27:56.059Z,0.98,5-15m,48,0,16739,653
2026-01-08T05:27:56.059Z,0.98,15-60m,14,2,35,3
2026-01-08T05:27:56.059Z,0.985,0-5s,13,2,25,6
2026-01-08T05:27:56.059Z,0.985,5-15s,312,2,677,4
2026-01-08T05:27:56.059Z,0.985,15-30s,20,0,76,21
2026-01-08T05:27:56.059Z,0.985,30-60s,15,0,152,39
2026-01-08T05:27:56.059Z,0.985,60-300s,32,0,1996,272
2026-01-08T05:27:56.059Z,0.985,5-15m,47,0,16739,663
2026-01-08T05:27:56.059Z,0.985,15-60m,14,2,35,3
2026-01-08T05:27:56.059Z,0.99,0-5s,13,2,25,7
2026-01-08T05:27:56.059Z,0.99,5-15s,312,2,677,4
2026-01-08T05:27:56.059Z,0.99,15-30s,18,0,76,24
2026-01-08T05:27:56.059Z,0.99,30-60s,18,0,152,51
2026-01-08T05:27:56.059Z,0.99,60-300s,52,0,11737,584
2026-01-08T05:27:56.059Z,0.99,5-15m,38,0,16739,1533
2026-01-08T05:27:56.059Z,0.99,15-60m,16,0,60,13
2026-01-08T05:27:56.059Z,0.995,0-5s,13,2,25,7
2026-01-08T05:27:56.059Z,0.995,5-15s,494,2,1461,6
2026-01-08T05:27:56.059Z,0.995,15-30s,209,0,4787,25
2026-01-08T05:27:56.059Z,0.995,30-60s,18,0,152,51
2026-01-08T05:27:56.059Z,0.995,60-300s,63,0,11737,585
2026-01-08T05:27:56.059Z,0.995,5-15m,38,0,16739,1533
2026-01-08T05:27:56.059Z,0.995,15-60m,16,0,60,13
2026-01-08T05:28:56.059Z,0.9,0-5s,10,10,10,1
2026-01-08T05:28:56.059Z,0.9,5-15s,2,2,2,1
2026-01-08T05:28:56.059Z,0.9,15-30s,5,5,5,1
2026-01-08T05:28:56.059Z,0.9,30-60s,7,6,9,3
2026-01-08T05:28:56.059Z,0.9,60-300s,8,1,20,3
2026-01-08T05:28:56.059Z,0.9,5-15m,25,0,43,6
2026-01-08T05:28:56.059Z,0.95,0-5s,8,6,10,2
2026-01-08T05:28:56.059Z,0.95,5-15s,2,2,2,1
2026-01-08T05:28:56.059Z,0.95,15-30s,10,0,49,7
2026-01-08T05:28:56.059Z,0.95,30-60s,6,3,9,5
2026-01-08T05:28:56.059Z,0.95,60-300s,97,0,1996,36
2026-01-08T05:28:56.059Z,0.95,5-15m,118,0,8995,90
2026-01-08T05:28:56.059Z,0.95,15-60m,6,6,6,1
2026-01-08T05:28:56.059Z,0.98,0-5s,13,2,25,6
2026-01-08T05:28:56.059Z,0.98,5-15s,190,2,548,3
2026-01-08T05:28:56.059Z,0.98,15-30s,20,0,76,21
2026-01-08T05:28:56.059Z,0.98,30-60s,16,0,152,37
2026-01-08T05:28:56.059Z,0.98,60-300s,32,0,1996,267
2026-01-08T05:28:56.059Z,0.98,5-15m,48,0,16739,653
2026-01-08T05:28:56.059Z,0.98,15-60m,14,2,35,3
2026-01-08T05:28:56.059Z,0.985,0-5s,13,2,25,6
2026-01-08T05:28:56.059Z,0.985,5-15s,312,2,677,4
2026-01-08T05:28:56.059Z,0.985,15-30s,20,0,76,21
2026-01-08T05:28:56.059Z,0.985,30-60s,15,0,152,39
2026-01-08T05:28:56.059Z,0.985,60-300s,32,0,1996,272
2026-01-08T05:28:56.059Z,0.985,5-15m,47,0,16739,663
2026-01-08T05:28:56.059Z,0.985,15-60m,14,2,35,3
2026-01-08T05:28:56.059Z,0.99,0-5s,13,2,25,7
2026-01-08T05:28:56.059Z,0.99,5-15s,312,2,677,4
2026-01-08T05:28:56.059Z,0.99,15-30s,18,0,76,24
2026-01-08T05:28:56.059Z,0.99,30-60s,18,0,152,51
2026-01-08T05:28:56.059Z,0.99,60-300s,52,0,11737,584
2026-01-08T05:28:56.059Z,0.99,5-15m,38,0,16739,1533
2026-01-08T05:28:56.059Z,0.99,15-60m,16,0,60,13
2026-01-08T05:28:56.059Z,0.995,0-5s,13,2,25,7
2026-01-08T05:28:56.059Z,0.995,5-15s,494,2,1461,6
2026-01-08T05:28:56.059Z,0.995,15-30s,209,0,4787,25
2026-01-08T05:28:56.059Z,0.995,30-60s,18,0,152,51
2026-01-08T05:28:56.059Z,0.995,60-300s,63,0,11737,585
2026-01-08T05:28:56.059Z,0.995,5-15m,38,0,16739,1533
2026-01-08T05:28:56.059Z,0.995,15-60m,16,0,60,13
2026-01-08T05:29:56.061Z,0.9,0-5s,10,10,10,1
2026-01-08T05:29:56.061Z,0.9,5-15s,2,2,2,1
2026-01-08T05:29:56.061Z,0.9,15-30s,5,5,5,1
2026-01-08T05:29:56.061Z,0.9,30-60s,7,6,9,3
2026-01-08T05:29:56.061Z,0.9,60-300s,8,1,20,3
2026-01-08T05:29:56.061Z,0.9,5-15m,25,0,43,6
2026-01-08T05:29:56.061Z,0.95,0-5s,8,6,10,2
2026-01-08T05:29:56.061Z,0.95,5-15s,2,2,2,1
2026-01-08T05:29:56.061Z,0.95,15-30s,10,0,49,7
2026-01-08T05:29:56.061Z,0.95,30-60s,6,3,9,5
2026-01-08T05:29:56.061Z,0.95,60-300s,97,0,1996,36
2026-01-08T05:29:56.061Z,0.95,5-15m,118,0,8995,90
2026-01-08T05:29:56.061Z,0.95,15-60m,6,6,6,1
2026-01-08T05:29:56.061Z,0.98,0-5s,13,2,25,6
2026-01-08T05:29:56.061Z,0.98,5-15s,190,2,548,3
2026-01-08T05:29:56.061Z,0.98,15-30s,20,0,76,21
2026-01-08T05:29:56.061Z,0.98,30-60s,16,0,152,37
2026-01-08T05:29:56.061Z,0.98,60-300s,32,0,1996,267
2026-01-08T05:29:56.061Z,0.98,5-15m,48,0,16739,653
2026-01-08T05:29:56.061Z,0.98,15-60m,14,2,35,3
2026-01-08T05:29:56.061Z,0.985,0-5s,13,2,25,6
2026-01-08T05:29:56.061Z,0.985,5-15s,312,2,677,4
2026-01-08T05:29:56.061Z,0.985,15-30s,20,0,76,21
2026-01-08T05:29:56.061Z,0.985,30-60s,15,0,152,39
2026-01-08T05:29:56.061Z,0.985,60-300s,32,0,1996,272
2026-01-08T05:29:56.061Z,0.985,5-15m,47,0,16739,663
2026-01-08T05:29:56.061Z,0.985,15-60m,14,2,35,3
2026-01-08T05:29:56.061Z,0.99,0-5s,13,2,25,7
2026-01-08T05:29:56.061Z,0.99,5-15s,312,2,677,4
2026-01-08T05:29:56.061Z,0.99,15-30s,18,0,76,24
2026-01-08T05:29:56.061Z,0.99,30-60s,18,0,152,51
2026-01-08T05:29:56.061Z,0.99,60-300s,52,0,11737,585
2026-01-08T05:29:56.061Z,0.99,5-15m,38,0,16739,1533
2026-01-08T05:29:56.061Z,0.99,15-60m,16,0,60,13
2026-01-08T05:29:56.061Z,0.995,0-5s,13,2,25,7
2026-01-08T05:29:56.061Z,0.995,5-15s,494,2,1461,6
2026-01-08T05:29:56.061Z,0.995,15-30s,209,0,4787,25
2026-01-08T05:29:56.061Z,0.995,30-60s,18,0,152,51
2026-01-08T05:29:56.061Z,0.995,60-300s,63,0,11737,586
2026-01-08T05:29:56.061Z,0.995,5-15m,38,0,16739,1533
2026-01-08T05:29:56.061Z,0.995,15-60m,16,0,60,13
2026-01-08T05:30:56.067Z,0.9,0-5s,10,10,10,1
2026-01-08T05:30:56.067Z,0.9,5-15s,2,2,2,1
2026-01-08T05:30:56.067Z,0.9,15-30s,5,5,5,1
2026-01-08T05:30:56.067Z,0.9,30-60s,7,6,9,3
2026-01-08T05:30:56.067Z,0.9,60-300s,8,1,20,3
2026-01-08T05:30:56.067Z,0.9,5-15m,25,0,43,6
2026-01-08T05:30:56.067Z,0.95,0-5s,8,6,10,2
2026-01-08T05:30:56.067Z,0.95,5-15s,2,2,2,1
2026-01-08T05:30:56.067Z,0.95,15-30s,10,0,49,7
2026-01-08T05:30:56.067Z,0.95,30-60s,6,3,9,5
2026-01-08T05:30:56.067Z,0.95,60-300s,97,0,1996,36
2026-01-08T05:30:56.067Z,0.95,5-15m,118,0,8995,90
2026-01-08T05:30:56.067Z,0.95,15-60m,6,6,6,1
2026-01-08T05:30:56.067Z,0.98,0-5s,13,2,25,6
2026-01-08T05:30:56.067Z,0.98,5-15s,190,2,548,3
2026-01-08T05:30:56.067Z,0.98,15-30s,20,0,76,21
2026-01-08T05:30:56.067Z,0.98,30-60s,16,0,152,37
2026-01-08T05:30:56.067Z,0.98,60-300s,32,0,1996,267
2026-01-08T05:30:56.067Z,0.98,5-15m,47,0,16739,654
2026-01-08T05:30:56.067Z,0.98,15-60m,14,2,35,3
2026-01-08T05:30:56.067Z,0.985,0-5s,13,2,25,6
2026-01-08T05:30:56.067Z,0.985,5-15s,312,2,677,4
2026-01-08T05:30:56.067Z,0.985,15-30s,20,0,76,21
2026-01-08T05:30:56.067Z,0.985,30-60s,15,0,152,39
2026-01-08T05:30:56.067Z,0.985,60-300s,32,0,1996,272
2026-01-08T05:30:56.067Z,0.985,5-15m,47,0,16739,664
2026-01-08T05:30:56.067Z,0.985,15-60m,14,2,35,3
2026-01-08T05:30:56.067Z,0.99,0-5s,13,2,25,7
2026-01-08T05:30:56.067Z,0.99,5-15s,312,2,677,4
2026-01-08T05:30:56.067Z,0.99,15-30s,18,0,76,24
2026-01-08T05:30:56.067Z,0.99,30-60s,18,0,152,51
2026-01-08T05:30:56.067Z,0.99,60-300s,52,0,11737,585
2026-01-08T05:30:56.067Z,0.99,5-15m,38,0,16739,1537
2026-01-08T05:30:56.067Z,0.99,15-60m,16,0,60,13
2026-01-08T05:30:56.067Z,0.995,0-5s,13,2,25,7
2026-01-08T05:30:56.067Z,0.995,5-15s,494,2,1461,6
2026-01-08T05:30:56.067Z,0.995,15-30s,209,0,4787,25
2026-01-08T05:30:56.067Z,0.995,30-60s,18,0,152,51
2026-01-08T05:30:56.067Z,0.995,60-300s,63,0,11737,586
2026-01-08T05:30:56.067Z,0.995,5-15m,38,0,16739,1537
2026-01-08T05:30:56.067Z,0.995,15-60m,16,0,60,13
2026-01-08T05:31:56.066Z,0.9,0-5s,10,10,10,1
2026-01-08T05:31:56.066Z,0.9,5-15s,2,2,2,1
2026-01-08T05:31:56.066Z,0.9,15-30s,5,5,5,1
2026-01-08T05:31:56.066Z,0.9,30-60s,7,6,9,3
2026-01-08T05:31:56.066Z,0.9,60-300s,8,1,20,3
2026-01-08T05:31:56.066Z,0.9,5-15m,25,0,43,6
2026-01-08T05:31:56.066Z,0.95,0-5s,8,6,10,2
2026-01-08T05:31:56.066Z,0.95,5-15s,2,2,2,1
2026-01-08T05:31:56.066Z,0.95,15-30s,10,0,49,7
2026-01-08T05:31:56.066Z,0.95,30-60s,6,3,9,5
2026-01-08T05:31:56.066Z,0.95,60-300s,97,0,1996,36
2026-01-08T05:31:56.066Z,0.95,5-15m,118,0,8995,90
2026-01-08T05:31:56.066Z,0.95,15-60m,6,6,6,1
2026-01-08T05:31:56.066Z,0.98,0-5s,13,2,25,6
2026-01-08T05:31:56.066Z,0.98,5-15s,190,2,548,3
2026-01-08T05:31:56.066Z,0.98,15-30s,20,0,76,21
2026-01-08T05:31:56.066Z,0.98,30-60s,16,0,152,37
2026-01-08T05:31:56.066Z,0.98,60-300s,32,0,1996,267
2026-01-08T05:31:56.066Z,0.98,5-15m,47,0,16739,656
2026-01-08T05:31:56.066Z,0.98,15-60m,14,2,35,3
2026-01-08T05:31:56.066Z,0.985,0-5s,13,2,25,6
2026-01-08T05:31:56.066Z,0.985,5-15s,312,2,677,4
2026-01-08T05:31:56.066Z,0.985,15-30s,20,0,76,21
2026-01-08T05:31:56.066Z,0.985,30-60s,15,0,152,39
2026-01-08T05:31:56.066Z,0.985,60-300s,32,0,1996,272
2026-01-08T05:31:56.066Z,0.985,5-15m,47,0,16739,666
2026-01-08T05:31:56.066Z,0.985,15-60m,14,2,35,3
2026-01-08T05:31:56.066Z,0.99,0-5s,13,2,25,7
2026-01-08T05:31:56.066Z,0.99,5-15s,312,2,677,4
2026-01-08T05:31:56.066Z,0.99,15-30s,18,0,76,24
2026-01-08T05:31:56.066Z,0.99,30-60s,18,0,152,51
2026-01-08T05:31:56.066Z,0.99,60-300s,52,0,11737,585
2026-01-08T05:31:56.066Z,0.99,5-15m,38,0,16739,1541
2026-01-08T05:31:56.066Z,0.99,15-60m,16,0,60,13
2026-01-08T05:31:56.066Z,0.995,0-5s,13,2,25,7
2026-01-08T05:31:56.066Z,0.995,5-15s,494,2,1461,6
2026-01-08T05:31:56.066Z,0.995,15-30s,209,0,4787,25
2026-01-08T05:31:56.066Z,0.995,30-60s,18,0,152,51
2026-01-08T05:31:56.066Z,0.995,60-300s,63,0,11737,586
2026-01-08T05:31:56.066Z,0.995,5-15m,38,0,16739,1541
2026-01-08T05:31:56.066Z,0.995,15-60m,16,0,60,13
2026-01-08T05:32:56.068Z,0.9,0-5s,10,10,10,1
2026-01-08T05:32:56.068Z,0.9,5-15s,2,2,2,1
2026-01-08T05:32:56.068Z,0.9,15-30s,5,5,5,1
2026-01-08T05:32:56.068Z,0.9,30-60s,7,6,9,3
2026-01-08T05:32:56.068Z,0.9,60-300s,8,1,20,3
2026-01-08T05:32:56.068Z,0.9,5-15m,25,0,43,6
2026-01-08T05:32:56.068Z,0.95,0-5s,8,6,10,2
2026-01-08T05:32:56.068Z,0.95,5-15s,2,2,2,1
2026-01-08T05:32:56.068Z,0.95,15-30s,10,0,49,7
2026-01-08T05:32:56.068Z,0.95,30-60s,6,3,9,5
2026-01-08T05:32:56.068Z,0.95,60-300s,97,0,1996,36
2026-01-08T05:32:56.068Z,0.95,5-15m,118,0,8995,90
2026-01-08T05:32:56.068Z,0.95,15-60m,6,6,6,1
2026-01-08T05:32:56.068Z,0.98,0-5s,13,2,25,6
2026-01-08T05:32:56.068Z,0.98,5-15s,190,2,548,3
2026-01-08T05:32:56.068Z,0.98,15-30s,20,0,76,21
2026-01-08T05:32:56.068Z,0.98,30-60s,16,0,152,37
2026-01-08T05:32:56.068Z,0.98,60-300s,32,0,1996,267
2026-01-08T05:32:56.068Z,0.98,5-15m,47,0,16739,657
2026-01-08T05:32:56.068Z,0.98,15-60m,14,2,35,3
2026-01-08T05:32:56.068Z,0.985,0-5s,13,2,25,6
2026-01-08T05:32:56.068Z,0.985,5-15s,312,2,677,4
2026-01-08T05:32:56.068Z,0.985,15-30s,20,0,76,21
2026-01-08T05:32:56.068Z,0.985,30-60s,15,0,152,39
2026-01-08T05:32:56.068Z,0.985,60-300s,32,0,1996,272
2026-01-08T05:32:56.068Z,0.985,5-15m,47,0,16739,667
2026-01-08T05:32:56.068Z,0.985,15-60m,14,2,35,3
2026-01-08T05:32:56.068Z,0.99,0-5s,13,2,25,7
2026-01-08T05:32:56.068Z,0.99,5-15s,312,2,677,4
2026-01-08T05:32:56.068Z,0.99,15-30s,18,0,76,24
2026-01-08T05:32:56.068Z,0.99,30-60s,18,0,152,51
2026-01-08T05:32:56.068Z,0.99,60-300s,52,0,11737,585
2026-01-08T05:32:56.068Z,0.99,5-15m,38,0,16739,1543
2026-01-08T05:32:56.068Z,0.99,15-60m,16,0,60,13
2026-01-08T05:32:56.068Z,0.995,0-5s,13,2,25,7
2026-01-08T05:32:56.068Z,0.995,5-15s,494,2,1461,6
2026-01-08T05:32:56.068Z,0.995,15-30s,209,0,4787,25
2026-01-08T05:32:56.068Z,0.995,30-60s,18,0,152,51
2026-01-08T05:32:56.068Z,0.995,60-300s,63,0,11737,586
2026-01-08T05:32:56.068Z,0.995,5-15m,38,0,16739,1543
2026-01-08T05:32:56.068Z,0.995,15-60m,16,0,60,13
2026-01-08T05:33:56.070Z,0.9,0-5s,10,10,10,1
2026-01-08T05:33:56.070Z,0.9,5-15s,2,2,2,1
2026-01-08T05:33:56.070Z,0.9,15-30s,5,5,5,1
2026-01-08T05:33:56.070Z,0.9,30-60s,7,6,9,3
2026-01-08T05:33:56.070Z,0.9,60-300s,8,1,20,3
2026-01-08T05:33:56.070Z,0.9,5-15m,25,0,43,6
2026-01-08T05:33:56.070Z,0.95,0-5s,8,6,10,2
2026-01-08T05:33:56.070Z,0.95,5-15s,2,2,2,1
2026-01-08T05:33:56.070Z,0.95,15-30s,10,0,49,7
2026-01-08T05:33:56.070Z,0.95,30-60s,6,3,9,5
2026-01-08T05:33:56.070Z,0.95,60-300s,97,0,1996,36
2026-01-08T05:33:56.070Z,0.95,5-15m,118,0,8995,90
2026-01-08T05:33:56.070Z,0.95,15-60m,6,6,6,1
2026-01-08T05:33:56.070Z,0.98,0-5s,13,2,25,6
2026-01-08T05:33:56.070Z,0.98,5-15s,190,2,548,3
2026-01-08T05:33:56.070Z,0.98,15-30s,20,0,76,21
2026-01-08T05:33:56.070Z,0.98,30-60s,16,0,152,37
2026-01-08T05:33:56.070Z,0.98,60-300s,32,0,1996,267
2026-01-08T05:33:56.070Z,0.98,5-15m,47,0,16739,661
2026-01-08T05:33:56.070Z,0.98,15-60m,14,2,35,3
2026-01-08T05:33:56.070Z,0.985,0-5s,13,2,25,6
2026-01-08T05:33:56.070Z,0.985,5-15s,312,2,677,4
2026-01-08T05:33:56.070Z,0.985,15-30s,20,0,76,21
2026-01-08T05:33:56.070Z,0.985,30-60s,15,0,152,39
2026-01-08T05:33:56.070Z,0.985,60-300s,32,0,1996,272
2026-01-08T05:33:56.070Z,0.985,5-15m,47,0,16739,671
2026-01-08T05:33:56.070Z,0.985,15-60m,14,2,35,3
2026-01-08T05:33:56.070Z,0.99,0-5s,13,2,25,7
2026-01-08T05:33:56.070Z,0.99,5-15s,312,2,677,4
2026-01-08T05:33:56.070Z,0.99,15-30s,18,0,76,24
2026-01-08T05:33:56.070Z,0.99,30-60s,18,0,152,51
2026-01-08T05:33:56.070Z,0.99,60-300s,52,0,11737,585
2026-01-08T05:33:56.070Z,0.99,5-15m,38,0,16739,1552
2026-01-08T05:33:56.070Z,0.99,15-60m,16,0,60,13
2026-01-08T05:33:56.070Z,0.995,0-5s,13,2,25,7
2026-01-08T05:33:56.070Z,0.995,5-15s,494,2,1461,6
2026-01-08T05:33:56.070Z,0.995,15-30s,209,0,4787,25
2026-01-08T05:33:56.070Z,0.995,30-60s,18,0,152,51
2026-01-08T05:33:56.070Z,0.995,60-300s,63,0,11737,586
2026-01-08T05:33:56.070Z,0.995,5-15m,38,0,16739,1552
2026-01-08T05:33:56.070Z,0.995,15-60m,16,0,60,13
2026-01-08T05:34:56.071Z,0.9,0-5s,10,10,10,1
2026-01-08T05:34:56.071Z,0.9,5-15s,2,2,2,1
2026-01-08T05:34:56.071Z,0.9,15-30s,5,5,5,1
2026-01-08T05:34:56.071Z,0.9,30-60s,7,6,9,3
2026-01-08T05:34:56.071Z,0.9,60-300s,8,1,20,3
2026-01-08T05:34:56.071Z,0.9,5-15m,25,0,43,6
2026-01-08T05:34:56.071Z,0.95,0-5s,8,6,10,2
2026-01-08T05:34:56.071Z,0.95,5-15s,2,2,2,1
2026-01-08T05:34:56.071Z,0.95,15-30s,10,0,49,7
2026-01-08T05:34:56.071Z,0.95,30-60s,6,3,9,5
2026-01-08T05:34:56.071Z,0.95,60-300s,97,0,1996,36
2026-01-08T05:34:56.071Z,0.95,5-15m,118,0,8995,90
2026-01-08T05:34:56.071Z,0.95,15-60m,6,6,6,1
2026-01-08T05:34:56.071Z,0.98,0-5s,13,2,25,6
2026-01-08T05:34:56.071Z,0.98,5-15s,190,2,548,3
2026-01-08T05:34:56.071Z,0.98,15-30s,20,0,76,21
2026-01-08T05:34:56.071Z,0.98,30-60s,16,0,152,37
2026-01-08T05:34:56.071Z,0.98,60-300s,32,0,1996,267
2026-01-08T05:34:56.071Z,0.98,5-15m,47,0,16739,662
2026-01-08T05:34:56.071Z,0.98,15-60m,14,2,35,3
2026-01-08T05:34:56.071Z,0.985,0-5s,13,2,25,6
2026-01-08T05:34:56.071Z,0.985,5-15s,312,2,677,4
2026-01-08T05:34:56.071Z,0.985,15-30s,20,0,76,21
2026-01-08T05:34:56.071Z,0.985,30-60s,15,0,152,39
2026-01-08T05:34:56.071Z,0.985,60-300s,32,0,1996,272
2026-01-08T05:34:56.071Z,0.985,5-15m,47,0,16739,672
2026-01-08T05:34:56.071Z,0.985,15-60m,14,2,35,3
2026-01-08T05:34:56.071Z,0.99,0-5s,13,2,25,7
2026-01-08T05:34:56.071Z,0.99,5-15s,312,2,677,4
2026-01-08T05:34:56.071Z,0.99,15-30s,18,0,76,24
2026-01-08T05:34:56.071Z,0.99,30-60s,18,0,152,51
2026-01-08T05:34:56.071Z,0.99,60-300s,52,0,11737,585
2026-01-08T05:34:56.071Z,0.99,5-15m,38,0,16739,1558
2026-01-08T05:34:56.071Z,0.99,15-60m,16,0,60,13
2026-01-08T05:34:56.071Z,0.995,0-5s,13,2,25,7
2026-01-08T05:34:56.071Z,0.995,5-15s,494,2,1461,6
2026-01-08T05:34:56.071Z,0.995,15-30s,209,0,4787,25
2026-01-08T05:34:56.071Z,0.995,30-60s,18,0,152,51
2026-01-08T05:34:56.071Z,0.995,60-300s,63,0,11737,586
2026-01-08T05:34:56.071Z,0.995,5-15m,38,0,16739,1558
2026-01-08T05:34:56.071Z,0.995,15-60m,16,0,60,13
2026-01-08T05:35:56.071Z,0.9,0-5s,10,10,10,1
2026-01-08T05:35:56.071Z,0.9,5-15s,2,2,2,1
2026-01-08T05:35:56.071Z,0.9,15-30s,5,5,5,1
2026-01-08T05:35:56.071Z,0.9,30-60s,7,6,9,3
2026-01-08T05:35:56.071Z,0.9,60-300s,8,1,20,3
2026-01-08T05:35:56.071Z,0.9,5-15m,25,0,43,6
2026-01-08T05:35:56.071Z,0.95,0-5s,8,6,10,2
2026-01-08T05:35:56.071Z,0.95,5-15s,2,2,2,1
2026-01-08T05:35:56.071Z,0.95,15-30s,10,0,49,7
2026-01-08T05:35:56.071Z,0.95,30-60s,6,3,9,5
2026-01-08T05:35:56.071Z,0.95,60-300s,97,0,1996,36
2026-01-08T05:35:56.071Z,0.95,5-15m,116,0,8995,91
2026-01-08T05:35:56.071Z,0.95,15-60m,6,6,6,1
2026-01-08T05:35:56.071Z,0.98,0-5s,13,2,25,6
2026-01-08T05:35:56.071Z,0.98,5-15s,190,2,548,3
2026-01-08T05:35:56.071Z,0.98,15-30s,20,0,76,21
2026-01-08T05:35:56.071Z,0.98,30-60s,16,0,152,37
2026-01-08T05:35:56.071Z,0.98,60-300s,32,0,1996,267
2026-01-08T05:35:56.071Z,0.98,5-15m,47,0,16739,663
2026-01-08T05:35:56.071Z,0.98,15-60m,14,2,35,3
2026-01-08T05:35:56.071Z,0.985,0-5s,13,2,25,6
2026-01-08T05:35:56.071Z,0.985,5-15s,312,2,677,4
2026-01-08T05:35:56.071Z,0.985,15-30s,20,0,76,21
2026-01-08T05:35:56.071Z,0.985,30-60s,15,0,152,39
2026-01-08T05:35:56.071Z,0.985,60-300s,32,0,1996,272
2026-01-08T05:35:56.071Z,0.985,5-15m,47,0,16739,673
2026-01-08T05:35:56.071Z,0.985,15-60m,14,2,35,3
2026-01-08T05:35:56.071Z,0.99,0-5s,13,2,25,7
2026-01-08T05:35:56.071Z,0.99,5-15s,312,2,677,4
2026-01-08T05:35:56.071Z,0.99,15-30s,18,0,76,24
2026-01-08T05:35:56.071Z,0.99,30-60s,18,0,152,51
2026-01-08T05:35:56.071Z,0.99,60-300s,52,0,11737,585
2026-01-08T05:35:56.071Z,0.99,5-15m,38,0,16739,1562
2026-01-08T05:35:56.071Z,0.99,15-60m,16,0,60,13
2026-01-08T05:35:56.071Z,0.995,0-5s,13,2,25,7
2026-01-08T05:35:56.071Z,0.995,5-15s,494,2,1461,6
2026-01-08T05:35:56.071Z,0.995,15-30s,209,0,4787,25
2026-01-08T05:35:56.071Z,0.995,30-60s,18,0,152,51
2026-01-08T05:35:56.071Z,0.995,60-300s,63,0,11737,586
2026-01-08T05:35:56.071Z,0.995,5-15m,38,0,16739,1562
2026-01-08T05:35:56.071Z,0.995,15-60m,16,0,60,13
2026-01-08T05:36:56.073Z,0.9,0-5s,10,10,10,1
2026-01-08T05:36:56.073Z,0.9,5-15s,2,2,2,1
2026-01-08T05:36:56.073Z,0.9,15-30s,5,5,5,1
2026-01-08T05:36:56.073Z,0.9,30-60s,7,6,9,3
2026-01-08T05:36:56.073Z,0.9,60-300s,8,1,20,3
2026-01-08T05:36:56.073Z,0.9,5-15m,26,0,43,7
2026-01-08T05:36:56.073Z,0.95,0-5s,8,6,10,2
2026-01-08T05:36:56.073Z,0.95,5-15s,2,2,2,1
2026-01-08T05:36:56.073Z,0.95,15-30s,10,0,49,7
2026-01-08T05:36:56.073Z,0.95,30-60s,6,3,9,5
2026-01-08T05:36:56.073Z,0.95,60-300s,97,0,1996,36
2026-01-08T05:36:56.073Z,0.95,5-15m,113,0,8995,95
2026-01-08T05:36:56.073Z,0.95,15-60m,6,6,6,1
2026-01-08T05:36:56.073Z,0.98,0-5s,13,2,25,6
2026-01-08T05:36:56.073Z,0.98,5-15s,190,2,548,3
2026-01-08T05:36:56.073Z,0.98,15-30s,20,0,76,21
2026-01-08T05:36:56.073Z,0.98,30-60s,16,0,152,37
2026-01-08T05:36:56.073Z,0.98,60-300s,32,0,1996,267
2026-01-08T05:36:56.073Z,0.98,5-15m,47,0,16739,672
2026-01-08T05:36:56.073Z,0.98,15-60m,14,2,35,3
2026-01-08T05:36:56.073Z,0.985,0-5s,13,2,25,6
2026-01-08T05:36:56.073Z,0.985,5-15s,312,2,677,4
2026-01-08T05:36:56.073Z,0.985,15-30s,20,0,76,21
2026-01-08T05:36:56.073Z,0.985,30-60s,15,0,152,39
2026-01-08T05:36:56.073Z,0.985,60-300s,32,0,1996,272
2026-01-08T05:36:56.073Z,0.985,5-15m,46,0,16739,682
2026-01-08T05:36:56.073Z,0.985,15-60m,14,2,35,3
2026-01-08T05:36:56.073Z,0.99,0-5s,13,2,25,7
2026-01-08T05:36:56.073Z,0.99,5-15s,312,2,677,4
2026-01-08T05:36:56.073Z,0.99,15-30s,18,0,76,24
2026-01-08T05:36:56.073Z,0.99,30-60s,18,0,152,51
2026-01-08T05:36:56.073Z,0.99,60-300s,52,0,11737,585
2026-01-08T05:36:56.073Z,0.99,5-15m,38,0,16739,1585
2026-01-08T05:36:56.073Z,0.99,15-60m,16,0,60,13
2026-01-08T05:36:56.073Z,0.995,0-5s,13,2,25,7
2026-01-08T05:36:56.073Z,0.995,5-15s,494,2,1461,6
2026-01-08T05:36:56.073Z,0.995,15-30s,209,0,4787,25
2026-01-08T05:36:56.073Z,0.995,30-60s,18,0,152,51
2026-01-08T05:36:56.073Z,0.995,60-300s,63,0,11737,586
2026-01-08T05:36:56.073Z,0.995,5-15m,38,0,16739,1585
2026-01-08T05:36:56.073Z,0.995,15-60m,16,0,60,13
2026-01-08T05:37:56.075Z,0.9,0-5s,10,10,10,1
2026-01-08T05:37:56.075Z,0.9,5-15s,2,2,2,1
2026-01-08T05:37:56.075Z,0.9,15-30s,5,5,5,1
2026-01-08T05:37:56.075Z,0.9,30-60s,7,6,9,3
2026-01-08T05:37:56.075Z,0.9,60-300s,8,1,20,3
2026-01-08T05:37:56.075Z,0.9,5-15m,26,0,43,7
2026-01-08T05:37:56.075Z,0.95,0-5s,8,6,10,2
2026-01-08T05:37:56.075Z,0.95,5-15s,2,2,2,1
2026-01-08T05:37:56.075Z,0.95,15-30s,10,0,49,7
2026-01-08T05:37:56.075Z,0.95,30-60s,6,3,9,5
2026-01-08T05:37:56.075Z,0.95,60-300s,97,0,1996,36
2026-01-08T05:37:56.075Z,0.95,5-15m,111,0,8995,97
2026-01-08T05:37:56.075Z,0.95,15-60m,6,6,6,1
2026-01-08T05:37:56.075Z,0.98,0-5s,13,2,25,6
2026-01-08T05:37:56.075Z,0.98,5-15s,190,2,548,3
2026-01-08T05:37:56.075Z,0.98,15-30s,20,0,76,21
2026-01-08T05:37:56.075Z,0.98,30-60s,16,0,152,37
2026-01-08T05:37:56.075Z,0.98,60-300s,32,0,1996,267
2026-01-08T05:37:56.075Z,0.98,5-15m,46,0,16739,678
2026-01-08T05:37:56.075Z,0.98,15-60m,14,2,35,3
2026-01-08T05:37:56.075Z,0.985,0-5s,13,2,25,6
2026-01-08T05:37:56.075Z,0.985,5-15s,312,2,677,4
2026-01-08T05:37:56.075Z,0.985,15-30s,20,0,76,21
2026-01-08T05:37:56.075Z,0.985,30-60s,15,0,152,39
2026-01-08T05:37:56.075Z,0.985,60-300s,32,0,1996,272
2026-01-08T05:37:56.075Z,0.985,5-15m,46,0,16739,688
2026-01-08T05:37:56.075Z,0.985,15-60m,14,2,35,3
2026-01-08T05:37:56.075Z,0.99,0-5s,13,2,25,7
2026-01-08T05:37:56.075Z,0.99,5-15s,312,2,677,4
2026-01-08T05:37:56.075Z,0.99,15-30s,18,0,76,24
2026-01-08T05:37:56.075Z,0.99,30-60s,18,0,152,51
2026-01-08T05:37:56.075Z,0.99,60-300s,52,0,11737,585
2026-01-08T05:37:56.075Z,0.99,5-15m,37,0,16739,1602
2026-01-08T05:37:56.075Z,0.99,15-60m,16,0,60,13
2026-01-08T05:37:56.075Z,0.995,0-5s,13,2,25,7
2026-01-08T05:37:56.075Z,0.995,5-15s,494,2,1461,6
2026-01-08T05:37:56.075Z,0.995,15-30s,209,0,4787,25
2026-01-08T05:37:56.075Z,0.995,30-60s,18,0,152,51
2026-01-08T05:37:56.075Z,0.995,60-300s,63,0,11737,586
2026-01-08T05:37:56.075Z,0.995,5-15m,37,0,16739,1602
2026-01-08T05:37:56.075Z,0.995,15-60m,16,0,60,13
2026-01-08T05:38:56.075Z,0.9,0-5s,10,10,10,1
2026-01-08T05:38:56.075Z,0.9,5-15s,2,2,2,1
2026-01-08T05:38:56.075Z,0.9,15-30s,5,5,5,1
2026-01-08T05:38:56.075Z,0.9,30-60s,7,6,9,3
2026-01-08T05:38:56.075Z,0.9,60-300s,8,1,20,3
2026-01-08T05:38:56.075Z,0.9,5-15m,26,0,43,7
2026-01-08T05:38:56.075Z,0.95,0-5s,8,6,10,2
2026-01-08T05:38:56.075Z,0.95,5-15s,2,2,2,1
2026-01-08T05:38:56.075Z,0.95,15-30s,10,0,49,7
2026-01-08T05:38:56.075Z,0.95,30-60s,6,3,9,5
2026-01-08T05:38:56.075Z,0.95,60-300s,97,0,1996,36
2026-01-08T05:38:56.075Z,0.95,5-15m,110,0,8995,98
2026-01-08T05:38:56.075Z,0.95,15-60m,6,6,6,1
2026-01-08T05:38:56.075Z,0.98,0-5s,13,2,25,6
2026-01-08T05:38:56.075Z,0.98,5-15s,190,2,548,3
2026-01-08T05:38:56.075Z,0.98,15-30s,20,0,76,21
2026-01-08T05:38:56.075Z,0.98,30-60s,16,0,152,37
2026-01-08T05:38:56.075Z,0.98,60-300s,32,0,1996,267
2026-01-08T05:38:56.075Z,0.98,5-15m,46,0,16739,685
2026-01-08T05:38:56.075Z,0.98,15-60m,14,2,35,3
2026-01-08T05:38:56.075Z,0.985,0-5s,13,2,25,6
2026-01-08T05:38:56.075Z,0.985,5-15s,312,2,677,4
2026-01-08T05:38:56.075Z,0.985,15-30s,20,0,76,21
2026-01-08T05:38:56.075Z,0.985,30-60s,15,0,152,39
2026-01-08T05:38:56.075Z,0.985,60-300s,32,0,1996,272
2026-01-08T05:38:56.075Z,0.985,5-15m,46,0,16739,695
2026-01-08T05:38:56.075Z,0.985,15-60m,14,2,35,3
2026-01-08T05:38:56.075Z,0.99,0-5s,13,2,25,7
2026-01-08T05:38:56.075Z,0.99,5-15s,312,2,677,4
2026-01-08T05:38:56.075Z,0.99,15-30s,18,0,76,24
2026-01-08T05:38:56.075Z,0.99,30-60s,18,0,152,51
2026-01-08T05:38:56.075Z,0.99,60-300s,52,0,11737,585
2026-01-08T05:38:56.075Z,0.99,5-15m,38,0,16739,1616
2026-01-08T05:38:56.075Z,0.99,15-60m,16,0,60,13
2026-01-08T05:38:56.075Z,0.995,0-5s,13,2,25,7
2026-01-08T05:38:56.075Z,0.995,5-15s,494,2,1461,6
2026-01-08T05:38:56.075Z,0.995,15-30s,209,0,4787,25
2026-01-08T05:38:56.075Z,0.995,30-60s,18,0,152,51
2026-01-08T05:38:56.075Z,0.995,60-300s,63,0,11737,586
2026-01-08T05:38:56.075Z,0.995,5-15m,38,0,16739,1616
2026-01-08T05:38:56.075Z,0.995,15-60m,16,0,60,13
2026-01-08T05:39:56.074Z,0.9,0-5s,10,10,10,1
2026-01-08T05:39:56.074Z,0.9,5-15s,2,2,2,1
2026-01-08T05:39:56.074Z,0.9,15-30s,5,5,5,1
2026-01-08T05:39:56.074Z,0.9,30-60s,7,6,9,3
2026-01-08T05:39:56.074Z,0.9,60-300s,8,1,20,3
2026-01-08T05:39:56.074Z,0.9,5-15m,26,0,43,7
2026-01-08T05:39:56.074Z,0.95,0-5s,8,6,10,2
2026-01-08T05:39:56.074Z,0.95,5-15s,2,2,2,1
2026-01-08T05:39:56.074Z,0.95,15-30s,10,0,49,7
2026-01-08T05:39:56.074Z,0.95,30-60s,6,3,9,5
2026-01-08T05:39:56.074Z,0.95,60-300s,97,0,1996,36
2026-01-08T05:39:56.074Z,0.95,5-15m,109,0,8995,99
2026-01-08T05:39:56.074Z,0.95,15-60m,6,6,6,1
2026-01-08T05:39:56.074Z,0.98,0-5s,13,2,25,6
2026-01-08T05:39:56.074Z,0.98,5-15s,190,2,548,3
2026-01-08T05:39:56.074Z,0.98,15-30s,20,0,76,21
2026-01-08T05:39:56.074Z,0.98,30-60s,16,0,152,37
2026-01-08T05:39:56.074Z,0.98,60-300s,32,0,1996,267
2026-01-08T05:39:56.074Z,0.98,5-15m,46,0,16739,688
2026-01-08T05:39:56.074Z,0.98,15-60m,14,2,35,3
2026-01-08T05:39:56.074Z,0.985,0-5s,13,2,25,6
2026-01-08T05:39:56.074Z,0.985,5-15s,312,2,677,4
2026-01-08T05:39:56.074Z,0.985,15-30s,20,0,76,21
2026-01-08T05:39:56.074Z,0.985,30-60s,15,0,152,39
2026-01-08T05:39:56.074Z,0.985,60-300s,32,0,1996,272
2026-01-08T05:39:56.074Z,0.985,5-15m,46,0,16739,698
2026-01-08T05:39:56.074Z,0.985,15-60m,14,2,35,3
2026-01-08T05:39:56.074Z,0.99,0-5s,13,2,25,7
2026-01-08T05:39:56.074Z,0.99,5-15s,312,2,677,4
2026-01-08T05:39:56.074Z,0.99,15-30s,18,0,76,24
2026-01-08T05:39:56.074Z,0.99,30-60s,18,0,152,51
2026-01-08T05:39:56.074Z,0.99,60-300s,52,0,11737,585
2026-01-08T05:39:56.074Z,0.99,5-15m,37,0,16739,1629
2026-01-08T05:39:56.074Z,0.99,15-60m,16,0,60,13
2026-01-08T05:39:56.074Z,0.995,0-5s,13,2,25,7
2026-01-08T05:39:56.074Z,0.995,5-15s,494,2,1461,6
2026-01-08T05:39:56.074Z,0.995,15-30s,209,0,4787,25
2026-01-08T05:39:56.074Z,0.995,30-60s,18,0,152,51
2026-01-08T05:39:56.074Z,0.995,60-300s,63,0,11737,586
2026-01-08T05:39:56.074Z,0.995,5-15m,37,0,16739,1629
2026-01-08T05:39:56.074Z,0.995,15-60m,16,0,60,13
2026-01-08T05:40:56.076Z,0.9,0-5s,10,10,10,1
2026-01-08T05:40:56.076Z,0.9,5-15s,2,2,2,1
2026-01-08T05:40:56.076Z,0.9,15-30s,5,5,5,1
2026-01-08T05:40:56.076Z,0.9,30-60s,7,6,9,3
2026-01-08T05:40:56.076Z,0.9,60-300s,8,1,20,3
2026-01-08T05:40:56.076Z,0.9,5-15m,26,0,43,7
2026-01-08T05:40:56.076Z,0.95,0-5s,8,6,10,2
2026-01-08T05:40:56.076Z,0.95,5-15s,2,2,2,1
2026-01-08T05:40:56.076Z,0.95,15-30s,10,0,49,7
2026-01-08T05:40:56.076Z,0.95,30-60s,6,3,9,5
2026-01-08T05:40:56.076Z,0.95,60-300s,94,0,1996,37
2026-01-08T05:40:56.076Z,0.95,5-15m,109,0,8995,99
2026-01-08T05:40:56.076Z,0.95,15-60m,6,6,6,1
2026-01-08T05:40:56.076Z,0.98,0-5s,13,2,25,6
2026-01-08T05:40:56.076Z,0.98,5-15s,190,2,548,3
2026-01-08T05:40:56.076Z,0.98,15-30s,20,0,76,21
2026-01-08T05:40:56.076Z,0.98,30-60s,16,0,152,37
2026-01-08T05:40:56.076Z,0.98,60-300s,31,0,1996,274
2026-01-08T05:40:56.076Z,0.98,5-15m,46,0,16739,688
2026-01-08T05:40:56.076Z,0.98,15-60m,14,2,35,3
2026-01-08T05:40:56.076Z,0.985,0-5s,13,2,25,6
2026-01-08T05:40:56.076Z,0.985,5-15s,312,2,677,4
2026-01-08T05:40:56.076Z,0.985,15-30s,20,0,76,21
2026-01-08T05:40:56.076Z,0.985,30-60s,15,0,152,39
2026-01-08T05:40:56.076Z,0.985,60-300s,31,0,1996,279
2026-01-08T05:40:56.076Z,0.985,5-15m,46,0,16739,698
2026-01-08T05:40:56.076Z,0.985,15-60m,14,2,35,3
2026-01-08T05:40:56.076Z,0.99,0-5s,13,2,25,7
2026-01-08T05:40:56.076Z,0.99,5-15s,312,2,677,4
2026-01-08T05:40:56.076Z,0.99,15-30s,18,0,76,24
2026-01-08T05:40:56.076Z,0.99,30-60s,18,0,152,51
2026-01-08T05:40:56.076Z,0.99,60-300s,51,0,11737,596
2026-01-08T05:40:56.076Z,0.99,5-15m,37,0,16739,1630
2026-01-08T05:40:56.076Z,0.99,15-60m,16,0,60,13
2026-01-08T05:40:56.076Z,0.995,0-5s,13,2,25,7
2026-01-08T05:40:56.076Z,0.995,5-15s,494,2,1461,6
2026-01-08T05:40:56.076Z,0.995,15-30s,209,0,4787,25
2026-01-08T05:40:56.076Z,0.995,30-60s,18,0,152,51
2026-01-08T05:40:56.076Z,0.995,60-300s,62,0,11737,597
2026-01-08T05:40:56.076Z,0.995,5-15m,37,0,16739,1630
2026-01-08T05:40:56.076Z,0.995,15-60m,16,0,60,13
2026-01-08T05:41:56.077Z,0.9,0-5s,10,10,10,1
2026-01-08T05:41:56.077Z,0.9,5-15s,2,2,2,1
2026-01-08T05:41:56.077Z,0.9,15-30s,5,5,5,1
2026-01-08T05:41:56.077Z,0.9,30-60s,7,6,9,3
2026-01-08T05:41:56.077Z,0.9,60-300s,8,1,20,3
2026-01-08T05:41:56.077Z,0.9,5-15m,26,0,43,7
2026-01-08T05:41:56.077Z,0.95,0-5s,8,6,10,2
2026-01-08T05:41:56.077Z,0.95,5-15s,2,2,2,1
2026-01-08T05:41:56.077Z,0.95,15-30s,10,0,49,7
2026-01-08T05:41:56.077Z,0.95,30-60s,6,3,9,5
2026-01-08T05:41:56.077Z,0.95,60-300s,87,0,1996,40
2026-01-08T05:41:56.077Z,0.95,5-15m,109,0,8995,99
2026-01-08T05:41:56.077Z,0.95,15-60m,6,6,6,1
2026-01-08T05:41:56.077Z,0.98,0-5s,13,2,25,6
2026-01-08T05:41:56.077Z,0.98,5-15s,190,2,548,3
2026-01-08T05:41:56.077Z,0.98,15-30s,20,0,76,21
2026-01-08T05:41:56.077Z,0.98,30-60s,16,0,152,37
2026-01-08T05:41:56.077Z,0.98,60-300s,31,0,1996,286
2026-01-08T05:41:56.077Z,0.98,5-15m,46,0,16739,688
2026-01-08T05:41:56.077Z,0.98,15-60m,14,2,35,3
2026-01-08T05:41:56.077Z,0.985,0-5s,13,2,25,6
2026-01-08T05:41:56.077Z,0.985,5-15s,312,2,677,4
2026-01-08T05:41:56.077Z,0.985,15-30s,20,0,76,21
2026-01-08T05:41:56.077Z,0.985,30-60s,15,0,152,39
2026-01-08T05:41:56.077Z,0.985,60-300s,31,0,1996,291
2026-01-08T05:41:56.077Z,0.985,5-15m,46,0,16739,698
2026-01-08T05:41:56.077Z,0.985,15-60m,14,2,35,3
2026-01-08T05:41:56.077Z,0.99,0-5s,13,2,25,7
2026-01-08T05:41:56.077Z,0.99,5-15s,312,2,677,4
2026-01-08T05:41:56.077Z,0.99,15-30s,18,0,76,24
2026-01-08T05:41:56.077Z,0.99,30-60s,18,0,152,51
2026-01-08T05:41:56.077Z,0.99,60-300s,50,0,11737,618
2026-01-08T05:41:56.077Z,0.99,5-15m,37,0,16739,1630
2026-01-08T05:41:56.077Z,0.99,15-60m,16,0,60,13
2026-01-08T05:41:56.077Z,0.995,0-5s,13,2,25,7
2026-01-08T05:41:56.077Z,0.995,5-15s,494,2,1461,6
2026-01-08T05:41:56.077Z,0.995,15-30s,209,0,4787,25
2026-01-08T05:41:56.077Z,0.995,30-60s,18,0,152,51
2026-01-08T05:41:56.077Z,0.995,60-300s,61,0,11737,619
2026-01-08T05:41:56.077Z,0.995,5-15m,37,0,16739,1630
2026-01-08T05:41:56.077Z,0.995,15-60m,16,0,60,13
2026-01-08T05:42:56.078Z,0.9,0-5s,10,10,10,1
2026-01-08T05:42:56.078Z,0.9,5-15s,2,2,2,1
2026-01-08T05:42:56.078Z,0.9,15-30s,5,5,5,1
2026-01-08T05:42:56.078Z,0.9,30-60s,7,6,9,3
2026-01-08T05:42:56.078Z,0.9,60-300s,8,1,20,3
2026-01-08T05:42:56.078Z,0.9,5-15m,26,0,43,7
2026-01-08T05:42:56.078Z,0.95,0-5s,8,6,10,2
2026-01-08T05:42:56.078Z,0.95,5-15s,2,2,2,1
2026-01-08T05:42:56.078Z,0.95,15-30s,10,0,49,7
2026-01-08T05:42:56.078Z,0.95,30-60s,6,3,9,5
2026-01-08T05:42:56.078Z,0.95,60-300s,87,0,1996,40
2026-01-08T05:42:56.078Z,0.95,5-15m,109,0,8995,99
2026-01-08T05:42:56.078Z,0.95,15-60m,6,6,6,1
2026-01-08T05:42:56.078Z,0.98,0-5s,13,2,25,6
2026-01-08T05:42:56.078Z,0.98,5-15s,190,2,548,3
2026-01-08T05:42:56.078Z,0.98,15-30s,20,0,76,21
2026-01-08T05:42:56.078Z,0.98,30-60s,16,0,152,37
2026-01-08T05:42:56.078Z,0.98,60-300s,30,0,1996,288
2026-01-08T05:42:56.078Z,0.98,5-15m,46,0,16739,688
2026-01-08T05:42:56.078Z,0.98,15-60m,14,2,35,3
2026-01-08T05:42:56.078Z,0.985,0-5s,13,2,25,6
2026-01-08T05:42:56.078Z,0.985,5-15s,312,2,677,4
2026-01-08T05:42:56.078Z,0.985,15-30s,20,0,76,21
2026-01-08T05:42:56.078Z,0.985,30-60s,15,0,152,39
2026-01-08T05:42:56.078Z,0.985,60-300s,31,0,1996,293
2026-01-08T05:42:56.078Z,0.985,5-15m,46,0,16739,698
2026-01-08T05:42:56.078Z,0.985,15-60m,14,2,35,3
2026-01-08T05:42:56.078Z,0.99,0-5s,13,2,25,7
2026-01-08T05:42:56.078Z,0.99,5-15s,312,2,677,4
2026-01-08T05:42:56.078Z,0.99,15-30s,18,0,76,24
2026-01-08T05:42:56.078Z,0.99,30-60s,18,0,152,51
2026-01-08T05:42:56.078Z,0.99,60-300s,50,0,11737,622
2026-01-08T05:42:56.078Z,0.99,5-15m,37,0,16739,1630
2026-01-08T05:42:56.078Z,0.99,15-60m,16,0,60,13
2026-01-08T05:42:56.078Z,0.995,0-5s,13,2,25,7
2026-01-08T05:42:56.078Z,0.995,5-15s,494,2,1461,6
2026-01-08T05:42:56.078Z,0.995,15-30s,209,0,4787,25
2026-01-08T05:42:56.078Z,0.995,30-60s,18,0,152,51
2026-01-08T05:42:56.078Z,0.995,60-300s,60,0,11737,623
2026-01-08T05:42:56.078Z,0.995,5-15m,37,0,16739,1630
2026-01-08T05:42:56.078Z,0.995,15-60m,16,0,60,13
2026-01-08T05:43:56.077Z,0.9,0-5s,10,10,10,1
2026-01-08T05:43:56.077Z,0.9,5-15s,2,2,2,1
2026-01-08T05:43:56.077Z,0.9,15-30s,5,5,5,1
2026-01-08T05:43:56.077Z,0.9,30-60s,7,6,9,3
2026-01-08T05:43:56.077Z,0.9,60-300s,8,1,20,3
2026-01-08T05:43:56.077Z,0.9,5-15m,26,0,43,7
2026-01-08T05:43:56.077Z,0.95,0-5s,8,6,10,2
2026-01-08T05:43:56.077Z,0.95,5-15s,2,2,2,1
2026-01-08T05:43:56.077Z,0.95,15-30s,10,0,49,7
2026-01-08T05:43:56.077Z,0.95,30-60s,6,3,9,5
2026-01-08T05:43:56.077Z,0.95,60-300s,87,0,1996,40
2026-01-08T05:43:56.077Z,0.95,5-15m,109,0,8995,99
2026-01-08T05:43:56.077Z,0.95,15-60m,6,6,6,1
2026-01-08T05:43:56.077Z,0.98,0-5s,13,2,25,6
2026-01-08T05:43:56.077Z,0.98,5-15s,190,2,548,3
2026-01-08T05:43:56.077Z,0.98,15-30s,20,0,76,21
2026-01-08T05:43:56.077Z,0.98,30-60s,16,0,152,37
2026-01-08T05:43:56.077Z,0.98,60-300s,30,0,1996,288
2026-01-08T05:43:56.077Z,0.98,5-15m,46,0,16739,688
2026-01-08T05:43:56.077Z,0.98,15-60m,14,2,35,3
2026-01-08T05:43:56.077Z,0.985,0-5s,13,2,25,6
2026-01-08T05:43:56.077Z,0.985,5-15s,312,2,677,4
2026-01-08T05:43:56.077Z,0.985,15-30s,20,0,76,21
2026-01-08T05:43:56.077Z,0.985,30-60s,15,0,152,39
2026-01-08T05:43:56.077Z,0.985,60-300s,31,0,1996,293
2026-01-08T05:43:56.077Z,0.985,5-15m,46,0,16739,698
2026-01-08T05:43:56.077Z,0.985,15-60m,14,2,35,3
2026-01-08T05:43:56.077Z,0.99,0-5s,13,2,25,7
2026-01-08T05:43:56.077Z,0.99,5-15s,312,2,677,4
2026-01-08T05:43:56.077Z,0.99,15-30s,18,0,76,24
2026-01-08T05:43:56.077Z,0.99,30-60s,18,0,152,51
2026-01-08T05:43:56.077Z,0.99,60-300s,50,0,11737,622
2026-01-08T05:43:56.077Z,0.99,5-15m,37,0,16739,1630
2026-01-08T05:43:56.077Z,0.99,15-60m,15,0,60,14
2026-01-08T05:43:56.077Z,0.995,0-5s,13,2,25,7
2026-01-08T05:43:56.077Z,0.995,5-15s,494,2,1461,6
2026-01-08T05:43:56.077Z,0.995,15-30s,209,0,4787,25
2026-01-08T05:43:56.077Z,0.995,30-60s,18,0,152,51
2026-01-08T05:43:56.077Z,0.995,60-300s,60,0,11737,623
2026-01-08T05:43:56.077Z,0.995,5-15m,37,0,16739,1630
2026-01-08T05:43:56.077Z,0.995,15-60m,15,0,60,14
2026-01-08T05:44:56.080Z,0.9,0-5s,10,10,10,1
2026-01-08T05:44:56.080Z,0.9,5-15s,2,2,2,1
2026-01-08T05:44:56.080Z,0.9,15-30s,5,5,5,1
2026-01-08T05:44:56.080Z,0.9,30-60s,7,6,9,3
2026-01-08T05:44:56.080Z,0.9,60-300s,8,1,20,3
2026-01-08T05:44:56.080Z,0.9,5-15m,26,0,43,7
2026-01-08T05:44:56.080Z,0.95,0-5s,8,6,10,2
2026-01-08T05:44:56.080Z,0.95,5-15s,2,2,2,1
2026-01-08T05:44:56.080Z,0.95,15-30s,10,0,49,7
2026-01-08T05:44:56.080Z,0.95,30-60s,6,3,9,5
2026-01-08T05:44:56.080Z,0.95,60-300s,87,0,1996,40
2026-01-08T05:44:56.080Z,0.95,5-15m,109,0,8995,99
2026-01-08T05:44:56.080Z,0.95,15-60m,6,6,6,1
2026-01-08T05:44:56.080Z,0.98,0-5s,13,2,25,6
2026-01-08T05:44:56.080Z,0.98,5-15s,190,2,548,3
2026-01-08T05:44:56.080Z,0.98,15-30s,20,0,76,21
2026-01-08T05:44:56.080Z,0.98,30-60s,16,0,152,37
2026-01-08T05:44:56.080Z,0.98,60-300s,30,0,1996,288
2026-01-08T05:44:56.080Z,0.98,5-15m,46,0,16739,688
2026-01-08T05:44:56.080Z,0.98,15-60m,14,2,35,3
2026-01-08T05:44:56.080Z,0.985,0-5s,13,2,25,6
2026-01-08T05:44:56.080Z,0.985,5-15s,312,2,677,4
2026-01-08T05:44:56.080Z,0.985,15-30s,20,0,76,21
2026-01-08T05:44:56.080Z,0.985,30-60s,15,0,152,39
2026-01-08T05:44:56.080Z,0.985,60-300s,31,0,1996,293
2026-01-08T05:44:56.080Z,0.985,5-15m,46,0,16739,698
2026-01-08T05:44:56.080Z,0.985,15-60m,14,2,35,3
2026-01-08T05:44:56.080Z,0.99,0-5s,13,2,25,7
2026-01-08T05:44:56.080Z,0.99,5-15s,312,2,677,4
2026-01-08T05:44:56.080Z,0.99,15-30s,18,0,76,24
2026-01-08T05:44:56.080Z,0.99,30-60s,18,0,152,51
2026-01-08T05:44:56.080Z,0.99,60-300s,50,0,11737,622
2026-01-08T05:44:56.080Z,0.99,5-15m,37,0,16739,1630
2026-01-08T05:44:56.080Z,0.99,15-60m,15,0,60,14
2026-01-08T05:44:56.080Z,0.995,0-5s,13,2,25,7
2026-01-08T05:44:56.080Z,0.995,5-15s,494,2,1461,6
2026-01-08T05:44:56.080Z,0.995,15-30s,209,0,4787,25
2026-01-08T05:44:56.080Z,0.995,30-60s,18,0,152,51
2026-01-08T05:44:56.080Z,0.995,60-300s,60,0,11737,623
2026-01-08T05:44:56.080Z,0.995,5-15m,37,0,16739,1630
2026-01-08T05:44:56.080Z,0.995,15-60m,15,0,60,14
2026-01-08T05:45:56.078Z,0.9,0-5s,10,10,10,1
2026-01-08T05:45:56.078Z,0.9,5-15s,2,2,2,1
2026-01-08T05:45:56.078Z,0.9,15-30s,5,5,5,1
2026-01-08T05:45:56.078Z,0.9,30-60s,7,6,9,3
2026-01-08T05:45:56.078Z,0.9,60-300s,8,1,20,3
2026-01-08T05:45:56.078Z,0.9,5-15m,26,0,43,7
2026-01-08T05:45:56.078Z,0.95,0-5s,8,6,10,2
2026-01-08T05:45:56.078Z,0.95,5-15s,2,2,2,1
2026-01-08T05:45:56.078Z,0.95,15-30s,10,0,49,7
2026-01-08T05:45:56.078Z,0.95,30-60s,6,3,9,5
2026-01-08T05:45:56.078Z,0.95,60-300s,87,0,1996,40
2026-01-08T05:45:56.078Z,0.95,5-15m,108,0,8995,100
2026-01-08T05:45:56.078Z,0.95,15-60m,6,6,6,1
2026-01-08T05:45:56.078Z,0.98,0-5s,13,2,25,6
2026-01-08T05:45:56.078Z,0.98,5-15s,190,2,548,3
2026-01-08T05:45:56.078Z,0.98,15-30s,20,0,76,21
2026-01-08T05:45:56.078Z,0.98,30-60s,16,0,152,37
2026-01-08T05:45:56.078Z,0.98,60-300s,30,0,1996,288
2026-01-08T05:45:56.078Z,0.98,5-15m,46,0,16739,691
2026-01-08T05:45:56.078Z,0.98,15-60m,14,2,35,3
2026-01-08T05:45:56.078Z,0.985,0-5s,13,2,25,6
2026-01-08T05:45:56.078Z,0.985,5-15s,312,2,677,4
2026-01-08T05:45:56.078Z,0.985,15-30s,20,0,76,21
2026-01-08T05:45:56.078Z,0.985,30-60s,15,0,152,39
2026-01-08T05:45:56.078Z,0.985,60-300s,31,0,1996,293
2026-01-08T05:45:56.078Z,0.985,5-15m,46,0,16739,701
2026-01-08T05:45:56.078Z,0.985,15-60m,14,2,35,3
2026-01-08T05:45:56.078Z,0.99,0-5s,13,2,25,7
2026-01-08T05:45:56.078Z,0.99,5-15s,312,2,677,4
2026-01-08T05:45:56.078Z,0.99,15-30s,18,0,76,24
2026-01-08T05:45:56.078Z,0.99,30-60s,18,0,152,51
2026-01-08T05:45:56.078Z,0.99,60-300s,50,0,11737,622
2026-01-08T05:45:56.078Z,0.99,5-15m,37,0,16739,1638
2026-01-08T05:45:56.078Z,0.99,15-60m,15,0,60,14
2026-01-08T05:45:56.078Z,0.995,0-5s,13,2,25,7
2026-01-08T05:45:56.078Z,0.995,5-15s,494,2,1461,6
2026-01-08T05:45:56.078Z,0.995,15-30s,209,0,4787,25
2026-01-08T05:45:56.078Z,0.995,30-60s,18,0,152,51
2026-01-08T05:45:56.078Z,0.995,60-300s,60,0,11737,623
2026-01-08T05:45:56.078Z,0.995,5-15m,37,0,16739,1638
2026-01-08T05:45:56.078Z,0.995,15-60m,15,0,60,14
2026-01-08T05:46:56.080Z,0.9,0-5s,10,10,10,1
2026-01-08T05:46:56.080Z,0.9,5-15s,2,2,2,1
2026-01-08T05:46:56.080Z,0.9,15-30s,5,5,5,1
2026-01-08T05:46:56.080Z,0.9,30-60s,7,6,9,3
2026-01-08T05:46:56.080Z,0.9,60-300s,8,1,20,3
2026-01-08T05:46:56.080Z,0.9,5-15m,26,0,43,7
2026-01-08T05:46:56.080Z,0.95,0-5s,8,6,10,2
2026-01-08T05:46:56.080Z,0.95,5-15s,2,2,2,1
2026-01-08T05:46:56.080Z,0.95,15-30s,10,0,49,7
2026-01-08T05:46:56.080Z,0.95,30-60s,6,3,9,5
2026-01-08T05:46:56.080Z,0.95,60-300s,87,0,1996,40
2026-01-08T05:46:56.080Z,0.95,5-15m,108,0,8995,100
2026-01-08T05:46:56.080Z,0.95,15-60m,6,6,6,1
2026-01-08T05:46:56.080Z,0.98,0-5s,13,2,25,6
2026-01-08T05:46:56.080Z,0.98,5-15s,190,2,548,3
2026-01-08T05:46:56.080Z,0.98,15-30s,20,0,76,21
2026-01-08T05:46:56.080Z,0.98,30-60s,16,0,152,37
2026-01-08T05:46:56.080Z,0.98,60-300s,30,0,1996,288
2026-01-08T05:46:56.080Z,0.98,5-15m,46,0,16739,696
2026-01-08T05:46:56.080Z,0.98,15-60m,14,2,35,3
2026-01-08T05:46:56.080Z,0.985,0-5s,13,2,25,6
2026-01-08T05:46:56.080Z,0.985,5-15s,312,2,677,4
2026-01-08T05:46:56.080Z,0.985,15-30s,20,0,76,21
2026-01-08T05:46:56.080Z,0.985,30-60s,15,0,152,39
2026-01-08T05:46:56.080Z,0.985,60-300s,31,0,1996,293
2026-01-08T05:46:56.080Z,0.985,5-15m,45,0,16739,706
2026-01-08T05:46:56.080Z,0.985,15-60m,14,2,35,3
2026-01-08T05:46:56.080Z,0.99,0-5s,13,2,25,7
2026-01-08T05:46:56.080Z,0.99,5-15s,312,2,677,4
2026-01-08T05:46:56.080Z,0.99,15-30s,18,0,76,24
2026-01-08T05:46:56.080Z,0.99,30-60s,18,0,152,51
2026-01-08T05:46:56.080Z,0.99,60-300s,50,0,11737,622
2026-01-08T05:46:56.080Z,0.99,5-15m,37,0,16739,1650
2026-01-08T05:46:56.080Z,0.99,15-60m,15,0,60,14
2026-01-08T05:46:56.080Z,0.995,0-5s,13,2,25,7
2026-01-08T05:46:56.080Z,0.995,5-15s,494,2,1461,6
2026-01-08T05:46:56.080Z,0.995,15-30s,209,0,4787,25
2026-01-08T05:46:56.080Z,0.995,30-60s,18,0,152,51
2026-01-08T05:46:56.080Z,0.995,60-300s,60,0,11737,623
2026-01-08T05:46:56.080Z,0.995,5-15m,37,0,16739,1650
2026-01-08T05:46:56.080Z,0.995,15-60m,15,0,60,14
2026-01-08T05:47:56.080Z,0.9,0-5s,10,10,10,1
2026-01-08T05:47:56.080Z,0.9,5-15s,2,2,2,1
2026-01-08T05:47:56.080Z,0.9,15-30s,5,5,5,1
2026-01-08T05:47:56.080Z,0.9,30-60s,7,6,9,3
2026-01-08T05:47:56.080Z,0.9,60-300s,8,1,20,3
2026-01-08T05:47:56.080Z,0.9,5-15m,26,0,43,7
2026-01-08T05:47:56.080Z,0.95,0-5s,8,6,10,2
2026-01-08T05:47:56.080Z,0.95,5-15s,2,2,2,1
2026-01-08T05:47:56.080Z,0.95,15-30s,10,0,49,7
2026-01-08T05:47:56.080Z,0.95,30-60s,6,3,9,5
2026-01-08T05:47:56.080Z,0.95,60-300s,87,0,1996,40
2026-01-08T05:47:56.080Z,0.95,5-15m,108,0,8995,100
2026-01-08T05:47:56.080Z,0.95,15-60m,6,6,6,1
2026-01-08T05:47:56.080Z,0.98,0-5s,13,2,25,6
2026-01-08T05:47:56.080Z,0.98,5-15s,190,2,548,3
2026-01-08T05:47:56.080Z,0.98,15-30s,20,0,76,21
2026-01-08T05:47:56.080Z,0.98,30-60s,16,0,152,37
2026-01-08T05:47:56.080Z,0.98,60-300s,30,0,1996,288
2026-01-08T05:47:56.080Z,0.98,5-15m,46,0,16739,699
2026-01-08T05:47:56.080Z,0.98,15-60m,14,2,35,3
2026-01-08T05:47:56.080Z,0.985,0-5s,13,2,25,6
2026-01-08T05:47:56.080Z,0.985,5-15s,312,2,677,4
2026-01-08T05:47:56.080Z,0.985,15-30s,20,0,76,21
2026-01-08T05:47:56.080Z,0.985,30-60s,15,0,152,39
2026-01-08T05:47:56.080Z,0.985,60-300s,31,0,1996,293
2026-01-08T05:47:56.080Z,0.985,5-15m,45,0,16739,709
2026-01-08T05:47:56.080Z,0.985,15-60m,14,2,35,3
2026-01-08T05:47:56.080Z,0.99,0-5s,13,2,25,7
2026-01-08T05:47:56.080Z,0.99,5-15s,312,2,677,4
2026-01-08T05:47:56.080Z,0.99,15-30s,18,0,76,24
2026-01-08T05:47:56.080Z,0.99,30-60s,18,0,152,51
2026-01-08T05:47:56.080Z,0.99,60-300s,50,0,11737,622
2026-01-08T05:47:56.080Z,0.99,5-15m,37,0,16739,1661
2026-01-08T05:47:56.080Z,0.99,15-60m,15,0,60,14
2026-01-08T05:47:56.080Z,0.995,0-5s,13,2,25,7
2026-01-08T05:47:56.080Z,0.995,5-15s,494,2,1461,6
2026-01-08T05:47:56.080Z,0.995,15-30s,209,0,4787,25
2026-01-08T05:47:56.080Z,0.995,30-60s,18,0,152,51
2026-01-08T05:47:56.080Z,0.995,60-300s,60,0,11737,623
2026-01-08T05:47:56.080Z,0.995,5-15m,37,0,16739,1661
2026-01-08T05:47:56.080Z,0.995,15-60m,15,0,60,14
2026-01-08T05:48:56.079Z,0.9,0-5s,10,10,10,1
2026-01-08T05:48:56.079Z,0.9,5-15s,2,2,2,1
2026-01-08T05:48:56.079Z,0.9,15-30s,5,5,5,1
2026-01-08T05:48:56.079Z,0.9,30-60s,7,6,9,3
2026-01-08T05:48:56.079Z,0.9,60-300s,8,1,20,3
2026-01-08T05:48:56.079Z,0.9,5-15m,26,0,43,7
2026-01-08T05:48:56.079Z,0.95,0-5s,8,6,10,2
2026-01-08T05:48:56.079Z,0.95,5-15s,2,2,2,1
2026-01-08T05:48:56.079Z,0.95,15-30s,10,0,49,7
2026-01-08T05:48:56.079Z,0.95,30-60s,6,3,9,5
2026-01-08T05:48:56.079Z,0.95,60-300s,87,0,1996,40
2026-01-08T05:48:56.079Z,0.95,5-15m,107,0,8995,101
2026-01-08T05:48:56.079Z,0.95,15-60m,6,6,6,1
2026-01-08T05:48:56.079Z,0.98,0-5s,13,2,25,6
2026-01-08T05:48:56.079Z,0.98,5-15s,190,2,548,3
2026-01-08T05:48:56.079Z,0.98,15-30s,20,0,76,21
2026-01-08T05:48:56.079Z,0.98,30-60s,16,0,152,37
2026-01-08T05:48:56.079Z,0.98,60-300s,30,0,1996,288
2026-01-08T05:48:56.079Z,0.98,5-15m,46,0,16739,704
2026-01-08T05:48:56.079Z,0.98,15-60m,14,2,35,3
2026-01-08T05:48:56.079Z,0.985,0-5s,13,2,25,6
2026-01-08T05:48:56.079Z,0.985,5-15s,312,2,677,4
2026-01-08T05:48:56.079Z,0.985,15-30s,20,0,76,21
2026-01-08T05:48:56.079Z,0.985,30-60s,15,0,152,39
2026-01-08T05:48:56.079Z,0.985,60-300s,31,0,1996,293
2026-01-08T05:48:56.079Z,0.985,5-15m,45,0,16739,714
2026-01-08T05:48:56.079Z,0.985,15-60m,14,2,35,3
2026-01-08T05:48:56.079Z,0.99,0-5s,13,2,25,7
2026-01-08T05:48:56.079Z,0.99,5-15s,312,2,677,4
2026-01-08T05:48:56.079Z,0.99,15-30s,18,0,76,24
2026-01-08T05:48:56.079Z,0.99,30-60s,18,0,152,51
2026-01-08T05:48:56.079Z,0.99,60-300s,50,0,11737,622
2026-01-08T05:48:56.079Z,0.99,5-15m,37,0,16739,1671
2026-01-08T05:48:56.079Z,0.99,15-60m,15,0,60,14
2026-01-08T05:48:56.079Z,0.995,0-5s,13,2,25,7
2026-01-08T05:48:56.079Z,0.995,5-15s,494,2,1461,6
2026-01-08T05:48:56.079Z,0.995,15-30s,209,0,4787,25
2026-01-08T05:48:56.079Z,0.995,30-60s,18,0,152,51
2026-01-08T05:48:56.079Z,0.995,60-300s,60,0,11737,623
2026-01-08T05:48:56.079Z,0.995,5-15m,37,0,16739,1671
2026-01-08T05:48:56.079Z,0.995,15-60m,15,0,60,14
2026-01-08T05:49:56.084Z,0.9,0-5s,10,10,10,1
2026-01-08T05:49:56.084Z,0.9,5-15s,2,2,2,1
2026-01-08T05:49:56.084Z,0.9,15-30s,5,5,5,1
2026-01-08T05:49:56.084Z,0.9,30-60s,7,6,9,3
2026-01-08T05:49:56.084Z,0.9,60-300s,8,1,20,3
2026-01-08T05:49:56.084Z,0.9,5-15m,26,0,43,7
2026-01-08T05:49:56.084Z,0.95,0-5s,8,6,10,2
2026-01-08T05:49:56.084Z,0.95,5-15s,2,2,2,1
2026-01-08T05:49:56.084Z,0.95,15-30s,10,0,49,7
2026-01-08T05:49:56.084Z,0.95,30-60s,6,3,9,5
2026-01-08T05:49:56.084Z,0.95,60-300s,87,0,1996,40
2026-01-08T05:49:56.084Z,0.95,5-15m,106,0,8995,102
2026-01-08T05:49:56.084Z,0.95,15-60m,6,6,6,1
2026-01-08T05:49:56.084Z,0.98,0-5s,13,2,25,6
2026-01-08T05:49:56.084Z,0.98,5-15s,190,2,548,3
2026-01-08T05:49:56.084Z,0.98,15-30s,20,0,76,21
2026-01-08T05:49:56.084Z,0.98,30-60s,16,0,152,37
2026-01-08T05:49:56.084Z,0.98,60-300s,30,0,1996,288
2026-01-08T05:49:56.084Z,0.98,5-15m,46,0,16739,706
2026-01-08T05:49:56.084Z,0.98,15-60m,14,2,35,3
2026-01-08T05:49:56.084Z,0.985,0-5s,13,2,25,6
2026-01-08T05:49:56.084Z,0.985,5-15s,312,2,677,4
2026-01-08T05:49:56.084Z,0.985,15-30s,20,0,76,21
2026-01-08T05:49:56.084Z,0.985,30-60s,15,0,152,39
2026-01-08T05:49:56.084Z,0.985,60-300s,31,0,1996,293
2026-01-08T05:49:56.084Z,0.985,5-15m,45,0,16739,716
2026-01-08T05:49:56.084Z,0.985,15-60m,14,2,35,3
2026-01-08T05:49:56.084Z,0.99,0-5s,13,2,25,7
2026-01-08T05:49:56.084Z,0.99,5-15s,312,2,677,4
2026-01-08T05:49:56.084Z,0.99,15-30s,18,0,76,24
2026-01-08T05:49:56.084Z,0.99,30-60s,18,0,152,51
2026-01-08T05:49:56.084Z,0.99,60-300s,50,0,11737,622
2026-01-08T05:49:56.084Z,0.99,5-15m,37,0,16739,1678
2026-01-08T05:49:56.084Z,0.99,15-60m,15,0,60,14
2026-01-08T05:49:56.084Z,0.995,0-5s,13,2,25,7
2026-01-08T05:49:56.084Z,0.995,5-15s,494,2,1461,6
2026-01-08T05:49:56.084Z,0.995,15-30s,209,0,4787,25
2026-01-08T05:49:56.084Z,0.995,30-60s,18,0,152,51
2026-01-08T05:49:56.084Z,0.995,60-300s,60,0,11737,623
2026-01-08T05:49:56.084Z,0.995,5-15m,37,0,16739,1678
2026-01-08T05:49:56.084Z,0.995,15-60m,15,0,60,14
2026-01-08T05:50:56.086Z,0.9,0-5s,10,10,10,1
2026-01-08T05:50:56.086Z,0.9,5-15s,2,2,2,1
2026-01-08T05:50:56.086Z,0.9,15-30s,5,5,5,1
2026-01-08T05:50:56.086Z,0.9,30-60s,7,6,9,3
2026-01-08T05:50:56.086Z,0.9,60-300s,8,1,20,3
2026-01-08T05:50:56.086Z,0.9,5-15m,26,0,43,7
2026-01-08T05:50:56.086Z,0.95,0-5s,8,6,10,2
2026-01-08T05:50:56.086Z,0.95,5-15s,2,2,2,1
2026-01-08T05:50:56.086Z,0.95,15-30s,10,0,49,7
2026-01-08T05:50:56.086Z,0.95,30-60s,6,3,9,5
2026-01-08T05:50:56.086Z,0.95,60-300s,87,0,1996,40
2026-01-08T05:50:56.086Z,0.95,5-15m,105,0,8995,103
2026-01-08T05:50:56.086Z,0.95,15-60m,6,6,6,1
2026-01-08T05:50:56.086Z,0.98,0-5s,13,2,25,6
2026-01-08T05:50:56.086Z,0.98,5-15s,190,2,548,3
2026-01-08T05:50:56.086Z,0.98,15-30s,20,0,76,21
2026-01-08T05:50:56.086Z,0.98,30-60s,16,0,152,37
2026-01-08T05:50:56.086Z,0.98,60-300s,30,0,1996,288
2026-01-08T05:50:56.086Z,0.98,5-15m,45,0,16739,708
2026-01-08T05:50:56.086Z,0.98,15-60m,14,2,35,3
2026-01-08T05:50:56.086Z,0.985,0-5s,13,2,25,6
2026-01-08T05:50:56.086Z,0.985,5-15s,312,2,677,4
2026-01-08T05:50:56.086Z,0.985,15-30s,20,0,76,21
2026-01-08T05:50:56.086Z,0.985,30-60s,15,0,152,39
2026-01-08T05:50:56.086Z,0.985,60-300s,31,0,1996,293
2026-01-08T05:50:56.086Z,0.985,5-15m,45,0,16739,718
2026-01-08T05:50:56.086Z,0.985,15-60m,14,2,35,3
2026-01-08T05:50:56.086Z,0.99,0-5s,13,2,25,7
2026-01-08T05:50:56.086Z,0.99,5-15s,312,2,677,4
2026-01-08T05:50:56.086Z,0.99,15-30s,18,0,76,24
2026-01-08T05:50:56.086Z,0.99,30-60s,18,0,152,51
2026-01-08T05:50:56.086Z,0.99,60-300s,50,0,11737,622
2026-01-08T05:50:56.086Z,0.99,5-15m,37,0,16739,1683
2026-01-08T05:50:56.086Z,0.99,15-60m,15,0,60,14
2026-01-08T05:50:56.086Z,0.995,0-5s,13,2,25,7
2026-01-08T05:50:56.086Z,0.995,5-15s,494,2,1461,6
2026-01-08T05:50:56.086Z,0.995,15-30s,209,0,4787,25
2026-01-08T05:50:56.086Z,0.995,30-60s,18,0,152,51
2026-01-08T05:50:56.086Z,0.995,60-300s,60,0,11737,623
2026-01-08T05:50:56.086Z,0.995,5-15m,37,0,16739,1683
2026-01-08T05:50:56.086Z,0.995,15-60m,15,0,60,14
2026-01-08T05:51:56.086Z,0.9,0-5s,10,10,10,1
2026-01-08T05:51:56.086Z,0.9,5-15s,2,2,2,1
2026-01-08T05:51:56.086Z,0.9,15-30s,5,5,5,1
2026-01-08T05:51:56.086Z,0.9,30-60s,7,6,9,3
2026-01-08T05:51:56.086Z,0.9,60-300s,8,1,20,3
2026-01-08T05:51:56.086Z,0.9,5-15m,26,0,43,7
2026-01-08T05:51:56.086Z,0.95,0-5s,8,6,10,2
2026-01-08T05:51:56.086Z,0.95,5-15s,2,2,2,1
2026-01-08T05:51:56.086Z,0.95,15-30s,10,0,49,7
2026-01-08T05:51:56.086Z,0.95,30-60s,6,3,9,5
2026-01-08T05:51:56.086Z,0.95,60-300s,87,0,1996,40
2026-01-08T05:51:56.086Z,0.95,5-15m,105,0,8995,103
2026-01-08T05:51:56.086Z,0.95,15-60m,6,6,6,1
2026-01-08T05:51:56.086Z,0.98,0-5s,13,2,25,6
2026-01-08T05:51:56.086Z,0.98,5-15s,190,2,548,3
2026-01-08T05:51:56.086Z,0.98,15-30s,20,0,76,21
2026-01-08T05:51:56.086Z,0.98,30-60s,16,0,152,37
2026-01-08T05:51:56.086Z,0.98,60-300s,30,0,1996,288
2026-01-08T05:51:56.086Z,0.98,5-15m,45,0,16739,710
2026-01-08T05:51:56.086Z,0.98,15-60m,14,2,35,3
2026-01-08T05:51:56.086Z,0.985,0-5s,13,2,25,6
2026-01-08T05:51:56.086Z,0.985,5-15s,312,2,677,4
2026-01-08T05:51:56.086Z,0.985,15-30s,20,0,76,21
2026-01-08T05:51:56.086Z,0.985,30-60s,15,0,152,39
2026-01-08T05:51:56.086Z,0.985,60-300s,31,0,1996,293
2026-01-08T05:51:56.086Z,0.985,5-15m,45,0,16739,721
2026-01-08T05:51:56.086Z,0.985,15-60m,14,2,35,3
2026-01-08T05:51:56.086Z,0.99,0-5s,13,2,25,7
2026-01-08T05:51:56.086Z,0.99,5-15s,312,2,677,4
2026-01-08T05:51:56.086Z,0.99,15-30s,18,0,76,24
2026-01-08T05:51:56.086Z,0.99,30-60s,18,0,152,51
2026-01-08T05:51:56.086Z,0.99,60-300s,50,0,11737,622
2026-01-08T05:51:56.086Z,0.99,5-15m,37,0,16739,1692
2026-01-08T05:51:56.086Z,0.99,15-60m,15,0,60,14
2026-01-08T05:51:56.086Z,0.995,0-5s,13,2,25,7
2026-01-08T05:51:56.086Z,0.995,5-15s,494,2,1461,6
2026-01-08T05:51:56.086Z,0.995,15-30s,209,0,4787,25
2026-01-08T05:51:56.086Z,0.995,30-60s,18,0,152,51
2026-01-08T05:51:56.086Z,0.995,60-300s,60,0,11737,623
2026-01-08T05:51:56.086Z,0.995,5-15m,37,0,16739,1692
2026-01-08T05:51:56.086Z,0.995,15-60m,15,0,60,14
2026-01-08T05:52:56.089Z,0.9,0-5s,10,10,10,1
2026-01-08T05:52:56.089Z,0.9,5-15s,2,2,2,1
2026-01-08T05:52:56.089Z,0.9,15-30s,5,5,5,1
2026-01-08T05:52:56.089Z,0.9,30-60s,7,6,9,3
2026-01-08T05:52:56.089Z,0.9,60-300s,8,1,20,3
2026-01-08T05:52:56.089Z,0.9,5-15m,26,0,43,7
2026-01-08T05:52:56.089Z,0.95,0-5s,8,6,10,2
2026-01-08T05:52:56.089Z,0.95,5-15s,2,2,2,1
2026-01-08T05:52:56.089Z,0.95,15-30s,10,0,49,7
2026-01-08T05:52:56.089Z,0.95,30-60s,6,3,9,5
2026-01-08T05:52:56.089Z,0.95,60-300s,87,0,1996,40
2026-01-08T05:52:56.089Z,0.95,5-15m,105,0,8995,103
2026-01-08T05:52:56.089Z,0.95,15-60m,6,6,6,1
2026-01-08T05:52:56.089Z,0.98,0-5s,13,2,25,6
2026-01-08T05:52:56.089Z,0.98,5-15s,190,2,548,3
2026-01-08T05:52:56.089Z,0.98,15-30s,20,0,76,21
2026-01-08T05:52:56.089Z,0.98,30-60s,16,0,152,37
2026-01-08T05:52:56.089Z,0.98,60-300s,30,0,1996,288
2026-01-08T05:52:56.089Z,0.98,5-15m,45,0,16739,710
2026-01-08T05:52:56.089Z,0.98,15-60m,14,2,35,3
2026-01-08T05:52:56.089Z,0.985,0-5s,13,2,25,6
2026-01-08T05:52:56.089Z,0.985,5-15s,312,2,677,4
2026-01-08T05:52:56.089Z,0.985,15-30s,20,0,76,21
2026-01-08T05:52:56.089Z,0.985,30-60s,15,0,152,39
2026-01-08T05:52:56.089Z,0.985,60-300s,31,0,1996,293
2026-01-08T05:52:56.089Z,0.985,5-15m,45,0,16739,721
2026-01-08T05:52:56.089Z,0.985,15-60m,14,2,35,3
2026-01-08T05:52:56.089Z,0.99,0-5s,13,2,25,7
2026-01-08T05:52:56.089Z,0.99,5-15s,312,2,677,4
2026-01-08T05:52:56.089Z,0.99,15-30s,18,0,76,24
2026-01-08T05:52:56.089Z,0.99,30-60s,18,0,152,51
2026-01-08T05:52:56.089Z,0.99,60-300s,50,0,11737,622
2026-01-08T05:52:56.089Z,0.99,5-15m,37,0,16739,1696
2026-01-08T05:52:56.089Z,0.99,15-60m,15,0,60,14
2026-01-08T05:52:56.089Z,0.995,0-5s,13,2,25,7
2026-01-08T05:52:56.089Z,0.995,5-15s,494,2,1461,6
2026-01-08T05:52:56.089Z,0.995,15-30s,209,0,4787,25
2026-01-08T05:52:56.089Z,0.995,30-60s,18,0,152,51
2026-01-08T05:52:56.089Z,0.995,60-300s,60,0,11737,623
2026-01-08T05:52:56.089Z,0.995,5-15m,37,0,16739,1696
2026-01-08T05:52:56.089Z,0.995,15-60m,15,0,60,14
2026-01-08T05:53:56.093Z,0.9,0-5s,10,10,10,1
2026-01-08T05:53:56.093Z,0.9,5-15s,2,2,2,1
2026-01-08T05:53:56.093Z,0.9,15-30s,5,5,5,1
2026-01-08T05:53:56.093Z,0.9,30-60s,7,6,9,3
2026-01-08T05:53:56.093Z,0.9,60-300s,8,1,20,3
2026-01-08T05:53:56.093Z,0.9,5-15m,26,0,43,7
2026-01-08T05:53:56.093Z,0.95,0-5s,8,6,10,2
2026-01-08T05:53:56.093Z,0.95,5-15s,2,2,2,1
2026-01-08T05:53:56.093Z,0.95,15-30s,10,0,49,7
2026-01-08T05:53:56.093Z,0.95,30-60s,6,3,9,5
2026-01-08T05:53:56.093Z,0.95,60-300s,87,0,1996,40
2026-01-08T05:53:56.093Z,0.95,5-15m,105,0,8995,103
2026-01-08T05:53:56.093Z,0.95,15-60m,6,6,6,1
2026-01-08T05:53:56.093Z,0.98,0-5s,13,2,25,6
2026-01-08T05:53:56.093Z,0.98,5-15s,190,2,548,3
2026-01-08T05:53:56.093Z,0.98,15-30s,20,0,76,21
2026-01-08T05:53:56.093Z,0.98,30-60s,16,0,152,37
2026-01-08T05:53:56.093Z,0.98,60-300s,30,0,1996,288
2026-01-08T05:53:56.093Z,0.98,5-15m,45,0,16739,710
2026-01-08T05:53:56.093Z,0.98,15-60m,14,2,35,3
2026-01-08T05:53:56.093Z,0.985,0-5s,13,2,25,6
2026-01-08T05:53:56.093Z,0.985,5-15s,312,2,677,4
2026-01-08T05:53:56.093Z,0.985,15-30s,20,0,76,21
2026-01-08T05:53:56.093Z,0.985,30-60s,15,0,152,39
2026-01-08T05:53:56.093Z,0.985,60-300s,31,0,1996,293
2026-01-08T05:53:56.093Z,0.985,5-15m,45,0,16739,721
2026-01-08T05:53:56.093Z,0.985,15-60m,14,2,35,3
2026-01-08T05:53:56.093Z,0.99,0-5s,13,2,25,7
2026-01-08T05:53:56.093Z,0.99,5-15s,312,2,677,4
2026-01-08T05:53:56.093Z,0.99,15-30s,18,0,76,24
2026-01-08T05:53:56.093Z,0.99,30-60s,18,0,152,51
2026-01-08T05:53:56.093Z,0.99,60-300s,50,0,11737,622
2026-01-08T05:53:56.093Z,0.99,5-15m,37,0,16739,1702
2026-01-08T05:53:56.093Z,0.99,15-60m,15,0,60,14
2026-01-08T05:53:56.093Z,0.995,0-5s,13,2,25,7
2026-01-08T05:53:56.093Z,0.995,5-15s,494,2,1461,6
2026-01-08T05:53:56.093Z,0.995,15-30s,209,0,4787,25
2026-01-08T05:53:56.093Z,0.995,30-60s,18,0,152,51
2026-01-08T05:53:56.093Z,0.995,60-300s,60,0,11737,623
2026-01-08T05:53:56.093Z,0.995,5-15m,37,0,16739,1702
2026-01-08T05:53:56.093Z,0.995,15-60m,15,0,60,14
2026-01-08T05:54:56.093Z,0.9,0-5s,10,10,10,1
2026-01-08T05:54:56.093Z,0.9,5-15s,2,2,2,1
2026-01-08T05:54:56.093Z,0.9,15-30s,5,5,5,1
2026-01-08T05:54:56.093Z,0.9,30-60s,7,6,9,3
2026-01-08T05:54:56.093Z,0.9,60-300s,8,1,20,3
2026-01-08T05:54:56.093Z,0.9,5-15m,26,0,43,7
2026-01-08T05:54:56.093Z,0.95,0-5s,8,6,10,2
2026-01-08T05:54:56.093Z,0.95,5-15s,2,2,2,1
2026-01-08T05:54:56.093Z,0.95,15-30s,10,0,49,7
2026-01-08T05:54:56.093Z,0.95,30-60s,6,3,9,5
2026-01-08T05:54:56.093Z,0.95,60-300s,87,0,1996,40
2026-01-08T05:54:56.093Z,0.95,5-15m,105,0,8995,103
2026-01-08T05:54:56.093Z,0.95,15-60m,6,6,6,1
2026-01-08T05:54:56.093Z,0.98,0-5s,13,2,25,6
2026-01-08T05:54:56.093Z,0.98,5-15s,190,2,548,3
2026-01-08T05:54:56.093Z,0.98,15-30s,20,0,76,21
2026-01-08T05:54:56.093Z,0.98,30-60s,16,0,152,37
2026-01-08T05:54:56.093Z,0.98,60-300s,30,0,1996,288
2026-01-08T05:54:56.093Z,0.98,5-15m,45,0,16739,710
2026-01-08T05:54:56.093Z,0.98,15-60m,14,2,35,3
2026-01-08T05:54:56.093Z,0.985,0-5s,13,2,25,6
2026-01-08T05:54:56.093Z,0.985,5-15s,312,2,677,4
2026-01-08T05:54:56.093Z,0.985,15-30s,20,0,76,21
2026-01-08T05:54:56.093Z,0.985,30-60s,15,0,152,39
2026-01-08T05:54:56.093Z,0.985,60-300s,31,0,1996,293
2026-01-08T05:54:56.093Z,0.985,5-15m,45,0,16739,721
2026-01-08T05:54:56.093Z,0.985,15-60m,14,2,35,3
2026-01-08T05:54:56.093Z,0.99,0-5s,13,2,25,7
2026-01-08T05:54:56.093Z,0.99,5-15s,312,2,677,4
2026-01-08T05:54:56.093Z,0.99,15-30s,18,0,76,24
2026-01-08T05:54:56.093Z,0.99,30-60s,18,0,152,51
2026-01-08T05:54:56.093Z,0.99,60-300s,50,0,11737,622
2026-01-08T05:54:56.093Z,0.99,5-15m,37,0,16739,1706
2026-01-08T05:54:56.093Z,0.99,15-60m,15,0,60,14
2026-01-08T05:54:56.093Z,0.995,0-5s,13,2,25,7
2026-01-08T05:54:56.093Z,0.995,5-15s,494,2,1461,6
2026-01-08T05:54:56.093Z,0.995,15-30s,209,0,4787,25
2026-01-08T05:54:56.093Z,0.995,30-60s,18,0,152,51
2026-01-08T05:54:56.093Z,0.995,60-300s,60,0,11737,623
2026-01-08T05:54:56.093Z,0.995,5-15m,37,0,16739,1706
2026-01-08T05:54:56.093Z,0.995,15-60m,15,0,60,14
2026-01-08T05:55:56.095Z,0.9,0-5s,10,10,10,1
2026-01-08T05:55:56.095Z,0.9,5-15s,2,2,2,1
2026-01-08T05:55:56.095Z,0.9,15-30s,5,5,5,1
2026-01-08T05:55:56.095Z,0.9,30-60s,7,6,9,3
2026-01-08T05:55:56.095Z,0.9,60-300s,8,1,20,3
2026-01-08T05:55:56.095Z,0.9,5-15m,26,0,43,7
2026-01-08T05:55:56.095Z,0.95,0-5s,8,6,10,2
2026-01-08T05:55:56.095Z,0.95,5-15s,2,2,2,1
2026-01-08T05:55:56.095Z,0.95,15-30s,10,0,49,7
2026-01-08T05:55:56.095Z,0.95,30-60s,6,3,9,5
2026-01-08T05:55:56.095Z,0.95,60-300s,87,0,1996,40
2026-01-08T05:55:56.095Z,0.95,5-15m,105,0,8995,103
2026-01-08T05:55:56.095Z,0.95,15-60m,6,6,6,1
2026-01-08T05:55:56.095Z,0.98,0-5s,13,2,25,6
2026-01-08T05:55:56.095Z,0.98,5-15s,190,2,548,3
2026-01-08T05:55:56.095Z,0.98,15-30s,20,0,76,21
2026-01-08T05:55:56.095Z,0.98,30-60s,16,0,152,37
2026-01-08T05:55:56.095Z,0.98,60-300s,31,0,1996,289
2026-01-08T05:55:56.095Z,0.98,5-15m,45,0,16739,710
2026-01-08T05:55:56.095Z,0.98,15-60m,14,2,35,3
2026-01-08T05:55:56.095Z,0.985,0-5s,13,2,25,6
2026-01-08T05:55:56.095Z,0.985,5-15s,312,2,677,4
2026-01-08T05:55:56.095Z,0.985,15-30s,20,0,76,21
2026-01-08T05:55:56.095Z,0.985,30-60s,15,0,152,39
2026-01-08T05:55:56.095Z,0.985,60-300s,31,0,1996,294
2026-01-08T05:55:56.095Z,0.985,5-15m,45,0,16739,721
2026-01-08T05:55:56.095Z,0.985,15-60m,14,2,35,3
2026-01-08T05:55:56.095Z,0.99,0-5s,13,2,25,7
2026-01-08T05:55:56.095Z,0.99,5-15s,312,2,677,4
2026-01-08T05:55:56.095Z,0.99,15-30s,18,0,76,24
2026-01-08T05:55:56.095Z,0.99,30-60s,18,0,152,51
2026-01-08T05:55:56.095Z,0.99,60-300s,50,0,11737,623
2026-01-08T05:55:56.095Z,0.99,5-15m,36,0,16739,1708
2026-01-08T05:55:56.095Z,0.99,15-60m,15,0,60,14
2026-01-08T05:55:56.095Z,0.995,0-5s,13,2,25,7
2026-01-08T05:55:56.095Z,0.995,5-15s,494,2,1461,6
2026-01-08T05:55:56.095Z,0.995,15-30s,209,0,4787,25
2026-01-08T05:55:56.095Z,0.995,30-60s,18,0,152,51
2026-01-08T05:55:56.095Z,0.995,60-300s,60,0,11737,624
2026-01-08T05:55:56.095Z,0.995,5-15m,36,0,16739,1708
2026-01-08T05:55:56.095Z,0.995,15-60m,15,0,60,14
2026-01-08T05:56:56.095Z,0.9,0-5s,10,10,10,1
2026-01-08T05:56:56.095Z,0.9,5-15s,2,2,2,1
2026-01-08T05:56:56.095Z,0.9,15-30s,5,5,5,1
2026-01-08T05:56:56.095Z,0.9,30-60s,7,6,9,3
2026-01-08T05:56:56.095Z,0.9,60-300s,8,1,20,3
2026-01-08T05:56:56.095Z,0.9,5-15m,26,0,43,7
2026-01-08T05:56:56.095Z,0.95,0-5s,8,6,10,2
2026-01-08T05:56:56.095Z,0.95,5-15s,2,2,2,1
2026-01-08T05:56:56.095Z,0.95,15-30s,10,0,49,7
2026-01-08T05:56:56.095Z,0.95,30-60s,6,3,9,5
2026-01-08T05:56:56.095Z,0.95,60-300s,87,0,1996,40
2026-01-08T05:56:56.095Z,0.95,5-15m,105,0,8995,103
2026-01-08T05:56:56.095Z,0.95,15-60m,6,6,6,1
2026-01-08T05:56:56.095Z,0.98,0-5s,13,2,25,6
2026-01-08T05:56:56.095Z,0.98,5-15s,190,2,548,3
2026-01-08T05:56:56.095Z,0.98,15-30s,20,0,76,21
2026-01-08T05:56:56.095Z,0.98,30-60s,16,0,152,37
2026-01-08T05:56:56.095Z,0.98,60-300s,31,0,1996,289
2026-01-08T05:56:56.095Z,0.98,5-15m,45,0,16739,710
2026-01-08T05:56:56.095Z,0.98,15-60m,14,2,35,3
2026-01-08T05:56:56.095Z,0.985,0-5s,13,2,25,6
2026-01-08T05:56:56.095Z,0.985,5-15s,312,2,677,4
2026-01-08T05:56:56.095Z,0.985,15-30s,20,0,76,21
2026-01-08T05:56:56.095Z,0.985,30-60s,15,0,152,39
2026-01-08T05:56:56.095Z,0.985,60-300s,31,0,1996,294
2026-01-08T05:56:56.095Z,0.985,5-15m,45,0,16739,721
2026-01-08T05:56:56.095Z,0.985,15-60m,14,2,35,3
2026-01-08T05:56:56.095Z,0.99,0-5s,13,2,25,7
2026-01-08T05:56:56.095Z,0.99,5-15s,312,2,677,4
2026-01-08T05:56:56.095Z,0.99,15-30s,18,0,76,24
2026-01-08T05:56:56.095Z,0.99,30-60s,18,0,152,51
2026-01-08T05:56:56.095Z,0.99,60-300s,50,0,11737,624
2026-01-08T05:56:56.095Z,0.99,5-15m,36,0,16739,1708
2026-01-08T05:56:56.095Z,0.99,15-60m,15,0,60,14
2026-01-08T05:56:56.095Z,0.995,0-5s,13,2,25,7
2026-01-08T05:56:56.095Z,0.995,5-15s,494,2,1461,6
2026-01-08T05:56:56.095Z,0.995,15-30s,209,0,4787,25
2026-01-08T05:56:56.095Z,0.995,30-60s,18,0,152,51
2026-01-08T05:56:56.095Z,0.995,60-300s,60,0,11737,625
2026-01-08T05:56:56.095Z,0.995,5-15m,36,0,16739,1708
2026-01-08T05:56:56.095Z,0.995,15-60m,15,0,60,14
2026-01-08T05:57:56.095Z,0.9,0-5s,10,10,10,1
2026-01-08T05:57:56.095Z,0.9,5-15s,2,2,2,1
2026-01-08T05:57:56.095Z,0.9,15-30s,5,5,5,1
2026-01-08T05:57:56.095Z,0.9,30-60s,7,6,9,3
2026-01-08T05:57:56.095Z,0.9,60-300s,8,1,20,3
2026-01-08T05:57:56.095Z,0.9,5-15m,26,0,43,7
2026-01-08T05:57:56.095Z,0.95,0-5s,8,6,10,2
2026-01-08T05:57:56.095Z,0.95,5-15s,2,2,2,1
2026-01-08T05:57:56.095Z,0.95,15-30s,10,0,49,7
2026-01-08T05:57:56.095Z,0.95,30-60s,6,3,9,5
2026-01-08T05:57:56.095Z,0.95,60-300s,87,0,1996,40
2026-01-08T05:57:56.095Z,0.95,5-15m,105,0,8995,103
2026-01-08T05:57:56.095Z,0.95,15-60m,6,6,6,1
2026-01-08T05:57:56.095Z,0.98,0-5s,13,2,25,6
2026-01-08T05:57:56.095Z,0.98,5-15s,190,2,548,3
2026-01-08T05:57:56.095Z,0.98,15-30s,20,0,76,21
2026-01-08T05:57:56.095Z,0.98,30-60s,16,0,152,37
2026-01-08T05:57:56.095Z,0.98,60-300s,31,0,1996,289
2026-01-08T05:57:56.095Z,0.98,5-15m,45,0,16739,710
2026-01-08T05:57:56.095Z,0.98,15-60m,14,2,35,3
2026-01-08T05:57:56.095Z,0.985,0-5s,13,2,25,6
2026-01-08T05:57:56.095Z,0.985,5-15s,312,2,677,4
2026-01-08T05:57:56.095Z,0.985,15-30s,20,0,76,21
2026-01-08T05:57:56.095Z,0.985,30-60s,15,0,152,39
2026-01-08T05:57:56.095Z,0.985,60-300s,31,0,1996,294
2026-01-08T05:57:56.095Z,0.985,5-15m,45,0,16739,721
2026-01-08T05:57:56.095Z,0.985,15-60m,14,2,35,3
2026-01-08T05:57:56.095Z,0.99,0-5s,13,2,25,7
2026-01-08T05:57:56.095Z,0.99,5-15s,312,2,677,4
2026-01-08T05:57:56.095Z,0.99,15-30s,18,0,76,24
2026-01-08T05:57:56.095Z,0.99,30-60s,18,0,152,51
2026-01-08T05:57:56.095Z,0.99,60-300s,50,0,11737,624
2026-01-08T05:57:56.095Z,0.99,5-15m,36,0,16739,1708
2026-01-08T05:57:56.095Z,0.99,15-60m,15,0,60,14
2026-01-08T05:57:56.095Z,0.995,0-5s,13,2,25,7
2026-01-08T05:57:56.095Z,0.995,5-15s,494,2,1461,6
2026-01-08T05:57:56.095Z,0.995,15-30s,209,0,4787,25
2026-01-08T05:57:56.095Z,0.995,30-60s,18,0,152,51
2026-01-08T05:57:56.095Z,0.995,60-300s,60,0,11737,625
2026-01-08T05:57:56.095Z,0.995,5-15m,36,0,16739,1708
2026-01-08T05:57:56.095Z,0.995,15-60m,15,0,60,14
2026-01-08T05:58:56.096Z,0.9,0-5s,10,10,10,1
2026-01-08T05:58:56.096Z,0.9,5-15s,2,2,2,1
2026-01-08T05:58:56.096Z,0.9,15-30s,5,5,5,1
2026-01-08T05:58:56.096Z,0.9,30-60s,7,6,9,3
2026-01-08T05:58:56.096Z,0.9,60-300s,8,1,20,3
2026-01-08T05:58:56.096Z,0.9,5-15m,26,0,43,7
2026-01-08T05:58:56.096Z,0.95,0-5s,8,6,10,2
2026-01-08T05:58:56.096Z,0.95,5-15s,2,2,2,1
2026-01-08T05:58:56.096Z,0.95,15-30s,10,0,49,7
2026-01-08T05:58:56.096Z,0.95,30-60s,6,3,9,5
2026-01-08T05:58:56.096Z,0.95,60-300s,87,0,1996,40
2026-01-08T05:58:56.096Z,0.95,5-15m,105,0,8995,103
2026-01-08T05:58:56.096Z,0.95,15-60m,6,6,6,1
2026-01-08T05:58:56.096Z,0.98,0-5s,13,2,25,6
2026-01-08T05:58:56.096Z,0.98,5-15s,190,2,548,3
2026-01-08T05:58:56.096Z,0.98,15-30s,20,0,76,21
2026-01-08T05:58:56.096Z,0.98,30-60s,16,0,152,37
2026-01-08T05:58:56.096Z,0.98,60-300s,31,0,1996,289
2026-01-08T05:58:56.096Z,0.98,5-15m,45,0,16739,710
2026-01-08T05:58:56.096Z,0.98,15-60m,14,2,35,3
2026-01-08T05:58:56.096Z,0.985,0-5s,13,2,25,6
2026-01-08T05:58:56.096Z,0.985,5-15s,312,2,677,4
2026-01-08T05:58:56.096Z,0.985,15-30s,20,0,76,21
2026-01-08T05:58:56.096Z,0.985,30-60s,15,0,152,39
2026-01-08T05:58:56.096Z,0.985,60-300s,31,0,1996,294
2026-01-08T05:58:56.096Z,0.985,5-15m,45,0,16739,721
2026-01-08T05:58:56.096Z,0.985,15-60m,14,2,35,3
2026-01-08T05:58:56.096Z,0.99,0-5s,13,2,25,7
2026-01-08T05:58:56.096Z,0.99,5-15s,312,2,677,4
2026-01-08T05:58:56.096Z,0.99,15-30s,18,0,76,24
2026-01-08T05:58:56.096Z,0.99,30-60s,18,0,152,51
2026-01-08T05:58:56.096Z,0.99,60-300s,50,0,11737,624
2026-01-08T05:58:56.096Z,0.99,5-15m,36,0,16739,1708
2026-01-08T05:58:56.096Z,0.99,15-60m,15,0,60,14
2026-01-08T05:58:56.096Z,0.995,0-5s,13,2,25,7
2026-01-08T05:58:56.096Z,0.995,5-15s,494,2,1461,6
2026-01-08T05:58:56.096Z,0.995,15-30s,209,0,4787,25
2026-01-08T05:58:56.096Z,0.995,30-60s,18,0,152,51
2026-01-08T05:58:56.096Z,0.995,60-300s,61,0,11737,626
2026-01-08T05:58:56.096Z,0.995,5-15m,36,0,16739,1708
2026-01-08T05:58:56.096Z,0.995,15-60m,15,0,60,14
2026-01-08T05:59:56.098Z,0.9,0-5s,10,10,10,1
2026-01-08T05:59:56.098Z,0.9,5-15s,2,2,2,1
2026-01-08T05:59:56.098Z,0.9,15-30s,5,5,5,1
2026-01-08T05:59:56.098Z,0.9,30-60s,7,6,9,3
2026-01-08T05:59:56.098Z,0.9,60-300s,8,1,20,3
2026-01-08T05:59:56.098Z,0.9,5-15m,26,0,43,7
2026-01-08T05:59:56.098Z,0.95,0-5s,8,6,10,2
2026-01-08T05:59:56.098Z,0.95,5-15s,2,2,2,1
2026-01-08T05:59:56.098Z,0.95,15-30s,10,0,49,7
2026-01-08T05:59:56.098Z,0.95,30-60s,6,3,9,5
2026-01-08T05:59:56.098Z,0.95,60-300s,87,0,1996,40
2026-01-08T05:59:56.098Z,0.95,5-15m,105,0,8995,103
2026-01-08T05:59:56.098Z,0.95,15-60m,6,6,6,1
2026-01-08T05:59:56.098Z,0.98,0-5s,13,2,25,6
2026-01-08T05:59:56.098Z,0.98,5-15s,190,2,548,3
2026-01-08T05:59:56.098Z,0.98,15-30s,20,0,76,21
2026-01-08T05:59:56.098Z,0.98,30-60s,16,0,152,37
2026-01-08T05:59:56.098Z,0.98,60-300s,31,0,1996,289
2026-01-08T05:59:56.098Z,0.98,5-15m,45,0,16739,710
2026-01-08T05:59:56.098Z,0.98,15-60m,14,2,35,3
2026-01-08T05:59:56.098Z,0.985,0-5s,13,2,25,6
2026-01-08T05:59:56.098Z,0.985,5-15s,312,2,677,4
2026-01-08T05:59:56.098Z,0.985,15-30s,20,0,76,21
2026-01-08T05:59:56.098Z,0.985,30-60s,15,0,152,39
2026-01-08T05:59:56.098Z,0.985,60-300s,31,0,1996,294
2026-01-08T05:59:56.098Z,0.985,5-15m,45,0,16739,721
2026-01-08T05:59:56.098Z,0.985,15-60m,14,2,35,3
2026-01-08T05:59:56.098Z,0.99,0-5s,13,2,25,7
2026-01-08T05:59:56.098Z,0.99,5-15s,312,2,677,4
2026-01-08T05:59:56.098Z,0.99,15-30s,18,0,76,24
2026-01-08T05:59:56.098Z,0.99,30-60s,18,0,152,51
2026-01-08T05:59:56.098Z,0.99,60-300s,50,0,11737,624
2026-01-08T05:59:56.098Z,0.99,5-15m,36,0,16739,1708
2026-01-08T05:59:56.098Z,0.99,15-60m,15,0,60,14
2026-01-08T05:59:56.098Z,0.995,0-5s,13,2,25,7
2026-01-08T05:59:56.098Z,0.995,5-15s,494,2,1461,6
2026-01-08T05:59:56.098Z,0.995,15-30s,209,0,4787,25
2026-01-08T05:59:56.098Z,0.995,30-60s,108,0,4679,52
2026-01-08T05:59:56.098Z,0.995,60-300s,61,0,11737,626
2026-01-08T05:59:56.098Z,0.995,5-15m,36,0,16739,1708
2026-01-08T05:59:56.098Z,0.995,15-60m,15,0,60,14
2026-01-08T06:00:56.098Z,0.9,0-5s,10,10,10,1
2026-01-08T06:00:56.098Z,0.9,5-15s,2,2,2,1
2026-01-08T06:00:56.098Z,0.9,15-30s,5,5,5,1
2026-01-08T06:00:56.098Z,0.9,30-60s,7,6,9,3
2026-01-08T06:00:56.098Z,0.9,60-300s,8,1,20,3
2026-01-08T06:00:56.098Z,0.9,5-15m,26,0,43,7
2026-01-08T06:00:56.098Z,0.95,0-5s,8,6,10,2
2026-01-08T06:00:56.098Z,0.95,5-15s,2,2,2,1
2026-01-08T06:00:56.098Z,0.95,15-30s,10,0,49,7
2026-01-08T06:00:56.098Z,0.95,30-60s,6,3,9,5
2026-01-08T06:00:56.098Z,0.95,60-300s,87,0,1996,40
2026-01-08T06:00:56.098Z,0.95,5-15m,105,0,8995,103
2026-01-08T06:00:56.098Z,0.95,15-60m,6,6,6,1
2026-01-08T06:00:56.098Z,0.98,0-5s,13,2,25,6
2026-01-08T06:00:56.098Z,0.98,5-15s,190,2,548,3
2026-01-08T06:00:56.098Z,0.98,15-30s,20,0,76,21
2026-01-08T06:00:56.098Z,0.98,30-60s,16,0,152,37
2026-01-08T06:00:56.098Z,0.98,60-300s,31,0,1996,289
2026-01-08T06:00:56.098Z,0.98,5-15m,45,0,16739,713
2026-01-08T06:00:56.098Z,0.98,15-60m,14,2,35,3
2026-01-08T06:00:56.098Z,0.985,0-5s,13,2,25,6
2026-01-08T06:00:56.098Z,0.985,5-15s,312,2,677,4
2026-01-08T06:00:56.098Z,0.985,15-30s,20,0,76,21
2026-01-08T06:00:56.098Z,0.985,30-60s,15,0,152,39
2026-01-08T06:00:56.098Z,0.985,60-300s,31,0,1996,294
2026-01-08T06:00:56.098Z,0.985,5-15m,45,0,16739,724
2026-01-08T06:00:56.098Z,0.985,15-60m,14,2,35,3
2026-01-08T06:00:56.098Z,0.99,0-5s,13,2,25,7
2026-01-08T06:00:56.098Z,0.99,5-15s,312,2,677,4
2026-01-08T06:00:56.098Z,0.99,15-30s,18,0,76,24
2026-01-08T06:00:56.098Z,0.99,30-60s,18,0,152,51
2026-01-08T06:00:56.098Z,0.99,60-300s,50,0,11737,624
2026-01-08T06:00:56.098Z,0.99,5-15m,36,0,16739,1717
2026-01-08T06:00:56.098Z,0.99,15-60m,15,0,60,14
2026-01-08T06:00:56.098Z,0.995,0-5s,13,2,25,7
2026-01-08T06:00:56.098Z,0.995,5-15s,494,2,1461,6
2026-01-08T06:00:56.098Z,0.995,15-30s,209,0,4787,25
2026-01-08T06:00:56.098Z,0.995,30-60s,108,0,4679,52
2026-01-08T06:00:56.098Z,0.995,60-300s,61,0,11737,626
2026-01-08T06:00:56.098Z,0.995,5-15m,36,0,16739,1717
2026-01-08T06:00:56.098Z,0.995,15-60m,15,0,60,14
2026-01-08T06:01:56.098Z,0.9,0-5s,10,10,10,1
2026-01-08T06:01:56.098Z,0.9,5-15s,2,2,2,1
2026-01-08T06:01:56.098Z,0.9,15-30s,5,5,5,1
2026-01-08T06:01:56.098Z,0.9,30-60s,7,6,9,3
2026-01-08T06:01:56.098Z,0.9,60-300s,8,1,20,3
2026-01-08T06:01:56.098Z,0.9,5-15m,26,0,43,7
2026-01-08T06:01:56.098Z,0.95,0-5s,8,6,10,2
2026-01-08T06:01:56.098Z,0.95,5-15s,2,2,2,1
2026-01-08T06:01:56.098Z,0.95,15-30s,10,0,49,7
2026-01-08T06:01:56.098Z,0.95,30-60s,6,3,9,5
2026-01-08T06:01:56.098Z,0.95,60-300s,87,0,1996,40
2026-01-08T06:01:56.098Z,0.95,5-15m,105,0,8995,104
2026-01-08T06:01:56.098Z,0.95,15-60m,6,6,6,1
2026-01-08T06:01:56.098Z,0.98,0-5s,13,2,25,6
2026-01-08T06:01:56.098Z,0.98,5-15s,190,2,548,3
2026-01-08T06:01:56.098Z,0.98,15-30s,20,0,76,21
2026-01-08T06:01:56.098Z,0.98,30-60s,16,0,152,37
2026-01-08T06:01:56.098Z,0.98,60-300s,31,0,1996,289
2026-01-08T06:01:56.098Z,0.98,5-15m,45,0,16739,720
2026-01-08T06:01:56.098Z,0.98,15-60m,14,2,35,3
2026-01-08T06:01:56.098Z,0.985,0-5s,13,2,25,6
2026-01-08T06:01:56.098Z,0.985,5-15s,312,2,677,4
2026-01-08T06:01:56.098Z,0.985,15-30s,20,0,76,21
2026-01-08T06:01:56.098Z,0.985,30-60s,15,0,152,39
2026-01-08T06:01:56.098Z,0.985,60-300s,31,0,1996,294
2026-01-08T06:01:56.098Z,0.985,5-15m,45,0,16739,731
2026-01-08T06:01:56.098Z,0.985,15-60m,14,2,35,3
2026-01-08T06:01:56.098Z,0.99,0-5s,13,2,25,7
2026-01-08T06:01:56.098Z,0.99,5-15s,312,2,677,4
2026-01-08T06:01:56.098Z,0.99,15-30s,18,0,76,24
2026-01-08T06:01:56.098Z,0.99,30-60s,18,0,152,51
2026-01-08T06:01:56.098Z,0.99,60-300s,50,0,11737,624
2026-01-08T06:01:56.098Z,0.99,5-15m,36,0,16739,1728
2026-01-08T06:01:56.098Z,0.99,15-60m,15,0,60,14
2026-01-08T06:01:56.098Z,0.995,0-5s,13,2,25,7
2026-01-08T06:01:56.098Z,0.995,5-15s,494,2,1461,6
2026-01-08T06:01:56.098Z,0.995,15-30s,209,0,4787,25
2026-01-08T06:01:56.098Z,0.995,30-60s,108,0,4679,52
2026-01-08T06:01:56.098Z,0.995,60-300s,61,0,11737,626
2026-01-08T06:01:56.098Z,0.995,5-15m,36,0,16739,1728
2026-01-08T06:01:56.098Z,0.995,15-60m,15,0,60,14
2026-01-08T06:02:56.099Z,0.9,0-5s,10,10,10,1
2026-01-08T06:02:56.099Z,0.9,5-15s,2,2,2,1
2026-01-08T06:02:56.099Z,0.9,15-30s,5,5,5,1
2026-01-08T06:02:56.099Z,0.9,30-60s,7,6,9,3
2026-01-08T06:02:56.099Z,0.9,60-300s,8,1,20,3
2026-01-08T06:02:56.099Z,0.9,5-15m,26,0,43,7
2026-01-08T06:02:56.099Z,0.95,0-5s,8,6,10,2
2026-01-08T06:02:56.099Z,0.95,5-15s,2,2,2,1
2026-01-08T06:02:56.099Z,0.95,15-30s,10,0,49,7
2026-01-08T06:02:56.099Z,0.95,30-60s,6,3,9,5
2026-01-08T06:02:56.099Z,0.95,60-300s,87,0,1996,40
2026-01-08T06:02:56.099Z,0.95,5-15m,105,0,8995,104
2026-01-08T06:02:56.099Z,0.95,15-60m,6,6,6,1
2026-01-08T06:02:56.099Z,0.98,0-5s,13,2,25,6
2026-01-08T06:02:56.099Z,0.98,5-15s,190,2,548,3
2026-01-08T06:02:56.099Z,0.98,15-30s,20,0,76,21
2026-01-08T06:02:56.099Z,0.98,30-60s,16,0,152,37
2026-01-08T06:02:56.099Z,0.98,60-300s,31,0,1996,289
2026-01-08T06:02:56.099Z,0.98,5-15m,45,0,16739,720
2026-01-08T06:02:56.099Z,0.98,15-60m,14,2,35,3
2026-01-08T06:02:56.099Z,0.985,0-5s,13,2,25,6
2026-01-08T06:02:56.099Z,0.985,5-15s,312,2,677,4
2026-01-08T06:02:56.099Z,0.985,15-30s,20,0,76,21
2026-01-08T06:02:56.099Z,0.985,30-60s,15,0,152,39
2026-01-08T06:02:56.099Z,0.985,60-300s,31,0,1996,294
2026-01-08T06:02:56.099Z,0.985,5-15m,45,0,16739,731
2026-01-08T06:02:56.099Z,0.985,15-60m,14,2,35,3
2026-01-08T06:02:56.099Z,0.99,0-5s,13,2,25,7
2026-01-08T06:02:56.099Z,0.99,5-15s,312,2,677,4
2026-01-08T06:02:56.099Z,0.99,15-30s,18,0,76,24
2026-01-08T06:02:56.099Z,0.99,30-60s,18,0,152,51
2026-01-08T06:02:56.099Z,0.99,60-300s,50,0,11737,624
2026-01-08T06:02:56.099Z,0.99,5-15m,36,0,16739,1731
2026-01-08T06:02:56.099Z,0.99,15-60m,15,0,60,14
2026-01-08T06:02:56.099Z,0.995,0-5s,13,2,25,7
2026-01-08T06:02:56.099Z,0.995,5-15s,494,2,1461,6
2026-01-08T06:02:56.099Z,0.995,15-30s,209,0,4787,25
2026-01-08T06:02:56.099Z,0.995,30-60s,108,0,4679,52
2026-01-08T06:02:56.099Z,0.995,60-300s,61,0,11737,626
2026-01-08T06:02:56.099Z,0.995,5-15m,36,0,16739,1731
2026-01-08T06:02:56.099Z,0.995,15-60m,15,0,60,14
2026-01-08T06:03:56.098Z,0.9,0-5s,10,10,10,1
2026-01-08T06:03:56.098Z,0.9,5-15s,2,2,2,1
2026-01-08T06:03:56.098Z,0.9,15-30s,5,5,5,1
2026-01-08T06:03:56.098Z,0.9,30-60s,7,6,9,3
2026-01-08T06:03:56.098Z,0.9,60-300s,8,1,20,3
2026-01-08T06:03:56.098Z,0.9,5-15m,26,0,43,7
2026-01-08T06:03:56.098Z,0.95,0-5s,8,6,10,2
2026-01-08T06:03:56.098Z,0.95,5-15s,2,2,2,1
2026-01-08T06:03:56.098Z,0.95,15-30s,10,0,49,7
2026-01-08T06:03:56.098Z,0.95,30-60s,6,3,9,5
2026-01-08T06:03:56.098Z,0.95,60-300s,87,0,1996,40
2026-01-08T06:03:56.098Z,0.95,5-15m,105,0,8995,104
2026-01-08T06:03:56.098Z,0.95,15-60m,6,6,6,1
2026-01-08T06:03:56.098Z,0.98,0-5s,13,2,25,6
2026-01-08T06:03:56.098Z,0.98,5-15s,190,2,548,3
2026-01-08T06:03:56.098Z,0.98,15-30s,20,0,76,21
2026-01-08T06:03:56.098Z,0.98,30-60s,16,0,152,37
2026-01-08T06:03:56.098Z,0.98,60-300s,31,0,1996,289
2026-01-08T06:03:56.098Z,0.98,5-15m,45,0,16739,721
2026-01-08T06:03:56.098Z,0.98,15-60m,14,2,35,3
2026-01-08T06:03:56.098Z,0.985,0-5s,13,2,25,6
2026-01-08T06:03:56.098Z,0.985,5-15s,312,2,677,4
2026-01-08T06:03:56.098Z,0.985,15-30s,20,0,76,21
2026-01-08T06:03:56.098Z,0.985,30-60s,15,0,152,39
2026-01-08T06:03:56.098Z,0.985,60-300s,31,0,1996,294
2026-01-08T06:03:56.098Z,0.985,5-15m,45,0,16739,732
2026-01-08T06:03:56.098Z,0.985,15-60m,14,2,35,3
2026-01-08T06:03:56.098Z,0.99,0-5s,13,2,25,7
2026-01-08T06:03:56.098Z,0.99,5-15s,312,2,677,4
2026-01-08T06:03:56.098Z,0.99,15-30s,18,0,76,24
2026-01-08T06:03:56.098Z,0.99,30-60s,18,0,152,51
2026-01-08T06:03:56.098Z,0.99,60-300s,50,0,11737,624
2026-01-08T06:03:56.098Z,0.99,5-15m,36,0,16739,1736
2026-01-08T06:03:56.098Z,0.99,15-60m,15,0,60,14
2026-01-08T06:03:56.098Z,0.995,0-5s,13,2,25,7
2026-01-08T06:03:56.098Z,0.995,5-15s,494,2,1461,6
2026-01-08T06:03:56.098Z,0.995,15-30s,209,0,4787,25
2026-01-08T06:03:56.098Z,0.995,30-60s,108,0,4679,52
2026-01-08T06:03:56.098Z,0.995,60-300s,61,0,11737,626
2026-01-08T06:03:56.098Z,0.995,5-15m,36,0,16739,1736
2026-01-08T06:03:56.098Z,0.995,15-60m,15,0,60,14
2026-01-08T06:04:56.099Z,0.9,0-5s,10,10,10,1
2026-01-08T06:04:56.099Z,0.9,5-15s,2,2,2,1
2026-01-08T06:04:56.099Z,0.9,15-30s,5,5,5,1
2026-01-08T06:04:56.099Z,0.9,30-60s,7,6,9,3
2026-01-08T06:04:56.099Z,0.9,60-300s,8,1,20,3
2026-01-08T06:04:56.099Z,0.9,5-15m,26,0,43,7
2026-01-08T06:04:56.099Z,0.95,0-5s,8,6,10,2
2026-01-08T06:04:56.099Z,0.95,5-15s,2,2,2,1
2026-01-08T06:04:56.099Z,0.95,15-30s,10,0,49,7
2026-01-08T06:04:56.099Z,0.95,30-60s,6,3,9,5
2026-01-08T06:04:56.099Z,0.95,60-300s,87,0,1996,40
2026-01-08T06:04:56.099Z,0.95,5-15m,103,0,8995,106
2026-01-08T06:04:56.099Z,0.95,15-60m,6,6,6,1
2026-01-08T06:04:56.099Z,0.98,0-5s,13,2,25,6
2026-01-08T06:04:56.099Z,0.98,5-15s,190,2,548,3
2026-01-08T06:04:56.099Z,0.98,15-30s,20,0,76,21
2026-01-08T06:04:56.099Z,0.98,30-60s,16,0,152,37
2026-01-08T06:04:56.099Z,0.98,60-300s,31,0,1996,289
2026-01-08T06:04:56.099Z,0.98,5-15m,45,0,16739,726
2026-01-08T06:04:56.099Z,0.98,15-60m,14,2,35,3
2026-01-08T06:04:56.099Z,0.985,0-5s,13,2,25,6
2026-01-08T06:04:56.099Z,0.985,5-15s,312,2,677,4
2026-01-08T06:04:56.099Z,0.985,15-30s,20,0,76,21
2026-01-08T06:04:56.099Z,0.985,30-60s,15,0,152,39
2026-01-08T06:04:56.099Z,0.985,60-300s,31,0,1996,294
2026-01-08T06:04:56.099Z,0.985,5-15m,45,0,16739,737
2026-01-08T06:04:56.099Z,0.985,15-60m,14,2,35,3
2026-01-08T06:04:56.099Z,0.99,0-5s,13,2,25,7
2026-01-08T06:04:56.099Z,0.99,5-15s,312,2,677,4
2026-01-08T06:04:56.099Z,0.99,15-30s,18,0,76,24
2026-01-08T06:04:56.099Z,0.99,30-60s,18,0,152,51
2026-01-08T06:04:56.099Z,0.99,60-300s,50,0,11737,624
2026-01-08T06:04:56.099Z,0.99,5-15m,36,0,16739,1749
2026-01-08T06:04:56.099Z,0.99,15-60m,15,0,60,14
2026-01-08T06:04:56.099Z,0.995,0-5s,13,2,25,7
2026-01-08T06:04:56.099Z,0.995,5-15s,494,2,1461,6
2026-01-08T06:04:56.099Z,0.995,15-30s,209,0,4787,25
2026-01-08T06:04:56.099Z,0.995,30-60s,108,0,4679,52
2026-01-08T06:04:56.099Z,0.995,60-300s,61,0,11737,626
2026-01-08T06:04:56.099Z,0.995,5-15m,36,0,16739,1749
2026-01-08T06:04:56.099Z,0.995,15-60m,15,0,60,14
2026-01-08T06:05:56.102Z,0.9,0-5s,10,10,10,1
2026-01-08T06:05:56.102Z,0.9,5-15s,2,2,2,1
2026-01-08T06:05:56.102Z,0.9,15-30s,5,5,5,1
2026-01-08T06:05:56.102Z,0.9,30-60s,7,6,9,3
2026-01-08T06:05:56.102Z,0.9,60-300s,8,1,20,3
2026-01-08T06:05:56.102Z,0.9,5-15m,26,0,43,7
2026-01-08T06:05:56.102Z,0.95,0-5s,8,6,10,2
2026-01-08T06:05:56.102Z,0.95,5-15s,2,2,2,1
2026-01-08T06:05:56.102Z,0.95,15-30s,10,0,49,7
2026-01-08T06:05:56.102Z,0.95,30-60s,6,3,9,5
2026-01-08T06:05:56.102Z,0.95,60-300s,87,0,1996,40
2026-01-08T06:05:56.102Z,0.95,5-15m,103,0,8995,106
2026-01-08T06:05:56.102Z,0.95,15-60m,6,6,6,1
2026-01-08T06:05:56.102Z,0.98,0-5s,13,2,25,6
2026-01-08T06:05:56.102Z,0.98,5-15s,190,2,548,3
2026-01-08T06:05:56.102Z,0.98,15-30s,20,0,76,21
2026-01-08T06:05:56.102Z,0.98,30-60s,16,0,152,37
2026-01-08T06:05:56.102Z,0.98,60-300s,31,0,1996,289
2026-01-08T06:05:56.102Z,0.98,5-15m,45,0,16739,726
2026-01-08T06:05:56.102Z,0.98,15-60m,14,2,35,3
2026-01-08T06:05:56.102Z,0.985,0-5s,13,2,25,6
2026-01-08T06:05:56.102Z,0.985,5-15s,312,2,677,4
2026-01-08T06:05:56.102Z,0.985,15-30s,20,0,76,21
2026-01-08T06:05:56.102Z,0.985,30-60s,15,0,152,39
2026-01-08T06:05:56.102Z,0.985,60-300s,31,0,1996,294
2026-01-08T06:05:56.102Z,0.985,5-15m,45,0,16739,737
2026-01-08T06:05:56.102Z,0.985,15-60m,14,2,35,3
2026-01-08T06:05:56.102Z,0.99,0-5s,13,2,25,7
2026-01-08T06:05:56.102Z,0.99,5-15s,312,2,677,4
2026-01-08T06:05:56.102Z,0.99,15-30s,18,0,76,24
2026-01-08T06:05:56.102Z,0.99,30-60s,18,0,152,51
2026-01-08T06:05:56.102Z,0.99,60-300s,50,0,11737,624
2026-01-08T06:05:56.102Z,0.99,5-15m,36,0,16739,1749
2026-01-08T06:05:56.102Z,0.99,15-60m,15,0,60,14
2026-01-08T06:05:56.102Z,0.995,0-5s,13,2,25,7
2026-01-08T06:05:56.102Z,0.995,5-15s,494,2,1461,6
2026-01-08T06:05:56.102Z,0.995,15-30s,209,0,4787,25
2026-01-08T06:05:56.102Z,0.995,30-60s,108,0,4679,52
2026-01-08T06:05:56.102Z,0.995,60-300s,61,0,11737,626
2026-01-08T06:05:56.102Z,0.995,5-15m,36,0,16739,1749
2026-01-08T06:05:56.102Z,0.995,15-60m,15,0,60,14
2026-01-08T06:06:56.104Z,0.9,0-5s,10,10,10,1
2026-01-08T06:06:56.104Z,0.9,5-15s,2,2,2,1
2026-01-08T06:06:56.104Z,0.9,15-30s,5,5,5,1
2026-01-08T06:06:56.104Z,0.9,30-60s,7,6,9,3
2026-01-08T06:06:56.104Z,0.9,60-300s,8,1,20,3
2026-01-08T06:06:56.104Z,0.9,5-15m,26,0,43,7
2026-01-08T06:06:56.104Z,0.95,0-5s,8,6,10,2
2026-01-08T06:06:56.104Z,0.95,5-15s,2,2,2,1
2026-01-08T06:06:56.104Z,0.95,15-30s,10,0,49,7
2026-01-08T06:06:56.104Z,0.95,30-60s,6,3,9,5
2026-01-08T06:06:56.104Z,0.95,60-300s,87,0,1996,40
2026-01-08T06:06:56.104Z,0.95,5-15m,103,0,8995,106
2026-01-08T06:06:56.104Z,0.95,15-60m,6,6,6,1
2026-01-08T06:06:56.104Z,0.98,0-5s,13,2,25,6
2026-01-08T06:06:56.104Z,0.98,5-15s,190,2,548,3
2026-01-08T06:06:56.104Z,0.98,15-30s,20,0,76,21
2026-01-08T06:06:56.104Z,0.98,30-60s,16,0,152,37
2026-01-08T06:06:56.104Z,0.98,60-300s,31,0,1996,289
2026-01-08T06:06:56.104Z,0.98,5-15m,45,0,16739,726
2026-01-08T06:06:56.104Z,0.98,15-60m,14,2,35,3
2026-01-08T06:06:56.104Z,0.985,0-5s,13,2,25,6
2026-01-08T06:06:56.104Z,0.985,5-15s,312,2,677,4
2026-01-08T06:06:56.104Z,0.985,15-30s,20,0,76,21
2026-01-08T06:06:56.104Z,0.985,30-60s,15,0,152,39
2026-01-08T06:06:56.104Z,0.985,60-300s,31,0,1996,294
2026-01-08T06:06:56.104Z,0.985,5-15m,45,0,16739,737
2026-01-08T06:06:56.104Z,0.985,15-60m,14,2,35,3
2026-01-08T06:06:56.104Z,0.99,0-5s,13,2,25,7
2026-01-08T06:06:56.104Z,0.99,5-15s,312,2,677,4
2026-01-08T06:06:56.104Z,0.99,15-30s,18,0,76,24
2026-01-08T06:06:56.104Z,0.99,30-60s,18,0,152,51
2026-01-08T06:06:56.104Z,0.99,60-300s,50,0,11737,624
2026-01-08T06:06:56.104Z,0.99,5-15m,36,0,16739,1749
2026-01-08T06:06:56.104Z,0.99,15-60m,15,0,60,14
2026-01-08T06:06:56.104Z,0.995,0-5s,13,2,25,7
2026-01-08T06:06:56.104Z,0.995,5-15s,494,2,1461,6
2026-01-08T06:06:56.104Z,0.995,15-30s,209,0,4787,25
2026-01-08T06:06:56.104Z,0.995,30-60s,108,0,4679,52
2026-01-08T06:06:56.104Z,0.995,60-300s,61,0,11737,626
2026-01-08T06:06:56.104Z,0.995,5-15m,36,0,16739,1749
2026-01-08T06:06:56.104Z,0.995,15-60m,15,0,60,14
2026-01-08T06:07:56.100Z,0.9,0-5s,10,10,10,1
2026-01-08T06:07:56.100Z,0.9,5-15s,2,2,2,1
2026-01-08T06:07:56.100Z,0.9,15-30s,5,5,5,1
2026-01-08T06:07:56.100Z,0.9,30-60s,7,6,9,3
2026-01-08T06:07:56.100Z,0.9,60-300s,8,1,20,3
2026-01-08T06:07:56.100Z,0.9,5-15m,26,0,43,7
2026-01-08T06:07:56.100Z,0.95,0-5s,8,6,10,2
2026-01-08T06:07:56.100Z,0.95,5-15s,2,2,2,1
2026-01-08T06:07:56.100Z,0.95,15-30s,10,0,49,7
2026-01-08T06:07:56.100Z,0.95,30-60s,6,3,9,5
2026-01-08T06:07:56.100Z,0.95,60-300s,87,0,1996,40
2026-01-08T06:07:56.100Z,0.95,5-15m,103,0,8995,106
2026-01-08T06:07:56.100Z,0.95,15-60m,6,6,6,1
2026-01-08T06:07:56.100Z,0.98,0-5s,13,2,25,6
2026-01-08T06:07:56.100Z,0.98,5-15s,190,2,548,3
2026-01-08T06:07:56.100Z,0.98,15-30s,20,0,76,21
2026-01-08T06:07:56.100Z,0.98,30-60s,16,0,152,37
2026-01-08T06:07:56.100Z,0.98,60-300s,31,0,1996,289
2026-01-08T06:07:56.100Z,0.98,5-15m,45,0,16739,726
2026-01-08T06:07:56.100Z,0.98,15-60m,15,2,35,5
2026-01-08T06:07:56.100Z,0.985,0-5s,13,2,25,6
2026-01-08T06:07:56.100Z,0.985,5-15s,312,2,677,4
2026-01-08T06:07:56.100Z,0.985,15-30s,20,0,76,21
2026-01-08T06:07:56.100Z,0.985,30-60s,15,0,152,39
2026-01-08T06:07:56.100Z,0.985,60-300s,31,0,1996,294
2026-01-08T06:07:56.100Z,0.985,5-15m,45,0,16739,737
2026-01-08T06:07:56.100Z,0.985,15-60m,15,2,35,5
2026-01-08T06:07:56.100Z,0.99,0-5s,13,2,25,7
2026-01-08T06:07:56.100Z,0.99,5-15s,312,2,677,4
2026-01-08T06:07:56.100Z,0.99,15-30s,18,0,76,24
2026-01-08T06:07:56.100Z,0.99,30-60s,18,0,152,51
2026-01-08T06:07:56.100Z,0.99,60-300s,50,0,11737,624
2026-01-08T06:07:56.100Z,0.99,5-15m,36,0,16739,1749
2026-01-08T06:07:56.100Z,0.99,15-60m,15,0,60,17
2026-01-08T06:07:56.100Z,0.995,0-5s,13,2,25,7
2026-01-08T06:07:56.100Z,0.995,5-15s,494,2,1461,6
2026-01-08T06:07:56.100Z,0.995,15-30s,209,0,4787,25
2026-01-08T06:07:56.100Z,0.995,30-60s,108,0,4679,52
2026-01-08T06:07:56.100Z,0.995,60-300s,61,0,11737,626
2026-01-08T06:07:56.100Z,0.995,5-15m,36,0,16739,1749
2026-01-08T06:07:56.100Z,0.995,15-60m,15,0,60,17
2026-01-08T06:08:56.104Z,0.9,0-5s,10,10,10,1
2026-01-08T06:08:56.104Z,0.9,5-15s,2,2,2,1
2026-01-08T06:08:56.104Z,0.9,15-30s,5,5,5,1
2026-01-08T06:08:56.104Z,0.9,30-60s,7,6,9,3
2026-01-08T06:08:56.104Z,0.9,60-300s,8,1,20,3
2026-01-08T06:08:56.104Z,0.9,5-15m,26,0,43,7
2026-01-08T06:08:56.104Z,0.95,0-5s,8,6,10,2
2026-01-08T06:08:56.104Z,0.95,5-15s,2,2,2,1
2026-01-08T06:08:56.104Z,0.95,15-30s,10,0,49,7
2026-01-08T06:08:56.104Z,0.95,30-60s,6,3,9,5
2026-01-08T06:08:56.104Z,0.95,60-300s,87,0,1996,40
2026-01-08T06:08:56.104Z,0.95,5-15m,103,0,8995,106
2026-01-08T06:08:56.104Z,0.95,15-60m,6,6,6,1
2026-01-08T06:08:56.104Z,0.98,0-5s,13,2,25,6
2026-01-08T06:08:56.104Z,0.98,5-15s,190,2,548,3
2026-01-08T06:08:56.104Z,0.98,15-30s,20,0,76,21
2026-01-08T06:08:56.104Z,0.98,30-60s,16,0,152,37
2026-01-08T06:08:56.104Z,0.98,60-300s,31,0,1996,289
2026-01-08T06:08:56.104Z,0.98,5-15m,45,0,16739,726
2026-01-08T06:08:56.104Z,0.98,15-60m,15,2,35,5
2026-01-08T06:08:56.104Z,0.985,0-5s,13,2,25,6
2026-01-08T06:08:56.104Z,0.985,5-15s,312,2,677,4
2026-01-08T06:08:56.104Z,0.985,15-30s,20,0,76,21
2026-01-08T06:08:56.104Z,0.985,30-60s,15,0,152,39
2026-01-08T06:08:56.104Z,0.985,60-300s,31,0,1996,294
2026-01-08T06:08:56.104Z,0.985,5-15m,45,0,16739,737
2026-01-08T06:08:56.104Z,0.985,15-60m,15,2,35,5
2026-01-08T06:08:56.104Z,0.99,0-5s,13,2,25,7
2026-01-08T06:08:56.104Z,0.99,5-15s,312,2,677,4
2026-01-08T06:08:56.104Z,0.99,15-30s,18,0,76,24
2026-01-08T06:08:56.104Z,0.99,30-60s,18,0,152,51
2026-01-08T06:08:56.104Z,0.99,60-300s,50,0,11737,624
2026-01-08T06:08:56.104Z,0.99,5-15m,36,0,16739,1749
2026-01-08T06:08:56.104Z,0.99,15-60m,15,0,60,17
2026-01-08T06:08:56.104Z,0.995,0-5s,13,2,25,7
2026-01-08T06:08:56.104Z,0.995,5-15s,494,2,1461,6
2026-01-08T06:08:56.104Z,0.995,15-30s,209,0,4787,25
2026-01-08T06:08:56.104Z,0.995,30-60s,108,0,4679,52
2026-01-08T06:08:56.104Z,0.995,60-300s,61,0,11737,626
2026-01-08T06:08:56.104Z,0.995,5-15m,36,0,16739,1749
2026-01-08T06:08:56.104Z,0.995,15-60m,15,0,60,17
2026-01-08T06:09:56.107Z,0.9,0-5s,10,10,10,1
2026-01-08T06:09:56.107Z,0.9,5-15s,2,2,2,1
2026-01-08T06:09:56.107Z,0.9,15-30s,5,5,5,1
2026-01-08T06:09:56.107Z,0.9,30-60s,7,6,9,3
2026-01-08T06:09:56.107Z,0.9,60-300s,8,1,20,3
2026-01-08T06:09:56.107Z,0.9,5-15m,26,0,43,7
2026-01-08T06:09:56.107Z,0.95,0-5s,8,6,10,2
2026-01-08T06:09:56.107Z,0.95,5-15s,2,2,2,1
2026-01-08T06:09:56.107Z,0.95,15-30s,10,0,49,7
2026-01-08T06:09:56.107Z,0.95,30-60s,6,3,9,5
2026-01-08T06:09:56.107Z,0.95,60-300s,87,0,1996,40
2026-01-08T06:09:56.107Z,0.95,5-15m,103,0,8995,106
2026-01-08T06:09:56.107Z,0.95,15-60m,6,6,6,1
2026-01-08T06:09:56.107Z,0.98,0-5s,13,2,25,6
2026-01-08T06:09:56.107Z,0.98,5-15s,190,2,548,3
2026-01-08T06:09:56.107Z,0.98,15-30s,20,0,76,21
2026-01-08T06:09:56.107Z,0.98,30-60s,16,0,152,37
2026-01-08T06:09:56.107Z,0.98,60-300s,31,0,1996,289
2026-01-08T06:09:56.107Z,0.98,5-15m,45,0,16739,726
2026-01-08T06:09:56.107Z,0.98,15-60m,15,2,35,5
2026-01-08T06:09:56.107Z,0.985,0-5s,13,2,25,6
2026-01-08T06:09:56.107Z,0.985,5-15s,312,2,677,4
2026-01-08T06:09:56.107Z,0.985,15-30s,20,0,76,21
2026-01-08T06:09:56.107Z,0.985,30-60s,15,0,152,39
2026-01-08T06:09:56.107Z,0.985,60-300s,31,0,1996,294
2026-01-08T06:09:56.107Z,0.985,5-15m,45,0,16739,737
2026-01-08T06:09:56.107Z,0.985,15-60m,15,2,35,5
2026-01-08T06:09:56.107Z,0.99,0-5s,13,2,25,7
2026-01-08T06:09:56.107Z,0.99,5-15s,312,2,677,4
2026-01-08T06:09:56.107Z,0.99,15-30s,18,0,76,24
2026-01-08T06:09:56.107Z,0.99,30-60s,18,0,152,51
2026-01-08T06:09:56.107Z,0.99,60-300s,50,0,11737,624
2026-01-08T06:09:56.107Z,0.99,5-15m,36,0,16739,1749
2026-01-08T06:09:56.107Z,0.99,15-60m,15,0,60,17
2026-01-08T06:09:56.107Z,0.995,0-5s,13,2,25,7
2026-01-08T06:09:56.107Z,0.995,5-15s,494,2,1461,6
2026-01-08T06:09:56.107Z,0.995,15-30s,209,0,4787,25
2026-01-08T06:09:56.107Z,0.995,30-60s,108,0,4679,52
2026-01-08T06:09:56.107Z,0.995,60-300s,61,0,11737,626
2026-01-08T06:09:56.107Z,0.995,5-15m,36,0,16739,1749
2026-01-08T06:09:56.107Z,0.995,15-60m,15,0,60,17
2026-01-08T06:10:56.107Z,0.9,0-5s,10,10,10,1
2026-01-08T06:10:56.107Z,0.9,5-15s,2,2,2,1
2026-01-08T06:10:56.107Z,0.9,15-30s,5,5,5,1
2026-01-08T06:10:56.107Z,0.9,30-60s,7,6,9,3
2026-01-08T06:10:56.107Z,0.9,60-300s,8,1,20,3
2026-01-08T06:10:56.107Z,0.9,5-15m,26,0,43,7
2026-01-08T06:10:56.107Z,0.95,0-5s,8,6,10,2
2026-01-08T06:10:56.107Z,0.95,5-15s,2,2,2,1
2026-01-08T06:10:56.107Z,0.95,15-30s,10,0,49,7
2026-01-08T06:10:56.107Z,0.95,30-60s,6,3,9,5
2026-01-08T06:10:56.107Z,0.95,60-300s,87,0,1996,40
2026-01-08T06:10:56.107Z,0.95,5-15m,103,0,8995,106
2026-01-08T06:10:56.107Z,0.95,15-60m,6,6,6,1
2026-01-08T06:10:56.107Z,0.98,0-5s,13,2,25,6
2026-01-08T06:10:56.107Z,0.98,5-15s,190,2,548,3
2026-01-08T06:10:56.107Z,0.98,15-30s,20,0,76,21
2026-01-08T06:10:56.107Z,0.98,30-60s,16,0,152,37
2026-01-08T06:10:56.107Z,0.98,60-300s,31,0,1996,289
2026-01-08T06:10:56.107Z,0.98,5-15m,45,0,16739,726
2026-01-08T06:10:56.107Z,0.98,15-60m,15,2,35,5
2026-01-08T06:10:56.107Z,0.985,0-5s,13,2,25,6
2026-01-08T06:10:56.107Z,0.985,5-15s,312,2,677,4
2026-01-08T06:10:56.107Z,0.985,15-30s,20,0,76,21
2026-01-08T06:10:56.107Z,0.985,30-60s,15,0,152,39
2026-01-08T06:10:56.107Z,0.985,60-300s,31,0,1996,294
2026-01-08T06:10:56.107Z,0.985,5-15m,45,0,16739,737
2026-01-08T06:10:56.107Z,0.985,15-60m,15,2,35,5
2026-01-08T06:10:56.107Z,0.99,0-5s,13,2,25,7
2026-01-08T06:10:56.107Z,0.99,5-15s,312,2,677,4
2026-01-08T06:10:56.107Z,0.99,15-30s,18,0,76,24
2026-01-08T06:10:56.107Z,0.99,30-60s,18,0,152,51
2026-01-08T06:10:56.107Z,0.99,60-300s,50,0,11737,627
2026-01-08T06:10:56.107Z,0.99,5-15m,36,0,16739,1749
2026-01-08T06:10:56.107Z,0.99,15-60m,15,0,60,17
2026-01-08T06:10:56.107Z,0.995,0-5s,13,2,25,7
2026-01-08T06:10:56.107Z,0.995,5-15s,494,2,1461,6
2026-01-08T06:10:56.107Z,0.995,15-30s,209,0,4787,25
2026-01-08T06:10:56.107Z,0.995,30-60s,108,0,4679,52
2026-01-08T06:10:56.107Z,0.995,60-300s,61,0,11737,629
2026-01-08T06:10:56.107Z,0.995,5-15m,36,0,16739,1749
2026-01-08T06:10:56.107Z,0.995,15-60m,15,0,60,17
2026-01-08T06:11:56.109Z,0.9,0-5s,10,10,10,1
2026-01-08T06:11:56.109Z,0.9,5-15s,2,2,2,1
2026-01-08T06:11:56.109Z,0.9,15-30s,5,5,5,1
2026-01-08T06:11:56.109Z,0.9,30-60s,7,6,9,3
2026-01-08T06:11:56.109Z,0.9,60-300s,8,1,20,3
2026-01-08T06:11:56.109Z,0.9,5-15m,26,0,43,7
2026-01-08T06:11:56.109Z,0.95,0-5s,8,6,10,2
2026-01-08T06:11:56.109Z,0.95,5-15s,2,2,2,1
2026-01-08T06:11:56.109Z,0.95,15-30s,10,0,49,7
2026-01-08T06:11:56.109Z,0.95,30-60s,6,3,9,5
2026-01-08T06:11:56.109Z,0.95,60-300s,87,0,1996,40
2026-01-08T06:11:56.109Z,0.95,5-15m,103,0,8995,106
2026-01-08T06:11:56.109Z,0.95,15-60m,6,6,6,1
2026-01-08T06:11:56.109Z,0.98,0-5s,13,2,25,6
2026-01-08T06:11:56.109Z,0.98,5-15s,190,2,548,3
2026-01-08T06:11:56.109Z,0.98,15-30s,20,0,76,21
2026-01-08T06:11:56.109Z,0.98,30-60s,16,0,152,37
2026-01-08T06:11:56.109Z,0.98,60-300s,31,0,1996,289
2026-01-08T06:11:56.109Z,0.98,5-15m,45,0,16739,726
2026-01-08T06:11:56.109Z,0.98,15-60m,15,2,35,5
2026-01-08T06:11:56.109Z,0.985,0-5s,13,2,25,6
2026-01-08T06:11:56.109Z,0.985,5-15s,312,2,677,4
2026-01-08T06:11:56.109Z,0.985,15-30s,20,0,76,21
2026-01-08T06:11:56.109Z,0.985,30-60s,15,0,152,39
2026-01-08T06:11:56.109Z,0.985,60-300s,31,0,1996,294
2026-01-08T06:11:56.109Z,0.985,5-15m,45,0,16739,737
2026-01-08T06:11:56.109Z,0.985,15-60m,15,2,35,5
2026-01-08T06:11:56.109Z,0.99,0-5s,13,2,25,7
2026-01-08T06:11:56.109Z,0.99,5-15s,312,2,677,4
2026-01-08T06:11:56.109Z,0.99,15-30s,18,0,76,24
2026-01-08T06:11:56.109Z,0.99,30-60s,18,0,152,51
2026-01-08T06:11:56.109Z,0.99,60-300s,50,0,11737,627
2026-01-08T06:11:56.109Z,0.99,5-15m,36,0,16739,1749
2026-01-08T06:11:56.109Z,0.99,15-60m,15,0,60,17
2026-01-08T06:11:56.109Z,0.995,0-5s,13,2,25,7
2026-01-08T06:11:56.109Z,0.995,5-15s,494,2,1461,6
2026-01-08T06:11:56.109Z,0.995,15-30s,209,0,4787,25
2026-01-08T06:11:56.109Z,0.995,30-60s,108,0,4679,52
2026-01-08T06:11:56.109Z,0.995,60-300s,61,0,11737,629
2026-01-08T06:11:56.109Z,0.995,5-15m,36,0,16739,1749
2026-01-08T06:11:56.109Z,0.995,15-60m,15,0,60,17
2026-01-08T06:12:56.108Z,0.9,0-5s,10,10,10,1
2026-01-08T06:12:56.108Z,0.9,5-15s,2,2,2,1
2026-01-08T06:12:56.108Z,0.9,15-30s,5,5,5,1
2026-01-08T06:12:56.108Z,0.9,30-60s,7,6,9,3
2026-01-08T06:12:56.108Z,0.9,60-300s,8,1,20,3
2026-01-08T06:12:56.108Z,0.9,5-15m,26,0,43,7
2026-01-08T06:12:56.108Z,0.95,0-5s,8,6,10,2
2026-01-08T06:12:56.108Z,0.95,5-15s,2,2,2,1
2026-01-08T06:12:56.108Z,0.95,15-30s,10,0,49,7
2026-01-08T06:12:56.108Z,0.95,30-60s,6,3,9,5
2026-01-08T06:12:56.108Z,0.95,60-300s,87,0,1996,40
2026-01-08T06:12:56.108Z,0.95,5-15m,103,0,8995,106
2026-01-08T06:12:56.108Z,0.95,15-60m,6,6,6,1
2026-01-08T06:12:56.108Z,0.98,0-5s,13,2,25,6
2026-01-08T06:12:56.108Z,0.98,5-15s,190,2,548,3
2026-01-08T06:12:56.108Z,0.98,15-30s,20,0,76,21
2026-01-08T06:12:56.108Z,0.98,30-60s,16,0,152,37
2026-01-08T06:12:56.108Z,0.98,60-300s,31,0,1996,289
2026-01-08T06:12:56.108Z,0.98,5-15m,45,0,16739,726
2026-01-08T06:12:56.108Z,0.98,15-60m,15,2,35,5
2026-01-08T06:12:56.108Z,0.985,0-5s,13,2,25,6
2026-01-08T06:12:56.108Z,0.985,5-15s,312,2,677,4
2026-01-08T06:12:56.108Z,0.985,15-30s,20,0,76,21
2026-01-08T06:12:56.108Z,0.985,30-60s,15,0,152,39
2026-01-08T06:12:56.108Z,0.985,60-300s,31,0,1996,294
2026-01-08T06:12:56.108Z,0.985,5-15m,45,0,16739,737
2026-01-08T06:12:56.108Z,0.985,15-60m,15,2,35,5
2026-01-08T06:12:56.108Z,0.99,0-5s,13,2,25,7
2026-01-08T06:12:56.108Z,0.99,5-15s,312,2,677,4
2026-01-08T06:12:56.108Z,0.99,15-30s,18,0,76,24
2026-01-08T06:12:56.108Z,0.99,30-60s,18,0,152,51
2026-01-08T06:12:56.108Z,0.99,60-300s,50,0,11737,627
2026-01-08T06:12:56.108Z,0.99,5-15m,36,0,16739,1749
2026-01-08T06:12:56.108Z,0.99,15-60m,15,0,60,17
2026-01-08T06:12:56.108Z,0.995,0-5s,13,2,25,7
2026-01-08T06:12:56.108Z,0.995,5-15s,494,2,1461,6
2026-01-08T06:12:56.108Z,0.995,15-30s,209,0,4787,25
2026-01-08T06:12:56.108Z,0.995,30-60s,108,0,4679,52
2026-01-08T06:12:56.108Z,0.995,60-300s,61,0,11737,629
2026-01-08T06:12:56.108Z,0.995,5-15m,36,0,16739,1749
2026-01-08T06:12:56.108Z,0.995,15-60m,15,0,60,17
2026-01-08T06:13:56.113Z,0.9,0-5s,10,10,10,1
2026-01-08T06:13:56.113Z,0.9,5-15s,2,2,2,1
2026-01-08T06:13:56.113Z,0.9,15-30s,5,5,5,1
2026-01-08T06:13:56.113Z,0.9,30-60s,7,6,9,3
2026-01-08T06:13:56.113Z,0.9,60-300s,8,1,20,3
2026-01-08T06:13:56.113Z,0.9,5-15m,26,0,43,7
2026-01-08T06:13:56.113Z,0.95,0-5s,8,6,10,2
2026-01-08T06:13:56.113Z,0.95,5-15s,2,2,2,1
2026-01-08T06:13:56.113Z,0.95,15-30s,10,0,49,7
2026-01-08T06:13:56.113Z,0.95,30-60s,6,3,9,5
2026-01-08T06:13:56.113Z,0.95,60-300s,87,0,1996,40
2026-01-08T06:13:56.113Z,0.95,5-15m,103,0,8995,106
2026-01-08T06:13:56.113Z,0.95,15-60m,6,6,6,1
2026-01-08T06:13:56.113Z,0.98,0-5s,13,2,25,6
2026-01-08T06:13:56.113Z,0.98,5-15s,190,2,548,3
2026-01-08T06:13:56.113Z,0.98,15-30s,20,0,76,21
2026-01-08T06:13:56.113Z,0.98,30-60s,16,0,152,37
2026-01-08T06:13:56.113Z,0.98,60-300s,31,0,1996,289
2026-01-08T06:13:56.113Z,0.98,5-15m,45,0,16739,726
2026-01-08T06:13:56.113Z,0.98,15-60m,15,2,35,5
2026-01-08T06:13:56.113Z,0.985,0-5s,13,2,25,6
2026-01-08T06:13:56.113Z,0.985,5-15s,312,2,677,4
2026-01-08T06:13:56.113Z,0.985,15-30s,20,0,76,21
2026-01-08T06:13:56.113Z,0.985,30-60s,15,0,152,39
2026-01-08T06:13:56.113Z,0.985,60-300s,31,0,1996,294
2026-01-08T06:13:56.113Z,0.985,5-15m,45,0,16739,737
2026-01-08T06:13:56.113Z,0.985,15-60m,15,2,35,5
2026-01-08T06:13:56.113Z,0.99,0-5s,13,2,25,7
2026-01-08T06:13:56.113Z,0.99,5-15s,312,2,677,4
2026-01-08T06:13:56.113Z,0.99,15-30s,18,0,76,24
2026-01-08T06:13:56.113Z,0.99,30-60s,18,0,152,51
2026-01-08T06:13:56.113Z,0.99,60-300s,50,0,11737,627
2026-01-08T06:13:56.113Z,0.99,5-15m,36,0,16739,1749
2026-01-08T06:13:56.113Z,0.99,15-60m,15,0,60,17
2026-01-08T06:13:56.113Z,0.995,0-5s,13,2,25,7
2026-01-08T06:13:56.113Z,0.995,5-15s,494,2,1461,6
2026-01-08T06:13:56.113Z,0.995,15-30s,209,0,4787,25
2026-01-08T06:13:56.113Z,0.995,30-60s,108,0,4679,52
2026-01-08T06:13:56.113Z,0.995,60-300s,61,0,11737,629
2026-01-08T06:13:56.113Z,0.995,5-15m,36,0,16739,1749
2026-01-08T06:13:56.113Z,0.995,15-60m,15,0,60,17
2026-01-08T06:14:56.114Z,0.9,0-5s,10,10,10,1
2026-01-08T06:14:56.114Z,0.9,5-15s,2,2,2,1
2026-01-08T06:14:56.114Z,0.9,15-30s,5,5,5,1
2026-01-08T06:14:56.114Z,0.9,30-60s,7,6,9,3
2026-01-08T06:14:56.114Z,0.9,60-300s,8,1,20,3
2026-01-08T06:14:56.114Z,0.9,5-15m,26,0,43,7
2026-01-08T06:14:56.114Z,0.95,0-5s,8,6,10,2
2026-01-08T06:14:56.114Z,0.95,5-15s,2,2,2,1
2026-01-08T06:14:56.114Z,0.95,15-30s,10,0,49,7
2026-01-08T06:14:56.114Z,0.95,30-60s,6,3,9,5
2026-01-08T06:14:56.114Z,0.95,60-300s,87,0,1996,40
2026-01-08T06:14:56.114Z,0.95,5-15m,103,0,8995,106
2026-01-08T06:14:56.114Z,0.95,15-60m,6,6,6,1
2026-01-08T06:14:56.114Z,0.98,0-5s,13,2,25,6
2026-01-08T06:14:56.114Z,0.98,5-15s,190,2,548,3
2026-01-08T06:14:56.114Z,0.98,15-30s,20,0,76,21
2026-01-08T06:14:56.114Z,0.98,30-60s,16,0,152,37
2026-01-08T06:14:56.114Z,0.98,60-300s,31,0,1996,289
2026-01-08T06:14:56.114Z,0.98,5-15m,45,0,16739,726
2026-01-08T06:14:56.114Z,0.98,15-60m,15,2,35,5
2026-01-08T06:14:56.114Z,0.985,0-5s,13,2,25,6
2026-01-08T06:14:56.114Z,0.985,5-15s,312,2,677,4
2026-01-08T06:14:56.114Z,0.985,15-30s,20,0,76,21
2026-01-08T06:14:56.114Z,0.985,30-60s,15,0,152,39
2026-01-08T06:14:56.114Z,0.985,60-300s,31,0,1996,294
2026-01-08T06:14:56.114Z,0.985,5-15m,45,0,16739,737
2026-01-08T06:14:56.114Z,0.985,15-60m,15,2,35,5
2026-01-08T06:14:56.114Z,0.99,0-5s,13,2,25,7
2026-01-08T06:14:56.114Z,0.99,5-15s,312,2,677,4
2026-01-08T06:14:56.114Z,0.99,15-30s,18,0,76,24
2026-01-08T06:14:56.114Z,0.99,30-60s,18,0,152,51
2026-01-08T06:14:56.114Z,0.99,60-300s,50,0,11737,627
2026-01-08T06:14:56.114Z,0.99,5-15m,36,0,16739,1749
2026-01-08T06:14:56.114Z,0.99,15-60m,15,0,60,17
2026-01-08T06:14:56.114Z,0.995,0-5s,13,2,25,7
2026-01-08T06:14:56.114Z,0.995,5-15s,494,2,1461,6
2026-01-08T06:14:56.114Z,0.995,15-30s,209,0,4787,25
2026-01-08T06:14:56.114Z,0.995,30-60s,108,0,4679,52
2026-01-08T06:14:56.114Z,0.995,60-300s,61,0,11737,629
2026-01-08T06:14:56.114Z,0.995,5-15m,36,0,16739,1749
2026-01-08T06:14:56.114Z,0.995,15-60m,15,0,60,17
2026-01-08T06:15:56.113Z,0.9,0-5s,10,10,10,1
2026-01-08T06:15:56.113Z,0.9,5-15s,2,2,2,1
2026-01-08T06:15:56.113Z,0.9,15-30s,5,5,5,1
2026-01-08T06:15:56.113Z,0.9,30-60s,7,6,9,3
2026-01-08T06:15:56.113Z,0.9,60-300s,8,1,20,3
2026-01-08T06:15:56.113Z,0.9,5-15m,26,0,43,7
2026-01-08T06:15:56.113Z,0.95,0-5s,8,6,10,2
2026-01-08T06:15:56.113Z,0.95,5-15s,2,2,2,1
2026-01-08T06:15:56.113Z,0.95,15-30s,10,0,49,7
2026-01-08T06:15:56.113Z,0.95,30-60s,6,3,9,5
2026-01-08T06:15:56.113Z,0.95,60-300s,87,0,1996,40
2026-01-08T06:15:56.113Z,0.95,5-15m,103,0,8995,106
2026-01-08T06:15:56.113Z,0.95,15-60m,6,6,6,1
2026-01-08T06:15:56.113Z,0.98,0-5s,13,2,25,6
2026-01-08T06:15:56.113Z,0.98,5-15s,190,2,548,3
2026-01-08T06:15:56.113Z,0.98,15-30s,20,0,76,21
2026-01-08T06:15:56.113Z,0.98,30-60s,16,0,152,37
2026-01-08T06:15:56.113Z,0.98,60-300s,31,0,1996,289
2026-01-08T06:15:56.113Z,0.98,5-15m,45,0,16739,726
2026-01-08T06:15:56.113Z,0.98,15-60m,15,2,35,6
2026-01-08T06:15:56.113Z,0.985,0-5s,13,2,25,6
2026-01-08T06:15:56.113Z,0.985,5-15s,312,2,677,4
2026-01-08T06:15:56.113Z,0.985,15-30s,20,0,76,21
2026-01-08T06:15:56.113Z,0.985,30-60s,15,0,152,39
2026-01-08T06:15:56.113Z,0.985,60-300s,31,0,1996,294
2026-01-08T06:15:56.113Z,0.985,5-15m,45,0,16739,737
2026-01-08T06:15:56.113Z,0.985,15-60m,15,2,35,6
2026-01-08T06:15:56.113Z,0.99,0-5s,13,2,25,7
2026-01-08T06:15:56.113Z,0.99,5-15s,312,2,677,4
2026-01-08T06:15:56.113Z,0.99,15-30s,18,0,76,24
2026-01-08T06:15:56.113Z,0.99,30-60s,18,0,152,51
2026-01-08T06:15:56.113Z,0.99,60-300s,50,0,11737,627
2026-01-08T06:15:56.113Z,0.99,5-15m,37,0,16739,1752
2026-01-08T06:15:56.113Z,0.99,15-60m,14,0,60,19
2026-01-08T06:15:56.113Z,0.995,0-5s,13,2,25,7
2026-01-08T06:15:56.113Z,0.995,5-15s,494,2,1461,6
2026-01-08T06:15:56.113Z,0.995,15-30s,209,0,4787,25
2026-01-08T06:15:56.113Z,0.995,30-60s,108,0,4679,52
2026-01-08T06:15:56.113Z,0.995,60-300s,61,0,11737,629
2026-01-08T06:15:56.113Z,0.995,5-15m,37,0,16739,1752
2026-01-08T06:15:56.113Z,0.995,15-60m,14,0,60,19
2026-01-08T06:16:56.117Z,0.9,0-5s,10,10,10,1
2026-01-08T06:16:56.117Z,0.9,5-15s,2,2,2,1
2026-01-08T06:16:56.117Z,0.9,15-30s,5,5,5,1
2026-01-08T06:16:56.117Z,0.9,30-60s,7,6,9,3
2026-01-08T06:16:56.117Z,0.9,60-300s,8,1,20,3
2026-01-08T06:16:56.117Z,0.9,5-15m,26,0,43,7
2026-01-08T06:16:56.117Z,0.95,0-5s,8,6,10,2
2026-01-08T06:16:56.117Z,0.95,5-15s,2,2,2,1
2026-01-08T06:16:56.117Z,0.95,15-30s,10,0,49,7
2026-01-08T06:16:56.117Z,0.95,30-60s,6,3,9,5
2026-01-08T06:16:56.117Z,0.95,60-300s,87,0,1996,40
2026-01-08T06:16:56.117Z,0.95,5-15m,103,0,8995,106
2026-01-08T06:16:56.117Z,0.95,15-60m,6,6,6,1
2026-01-08T06:16:56.117Z,0.98,0-5s,13,2,25,6
2026-01-08T06:16:56.117Z,0.98,5-15s,190,2,548,3
2026-01-08T06:16:56.117Z,0.98,15-30s,20,0,76,21
2026-01-08T06:16:56.117Z,0.98,30-60s,16,0,152,37
2026-01-08T06:16:56.117Z,0.98,60-300s,31,0,1996,289
2026-01-08T06:16:56.117Z,0.98,5-15m,45,0,16739,727
2026-01-08T06:16:56.117Z,0.98,15-60m,15,2,35,6
2026-01-08T06:16:56.117Z,0.985,0-5s,13,2,25,6
2026-01-08T06:16:56.117Z,0.985,5-15s,312,2,677,4
2026-01-08T06:16:56.117Z,0.985,15-30s,20,0,76,21
2026-01-08T06:16:56.117Z,0.985,30-60s,15,0,152,39
2026-01-08T06:16:56.117Z,0.985,60-300s,31,0,1996,294
2026-01-08T06:16:56.117Z,0.985,5-15m,44,0,16739,738
2026-01-08T06:16:56.117Z,0.985,15-60m,15,2,35,6
2026-01-08T06:16:56.117Z,0.99,0-5s,13,2,25,7
2026-01-08T06:16:56.117Z,0.99,5-15s,312,2,677,4
2026-01-08T06:16:56.117Z,0.99,15-30s,18,0,76,24
2026-01-08T06:16:56.117Z,0.99,30-60s,18,0,152,51
2026-01-08T06:16:56.117Z,0.99,60-300s,50,0,11737,627
2026-01-08T06:16:56.117Z,0.99,5-15m,37,0,16739,1756
2026-01-08T06:16:56.117Z,0.99,15-60m,14,0,60,19
2026-01-08T06:16:56.117Z,0.995,0-5s,13,2,25,7
2026-01-08T06:16:56.117Z,0.995,5-15s,494,2,1461,6
2026-01-08T06:16:56.117Z,0.995,15-30s,209,0,4787,25
2026-01-08T06:16:56.117Z,0.995,30-60s,108,0,4679,52
2026-01-08T06:16:56.117Z,0.995,60-300s,61,0,11737,629
2026-01-08T06:16:56.117Z,0.995,5-15m,37,0,16739,1756
2026-01-08T06:16:56.117Z,0.995,15-60m,14,0,60,19
2026-01-08T06:17:56.117Z,0.9,0-5s,10,10,10,1
2026-01-08T06:17:56.117Z,0.9,5-15s,2,2,2,1
2026-01-08T06:17:56.117Z,0.9,15-30s,5,5,5,1
2026-01-08T06:17:56.117Z,0.9,30-60s,7,6,9,3
2026-01-08T06:17:56.117Z,0.9,60-300s,8,1,20,3
2026-01-08T06:17:56.117Z,0.9,5-15m,26,0,43,7
2026-01-08T06:17:56.117Z,0.95,0-5s,8,6,10,2
2026-01-08T06:17:56.117Z,0.95,5-15s,2,2,2,1
2026-01-08T06:17:56.117Z,0.95,15-30s,10,0,49,7
2026-01-08T06:17:56.117Z,0.95,30-60s,6,3,9,5
2026-01-08T06:17:56.117Z,0.95,60-300s,87,0,1996,40
2026-01-08T06:17:56.117Z,0.95,5-15m,102,0,8995,107
2026-01-08T06:17:56.117Z,0.95,15-60m,6,6,6,1
2026-01-08T06:17:56.117Z,0.98,0-5s,13,2,25,6
2026-01-08T06:17:56.117Z,0.98,5-15s,190,2,548,3
2026-01-08T06:17:56.117Z,0.98,15-30s,20,0,76,21
2026-01-08T06:17:56.117Z,0.98,30-60s,16,0,152,37
2026-01-08T06:17:56.117Z,0.98,60-300s,31,0,1996,289
2026-01-08T06:17:56.117Z,0.98,5-15m,45,0,16739,731
2026-01-08T06:17:56.117Z,0.98,15-60m,15,2,35,6
2026-01-08T06:17:56.117Z,0.985,0-5s,13,2,25,6
2026-01-08T06:17:56.117Z,0.985,5-15s,312,2,677,4
2026-01-08T06:17:56.117Z,0.985,15-30s,20,0,76,21
2026-01-08T06:17:56.117Z,0.985,30-60s,15,0,152,39
2026-01-08T06:17:56.117Z,0.985,60-300s,31,0,1996,294
2026-01-08T06:17:56.117Z,0.985,5-15m,44,0,16739,742
2026-01-08T06:17:56.117Z,0.985,15-60m,15,2,35,6
2026-01-08T06:17:56.117Z,0.99,0-5s,13,2,25,7
2026-01-08T06:17:56.117Z,0.99,5-15s,312,2,677,4
2026-01-08T06:17:56.117Z,0.99,15-30s,18,0,76,24
2026-01-08T06:17:56.117Z,0.99,30-60s,18,0,152,51
2026-01-08T06:17:56.117Z,0.99,60-300s,50,0,11737,627
2026-01-08T06:17:56.117Z,0.99,5-15m,36,0,16739,1771
2026-01-08T06:17:56.117Z,0.99,15-60m,14,0,60,19
2026-01-08T06:17:56.117Z,0.995,0-5s,13,2,25,7
2026-01-08T06:17:56.117Z,0.995,5-15s,494,2,1461,6
2026-01-08T06:17:56.117Z,0.995,15-30s,209,0,4787,25
2026-01-08T06:17:56.117Z,0.995,30-60s,108,0,4679,52
2026-01-08T06:17:56.117Z,0.995,60-300s,61,0,11737,629
2026-01-08T06:17:56.117Z,0.995,5-15m,36,0,16739,1771
2026-01-08T06:17:56.117Z,0.995,15-60m,14,0,60,19
2026-01-08T06:18:56.121Z,0.9,0-5s,10,10,10,1
2026-01-08T06:18:56.121Z,0.9,5-15s,2,2,2,1
2026-01-08T06:18:56.121Z,0.9,15-30s,5,5,5,1
2026-01-08T06:18:56.121Z,0.9,30-60s,7,6,9,3
2026-01-08T06:18:56.121Z,0.9,60-300s,8,1,20,3
2026-01-08T06:18:56.121Z,0.9,5-15m,26,0,43,7
2026-01-08T06:18:56.121Z,0.95,0-5s,8,6,10,2
2026-01-08T06:18:56.121Z,0.95,5-15s,2,2,2,1
2026-01-08T06:18:56.121Z,0.95,15-30s,10,0,49,7
2026-01-08T06:18:56.121Z,0.95,30-60s,6,3,9,5
2026-01-08T06:18:56.121Z,0.95,60-300s,87,0,1996,40
2026-01-08T06:18:56.121Z,0.95,5-15m,102,0,8995,107
2026-01-08T06:18:56.121Z,0.95,15-60m,6,6,6,1
2026-01-08T06:18:56.121Z,0.98,0-5s,13,2,25,6
2026-01-08T06:18:56.121Z,0.98,5-15s,190,2,548,3
2026-01-08T06:18:56.121Z,0.98,15-30s,20,0,76,21
2026-01-08T06:18:56.121Z,0.98,30-60s,16,0,152,37
2026-01-08T06:18:56.121Z,0.98,60-300s,31,0,1996,289
2026-01-08T06:18:56.121Z,0.98,5-15m,45,0,16739,733
2026-01-08T06:18:56.121Z,0.98,15-60m,15,2,35,6
2026-01-08T06:18:56.121Z,0.985,0-5s,13,2,25,6
2026-01-08T06:18:56.121Z,0.985,5-15s,312,2,677,4
2026-01-08T06:18:56.121Z,0.985,15-30s,20,0,76,21
2026-01-08T06:18:56.121Z,0.985,30-60s,15,0,152,39
2026-01-08T06:18:56.121Z,0.985,60-300s,31,0,1996,294
2026-01-08T06:18:56.121Z,0.985,5-15m,44,0,16739,744
2026-01-08T06:18:56.121Z,0.985,15-60m,15,2,35,6
2026-01-08T06:18:56.121Z,0.99,0-5s,13,2,25,7
2026-01-08T06:18:56.121Z,0.99,5-15s,312,2,677,4
2026-01-08T06:18:56.121Z,0.99,15-30s,18,0,76,24
2026-01-08T06:18:56.121Z,0.99,30-60s,18,0,152,51
2026-01-08T06:18:56.121Z,0.99,60-300s,50,0,11737,627
2026-01-08T06:18:56.121Z,0.99,5-15m,36,0,16739,1775
2026-01-08T06:18:56.121Z,0.99,15-60m,14,0,60,19
2026-01-08T06:18:56.121Z,0.995,0-5s,13,2,25,7
2026-01-08T06:18:56.121Z,0.995,5-15s,494,2,1461,6
2026-01-08T06:18:56.121Z,0.995,15-30s,209,0,4787,25
2026-01-08T06:18:56.121Z,0.995,30-60s,108,0,4679,52
2026-01-08T06:18:56.121Z,0.995,60-300s,61,0,11737,629
2026-01-08T06:18:56.121Z,0.995,5-15m,36,0,16739,1775
2026-01-08T06:18:56.121Z,0.995,15-60m,14,0,60,19
2026-01-08T06:19:56.119Z,0.9,0-5s,10,10,10,1
2026-01-08T06:19:56.119Z,0.9,5-15s,2,2,2,1
2026-01-08T06:19:56.119Z,0.9,15-30s,5,5,5,1
2026-01-08T06:19:56.119Z,0.9,30-60s,7,6,9,3
2026-01-08T06:19:56.119Z,0.9,60-300s,8,1,20,3
2026-01-08T06:19:56.119Z,0.9,5-15m,26,0,43,7
2026-01-08T06:19:56.119Z,0.95,0-5s,8,6,10,2
2026-01-08T06:19:56.119Z,0.95,5-15s,2,2,2,1
2026-01-08T06:19:56.119Z,0.95,15-30s,10,0,49,7
2026-01-08T06:19:56.119Z,0.95,30-60s,6,3,9,5
2026-01-08T06:19:56.119Z,0.95,60-300s,87,0,1996,40
2026-01-08T06:19:56.119Z,0.95,5-15m,102,0,8995,107
2026-01-08T06:19:56.119Z,0.95,15-60m,6,6,6,1
2026-01-08T06:19:56.119Z,0.98,0-5s,13,2,25,6
2026-01-08T06:19:56.119Z,0.98,5-15s,190,2,548,3
2026-01-08T06:19:56.119Z,0.98,15-30s,20,0,76,21
2026-01-08T06:19:56.119Z,0.98,30-60s,16,0,152,37
2026-01-08T06:19:56.119Z,0.98,60-300s,31,0,1996,289
2026-01-08T06:19:56.119Z,0.98,5-15m,44,0,16739,735
2026-01-08T06:19:56.119Z,0.98,15-60m,15,2,35,6
2026-01-08T06:19:56.119Z,0.985,0-5s,13,2,25,6
2026-01-08T06:19:56.119Z,0.985,5-15s,312,2,677,4
2026-01-08T06:19:56.119Z,0.985,15-30s,20,0,76,21
2026-01-08T06:19:56.119Z,0.985,30-60s,15,0,152,39
2026-01-08T06:19:56.119Z,0.985,60-300s,31,0,1996,294
2026-01-08T06:19:56.119Z,0.985,5-15m,44,0,16739,746
2026-01-08T06:19:56.119Z,0.985,15-60m,15,2,35,6
2026-01-08T06:19:56.119Z,0.99,0-5s,13,2,25,7
2026-01-08T06:19:56.119Z,0.99,5-15s,312,2,677,4
2026-01-08T06:19:56.119Z,0.99,15-30s,18,0,76,24
2026-01-08T06:19:56.119Z,0.99,30-60s,18,0,152,51
2026-01-08T06:19:56.119Z,0.99,60-300s,50,0,11737,627
2026-01-08T06:19:56.119Z,0.99,5-15m,36,0,16739,1781
2026-01-08T06:19:56.119Z,0.99,15-60m,14,0,60,19
2026-01-08T06:19:56.119Z,0.995,0-5s,13,2,25,7
2026-01-08T06:19:56.119Z,0.995,5-15s,494,2,1461,6
2026-01-08T06:19:56.119Z,0.995,15-30s,209,0,4787,25
2026-01-08T06:19:56.119Z,0.995,30-60s,108,0,4679,52
2026-01-08T06:19:56.119Z,0.995,60-300s,61,0,11737,629
2026-01-08T06:19:56.119Z,0.995,5-15m,36,0,16739,1781
2026-01-08T06:19:56.119Z,0.995,15-60m,14,0,60,19
2026-01-08T06:20:56.119Z,0.9,0-5s,10,10,10,1
2026-01-08T06:20:56.119Z,0.9,5-15s,2,2,2,1
2026-01-08T06:20:56.119Z,0.9,15-30s,5,5,5,1
2026-01-08T06:20:56.119Z,0.9,30-60s,7,6,9,3
2026-01-08T06:20:56.119Z,0.9,60-300s,8,1,20,3
2026-01-08T06:20:56.119Z,0.9,5-15m,26,0,43,7
2026-01-08T06:20:56.119Z,0.95,0-5s,8,6,10,2
2026-01-08T06:20:56.119Z,0.95,5-15s,2,2,2,1
2026-01-08T06:20:56.119Z,0.95,15-30s,10,0,49,7
2026-01-08T06:20:56.119Z,0.95,30-60s,6,3,9,5
2026-01-08T06:20:56.119Z,0.95,60-300s,87,0,1996,40
2026-01-08T06:20:56.119Z,0.95,5-15m,102,0,8995,107
2026-01-08T06:20:56.119Z,0.95,15-60m,6,6,6,1
2026-01-08T06:20:56.119Z,0.98,0-5s,13,2,25,6
2026-01-08T06:20:56.119Z,0.98,5-15s,190,2,548,3
2026-01-08T06:20:56.119Z,0.98,15-30s,20,0,76,21
2026-01-08T06:20:56.119Z,0.98,30-60s,16,0,152,37
2026-01-08T06:20:56.119Z,0.98,60-300s,31,0,1996,289
2026-01-08T06:20:56.119Z,0.98,5-15m,44,0,16739,738
2026-01-08T06:20:56.119Z,0.98,15-60m,15,2,35,6
2026-01-08T06:20:56.119Z,0.985,0-5s,13,2,25,6
2026-01-08T06:20:56.119Z,0.985,5-15s,312,2,677,4
2026-01-08T06:20:56.119Z,0.985,15-30s,20,0,76,21
2026-01-08T06:20:56.119Z,0.985,30-60s,15,0,152,39
2026-01-08T06:20:56.119Z,0.985,60-300s,31,0,1996,294
2026-01-08T06:20:56.119Z,0.985,5-15m,44,0,16739,749
2026-01-08T06:20:56.119Z,0.985,15-60m,15,2,35,6
2026-01-08T06:20:56.119Z,0.99,0-5s,13,2,25,7
2026-01-08T06:20:56.119Z,0.99,5-15s,312,2,677,4
2026-01-08T06:20:56.119Z,0.99,15-30s,18,0,76,24
2026-01-08T06:20:56.119Z,0.99,30-60s,18,0,152,51
2026-01-08T06:20:56.119Z,0.99,60-300s,50,0,11737,627
2026-01-08T06:20:56.119Z,0.99,5-15m,36,0,16739,1787
2026-01-08T06:20:56.119Z,0.99,15-60m,14,0,60,19
2026-01-08T06:20:56.119Z,0.995,0-5s,13,2,25,7
2026-01-08T06:20:56.119Z,0.995,5-15s,494,2,1461,6
2026-01-08T06:20:56.119Z,0.995,15-30s,209,0,4787,25
2026-01-08T06:20:56.119Z,0.995,30-60s,108,0,4679,52
2026-01-08T06:20:56.119Z,0.995,60-300s,61,0,11737,629
2026-01-08T06:20:56.119Z,0.995,5-15m,36,0,16739,1787
2026-01-08T06:20:56.119Z,0.995,15-60m,14,0,60,19
2026-01-08T06:21:56.118Z,0.9,0-5s,10,10,10,1
2026-01-08T06:21:56.118Z,0.9,5-15s,2,2,2,1
2026-01-08T06:21:56.118Z,0.9,15-30s,5,5,5,1
2026-01-08T06:21:56.118Z,0.9,30-60s,7,6,9,3
2026-01-08T06:21:56.118Z,0.9,60-300s,8,1,20,3
2026-01-08T06:21:56.118Z,0.9,5-15m,26,0,43,7
2026-01-08T06:21:56.118Z,0.95,0-5s,8,6,10,2
2026-01-08T06:21:56.118Z,0.95,5-15s,2,2,2,1
2026-01-08T06:21:56.118Z,0.95,15-30s,10,0,49,7
2026-01-08T06:21:56.118Z,0.95,30-60s,6,3,9,5
2026-01-08T06:21:56.118Z,0.95,60-300s,87,0,1996,40
2026-01-08T06:21:56.118Z,0.95,5-15m,101,0,8995,108
2026-01-08T06:21:56.118Z,0.95,15-60m,6,6,6,1
2026-01-08T06:21:56.118Z,0.98,0-5s,13,2,25,6
2026-01-08T06:21:56.118Z,0.98,5-15s,190,2,548,3
2026-01-08T06:21:56.118Z,0.98,15-30s,20,0,76,21
2026-01-08T06:21:56.118Z,0.98,30-60s,16,0,152,37
2026-01-08T06:21:56.118Z,0.98,60-300s,31,0,1996,289
2026-01-08T06:21:56.118Z,0.98,5-15m,44,0,16739,741
2026-01-08T06:21:56.118Z,0.98,15-60m,15,2,35,6
2026-01-08T06:21:56.118Z,0.985,0-5s,13,2,25,6
2026-01-08T06:21:56.118Z,0.985,5-15s,312,2,677,4
2026-01-08T06:21:56.118Z,0.985,15-30s,20,0,76,21
2026-01-08T06:21:56.118Z,0.985,30-60s,15,0,152,39
2026-01-08T06:21:56.118Z,0.985,60-300s,31,0,1996,294
2026-01-08T06:21:56.118Z,0.985,5-15m,44,0,16739,752
2026-01-08T06:21:56.118Z,0.985,15-60m,15,2,35,6
2026-01-08T06:21:56.118Z,0.99,0-5s,13,2,25,7
2026-01-08T06:21:56.118Z,0.99,5-15s,312,2,677,4
2026-01-08T06:21:56.118Z,0.99,15-30s,18,0,76,24
2026-01-08T06:21:56.118Z,0.99,30-60s,18,0,152,51
2026-01-08T06:21:56.118Z,0.99,60-300s,50,0,11737,627
2026-01-08T06:21:56.118Z,0.99,5-15m,36,0,16739,1801
2026-01-08T06:21:56.118Z,0.99,15-60m,14,0,60,19
2026-01-08T06:21:56.118Z,0.995,0-5s,13,2,25,7
2026-01-08T06:21:56.118Z,0.995,5-15s,494,2,1461,6
2026-01-08T06:21:56.118Z,0.995,15-30s,209,0,4787,25
2026-01-08T06:21:56.118Z,0.995,30-60s,108,0,4679,52
2026-01-08T06:21:56.118Z,0.995,60-300s,61,0,11737,629
2026-01-08T06:21:56.118Z,0.995,5-15m,36,0,16739,1801
2026-01-08T06:21:56.118Z,0.995,15-60m,14,0,60,19
2026-01-08T06:22:56.120Z,0.9,0-5s,10,10,10,1
2026-01-08T06:22:56.120Z,0.9,5-15s,2,2,2,1
2026-01-08T06:22:56.120Z,0.9,15-30s,5,5,5,1
2026-01-08T06:22:56.120Z,0.9,30-60s,7,6,9,3
2026-01-08T06:22:56.120Z,0.9,60-300s,8,1,20,3
2026-01-08T06:22:56.120Z,0.9,5-15m,26,0,43,7
2026-01-08T06:22:56.120Z,0.95,0-5s,8,6,10,2
2026-01-08T06:22:56.120Z,0.95,5-15s,2,2,2,1
2026-01-08T06:22:56.120Z,0.95,15-30s,10,0,49,7
2026-01-08T06:22:56.120Z,0.95,30-60s,6,3,9,5
2026-01-08T06:22:56.120Z,0.95,60-300s,87,0,1996,40
2026-01-08T06:22:56.120Z,0.95,5-15m,101,0,8995,108
2026-01-08T06:22:56.120Z,0.95,15-60m,6,6,6,1
2026-01-08T06:22:56.120Z,0.98,0-5s,13,2,25,6
2026-01-08T06:22:56.120Z,0.98,5-15s,190,2,548,3
2026-01-08T06:22:56.120Z,0.98,15-30s,20,0,76,21
2026-01-08T06:22:56.120Z,0.98,30-60s,16,0,152,37
2026-01-08T06:22:56.120Z,0.98,60-300s,31,0,1996,289
2026-01-08T06:22:56.120Z,0.98,5-15m,44,0,16739,745
2026-01-08T06:22:56.120Z,0.98,15-60m,15,2,35,6
2026-01-08T06:22:56.120Z,0.985,0-5s,13,2,25,6
2026-01-08T06:22:56.120Z,0.985,5-15s,312,2,677,4
2026-01-08T06:22:56.120Z,0.985,15-30s,20,0,76,21
2026-01-08T06:22:56.120Z,0.985,30-60s,15,0,152,39
2026-01-08T06:22:56.120Z,0.985,60-300s,31,0,1996,294
2026-01-08T06:22:56.120Z,0.985,5-15m,44,0,16739,756
2026-01-08T06:22:56.120Z,0.985,15-60m,15,2,35,6
2026-01-08T06:22:56.120Z,0.99,0-5s,13,2,25,7
2026-01-08T06:22:56.120Z,0.99,5-15s,312,2,677,4
2026-01-08T06:22:56.120Z,0.99,15-30s,18,0,76,24
2026-01-08T06:22:56.120Z,0.99,30-60s,18,0,152,51
2026-01-08T06:22:56.120Z,0.99,60-300s,50,0,11737,627
2026-01-08T06:22:56.120Z,0.99,5-15m,36,0,16739,1809
2026-01-08T06:22:56.120Z,0.99,15-60m,14,0,60,19
2026-01-08T06:22:56.120Z,0.995,0-5s,13,2,25,7
2026-01-08T06:22:56.120Z,0.995,5-15s,494,2,1461,6
2026-01-08T06:22:56.120Z,0.995,15-30s,209,0,4787,25
2026-01-08T06:22:56.120Z,0.995,30-60s,108,0,4679,52
2026-01-08T06:22:56.120Z,0.995,60-300s,61,0,11737,629
2026-01-08T06:22:56.120Z,0.995,5-15m,36,0,16739,1809
2026-01-08T06:22:56.120Z,0.995,15-60m,14,0,60,19
2026-01-08T06:23:56.120Z,0.9,0-5s,10,10,10,1
2026-01-08T06:23:56.120Z,0.9,5-15s,2,2,2,1
2026-01-08T06:23:56.120Z,0.9,15-30s,5,5,5,1
2026-01-08T06:23:56.120Z,0.9,30-60s,7,6,9,3
2026-01-08T06:23:56.120Z,0.9,60-300s,8,1,20,3
2026-01-08T06:23:56.120Z,0.9,5-15m,26,0,43,7
2026-01-08T06:23:56.120Z,0.95,0-5s,8,6,10,2
2026-01-08T06:23:56.120Z,0.95,5-15s,2,2,2,1
2026-01-08T06:23:56.120Z,0.95,15-30s,10,0,49,7
2026-01-08T06:23:56.120Z,0.95,30-60s,6,3,9,5
2026-01-08T06:23:56.120Z,0.95,60-300s,87,0,1996,40
2026-01-08T06:23:56.120Z,0.95,5-15m,101,0,8995,108
2026-01-08T06:23:56.120Z,0.95,15-60m,6,6,6,1
2026-01-08T06:23:56.120Z,0.98,0-5s,13,2,25,6
2026-01-08T06:23:56.120Z,0.98,5-15s,190,2,548,3
2026-01-08T06:23:56.120Z,0.98,15-30s,20,0,76,21
2026-01-08T06:23:56.120Z,0.98,30-60s,16,0,152,37
2026-01-08T06:23:56.120Z,0.98,60-300s,31,0,1996,289
2026-01-08T06:23:56.120Z,0.98,5-15m,44,0,16739,746
2026-01-08T06:23:56.120Z,0.98,15-60m,15,2,35,6
2026-01-08T06:23:56.120Z,0.985,0-5s,13,2,25,6
2026-01-08T06:23:56.120Z,0.985,5-15s,312,2,677,4
2026-01-08T06:23:56.120Z,0.985,15-30s,20,0,76,21
2026-01-08T06:23:56.120Z,0.985,30-60s,15,0,152,39
2026-01-08T06:23:56.120Z,0.985,60-300s,31,0,1996,294
2026-01-08T06:23:56.120Z,0.985,5-15m,44,0,16739,757
2026-01-08T06:23:56.120Z,0.985,15-60m,15,2,35,6
2026-01-08T06:23:56.120Z,0.99,0-5s,13,2,25,7
2026-01-08T06:23:56.120Z,0.99,5-15s,312,2,677,4
2026-01-08T06:23:56.120Z,0.99,15-30s,18,0,76,24
2026-01-08T06:23:56.120Z,0.99,30-60s,18,0,152,51
2026-01-08T06:23:56.120Z,0.99,60-300s,50,0,11737,627
2026-01-08T06:23:56.120Z,0.99,5-15m,36,0,16739,1814
2026-01-08T06:23:56.120Z,0.99,15-60m,14,0,60,19
2026-01-08T06:23:56.120Z,0.995,0-5s,13,2,25,7
2026-01-08T06:23:56.120Z,0.995,5-15s,494,2,1461,6
2026-01-08T06:23:56.120Z,0.995,15-30s,209,0,4787,25
2026-01-08T06:23:56.120Z,0.995,30-60s,108,0,4679,52
2026-01-08T06:23:56.120Z,0.995,60-300s,61,0,11737,629
2026-01-08T06:23:56.120Z,0.995,5-15m,36,0,16739,1814
2026-01-08T06:23:56.120Z,0.995,15-60m,14,0,60,19
2026-01-08T06:24:56.120Z,0.9,0-5s,10,10,10,1
2026-01-08T06:24:56.120Z,0.9,5-15s,2,2,2,1
2026-01-08T06:24:56.120Z,0.9,15-30s,5,5,5,1
2026-01-08T06:24:56.120Z,0.9,30-60s,7,6,9,3
2026-01-08T06:24:56.120Z,0.9,60-300s,8,1,20,3
2026-01-08T06:24:56.120Z,0.9,5-15m,26,0,43,7
2026-01-08T06:24:56.120Z,0.95,0-5s,8,6,10,2
2026-01-08T06:24:56.120Z,0.95,5-15s,2,2,2,1
2026-01-08T06:24:56.120Z,0.95,15-30s,10,0,49,7
2026-01-08T06:24:56.120Z,0.95,30-60s,6,3,9,5
2026-01-08T06:24:56.120Z,0.95,60-300s,87,0,1996,40
2026-01-08T06:24:56.120Z,0.95,5-15m,101,0,8995,108
2026-01-08T06:24:56.120Z,0.95,15-60m,6,6,6,1
2026-01-08T06:24:56.120Z,0.98,0-5s,13,2,25,6
2026-01-08T06:24:56.120Z,0.98,5-15s,190,2,548,3
2026-01-08T06:24:56.120Z,0.98,15-30s,20,0,76,21
2026-01-08T06:24:56.120Z,0.98,30-60s,16,0,152,37
2026-01-08T06:24:56.120Z,0.98,60-300s,31,0,1996,289
2026-01-08T06:24:56.120Z,0.98,5-15m,44,0,16739,746
2026-01-08T06:24:56.120Z,0.98,15-60m,15,2,35,6
2026-01-08T06:24:56.120Z,0.985,0-5s,13,2,25,6
2026-01-08T06:24:56.120Z,0.985,5-15s,312,2,677,4
2026-01-08T06:24:56.120Z,0.985,15-30s,20,0,76,21
2026-01-08T06:24:56.120Z,0.985,30-60s,15,0,152,39
2026-01-08T06:24:56.120Z,0.985,60-300s,31,0,1996,294
2026-01-08T06:24:56.120Z,0.985,5-15m,44,0,16739,757
2026-01-08T06:24:56.120Z,0.985,15-60m,15,2,35,6
2026-01-08T06:24:56.120Z,0.99,0-5s,13,2,25,7
2026-01-08T06:24:56.120Z,0.99,5-15s,312,2,677,4
2026-01-08T06:24:56.120Z,0.99,15-30s,18,0,76,24
2026-01-08T06:24:56.120Z,0.99,30-60s,18,0,152,51
2026-01-08T06:24:56.120Z,0.99,60-300s,50,0,11737,627
2026-01-08T06:24:56.120Z,0.99,5-15m,36,0,16739,1816
2026-01-08T06:24:56.120Z,0.99,15-60m,14,0,60,19
2026-01-08T06:24:56.120Z,0.995,0-5s,13,2,25,7
2026-01-08T06:24:56.120Z,0.995,5-15s,494,2,1461,6
2026-01-08T06:24:56.120Z,0.995,15-30s,209,0,4787,25
2026-01-08T06:24:56.120Z,0.995,30-60s,108,0,4679,52
2026-01-08T06:24:56.120Z,0.995,60-300s,61,0,11737,629
2026-01-08T06:24:56.120Z,0.995,5-15m,36,0,16739,1816
2026-01-08T06:24:56.120Z,0.995,15-60m,14,0,60,19
2026-01-08T06:25:56.125Z,0.9,0-5s,10,10,10,1
2026-01-08T06:25:56.125Z,0.9,5-15s,2,2,2,1
2026-01-08T06:25:56.125Z,0.9,15-30s,5,5,5,1
2026-01-08T06:25:56.125Z,0.9,30-60s,7,6,9,3
2026-01-08T06:25:56.125Z,0.9,60-300s,8,1,20,3
2026-01-08T06:25:56.125Z,0.9,5-15m,26,0,43,7
2026-01-08T06:25:56.125Z,0.95,0-5s,8,6,10,2
2026-01-08T06:25:56.125Z,0.95,5-15s,2,2,2,1
2026-01-08T06:25:56.125Z,0.95,15-30s,10,0,49,7
2026-01-08T06:25:56.125Z,0.95,30-60s,6,3,9,5
2026-01-08T06:25:56.125Z,0.95,60-300s,87,0,1996,40
2026-01-08T06:25:56.125Z,0.95,5-15m,101,0,8995,108
2026-01-08T06:25:56.125Z,0.95,15-60m,6,6,6,1
2026-01-08T06:25:56.125Z,0.98,0-5s,13,2,25,6
2026-01-08T06:25:56.125Z,0.98,5-15s,190,2,548,3
2026-01-08T06:25:56.125Z,0.98,15-30s,20,0,76,21
2026-01-08T06:25:56.125Z,0.98,30-60s,16,0,152,37
2026-01-08T06:25:56.125Z,0.98,60-300s,31,0,1996,289
2026-01-08T06:25:56.125Z,0.98,5-15m,44,0,16739,746
2026-01-08T06:25:56.125Z,0.98,15-60m,15,2,35,6
2026-01-08T06:25:56.125Z,0.985,0-5s,13,2,25,6
2026-01-08T06:25:56.125Z,0.985,5-15s,312,2,677,4
2026-01-08T06:25:56.125Z,0.985,15-30s,20,0,76,21
2026-01-08T06:25:56.125Z,0.985,30-60s,15,0,152,39
2026-01-08T06:25:56.125Z,0.985,60-300s,31,0,1996,294
2026-01-08T06:25:56.125Z,0.985,5-15m,44,0,16739,757
2026-01-08T06:25:56.125Z,0.985,15-60m,15,2,35,6
2026-01-08T06:25:56.125Z,0.99,0-5s,13,2,25,7
2026-01-08T06:25:56.125Z,0.99,5-15s,312,2,677,4
2026-01-08T06:25:56.125Z,0.99,15-30s,18,0,76,24
2026-01-08T06:25:56.125Z,0.99,30-60s,18,0,152,51
2026-01-08T06:25:56.125Z,0.99,60-300s,50,0,11737,630
2026-01-08T06:25:56.125Z,0.99,5-15m,36,0,16739,1816
2026-01-08T06:25:56.125Z,0.99,15-60m,14,0,60,19
2026-01-08T06:25:56.125Z,0.995,0-5s,13,2,25,7
2026-01-08T06:25:56.125Z,0.995,5-15s,494,2,1461,6
2026-01-08T06:25:56.125Z,0.995,15-30s,209,0,4787,25
2026-01-08T06:25:56.125Z,0.995,30-60s,108,0,4679,52
2026-01-08T06:25:56.125Z,0.995,60-300s,61,0,11737,632
2026-01-08T06:25:56.125Z,0.995,5-15m,36,0,16739,1816
2026-01-08T06:25:56.125Z,0.995,15-60m,14,0,60,19
2026-01-08T06:26:56.125Z,0.9,0-5s,10,10,10,1
2026-01-08T06:26:56.125Z,0.9,5-15s,2,2,2,1
2026-01-08T06:26:56.125Z,0.9,15-30s,5,5,5,1
2026-01-08T06:26:56.125Z,0.9,30-60s,7,6,9,3
2026-01-08T06:26:56.125Z,0.9,60-300s,8,1,20,3
2026-01-08T06:26:56.125Z,0.9,5-15m,26,0,43,7
2026-01-08T06:26:56.125Z,0.95,0-5s,8,6,10,2
2026-01-08T06:26:56.125Z,0.95,5-15s,2,2,2,1
2026-01-08T06:26:56.125Z,0.95,15-30s,10,0,49,7
2026-01-08T06:26:56.125Z,0.95,30-60s,6,3,9,5
2026-01-08T06:26:56.125Z,0.95,60-300s,87,0,1996,40
2026-01-08T06:26:56.125Z,0.95,5-15m,101,0,8995,108
2026-01-08T06:26:56.125Z,0.95,15-60m,6,6,6,1
2026-01-08T06:26:56.125Z,0.98,0-5s,13,2,25,6
2026-01-08T06:26:56.125Z,0.98,5-15s,190,2,548,3
2026-01-08T06:26:56.125Z,0.98,15-30s,20,0,76,21
2026-01-08T06:26:56.125Z,0.98,30-60s,16,0,152,37
2026-01-08T06:26:56.125Z,0.98,60-300s,31,0,1996,289
2026-01-08T06:26:56.125Z,0.98,5-15m,44,0,16739,746
2026-01-08T06:26:56.125Z,0.98,15-60m,15,2,35,6
2026-01-08T06:26:56.125Z,0.985,0-5s,13,2,25,6
2026-01-08T06:26:56.125Z,0.985,5-15s,312,2,677,4
2026-01-08T06:26:56.125Z,0.985,15-30s,20,0,76,21
2026-01-08T06:26:56.125Z,0.985,30-60s,15,0,152,39
2026-01-08T06:26:56.125Z,0.985,60-300s,31,0,1996,294
2026-01-08T06:26:56.125Z,0.985,5-15m,44,0,16739,757
2026-01-08T06:26:56.125Z,0.985,15-60m,15,2,35,6
2026-01-08T06:26:56.125Z,0.99,0-5s,13,2,25,7
2026-01-08T06:26:56.125Z,0.99,5-15s,312,2,677,4
2026-01-08T06:26:56.125Z,0.99,15-30s,18,0,76,24
2026-01-08T06:26:56.125Z,0.99,30-60s,18,0,152,51
2026-01-08T06:26:56.125Z,0.99,60-300s,49,0,11737,632
2026-01-08T06:26:56.125Z,0.99,5-15m,36,0,16739,1816
2026-01-08T06:26:56.125Z,0.99,15-60m,14,0,60,19
2026-01-08T06:26:56.125Z,0.995,0-5s,13,2,25,7
2026-01-08T06:26:56.125Z,0.995,5-15s,494,2,1461,6
2026-01-08T06:26:56.125Z,0.995,15-30s,209,0,4787,25
2026-01-08T06:26:56.125Z,0.995,30-60s,108,0,4679,52
2026-01-08T06:26:56.125Z,0.995,60-300s,61,0,11737,634
2026-01-08T06:26:56.125Z,0.995,5-15m,36,0,16739,1816
2026-01-08T06:26:56.125Z,0.995,15-60m,14,0,60,19
2026-01-08T06:27:56.127Z,0.9,0-5s,10,10,10,1
2026-01-08T06:27:56.127Z,0.9,5-15s,2,2,2,1
2026-01-08T06:27:56.127Z,0.9,15-30s,5,5,5,1
2026-01-08T06:27:56.127Z,0.9,30-60s,7,6,9,3
2026-01-08T06:27:56.127Z,0.9,60-300s,8,1,20,3
2026-01-08T06:27:56.127Z,0.9,5-15m,26,0,43,7
2026-01-08T06:27:56.127Z,0.95,0-5s,8,6,10,2
2026-01-08T06:27:56.127Z,0.95,5-15s,2,2,2,1
2026-01-08T06:27:56.127Z,0.95,15-30s,10,0,49,7
2026-01-08T06:27:56.127Z,0.95,30-60s,6,3,9,5
2026-01-08T06:27:56.127Z,0.95,60-300s,87,0,1996,40
2026-01-08T06:27:56.127Z,0.95,5-15m,101,0,8995,108
2026-01-08T06:27:56.127Z,0.95,15-60m,6,6,6,1
2026-01-08T06:27:56.127Z,0.98,0-5s,13,2,25,6
2026-01-08T06:27:56.127Z,0.98,5-15s,190,2,548,3
2026-01-08T06:27:56.127Z,0.98,15-30s,20,0,76,21
2026-01-08T06:27:56.127Z,0.98,30-60s,16,0,152,37
2026-01-08T06:27:56.127Z,0.98,60-300s,31,0,1996,289
2026-01-08T06:27:56.127Z,0.98,5-15m,44,0,16739,746
2026-01-08T06:27:56.127Z,0.98,15-60m,15,2,35,6
2026-01-08T06:27:56.127Z,0.985,0-5s,13,2,25,6
2026-01-08T06:27:56.127Z,0.985,5-15s,312,2,677,4
2026-01-08T06:27:56.127Z,0.985,15-30s,20,0,76,21
2026-01-08T06:27:56.127Z,0.985,30-60s,15,0,152,39
2026-01-08T06:27:56.127Z,0.985,60-300s,31,0,1996,294
2026-01-08T06:27:56.127Z,0.985,5-15m,44,0,16739,757
2026-01-08T06:27:56.127Z,0.985,15-60m,15,2,35,6
2026-01-08T06:27:56.127Z,0.99,0-5s,13,2,25,7
2026-01-08T06:27:56.127Z,0.99,5-15s,312,2,677,4
2026-01-08T06:27:56.127Z,0.99,15-30s,18,0,76,24
2026-01-08T06:27:56.127Z,0.99,30-60s,18,0,152,51
2026-01-08T06:27:56.127Z,0.99,60-300s,49,0,11737,632
2026-01-08T06:27:56.127Z,0.99,5-15m,36,0,16739,1816
2026-01-08T06:27:56.127Z,0.99,15-60m,14,0,60,19
2026-01-08T06:27:56.127Z,0.995,0-5s,13,2,25,7
2026-01-08T06:27:56.127Z,0.995,5-15s,494,2,1461,6
2026-01-08T06:27:56.127Z,0.995,15-30s,209,0,4787,25
2026-01-08T06:27:56.127Z,0.995,30-60s,108,0,4679,52
2026-01-08T06:27:56.127Z,0.995,60-300s,61,0,11737,634
2026-01-08T06:27:56.127Z,0.995,5-15m,36,0,16739,1816
2026-01-08T06:27:56.127Z,0.995,15-60m,14,0,60,19
2026-01-08T06:28:56.124Z,0.9,0-5s,10,10,10,1
2026-01-08T06:28:56.124Z,0.9,5-15s,2,2,2,1
2026-01-08T06:28:56.124Z,0.9,15-30s,5,5,5,1
2026-01-08T06:28:56.124Z,0.9,30-60s,7,6,9,3
2026-01-08T06:28:56.124Z,0.9,60-300s,8,1,20,3
2026-01-08T06:28:56.124Z,0.9,5-15m,26,0,43,7
2026-01-08T06:28:56.124Z,0.95,0-5s,8,6,10,2
2026-01-08T06:28:56.124Z,0.95,5-15s,2,2,2,1
2026-01-08T06:28:56.124Z,0.95,15-30s,10,0,49,7
2026-01-08T06:28:56.124Z,0.95,30-60s,6,3,9,5
2026-01-08T06:28:56.124Z,0.95,60-300s,87,0,1996,40
2026-01-08T06:28:56.124Z,0.95,5-15m,101,0,8995,108
2026-01-08T06:28:56.124Z,0.95,15-60m,6,6,6,1
2026-01-08T06:28:56.124Z,0.98,0-5s,13,2,25,6
2026-01-08T06:28:56.124Z,0.98,5-15s,190,2,548,3
2026-01-08T06:28:56.124Z,0.98,15-30s,20,0,76,21
2026-01-08T06:28:56.124Z,0.98,30-60s,16,0,152,37
2026-01-08T06:28:56.124Z,0.98,60-300s,31,0,1996,289
2026-01-08T06:28:56.124Z,0.98,5-15m,44,0,16739,746
2026-01-08T06:28:56.124Z,0.98,15-60m,15,2,35,6
2026-01-08T06:28:56.124Z,0.985,0-5s,13,2,25,6
2026-01-08T06:28:56.124Z,0.985,5-15s,312,2,677,4
2026-01-08T06:28:56.124Z,0.985,15-30s,20,0,76,21
2026-01-08T06:28:56.124Z,0.985,30-60s,15,0,152,39
2026-01-08T06:28:56.124Z,0.985,60-300s,31,0,1996,294
2026-01-08T06:28:56.124Z,0.985,5-15m,44,0,16739,757
2026-01-08T06:28:56.124Z,0.985,15-60m,15,2,35,6
2026-01-08T06:28:56.124Z,0.99,0-5s,13,2,25,7
2026-01-08T06:28:56.124Z,0.99,5-15s,312,2,677,4
2026-01-08T06:28:56.124Z,0.99,15-30s,18,0,76,24
2026-01-08T06:28:56.124Z,0.99,30-60s,18,0,152,51
2026-01-08T06:28:56.124Z,0.99,60-300s,49,0,11737,632
2026-01-08T06:28:56.124Z,0.99,5-15m,36,0,16739,1816
2026-01-08T06:28:56.124Z,0.99,15-60m,14,0,60,20
2026-01-08T06:28:56.124Z,0.995,0-5s,13,2,25,7
2026-01-08T06:28:56.124Z,0.995,5-15s,494,2,1461,6
2026-01-08T06:28:56.124Z,0.995,15-30s,209,0,4787,25
2026-01-08T06:28:56.124Z,0.995,30-60s,108,0,4679,52
2026-01-08T06:28:56.124Z,0.995,60-300s,61,0,11737,634
2026-01-08T06:28:56.124Z,0.995,5-15m,36,0,16739,1816
2026-01-08T06:28:56.124Z,0.995,15-60m,14,0,60,20
2026-01-08T06:29:56.128Z,0.9,0-5s,10,10,10,1
2026-01-08T06:29:56.128Z,0.9,5-15s,2,2,2,1
2026-01-08T06:29:56.128Z,0.9,15-30s,5,5,5,1
2026-01-08T06:29:56.128Z,0.9,30-60s,7,6,9,3
2026-01-08T06:29:56.128Z,0.9,60-300s,8,1,20,3
2026-01-08T06:29:56.128Z,0.9,5-15m,26,0,43,7
2026-01-08T06:29:56.128Z,0.95,0-5s,8,6,10,2
2026-01-08T06:29:56.128Z,0.95,5-15s,2,2,2,1
2026-01-08T06:29:56.128Z,0.95,15-30s,10,0,49,7
2026-01-08T06:29:56.128Z,0.95,30-60s,6,3,9,5
2026-01-08T06:29:56.128Z,0.95,60-300s,87,0,1996,40
2026-01-08T06:29:56.128Z,0.95,5-15m,101,0,8995,108
2026-01-08T06:29:56.128Z,0.95,15-60m,6,6,6,1
2026-01-08T06:29:56.128Z,0.98,0-5s,13,2,25,6
2026-01-08T06:29:56.128Z,0.98,5-15s,190,2,548,3
2026-01-08T06:29:56.128Z,0.98,15-30s,20,0,76,21
2026-01-08T06:29:56.128Z,0.98,30-60s,16,0,152,37
2026-01-08T06:29:56.128Z,0.98,60-300s,31,0,1996,289
2026-01-08T06:29:56.128Z,0.98,5-15m,44,0,16739,746
2026-01-08T06:29:56.128Z,0.98,15-60m,15,2,35,6
2026-01-08T06:29:56.128Z,0.985,0-5s,13,2,25,6
2026-01-08T06:29:56.128Z,0.985,5-15s,312,2,677,4
2026-01-08T06:29:56.128Z,0.985,15-30s,20,0,76,21
2026-01-08T06:29:56.128Z,0.985,30-60s,15,0,152,39
2026-01-08T06:29:56.128Z,0.985,60-300s,31,0,1996,294
2026-01-08T06:29:56.128Z,0.985,5-15m,44,0,16739,757
2026-01-08T06:29:56.128Z,0.985,15-60m,15,2,35,6
2026-01-08T06:29:56.128Z,0.99,0-5s,13,2,25,7
2026-01-08T06:29:56.128Z,0.99,5-15s,312,2,677,4
2026-01-08T06:29:56.128Z,0.99,15-30s,18,0,76,24
2026-01-08T06:29:56.128Z,0.99,30-60s,18,0,152,51
2026-01-08T06:29:56.128Z,0.99,60-300s,49,0,11737,632
2026-01-08T06:29:56.128Z,0.99,5-15m,36,0,16739,1816
2026-01-08T06:29:56.128Z,0.99,15-60m,14,0,60,20
2026-01-08T06:29:56.128Z,0.995,0-5s,13,2,25,7
2026-01-08T06:29:56.128Z,0.995,5-15s,494,2,1461,6
2026-01-08T06:29:56.128Z,0.995,15-30s,209,0,4787,25
2026-01-08T06:29:56.128Z,0.995,30-60s,108,0,4679,52
2026-01-08T06:29:56.128Z,0.995,60-300s,61,0,11737,634
2026-01-08T06:29:56.128Z,0.995,5-15m,36,0,16739,1816
2026-01-08T06:29:56.128Z,0.995,15-60m,14,0,60,20
2026-01-08T06:30:56.127Z,0.9,0-5s,10,10,10,1
2026-01-08T06:30:56.127Z,0.9,5-15s,2,2,2,1
2026-01-08T06:30:56.127Z,0.9,15-30s,5,5,5,1
2026-01-08T06:30:56.127Z,0.9,30-60s,7,6,9,3
2026-01-08T06:30:56.127Z,0.9,60-300s,8,1,20,3
2026-01-08T06:30:56.127Z,0.9,5-15m,26,0,43,7
2026-01-08T06:30:56.127Z,0.95,0-5s,8,6,10,2
2026-01-08T06:30:56.127Z,0.95,5-15s,2,2,2,1
2026-01-08T06:30:56.127Z,0.95,15-30s,10,0,49,7
2026-01-08T06:30:56.127Z,0.95,30-60s,6,3,9,5
2026-01-08T06:30:56.127Z,0.95,60-300s,87,0,1996,40
2026-01-08T06:30:56.127Z,0.95,5-15m,101,0,8995,108
2026-01-08T06:30:56.127Z,0.95,15-60m,6,6,6,1
2026-01-08T06:30:56.127Z,0.98,0-5s,13,2,25,6
2026-01-08T06:30:56.127Z,0.98,5-15s,190,2,548,3
2026-01-08T06:30:56.127Z,0.98,15-30s,20,0,76,21
2026-01-08T06:30:56.127Z,0.98,30-60s,16,0,152,37
2026-01-08T06:30:56.127Z,0.98,60-300s,31,0,1996,289
2026-01-08T06:30:56.127Z,0.98,5-15m,44,0,16739,748
2026-01-08T06:30:56.127Z,0.98,15-60m,15,2,35,6
2026-01-08T06:30:56.127Z,0.985,0-5s,13,2,25,6
2026-01-08T06:30:56.127Z,0.985,5-15s,312,2,677,4
2026-01-08T06:30:56.127Z,0.985,15-30s,20,0,76,21
2026-01-08T06:30:56.127Z,0.985,30-60s,15,0,152,39
2026-01-08T06:30:56.127Z,0.985,60-300s,31,0,1996,294
2026-01-08T06:30:56.127Z,0.985,5-15m,44,0,16739,759
2026-01-08T06:30:56.127Z,0.985,15-60m,15,2,35,6
2026-01-08T06:30:56.127Z,0.99,0-5s,13,2,25,7
2026-01-08T06:30:56.127Z,0.99,5-15s,312,2,677,4
2026-01-08T06:30:56.127Z,0.99,15-30s,18,0,76,24
2026-01-08T06:30:56.127Z,0.99,30-60s,18,0,152,51
2026-01-08T06:30:56.127Z,0.99,60-300s,49,0,11737,632
2026-01-08T06:30:56.127Z,0.99,5-15m,36,0,16739,1824
2026-01-08T06:30:56.127Z,0.99,15-60m,14,0,60,21
2026-01-08T06:30:56.127Z,0.995,0-5s,13,2,25,7
2026-01-08T06:30:56.127Z,0.995,5-15s,494,2,1461,6
2026-01-08T06:30:56.127Z,0.995,15-30s,209,0,4787,25
2026-01-08T06:30:56.127Z,0.995,30-60s,108,0,4679,52
2026-01-08T06:30:56.127Z,0.995,60-300s,61,0,11737,634
2026-01-08T06:30:56.127Z,0.995,5-15m,36,0,16739,1824
2026-01-08T06:30:56.127Z,0.995,15-60m,14,0,60,21
2026-01-08T06:31:56.131Z,0.9,0-5s,10,10,10,1
2026-01-08T06:31:56.131Z,0.9,5-15s,2,2,2,1
2026-01-08T06:31:56.131Z,0.9,15-30s,5,5,5,1
2026-01-08T06:31:56.131Z,0.9,30-60s,7,6,9,3
2026-01-08T06:31:56.131Z,0.9,60-300s,8,1,20,3
2026-01-08T06:31:56.131Z,0.9,5-15m,26,0,43,7
2026-01-08T06:31:56.131Z,0.95,0-5s,8,6,10,2
2026-01-08T06:31:56.131Z,0.95,5-15s,2,2,2,1
2026-01-08T06:31:56.131Z,0.95,15-30s,10,0,49,7
2026-01-08T06:31:56.131Z,0.95,30-60s,6,3,9,5
2026-01-08T06:31:56.131Z,0.95,60-300s,87,0,1996,40
2026-01-08T06:31:56.131Z,0.95,5-15m,101,0,8995,108
2026-01-08T06:31:56.131Z,0.95,15-60m,6,6,6,1
2026-01-08T06:31:56.131Z,0.98,0-5s,13,2,25,6
2026-01-08T06:31:56.131Z,0.98,5-15s,190,2,548,3
2026-01-08T06:31:56.131Z,0.98,15-30s,20,0,76,21
2026-01-08T06:31:56.131Z,0.98,30-60s,16,0,152,37
2026-01-08T06:31:56.131Z,0.98,60-300s,31,0,1996,289
2026-01-08T06:31:56.131Z,0.98,5-15m,44,0,16739,749
2026-01-08T06:31:56.131Z,0.98,15-60m,15,2,35,6
2026-01-08T06:31:56.131Z,0.985,0-5s,13,2,25,6
2026-01-08T06:31:56.131Z,0.985,5-15s,312,2,677,4
2026-01-08T06:31:56.131Z,0.985,15-30s,20,0,76,21
2026-01-08T06:31:56.131Z,0.985,30-60s,15,0,152,39
2026-01-08T06:31:56.131Z,0.985,60-300s,31,0,1996,294
2026-01-08T06:31:56.131Z,0.985,5-15m,44,0,16739,760
2026-01-08T06:31:56.131Z,0.985,15-60m,15,2,35,6
2026-01-08T06:31:56.131Z,0.99,0-5s,13,2,25,7
2026-01-08T06:31:56.131Z,0.99,5-15s,312,2,677,4
2026-01-08T06:31:56.131Z,0.99,15-30s,18,0,76,24
2026-01-08T06:31:56.131Z,0.99,30-60s,18,0,152,51
2026-01-08T06:31:56.131Z,0.99,60-300s,49,0,11737,632
2026-01-08T06:31:56.131Z,0.99,5-15m,36,0,16739,1828
2026-01-08T06:31:56.131Z,0.99,15-60m,14,0,60,21
2026-01-08T06:31:56.131Z,0.995,0-5s,13,2,25,7
2026-01-08T06:31:56.131Z,0.995,5-15s,494,2,1461,6
2026-01-08T06:31:56.131Z,0.995,15-30s,209,0,4787,25
2026-01-08T06:31:56.131Z,0.995,30-60s,108,0,4679,52
2026-01-08T06:31:56.131Z,0.995,60-300s,61,0,11737,634
2026-01-08T06:31:56.131Z,0.995,5-15m,36,0,16739,1828
2026-01-08T06:31:56.131Z,0.995,15-60m,14,0,60,21
2026-01-08T06:32:56.135Z,0.9,0-5s,10,10,10,1
2026-01-08T06:32:56.135Z,0.9,5-15s,2,2,2,1
2026-01-08T06:32:56.135Z,0.9,15-30s,5,5,5,1
2026-01-08T06:32:56.135Z,0.9,30-60s,7,6,9,3
2026-01-08T06:32:56.135Z,0.9,60-300s,8,1,20,3
2026-01-08T06:32:56.135Z,0.9,5-15m,26,0,43,7
2026-01-08T06:32:56.135Z,0.95,0-5s,8,6,10,2
2026-01-08T06:32:56.135Z,0.95,5-15s,2,2,2,1
2026-01-08T06:32:56.135Z,0.95,15-30s,10,0,49,7
2026-01-08T06:32:56.135Z,0.95,30-60s,6,3,9,5
2026-01-08T06:32:56.135Z,0.95,60-300s,87,0,1996,40
2026-01-08T06:32:56.135Z,0.95,5-15m,101,0,8995,108
2026-01-08T06:32:56.135Z,0.95,15-60m,6,6,6,1
2026-01-08T06:32:56.135Z,0.98,0-5s,13,2,25,6
2026-01-08T06:32:56.135Z,0.98,5-15s,190,2,548,3
2026-01-08T06:32:56.135Z,0.98,15-30s,20,0,76,21
2026-01-08T06:32:56.135Z,0.98,30-60s,16,0,152,37
2026-01-08T06:32:56.135Z,0.98,60-300s,31,0,1996,289
2026-01-08T06:32:56.135Z,0.98,5-15m,44,0,16739,749
2026-01-08T06:32:56.135Z,0.98,15-60m,15,2,35,6
2026-01-08T06:32:56.135Z,0.985,0-5s,13,2,25,6
2026-01-08T06:32:56.135Z,0.985,5-15s,312,2,677,4
2026-01-08T06:32:56.135Z,0.985,15-30s,20,0,76,21
2026-01-08T06:32:56.135Z,0.985,30-60s,15,0,152,39
2026-01-08T06:32:56.135Z,0.985,60-300s,31,0,1996,294
2026-01-08T06:32:56.135Z,0.985,5-15m,44,0,16739,760
2026-01-08T06:32:56.135Z,0.985,15-60m,15,2,35,6
2026-01-08T06:32:56.135Z,0.99,0-5s,13,2,25,7
2026-01-08T06:32:56.135Z,0.99,5-15s,312,2,677,4
2026-01-08T06:32:56.135Z,0.99,15-30s,18,0,76,24
2026-01-08T06:32:56.135Z,0.99,30-60s,18,0,152,51
2026-01-08T06:32:56.135Z,0.99,60-300s,49,0,11737,632
2026-01-08T06:32:56.135Z,0.99,5-15m,36,0,16739,1831
2026-01-08T06:32:56.135Z,0.99,15-60m,14,0,60,21
2026-01-08T06:32:56.135Z,0.995,0-5s,13,2,25,7
2026-01-08T06:32:56.135Z,0.995,5-15s,494,2,1461,6
2026-01-08T06:32:56.135Z,0.995,15-30s,209,0,4787,25
2026-01-08T06:32:56.135Z,0.995,30-60s,108,0,4679,52
2026-01-08T06:32:56.135Z,0.995,60-300s,61,0,11737,634
2026-01-08T06:32:56.135Z,0.995,5-15m,36,0,16739,1831
2026-01-08T06:32:56.135Z,0.995,15-60m,14,0,60,21
2026-01-08T06:33:56.133Z,0.9,0-5s,10,10,10,1
2026-01-08T06:33:56.133Z,0.9,5-15s,2,2,2,1
2026-01-08T06:33:56.133Z,0.9,15-30s,5,5,5,1
2026-01-08T06:33:56.133Z,0.9,30-60s,7,6,9,3
2026-01-08T06:33:56.133Z,0.9,60-300s,8,1,20,3
2026-01-08T06:33:56.133Z,0.9,5-15m,26,0,43,7
2026-01-08T06:33:56.133Z,0.95,0-5s,8,6,10,2
2026-01-08T06:33:56.133Z,0.95,5-15s,2,2,2,1
2026-01-08T06:33:56.133Z,0.95,15-30s,10,0,49,7
2026-01-08T06:33:56.133Z,0.95,30-60s,6,3,9,5
2026-01-08T06:33:56.133Z,0.95,60-300s,87,0,1996,40
2026-01-08T06:33:56.133Z,0.95,5-15m,101,0,8995,108
2026-01-08T06:33:56.133Z,0.95,15-60m,6,6,6,1
2026-01-08T06:33:56.133Z,0.98,0-5s,13,2,25,6
2026-01-08T06:33:56.133Z,0.98,5-15s,190,2,548,3
2026-01-08T06:33:56.133Z,0.98,15-30s,20,0,76,21
2026-01-08T06:33:56.133Z,0.98,30-60s,16,0,152,37
2026-01-08T06:33:56.133Z,0.98,60-300s,31,0,1996,289
2026-01-08T06:33:56.133Z,0.98,5-15m,44,0,16739,749
2026-01-08T06:33:56.133Z,0.98,15-60m,15,2,35,6
2026-01-08T06:33:56.133Z,0.985,0-5s,13,2,25,6
2026-01-08T06:33:56.133Z,0.985,5-15s,312,2,677,4
2026-01-08T06:33:56.133Z,0.985,15-30s,20,0,76,21
2026-01-08T06:33:56.133Z,0.985,30-60s,15,0,152,39
2026-01-08T06:33:56.133Z,0.985,60-300s,31,0,1996,294
2026-01-08T06:33:56.133Z,0.985,5-15m,44,0,16739,760
2026-01-08T06:33:56.133Z,0.985,15-60m,15,2,35,6
2026-01-08T06:33:56.133Z,0.99,0-5s,13,2,25,7
2026-01-08T06:33:56.133Z,0.99,5-15s,312,2,677,4
2026-01-08T06:33:56.133Z,0.99,15-30s,18,0,76,24
2026-01-08T06:33:56.133Z,0.99,30-60s,18,0,152,51
2026-01-08T06:33:56.133Z,0.99,60-300s,49,0,11737,632
2026-01-08T06:33:56.133Z,0.99,5-15m,36,0,16739,1835
2026-01-08T06:33:56.133Z,0.99,15-60m,14,0,60,21
2026-01-08T06:33:56.133Z,0.995,0-5s,13,2,25,7
2026-01-08T06:33:56.133Z,0.995,5-15s,494,2,1461,6
2026-01-08T06:33:56.133Z,0.995,15-30s,209,0,4787,25
2026-01-08T06:33:56.133Z,0.995,30-60s,108,0,4679,52
2026-01-08T06:33:56.133Z,0.995,60-300s,61,0,11737,634
2026-01-08T06:33:56.133Z,0.995,5-15m,36,0,16739,1835
2026-01-08T06:33:56.133Z,0.995,15-60m,14,0,60,21
2026-01-08T06:34:56.133Z,0.9,0-5s,10,10,10,1
2026-01-08T06:34:56.133Z,0.9,5-15s,2,2,2,1
2026-01-08T06:34:56.133Z,0.9,15-30s,5,5,5,1
2026-01-08T06:34:56.133Z,0.9,30-60s,7,6,9,3
2026-01-08T06:34:56.133Z,0.9,60-300s,8,1,20,3
2026-01-08T06:34:56.133Z,0.9,5-15m,26,0,43,7
2026-01-08T06:34:56.133Z,0.95,0-5s,8,6,10,2
2026-01-08T06:34:56.133Z,0.95,5-15s,2,2,2,1
2026-01-08T06:34:56.133Z,0.95,15-30s,10,0,49,7
2026-01-08T06:34:56.133Z,0.95,30-60s,6,3,9,5
2026-01-08T06:34:56.133Z,0.95,60-300s,87,0,1996,40
2026-01-08T06:34:56.133Z,0.95,5-15m,101,0,8995,108
2026-01-08T06:34:56.133Z,0.95,15-60m,6,6,6,1
2026-01-08T06:34:56.133Z,0.98,0-5s,13,2,25,6
2026-01-08T06:34:56.133Z,0.98,5-15s,190,2,548,3
2026-01-08T06:34:56.133Z,0.98,15-30s,20,0,76,21
2026-01-08T06:34:56.133Z,0.98,30-60s,16,0,152,37
2026-01-08T06:34:56.133Z,0.98,60-300s,31,0,1996,289
2026-01-08T06:34:56.133Z,0.98,5-15m,44,0,16739,749
2026-01-08T06:34:56.133Z,0.98,15-60m,15,2,35,6
2026-01-08T06:34:56.133Z,0.985,0-5s,13,2,25,6
2026-01-08T06:34:56.133Z,0.985,5-15s,312,2,677,4
2026-01-08T06:34:56.133Z,0.985,15-30s,20,0,76,21
2026-01-08T06:34:56.133Z,0.985,30-60s,15,0,152,39
2026-01-08T06:34:56.133Z,0.985,60-300s,31,0,1996,294
2026-01-08T06:34:56.133Z,0.985,5-15m,44,0,16739,760
2026-01-08T06:34:56.133Z,0.985,15-60m,15,2,35,6
2026-01-08T06:34:56.133Z,0.99,0-5s,13,2,25,7
2026-01-08T06:34:56.133Z,0.99,5-15s,312,2,677,4
2026-01-08T06:34:56.133Z,0.99,15-30s,18,0,76,24
2026-01-08T06:34:56.133Z,0.99,30-60s,18,0,152,51
2026-01-08T06:34:56.133Z,0.99,60-300s,49,0,11737,632
2026-01-08T06:34:56.133Z,0.99,5-15m,36,0,16739,1835
2026-01-08T06:34:56.133Z,0.99,15-60m,14,0,60,21
2026-01-08T06:34:56.133Z,0.995,0-5s,13,2,25,7
2026-01-08T06:34:56.133Z,0.995,5-15s,494,2,1461,6
2026-01-08T06:34:56.133Z,0.995,15-30s,209,0,4787,25
2026-01-08T06:34:56.133Z,0.995,30-60s,108,0,4679,52
2026-01-08T06:34:56.133Z,0.995,60-300s,61,0,11737,634
2026-01-08T06:34:56.133Z,0.995,5-15m,36,0,16739,1835
2026-01-08T06:34:56.133Z,0.995,15-60m,14,0,60,21
2026-01-08T06:35:56.135Z,0.9,0-5s,10,10,10,1
2026-01-08T06:35:56.135Z,0.9,5-15s,2,2,2,1
2026-01-08T06:35:56.135Z,0.9,15-30s,5,5,5,1
2026-01-08T06:35:56.135Z,0.9,30-60s,7,6,9,3
2026-01-08T06:35:56.135Z,0.9,60-300s,8,1,20,3
2026-01-08T06:35:56.135Z,0.9,5-15m,26,0,43,7
2026-01-08T06:35:56.135Z,0.95,0-5s,8,6,10,2
2026-01-08T06:35:56.135Z,0.95,5-15s,2,2,2,1
2026-01-08T06:35:56.135Z,0.95,15-30s,10,0,49,7
2026-01-08T06:35:56.135Z,0.95,30-60s,6,3,9,5
2026-01-08T06:35:56.135Z,0.95,60-300s,87,0,1996,40
2026-01-08T06:35:56.135Z,0.95,5-15m,101,0,8995,108
2026-01-08T06:35:56.135Z,0.95,15-60m,6,6,6,1
2026-01-08T06:35:56.135Z,0.98,0-5s,13,2,25,6
2026-01-08T06:35:56.135Z,0.98,5-15s,190,2,548,3
2026-01-08T06:35:56.135Z,0.98,15-30s,20,0,76,21
2026-01-08T06:35:56.135Z,0.98,30-60s,16,0,152,37
2026-01-08T06:35:56.135Z,0.98,60-300s,31,0,1996,289
2026-01-08T06:35:56.135Z,0.98,5-15m,44,0,16739,752
2026-01-08T06:35:56.135Z,0.98,15-60m,15,2,35,6
2026-01-08T06:35:56.135Z,0.985,0-5s,13,2,25,6
2026-01-08T06:35:56.135Z,0.985,5-15s,312,2,677,4
2026-01-08T06:35:56.135Z,0.985,15-30s,20,0,76,21
2026-01-08T06:35:56.135Z,0.985,30-60s,15,0,152,39
2026-01-08T06:35:56.135Z,0.985,60-300s,31,0,1996,294
2026-01-08T06:35:56.135Z,0.985,5-15m,44,0,16739,763
2026-01-08T06:35:56.135Z,0.985,15-60m,15,2,35,6
2026-01-08T06:35:56.135Z,0.99,0-5s,13,2,25,7
2026-01-08T06:35:56.135Z,0.99,5-15s,312,2,677,4
2026-01-08T06:35:56.135Z,0.99,15-30s,18,0,76,24
2026-01-08T06:35:56.135Z,0.99,30-60s,18,0,152,51
2026-01-08T06:35:56.135Z,0.99,60-300s,49,0,11737,632
2026-01-08T06:35:56.135Z,0.99,5-15m,36,0,16739,1842
2026-01-08T06:35:56.135Z,0.99,15-60m,14,0,60,21
2026-01-08T06:35:56.135Z,0.995,0-5s,13,2,25,7
2026-01-08T06:35:56.135Z,0.995,5-15s,494,2,1461,6
2026-01-08T06:35:56.135Z,0.995,15-30s,209,0,4787,25
2026-01-08T06:35:56.135Z,0.995,30-60s,108,0,4679,52
2026-01-08T06:35:56.135Z,0.995,60-300s,61,0,11737,634
2026-01-08T06:35:56.135Z,0.995,5-15m,36,0,16739,1842
2026-01-08T06:35:56.135Z,0.995,15-60m,14,0,60,21
2026-01-08T06:36:56.132Z,0.9,0-5s,10,10,10,1
2026-01-08T06:36:56.132Z,0.9,5-15s,2,2,2,1
2026-01-08T06:36:56.132Z,0.9,15-30s,5,5,5,1
2026-01-08T06:36:56.132Z,0.9,30-60s,7,6,9,3
2026-01-08T06:36:56.132Z,0.9,60-300s,8,1,20,3
2026-01-08T06:36:56.132Z,0.9,5-15m,26,0,43,7
2026-01-08T06:36:56.132Z,0.95,0-5s,8,6,10,2
2026-01-08T06:36:56.132Z,0.95,5-15s,2,2,2,1
2026-01-08T06:36:56.132Z,0.95,15-30s,10,0,49,7
2026-01-08T06:36:56.132Z,0.95,30-60s,6,3,9,5
2026-01-08T06:36:56.132Z,0.95,60-300s,87,0,1996,40
2026-01-08T06:36:56.132Z,0.95,5-15m,98,0,8995,112
2026-01-08T06:36:56.132Z,0.95,15-60m,6,6,6,1
2026-01-08T06:36:56.132Z,0.98,0-5s,13,2,25,6
2026-01-08T06:36:56.132Z,0.98,5-15s,190,2,548,3
2026-01-08T06:36:56.132Z,0.98,15-30s,20,0,76,21
2026-01-08T06:36:56.132Z,0.98,30-60s,16,0,152,37
2026-01-08T06:36:56.132Z,0.98,60-300s,31,0,1996,289
2026-01-08T06:36:56.132Z,0.98,5-15m,44,0,16739,762
2026-01-08T06:36:56.132Z,0.98,15-60m,15,2,35,6
2026-01-08T06:36:56.132Z,0.985,0-5s,13,2,25,6
2026-01-08T06:36:56.132Z,0.985,5-15s,312,2,677,4
2026-01-08T06:36:56.132Z,0.985,15-30s,20,0,76,21
2026-01-08T06:36:56.132Z,0.985,30-60s,15,0,152,39
2026-01-08T06:36:56.132Z,0.985,60-300s,31,0,1996,294
2026-01-08T06:36:56.132Z,0.985,5-15m,43,0,16739,773
2026-01-08T06:36:56.132Z,0.985,15-60m,15,2,35,6
2026-01-08T06:36:56.132Z,0.99,0-5s,13,2,25,7
2026-01-08T06:36:56.132Z,0.99,5-15s,312,2,677,4
2026-01-08T06:36:56.132Z,0.99,15-30s,18,0,76,24
2026-01-08T06:36:56.132Z,0.99,30-60s,18,0,152,51
2026-01-08T06:36:56.132Z,0.99,60-300s,49,0,11737,632
2026-01-08T06:36:56.132Z,0.99,5-15m,36,0,16739,1856
2026-01-08T06:36:56.132Z,0.99,15-60m,14,0,60,21
2026-01-08T06:36:56.132Z,0.995,0-5s,13,2,25,7
2026-01-08T06:36:56.132Z,0.995,5-15s,494,2,1461,6
2026-01-08T06:36:56.132Z,0.995,15-30s,209,0,4787,25
2026-01-08T06:36:56.132Z,0.995,30-60s,108,0,4679,52
2026-01-08T06:36:56.132Z,0.995,60-300s,61,0,11737,634
2026-01-08T06:36:56.132Z,0.995,5-15m,36,0,16739,1856
2026-01-08T06:36:56.132Z,0.995,15-60m,14,0,60,21
2026-01-08T06:37:56.136Z,0.9,0-5s,10,10,10,1
2026-01-08T06:37:56.136Z,0.9,5-15s,2,2,2,1
2026-01-08T06:37:56.136Z,0.9,15-30s,5,5,5,1
2026-01-08T06:37:56.136Z,0.9,30-60s,7,6,9,3
2026-01-08T06:37:56.136Z,0.9,60-300s,8,1,20,3
2026-01-08T06:37:56.136Z,0.9,5-15m,26,0,43,7
2026-01-08T06:37:56.136Z,0.95,0-5s,8,6,10,2
2026-01-08T06:37:56.136Z,0.95,5-15s,2,2,2,1
2026-01-08T06:37:56.136Z,0.95,15-30s,10,0,49,7
2026-01-08T06:37:56.136Z,0.95,30-60s,6,3,9,5
2026-01-08T06:37:56.136Z,0.95,60-300s,87,0,1996,40
2026-01-08T06:37:56.136Z,0.95,5-15m,98,0,8995,113
2026-01-08T06:37:56.136Z,0.95,15-60m,6,6,6,1
2026-01-08T06:37:56.136Z,0.98,0-5s,13,2,25,6
2026-01-08T06:37:56.136Z,0.98,5-15s,190,2,548,3
2026-01-08T06:37:56.136Z,0.98,15-30s,20,0,76,21
2026-01-08T06:37:56.136Z,0.98,30-60s,16,0,152,37
2026-01-08T06:37:56.136Z,0.98,60-300s,31,0,1996,289
2026-01-08T06:37:56.136Z,0.98,5-15m,43,0,16739,770
2026-01-08T06:37:56.136Z,0.98,15-60m,15,2,35,6
2026-01-08T06:37:56.136Z,0.985,0-5s,13,2,25,6
2026-01-08T06:37:56.136Z,0.985,5-15s,312,2,677,4
2026-01-08T06:37:56.136Z,0.985,15-30s,20,0,76,21
2026-01-08T06:37:56.136Z,0.985,30-60s,15,0,152,39
2026-01-08T06:37:56.136Z,0.985,60-300s,31,0,1996,294
2026-01-08T06:37:56.136Z,0.985,5-15m,43,0,16739,781
2026-01-08T06:37:56.136Z,0.985,15-60m,15,2,35,6
2026-01-08T06:37:56.136Z,0.99,0-5s,13,2,25,7
2026-01-08T06:37:56.136Z,0.99,5-15s,312,2,677,4
2026-01-08T06:37:56.136Z,0.99,15-30s,18,0,76,24
2026-01-08T06:37:56.136Z,0.99,30-60s,18,0,152,51
2026-01-08T06:37:56.136Z,0.99,60-300s,49,0,11737,632
2026-01-08T06:37:56.136Z,0.99,5-15m,36,0,16739,1870
2026-01-08T06:37:56.136Z,0.99,15-60m,14,0,60,21
2026-01-08T06:37:56.136Z,0.995,0-5s,13,2,25,7
2026-01-08T06:37:56.136Z,0.995,5-15s,494,2,1461,6
2026-01-08T06:37:56.136Z,0.995,15-30s,209,0,4787,25
2026-01-08T06:37:56.136Z,0.995,30-60s,108,0,4679,52
2026-01-08T06:37:56.136Z,0.995,60-300s,61,0,11737,634
2026-01-08T06:37:56.136Z,0.995,5-15m,36,0,16739,1870
2026-01-08T06:37:56.136Z,0.995,15-60m,14,0,60,21
2026-01-08T06:38:56.138Z,0.9,0-5s,10,10,10,1
2026-01-08T06:38:56.138Z,0.9,5-15s,2,2,2,1
2026-01-08T06:38:56.138Z,0.9,15-30s,5,5,5,1
2026-01-08T06:38:56.138Z,0.9,30-60s,7,6,9,3
2026-01-08T06:38:56.138Z,0.9,60-300s,8,1,20,3
2026-01-08T06:38:56.138Z,0.9,5-15m,26,0,43,7
2026-01-08T06:38:56.138Z,0.95,0-5s,8,6,10,2
2026-01-08T06:38:56.138Z,0.95,5-15s,2,2,2,1
2026-01-08T06:38:56.138Z,0.95,15-30s,10,0,49,7
2026-01-08T06:38:56.138Z,0.95,30-60s,6,3,9,5
2026-01-08T06:38:56.138Z,0.95,60-300s,87,0,1996,40
2026-01-08T06:38:56.138Z,0.95,5-15m,98,0,8995,113
2026-01-08T06:38:56.138Z,0.95,15-60m,6,6,6,1
2026-01-08T06:38:56.138Z,0.98,0-5s,13,2,25,6
2026-01-08T06:38:56.138Z,0.98,5-15s,190,2,548,3
2026-01-08T06:38:56.138Z,0.98,15-30s,20,0,76,21
2026-01-08T06:38:56.138Z,0.98,30-60s,16,0,152,37
2026-01-08T06:38:56.138Z,0.98,60-300s,31,0,1996,289
2026-01-08T06:38:56.138Z,0.98,5-15m,43,0,16739,770
2026-01-08T06:38:56.138Z,0.98,15-60m,15,2,35,6
2026-01-08T06:38:56.138Z,0.985,0-5s,13,2,25,6
2026-01-08T06:38:56.138Z,0.985,5-15s,312,2,677,4
2026-01-08T06:38:56.138Z,0.985,15-30s,20,0,76,21
2026-01-08T06:38:56.138Z,0.985,30-60s,15,0,152,39
2026-01-08T06:38:56.138Z,0.985,60-300s,31,0,1996,294
2026-01-08T06:38:56.138Z,0.985,5-15m,43,0,16739,781
2026-01-08T06:38:56.138Z,0.985,15-60m,15,2,35,6
2026-01-08T06:38:56.138Z,0.99,0-5s,13,2,25,7
2026-01-08T06:38:56.138Z,0.99,5-15s,312,2,677,4
2026-01-08T06:38:56.138Z,0.99,15-30s,18,0,76,24
2026-01-08T06:38:56.138Z,0.99,30-60s,18,0,152,51
2026-01-08T06:38:56.138Z,0.99,60-300s,49,0,11737,632
2026-01-08T06:38:56.138Z,0.99,5-15m,36,0,16739,1872
2026-01-08T06:38:56.138Z,0.99,15-60m,14,0,60,21
2026-01-08T06:38:56.138Z,0.995,0-5s,13,2,25,7
2026-01-08T06:38:56.138Z,0.995,5-15s,494,2,1461,6
2026-01-08T06:38:56.138Z,0.995,15-30s,209,0,4787,25
2026-01-08T06:38:56.138Z,0.995,30-60s,108,0,4679,52
2026-01-08T06:38:56.138Z,0.995,60-300s,61,0,11737,634
2026-01-08T06:38:56.138Z,0.995,5-15m,36,0,16739,1872
2026-01-08T06:38:56.138Z,0.995,15-60m,14,0,60,21
2026-01-08T06:39:56.137Z,0.9,0-5s,10,10,10,1
2026-01-08T06:39:56.137Z,0.9,5-15s,2,2,2,1
2026-01-08T06:39:56.137Z,0.9,15-30s,5,5,5,1
2026-01-08T06:39:56.137Z,0.9,30-60s,7,6,9,3
2026-01-08T06:39:56.137Z,0.9,60-300s,8,1,20,3
2026-01-08T06:39:56.137Z,0.9,5-15m,26,0,43,7
2026-01-08T06:39:56.137Z,0.95,0-5s,8,6,10,2
2026-01-08T06:39:56.137Z,0.95,5-15s,2,2,2,1
2026-01-08T06:39:56.137Z,0.95,15-30s,10,0,49,7
2026-01-08T06:39:56.137Z,0.95,30-60s,6,3,9,5
2026-01-08T06:39:56.137Z,0.95,60-300s,87,0,1996,40
2026-01-08T06:39:56.137Z,0.95,5-15m,97,0,8995,114
2026-01-08T06:39:56.137Z,0.95,15-60m,6,6,6,1
2026-01-08T06:39:56.137Z,0.98,0-5s,13,2,25,6
2026-01-08T06:39:56.137Z,0.98,5-15s,190,2,548,3
2026-01-08T06:39:56.137Z,0.98,15-30s,20,0,76,21
2026-01-08T06:39:56.137Z,0.98,30-60s,16,0,152,37
2026-01-08T06:39:56.137Z,0.98,60-300s,31,0,1996,289
2026-01-08T06:39:56.137Z,0.98,5-15m,43,0,16739,771
2026-01-08T06:39:56.137Z,0.98,15-60m,15,2,35,6
2026-01-08T06:39:56.137Z,0.985,0-5s,13,2,25,6
2026-01-08T06:39:56.137Z,0.985,5-15s,312,2,677,4
2026-01-08T06:39:56.137Z,0.985,15-30s,20,0,76,21
2026-01-08T06:39:56.137Z,0.985,30-60s,15,0,152,39
2026-01-08T06:39:56.137Z,0.985,60-300s,31,0,1996,294
2026-01-08T06:39:56.137Z,0.985,5-15m,43,0,16739,782
2026-01-08T06:39:56.137Z,0.985,15-60m,15,2,35,6
2026-01-08T06:39:56.137Z,0.99,0-5s,13,2,25,7
2026-01-08T06:39:56.137Z,0.99,5-15s,312,2,677,4
2026-01-08T06:39:56.137Z,0.99,15-30s,18,0,76,24
2026-01-08T06:39:56.137Z,0.99,30-60s,18,0,152,51
2026-01-08T06:39:56.137Z,0.99,60-300s,49,0,11737,632
2026-01-08T06:39:56.137Z,0.99,5-15m,36,0,16739,1875
2026-01-08T06:39:56.137Z,0.99,15-60m,14,0,60,21
2026-01-08T06:39:56.137Z,0.995,0-5s,13,2,25,7
2026-01-08T06:39:56.137Z,0.995,5-15s,494,2,1461,6
2026-01-08T06:39:56.137Z,0.995,15-30s,209,0,4787,25
2026-01-08T06:39:56.137Z,0.995,30-60s,108,0,4679,52
2026-01-08T06:39:56.137Z,0.995,60-300s,61,0,11737,634
2026-01-08T06:39:56.137Z,0.995,5-15m,36,0,16739,1875
2026-01-08T06:39:56.137Z,0.995,15-60m,14,0,60,21
2026-01-08T06:40:56.138Z,0.9,0-5s,10,10,10,1
2026-01-08T06:40:56.138Z,0.9,5-15s,2,2,2,1
2026-01-08T06:40:56.138Z,0.9,15-30s,5,5,5,1
2026-01-08T06:40:56.138Z,0.9,30-60s,7,6,9,3
2026-01-08T06:40:56.138Z,0.9,60-300s,8,1,20,3
2026-01-08T06:40:56.138Z,0.9,5-15m,26,0,43,7
2026-01-08T06:40:56.138Z,0.95,0-5s,8,6,10,2
2026-01-08T06:40:56.138Z,0.95,5-15s,2,2,2,1
2026-01-08T06:40:56.138Z,0.95,15-30s,10,0,49,7
2026-01-08T06:40:56.138Z,0.95,30-60s,6,3,9,5
2026-01-08T06:40:56.138Z,0.95,60-300s,87,0,1996,40
2026-01-08T06:40:56.138Z,0.95,5-15m,97,0,8995,114
2026-01-08T06:40:56.138Z,0.95,15-60m,6,6,6,1
2026-01-08T06:40:56.138Z,0.98,0-5s,13,2,25,6
2026-01-08T06:40:56.138Z,0.98,5-15s,190,2,548,3
2026-01-08T06:40:56.138Z,0.98,15-30s,20,0,76,21
2026-01-08T06:40:56.138Z,0.98,30-60s,16,0,152,37
2026-01-08T06:40:56.138Z,0.98,60-300s,31,0,1996,290
2026-01-08T06:40:56.138Z,0.98,5-15m,43,0,16739,771
2026-01-08T06:40:56.138Z,0.98,15-60m,15,2,35,6
2026-01-08T06:40:56.138Z,0.985,0-5s,13,2,25,6
2026-01-08T06:40:56.138Z,0.985,5-15s,312,2,677,4
2026-01-08T06:40:56.138Z,0.985,15-30s,20,0,76,21
2026-01-08T06:40:56.138Z,0.985,30-60s,15,0,152,39
2026-01-08T06:40:56.138Z,0.985,60-300s,31,0,1996,295
2026-01-08T06:40:56.138Z,0.985,5-15m,43,0,16739,782
2026-01-08T06:40:56.138Z,0.985,15-60m,15,2,35,6
2026-01-08T06:40:56.138Z,0.99,0-5s,13,2,25,7
2026-01-08T06:40:56.138Z,0.99,5-15s,312,2,677,4
2026-01-08T06:40:56.138Z,0.99,15-30s,18,0,76,24
2026-01-08T06:40:56.138Z,0.99,30-60s,18,0,152,51
2026-01-08T06:40:56.138Z,0.99,60-300s,49,0,11737,637
2026-01-08T06:40:56.138Z,0.99,5-15m,36,0,16739,1875
2026-01-08T06:40:56.138Z,0.99,15-60m,14,0,60,21
2026-01-08T06:40:56.138Z,0.995,0-5s,13,2,25,7
2026-01-08T06:40:56.138Z,0.995,5-15s,494,2,1461,6
2026-01-08T06:40:56.138Z,0.995,15-30s,209,0,4787,25
2026-01-08T06:40:56.138Z,0.995,30-60s,108,0,4679,52
2026-01-08T06:40:56.138Z,0.995,60-300s,60,0,11737,639
2026-01-08T06:40:56.138Z,0.995,5-15m,36,0,16739,1875
2026-01-08T06:40:56.138Z,0.995,15-60m,14,0,60,21
2026-01-08T06:41:56.136Z,0.9,0-5s,10,10,10,1
2026-01-08T06:41:56.136Z,0.9,5-15s,2,2,2,1
2026-01-08T06:41:56.136Z,0.9,15-30s,5,5,5,1
2026-01-08T06:41:56.136Z,0.9,30-60s,7,6,9,3
2026-01-08T06:41:56.136Z,0.9,60-300s,8,1,20,3
2026-01-08T06:41:56.136Z,0.9,5-15m,26,0,43,7
2026-01-08T06:41:56.136Z,0.95,0-5s,8,6,10,2
2026-01-08T06:41:56.136Z,0.95,5-15s,2,2,2,1
2026-01-08T06:41:56.136Z,0.95,15-30s,10,0,49,7
2026-01-08T06:41:56.136Z,0.95,30-60s,6,3,9,5
2026-01-08T06:41:56.136Z,0.95,60-300s,87,0,1996,40
2026-01-08T06:41:56.136Z,0.95,5-15m,97,0,8995,114
2026-01-08T06:41:56.136Z,0.95,15-60m,6,6,6,1
2026-01-08T06:41:56.136Z,0.98,0-5s,13,2,25,6
2026-01-08T06:41:56.136Z,0.98,5-15s,190,2,548,3
2026-01-08T06:41:56.136Z,0.98,15-30s,20,0,76,21
2026-01-08T06:41:56.136Z,0.98,30-60s,16,0,152,37
2026-01-08T06:41:56.136Z,0.98,60-300s,30,0,1996,291
2026-01-08T06:41:56.136Z,0.98,5-15m,43,0,16739,771
2026-01-08T06:41:56.136Z,0.98,15-60m,15,2,35,6
2026-01-08T06:41:56.136Z,0.985,0-5s,13,2,25,6
2026-01-08T06:41:56.136Z,0.985,5-15s,312,2,677,4
2026-01-08T06:41:56.136Z,0.985,15-30s,20,0,76,21
2026-01-08T06:41:56.136Z,0.985,30-60s,15,0,152,39
2026-01-08T06:41:56.136Z,0.985,60-300s,31,0,1996,296
2026-01-08T06:41:56.136Z,0.985,5-15m,43,0,16739,782
2026-01-08T06:41:56.136Z,0.985,15-60m,15,2,35,6
2026-01-08T06:41:56.136Z,0.99,0-5s,13,2,25,7
2026-01-08T06:41:56.136Z,0.99,5-15s,312,2,677,4
2026-01-08T06:41:56.136Z,0.99,15-30s,18,0,76,24
2026-01-08T06:41:56.136Z,0.99,30-60s,18,0,152,51
2026-01-08T06:41:56.136Z,0.99,60-300s,49,0,11737,638
2026-01-08T06:41:56.136Z,0.99,5-15m,36,0,16739,1875
2026-01-08T06:41:56.136Z,0.99,15-60m,14,0,60,21
2026-01-08T06:41:56.136Z,0.995,0-5s,13,2,25,7
2026-01-08T06:41:56.136Z,0.995,5-15s,494,2,1461,6
2026-01-08T06:41:56.136Z,0.995,15-30s,209,0,4787,25
2026-01-08T06:41:56.136Z,0.995,30-60s,108,0,4679,52
2026-01-08T06:41:56.136Z,0.995,60-300s,60,0,11737,640
2026-01-08T06:41:56.136Z,0.995,5-15m,36,0,16739,1875
2026-01-08T06:41:56.136Z,0.995,15-60m,14,0,60,21
2026-01-08T06:42:56.136Z,0.9,0-5s,10,10,10,1
2026-01-08T06:42:56.136Z,0.9,5-15s,2,2,2,1
2026-01-08T06:42:56.136Z,0.9,15-30s,5,5,5,1
2026-01-08T06:42:56.136Z,0.9,30-60s,7,6,9,3
2026-01-08T06:42:56.136Z,0.9,60-300s,8,1,20,3
2026-01-08T06:42:56.136Z,0.9,5-15m,26,0,43,7
2026-01-08T06:42:56.136Z,0.95,0-5s,8,6,10,2
2026-01-08T06:42:56.136Z,0.95,5-15s,2,2,2,1
2026-01-08T06:42:56.136Z,0.95,15-30s,10,0,49,7
2026-01-08T06:42:56.136Z,0.95,30-60s,6,3,9,5
2026-01-08T06:42:56.136Z,0.95,60-300s,87,0,1996,40
2026-01-08T06:42:56.136Z,0.95,5-15m,97,0,8995,114
2026-01-08T06:42:56.136Z,0.95,15-60m,6,6,6,1
2026-01-08T06:42:56.136Z,0.98,0-5s,13,2,25,6
2026-01-08T06:42:56.136Z,0.98,5-15s,190,2,548,3
2026-01-08T06:42:56.136Z,0.98,15-30s,20,0,76,21
2026-01-08T06:42:56.136Z,0.98,30-60s,16,0,152,37
2026-01-08T06:42:56.136Z,0.98,60-300s,30,0,1996,291
2026-01-08T06:42:56.136Z,0.98,5-15m,43,0,16739,771
2026-01-08T06:42:56.136Z,0.98,15-60m,15,2,35,6
2026-01-08T06:42:56.136Z,0.985,0-5s,13,2,25,6
2026-01-08T06:42:56.136Z,0.985,5-15s,312,2,677,4
2026-01-08T06:42:56.136Z,0.985,15-30s,20,0,76,21
2026-01-08T06:42:56.136Z,0.985,30-60s,15,0,152,39
2026-01-08T06:42:56.136Z,0.985,60-300s,31,0,1996,296
2026-01-08T06:42:56.136Z,0.985,5-15m,43,0,16739,782
2026-01-08T06:42:56.136Z,0.985,15-60m,15,2,35,6
2026-01-08T06:42:56.136Z,0.99,0-5s,13,2,25,7
2026-01-08T06:42:56.136Z,0.99,5-15s,312,2,677,4
2026-01-08T06:42:56.136Z,0.99,15-30s,18,0,76,24
2026-01-08T06:42:56.136Z,0.99,30-60s,18,0,152,51
2026-01-08T06:42:56.136Z,0.99,60-300s,49,0,11737,638
2026-01-08T06:42:56.136Z,0.99,5-15m,36,0,16739,1875
2026-01-08T06:42:56.136Z,0.99,15-60m,14,0,60,21
2026-01-08T06:42:56.136Z,0.995,0-5s,13,2,25,7
2026-01-08T06:42:56.136Z,0.995,5-15s,494,2,1461,6
2026-01-08T06:42:56.136Z,0.995,15-30s,209,0,4787,25
2026-01-08T06:42:56.136Z,0.995,30-60s,108,0,4679,52
2026-01-08T06:42:56.136Z,0.995,60-300s,60,0,11737,640
2026-01-08T06:42:56.136Z,0.995,5-15m,36,0,16739,1875
2026-01-08T06:42:56.136Z,0.995,15-60m,14,0,60,21
2026-01-08T06:43:56.139Z,0.9,0-5s,10,10,10,1
2026-01-08T06:43:56.139Z,0.9,5-15s,2,2,2,1
2026-01-08T06:43:56.139Z,0.9,15-30s,5,5,5,1
2026-01-08T06:43:56.139Z,0.9,30-60s,7,6,9,3
2026-01-08T06:43:56.139Z,0.9,60-300s,8,1,20,3
2026-01-08T06:43:56.139Z,0.9,5-15m,26,0,43,7
2026-01-08T06:43:56.139Z,0.95,0-5s,8,6,10,2
2026-01-08T06:43:56.139Z,0.95,5-15s,2,2,2,1
2026-01-08T06:43:56.139Z,0.95,15-30s,10,0,49,7
2026-01-08T06:43:56.139Z,0.95,30-60s,6,3,9,5
2026-01-08T06:43:56.139Z,0.95,60-300s,87,0,1996,40
2026-01-08T06:43:56.139Z,0.95,5-15m,97,0,8995,114
2026-01-08T06:43:56.139Z,0.95,15-60m,6,6,6,1
2026-01-08T06:43:56.139Z,0.98,0-5s,13,2,25,6
2026-01-08T06:43:56.139Z,0.98,5-15s,190,2,548,3
2026-01-08T06:43:56.139Z,0.98,15-30s,20,0,76,21
2026-01-08T06:43:56.139Z,0.98,30-60s,16,0,152,37
2026-01-08T06:43:56.139Z,0.98,60-300s,30,0,1996,291
2026-01-08T06:43:56.139Z,0.98,5-15m,43,0,16739,771
2026-01-08T06:43:56.139Z,0.98,15-60m,15,2,35,6
2026-01-08T06:43:56.139Z,0.985,0-5s,13,2,25,6
2026-01-08T06:43:56.139Z,0.985,5-15s,312,2,677,4
2026-01-08T06:43:56.139Z,0.985,15-30s,20,0,76,21
2026-01-08T06:43:56.139Z,0.985,30-60s,15,0,152,39
2026-01-08T06:43:56.139Z,0.985,60-300s,31,0,1996,296
2026-01-08T06:43:56.139Z,0.985,5-15m,43,0,16739,782
2026-01-08T06:43:56.139Z,0.985,15-60m,15,2,35,6
2026-01-08T06:43:56.139Z,0.99,0-5s,13,2,25,7
2026-01-08T06:43:56.139Z,0.99,5-15s,312,2,677,4
2026-01-08T06:43:56.139Z,0.99,15-30s,18,0,76,24
2026-01-08T06:43:56.139Z,0.99,30-60s,18,0,152,51
2026-01-08T06:43:56.139Z,0.99,60-300s,49,0,11737,638
2026-01-08T06:43:56.139Z,0.99,5-15m,36,0,16739,1875
2026-01-08T06:43:56.139Z,0.99,15-60m,14,0,60,21
2026-01-08T06:43:56.139Z,0.995,0-5s,13,2,25,7
2026-01-08T06:43:56.139Z,0.995,5-15s,494,2,1461,6
2026-01-08T06:43:56.139Z,0.995,15-30s,209,0,4787,25
2026-01-08T06:43:56.139Z,0.995,30-60s,108,0,4679,52
2026-01-08T06:43:56.139Z,0.995,60-300s,60,0,11737,640
2026-01-08T06:43:56.139Z,0.995,5-15m,36,0,16739,1875
2026-01-08T06:43:56.139Z,0.995,15-60m,14,0,60,21
2026-01-08T06:44:56.138Z,0.9,0-5s,10,10,10,1
2026-01-08T06:44:56.138Z,0.9,5-15s,2,2,2,1
2026-01-08T06:44:56.138Z,0.9,15-30s,5,5,5,1
2026-01-08T06:44:56.138Z,0.9,30-60s,7,6,9,3
2026-01-08T06:44:56.138Z,0.9,60-300s,8,1,20,3
2026-01-08T06:44:56.138Z,0.9,5-15m,26,0,43,7
2026-01-08T06:44:56.138Z,0.95,0-5s,8,6,10,2
2026-01-08T06:44:56.138Z,0.95,5-15s,2,2,2,1
2026-01-08T06:44:56.138Z,0.95,15-30s,10,0,49,7
2026-01-08T06:44:56.138Z,0.95,30-60s,6,3,9,5
2026-01-08T06:44:56.138Z,0.95,60-300s,87,0,1996,40
2026-01-08T06:44:56.138Z,0.95,5-15m,97,0,8995,114
2026-01-08T06:44:56.138Z,0.95,15-60m,6,6,6,1
2026-01-08T06:44:56.138Z,0.98,0-5s,13,2,25,6
2026-01-08T06:44:56.138Z,0.98,5-15s,190,2,548,3
2026-01-08T06:44:56.138Z,0.98,15-30s,20,0,76,21
2026-01-08T06:44:56.138Z,0.98,30-60s,16,0,152,37
2026-01-08T06:44:56.138Z,0.98,60-300s,30,0,1996,291
2026-01-08T06:44:56.138Z,0.98,5-15m,43,0,16739,771
2026-01-08T06:44:56.138Z,0.98,15-60m,15,2,35,6
2026-01-08T06:44:56.138Z,0.985,0-5s,13,2,25,6
2026-01-08T06:44:56.138Z,0.985,5-15s,312,2,677,4
2026-01-08T06:44:56.138Z,0.985,15-30s,20,0,76,21
2026-01-08T06:44:56.138Z,0.985,30-60s,15,0,152,39
2026-01-08T06:44:56.138Z,0.985,60-300s,31,0,1996,296
2026-01-08T06:44:56.138Z,0.985,5-15m,43,0,16739,782
2026-01-08T06:44:56.138Z,0.985,15-60m,15,2,35,6
2026-01-08T06:44:56.138Z,0.99,0-5s,13,2,25,7
2026-01-08T06:44:56.138Z,0.99,5-15s,312,2,677,4
2026-01-08T06:44:56.138Z,0.99,15-30s,18,0,76,24
2026-01-08T06:44:56.138Z,0.99,30-60s,18,0,152,51
2026-01-08T06:44:56.138Z,0.99,60-300s,49,0,11737,638
2026-01-08T06:44:56.138Z,0.99,5-15m,36,0,16739,1875
2026-01-08T06:44:56.138Z,0.99,15-60m,14,0,60,21
2026-01-08T06:44:56.138Z,0.995,0-5s,13,2,25,7
2026-01-08T06:44:56.138Z,0.995,5-15s,494,2,1461,6
2026-01-08T06:44:56.138Z,0.995,15-30s,209,0,4787,25
2026-01-08T06:44:56.138Z,0.995,30-60s,108,0,4679,52
2026-01-08T06:44:56.138Z,0.995,60-300s,60,0,11737,640
2026-01-08T06:44:56.138Z,0.995,5-15m,36,0,16739,1875
2026-01-08T06:44:56.138Z,0.995,15-60m,14,0,60,21
2026-01-08T06:45:56.137Z,0.9,0-5s,10,10,10,1
2026-01-08T06:45:56.137Z,0.9,5-15s,2,2,2,1
2026-01-08T06:45:56.137Z,0.9,15-30s,5,5,5,1
2026-01-08T06:45:56.137Z,0.9,30-60s,7,6,9,3
2026-01-08T06:45:56.137Z,0.9,60-300s,8,1,20,3
2026-01-08T06:45:56.137Z,0.9,5-15m,26,0,43,7
2026-01-08T06:45:56.137Z,0.95,0-5s,8,6,10,2
2026-01-08T06:45:56.137Z,0.95,5-15s,2,2,2,1
2026-01-08T06:45:56.137Z,0.95,15-30s,10,0,49,7
2026-01-08T06:45:56.137Z,0.95,30-60s,6,3,9,5
2026-01-08T06:45:56.137Z,0.95,60-300s,87,0,1996,40
2026-01-08T06:45:56.137Z,0.95,5-15m,96,0,8995,115
2026-01-08T06:45:56.137Z,0.95,15-60m,6,6,6,1
2026-01-08T06:45:56.137Z,0.98,0-5s,13,2,25,6
2026-01-08T06:45:56.137Z,0.98,5-15s,190,2,548,3
2026-01-08T06:45:56.137Z,0.98,15-30s,20,0,76,21
2026-01-08T06:45:56.137Z,0.98,30-60s,16,0,152,37
2026-01-08T06:45:56.137Z,0.98,60-300s,30,0,1996,291
2026-01-08T06:45:56.137Z,0.98,5-15m,43,0,16739,772
2026-01-08T06:45:56.137Z,0.98,15-60m,15,2,35,6
2026-01-08T06:45:56.137Z,0.985,0-5s,13,2,25,6
2026-01-08T06:45:56.137Z,0.985,5-15s,312,2,677,4
2026-01-08T06:45:56.137Z,0.985,15-30s,20,0,76,21
2026-01-08T06:45:56.137Z,0.985,30-60s,15,0,152,39
2026-01-08T06:45:56.137Z,0.985,60-300s,31,0,1996,296
2026-01-08T06:45:56.137Z,0.985,5-15m,43,0,16739,783
2026-01-08T06:45:56.137Z,0.985,15-60m,15,2,35,6
2026-01-08T06:45:56.137Z,0.99,0-5s,13,2,25,7
2026-01-08T06:45:56.137Z,0.99,5-15s,312,2,677,4
2026-01-08T06:45:56.137Z,0.99,15-30s,18,0,76,24
2026-01-08T06:45:56.137Z,0.99,30-60s,18,0,152,51
2026-01-08T06:45:56.137Z,0.99,60-300s,49,0,11737,638
2026-01-08T06:45:56.137Z,0.99,5-15m,36,0,16739,1880
2026-01-08T06:45:56.137Z,0.99,15-60m,14,0,60,21
2026-01-08T06:45:56.137Z,0.995,0-5s,13,2,25,7
2026-01-08T06:45:56.137Z,0.995,5-15s,494,2,1461,6
2026-01-08T06:45:56.137Z,0.995,15-30s,209,0,4787,25
2026-01-08T06:45:56.137Z,0.995,30-60s,108,0,4679,52
2026-01-08T06:45:56.137Z,0.995,60-300s,60,0,11737,640
2026-01-08T06:45:56.137Z,0.995,5-15m,36,0,16739,1880
2026-01-08T06:45:56.137Z,0.995,15-60m,14,0,60,21
2026-01-08T06:46:56.138Z,0.9,0-5s,10,10,10,1
2026-01-08T06:46:56.138Z,0.9,5-15s,2,2,2,1
2026-01-08T06:46:56.138Z,0.9,15-30s,5,5,5,1
2026-01-08T06:46:56.138Z,0.9,30-60s,7,6,9,3
2026-01-08T06:46:56.138Z,0.9,60-300s,8,1,20,3
2026-01-08T06:46:56.138Z,0.9,5-15m,26,0,43,7
2026-01-08T06:46:56.138Z,0.95,0-5s,8,6,10,2
2026-01-08T06:46:56.138Z,0.95,5-15s,2,2,2,1
2026-01-08T06:46:56.138Z,0.95,15-30s,10,0,49,7
2026-01-08T06:46:56.138Z,0.95,30-60s,6,3,9,5
2026-01-08T06:46:56.138Z,0.95,60-300s,87,0,1996,40
2026-01-08T06:46:56.138Z,0.95,5-15m,96,0,8995,115
2026-01-08T06:46:56.138Z,0.95,15-60m,6,6,6,1
2026-01-08T06:46:56.138Z,0.98,0-5s,13,2,25,6
2026-01-08T06:46:56.138Z,0.98,5-15s,190,2,548,3
2026-01-08T06:46:56.138Z,0.98,15-30s,20,0,76,21
2026-01-08T06:46:56.138Z,0.98,30-60s,16,0,152,37
2026-01-08T06:46:56.138Z,0.98,60-300s,30,0,1996,291
2026-01-08T06:46:56.138Z,0.98,5-15m,43,0,16739,773
2026-01-08T06:46:56.138Z,0.98,15-60m,15,2,35,6
2026-01-08T06:46:56.138Z,0.985,0-5s,13,2,25,6
2026-01-08T06:46:56.138Z,0.985,5-15s,312,2,677,4
2026-01-08T06:46:56.138Z,0.985,15-30s,20,0,76,21
2026-01-08T06:46:56.138Z,0.985,30-60s,15,0,152,39
2026-01-08T06:46:56.138Z,0.985,60-300s,31,0,1996,296
2026-01-08T06:46:56.138Z,0.985,5-15m,43,0,16739,784
2026-01-08T06:46:56.138Z,0.985,15-60m,15,2,35,6
2026-01-08T06:46:56.138Z,0.99,0-5s,13,2,25,7
2026-01-08T06:46:56.138Z,0.99,5-15s,312,2,677,4
2026-01-08T06:46:56.138Z,0.99,15-30s,18,0,76,24
2026-01-08T06:46:56.138Z,0.99,30-60s,18,0,152,51
2026-01-08T06:46:56.138Z,0.99,60-300s,49,0,11737,638
2026-01-08T06:46:56.138Z,0.99,5-15m,36,0,16739,1883
2026-01-08T06:46:56.138Z,0.99,15-60m,14,0,60,21
2026-01-08T06:46:56.138Z,0.995,0-5s,13,2,25,7
2026-01-08T06:46:56.138Z,0.995,5-15s,494,2,1461,6
2026-01-08T06:46:56.138Z,0.995,15-30s,209,0,4787,25
2026-01-08T06:46:56.138Z,0.995,30-60s,108,0,4679,52
2026-01-08T06:46:56.138Z,0.995,60-300s,60,0,11737,640
2026-01-08T06:46:56.138Z,0.995,5-15m,36,0,16739,1883
2026-01-08T06:46:56.138Z,0.995,15-60m,14,0,60,21
2026-01-08T06:47:56.136Z,0.9,0-5s,10,10,10,1
2026-01-08T06:47:56.136Z,0.9,5-15s,2,2,2,1
2026-01-08T06:47:56.136Z,0.9,15-30s,5,5,5,1
2026-01-08T06:47:56.136Z,0.9,30-60s,7,6,9,3
2026-01-08T06:47:56.136Z,0.9,60-300s,8,1,20,3
2026-01-08T06:47:56.136Z,0.9,5-15m,26,0,43,7
2026-01-08T06:47:56.136Z,0.95,0-5s,8,6,10,2
2026-01-08T06:47:56.136Z,0.95,5-15s,2,2,2,1
2026-01-08T06:47:56.136Z,0.95,15-30s,10,0,49,7
2026-01-08T06:47:56.136Z,0.95,30-60s,6,3,9,5
2026-01-08T06:47:56.136Z,0.95,60-300s,87,0,1996,40
2026-01-08T06:47:56.136Z,0.95,5-15m,96,0,8995,115
2026-01-08T06:47:56.136Z,0.95,15-60m,6,6,6,1
2026-01-08T06:47:56.136Z,0.98,0-5s,13,2,25,6
2026-01-08T06:47:56.136Z,0.98,5-15s,190,2,548,3
2026-01-08T06:47:56.136Z,0.98,15-30s,20,0,76,21
2026-01-08T06:47:56.136Z,0.98,30-60s,16,0,152,37
2026-01-08T06:47:56.136Z,0.98,60-300s,30,0,1996,291
2026-01-08T06:47:56.136Z,0.98,5-15m,43,0,16739,776
2026-01-08T06:47:56.136Z,0.98,15-60m,15,2,35,6
2026-01-08T06:47:56.136Z,0.985,0-5s,13,2,25,6
2026-01-08T06:47:56.136Z,0.985,5-15s,312,2,677,4
2026-01-08T06:47:56.136Z,0.985,15-30s,20,0,76,21
2026-01-08T06:47:56.136Z,0.985,30-60s,15,0,152,39
2026-01-08T06:47:56.136Z,0.985,60-300s,31,0,1996,296
2026-01-08T06:47:56.136Z,0.985,5-15m,43,0,16739,787
2026-01-08T06:47:56.136Z,0.985,15-60m,15,2,35,6
2026-01-08T06:47:56.136Z,0.99,0-5s,13,2,25,7
2026-01-08T06:47:56.136Z,0.99,5-15s,312,2,677,4
2026-01-08T06:47:56.136Z,0.99,15-30s,18,0,76,24
2026-01-08T06:47:56.136Z,0.99,30-60s,18,0,152,51
2026-01-08T06:47:56.136Z,0.99,60-300s,49,0,11737,638
2026-01-08T06:47:56.136Z,0.99,5-15m,36,0,16739,1893
2026-01-08T06:47:56.136Z,0.99,15-60m,14,0,60,21
2026-01-08T06:47:56.136Z,0.995,0-5s,13,2,25,7
2026-01-08T06:47:56.136Z,0.995,5-15s,494,2,1461,6
2026-01-08T06:47:56.136Z,0.995,15-30s,209,0,4787,25
2026-01-08T06:47:56.136Z,0.995,30-60s,108,0,4679,52
2026-01-08T06:47:56.136Z,0.995,60-300s,60,0,11737,640
2026-01-08T06:47:56.136Z,0.995,5-15m,36,0,16739,1893
2026-01-08T06:47:56.136Z,0.995,15-60m,14,0,60,21
2026-01-08T06:48:56.137Z,0.9,0-5s,10,10,10,1
2026-01-08T06:48:56.137Z,0.9,5-15s,2,2,2,1
2026-01-08T06:48:56.137Z,0.9,15-30s,5,5,5,1
2026-01-08T06:48:56.137Z,0.9,30-60s,7,6,9,3
2026-01-08T06:48:56.137Z,0.9,60-300s,8,1,20,3
2026-01-08T06:48:56.137Z,0.9,5-15m,26,0,43,7
2026-01-08T06:48:56.137Z,0.95,0-5s,8,6,10,2
2026-01-08T06:48:56.137Z,0.95,5-15s,2,2,2,1
2026-01-08T06:48:56.137Z,0.95,15-30s,10,0,49,7
2026-01-08T06:48:56.137Z,0.95,30-60s,6,3,9,5
2026-01-08T06:48:56.137Z,0.95,60-300s,87,0,1996,40
2026-01-08T06:48:56.137Z,0.95,5-15m,95,0,8995,116
2026-01-08T06:48:56.137Z,0.95,15-60m,6,6,6,1
2026-01-08T06:48:56.137Z,0.98,0-5s,13,2,25,6
2026-01-08T06:48:56.137Z,0.98,5-15s,190,2,548,3
2026-01-08T06:48:56.137Z,0.98,15-30s,20,0,76,21
2026-01-08T06:48:56.137Z,0.98,30-60s,16,0,152,37
2026-01-08T06:48:56.137Z,0.98,60-300s,30,0,1996,291
2026-01-08T06:48:56.137Z,0.98,5-15m,43,0,16739,780
2026-01-08T06:48:56.137Z,0.98,15-60m,15,2,35,6
2026-01-08T06:48:56.137Z,0.985,0-5s,13,2,25,6
2026-01-08T06:48:56.137Z,0.985,5-15s,312,2,677,4
2026-01-08T06:48:56.137Z,0.985,15-30s,20,0,76,21
2026-01-08T06:48:56.137Z,0.985,30-60s,15,0,152,39
2026-01-08T06:48:56.137Z,0.985,60-300s,31,0,1996,296
2026-01-08T06:48:56.137Z,0.985,5-15m,43,0,16739,791
2026-01-08T06:48:56.137Z,0.985,15-60m,15,2,35,6
2026-01-08T06:48:56.137Z,0.99,0-5s,13,2,25,7
2026-01-08T06:48:56.137Z,0.99,5-15s,312,2,677,4
2026-01-08T06:48:56.137Z,0.99,15-30s,18,0,76,24
2026-01-08T06:48:56.137Z,0.99,30-60s,18,0,152,51
2026-01-08T06:48:56.137Z,0.99,60-300s,49,0,11737,638
2026-01-08T06:48:56.137Z,0.99,5-15m,36,0,16739,1900
2026-01-08T06:48:56.137Z,0.99,15-60m,14,0,60,21
2026-01-08T06:48:56.137Z,0.995,0-5s,13,2,25,7
2026-01-08T06:48:56.137Z,0.995,5-15s,494,2,1461,6
2026-01-08T06:48:56.137Z,0.995,15-30s,209,0,4787,25
2026-01-08T06:48:56.137Z,0.995,30-60s,108,0,4679,52
2026-01-08T06:48:56.137Z,0.995,60-300s,60,0,11737,640
2026-01-08T06:48:56.137Z,0.995,5-15m,36,0,16739,1900
2026-01-08T06:48:56.137Z,0.995,15-60m,14,0,60,21
2026-01-08T06:49:56.137Z,0.9,0-5s,10,10,10,1
2026-01-08T06:49:56.137Z,0.9,5-15s,2,2,2,1
2026-01-08T06:49:56.137Z,0.9,15-30s,5,5,5,1
2026-01-08T06:49:56.137Z,0.9,30-60s,7,6,9,3
2026-01-08T06:49:56.137Z,0.9,60-300s,8,1,20,3
2026-01-08T06:49:56.137Z,0.9,5-15m,26,0,43,7
2026-01-08T06:49:56.137Z,0.95,0-5s,8,6,10,2
2026-01-08T06:49:56.137Z,0.95,5-15s,2,2,2,1
2026-01-08T06:49:56.137Z,0.95,15-30s,10,0,49,7
2026-01-08T06:49:56.137Z,0.95,30-60s,6,3,9,5
2026-01-08T06:49:56.137Z,0.95,60-300s,87,0,1996,40
2026-01-08T06:49:56.137Z,0.95,5-15m,95,0,8995,117
2026-01-08T06:49:56.137Z,0.95,15-60m,6,6,6,1
2026-01-08T06:49:56.137Z,0.98,0-5s,13,2,25,6
2026-01-08T06:49:56.137Z,0.98,5-15s,190,2,548,3
2026-01-08T06:49:56.137Z,0.98,15-30s,20,0,76,21
2026-01-08T06:49:56.137Z,0.98,30-60s,16,0,152,37
2026-01-08T06:49:56.137Z,0.98,60-300s,30,0,1996,291
2026-01-08T06:49:56.137Z,0.98,5-15m,43,0,16739,782
2026-01-08T06:49:56.137Z,0.98,15-60m,15,2,35,6
2026-01-08T06:49:56.137Z,0.985,0-5s,13,2,25,6
2026-01-08T06:49:56.137Z,0.985,5-15s,312,2,677,4
2026-01-08T06:49:56.137Z,0.985,15-30s,20,0,76,21
2026-01-08T06:49:56.137Z,0.985,30-60s,15,0,152,39
2026-01-08T06:49:56.137Z,0.985,60-300s,31,0,1996,296
2026-01-08T06:49:56.137Z,0.985,5-15m,43,0,16739,793
2026-01-08T06:49:56.137Z,0.985,15-60m,15,2,35,6
2026-01-08T06:49:56.137Z,0.99,0-5s,13,2,25,7
2026-01-08T06:49:56.137Z,0.99,5-15s,312,2,677,4
2026-01-08T06:49:56.137Z,0.99,15-30s,18,0,76,24
2026-01-08T06:49:56.137Z,0.99,30-60s,18,0,152,51
2026-01-08T06:49:56.137Z,0.99,60-300s,49,0,11737,638
2026-01-08T06:49:56.137Z,0.99,5-15m,36,0,16739,1905
2026-01-08T06:49:56.137Z,0.99,15-60m,14,0,60,21
2026-01-08T06:49:56.137Z,0.995,0-5s,13,2,25,7
2026-01-08T06:49:56.137Z,0.995,5-15s,494,2,1461,6
2026-01-08T06:49:56.137Z,0.995,15-30s,209,0,4787,25
2026-01-08T06:49:56.137Z,0.995,30-60s,108,0,4679,52
2026-01-08T06:49:56.137Z,0.995,60-300s,60,0,11737,640
2026-01-08T06:49:56.137Z,0.995,5-15m,36,0,16739,1905
2026-01-08T06:49:56.137Z,0.995,15-60m,14,0,60,21
2026-01-08T06:50:56.140Z,0.9,0-5s,10,10,10,1
2026-01-08T06:50:56.140Z,0.9,5-15s,2,2,2,1
2026-01-08T06:50:56.140Z,0.9,15-30s,5,5,5,1
2026-01-08T06:50:56.140Z,0.9,30-60s,7,6,9,3
2026-01-08T06:50:56.140Z,0.9,60-300s,8,1,20,3
2026-01-08T06:50:56.140Z,0.9,5-15m,26,0,43,7
2026-01-08T06:50:56.140Z,0.95,0-5s,8,6,10,2
2026-01-08T06:50:56.140Z,0.95,5-15s,2,2,2,1
2026-01-08T06:50:56.140Z,0.95,15-30s,10,0,49,7
2026-01-08T06:50:56.140Z,0.95,30-60s,6,3,9,5
2026-01-08T06:50:56.140Z,0.95,60-300s,87,0,1996,40
2026-01-08T06:50:56.140Z,0.95,5-15m,95,0,8995,117
2026-01-08T06:50:56.140Z,0.95,15-60m,6,6,6,1
2026-01-08T06:50:56.140Z,0.98,0-5s,13,2,25,6
2026-01-08T06:50:56.140Z,0.98,5-15s,190,2,548,3
2026-01-08T06:50:56.140Z,0.98,15-30s,20,0,76,21
2026-01-08T06:50:56.140Z,0.98,30-60s,16,0,152,37
2026-01-08T06:50:56.140Z,0.98,60-300s,30,0,1996,291
2026-01-08T06:50:56.140Z,0.98,5-15m,43,0,16739,783
2026-01-08T06:50:56.140Z,0.98,15-60m,15,2,35,6
2026-01-08T06:50:56.140Z,0.985,0-5s,13,2,25,6
2026-01-08T06:50:56.140Z,0.985,5-15s,312,2,677,4
2026-01-08T06:50:56.140Z,0.985,15-30s,20,0,76,21
2026-01-08T06:50:56.140Z,0.985,30-60s,15,0,152,39
2026-01-08T06:50:56.140Z,0.985,60-300s,31,0,1996,296
2026-01-08T06:50:56.140Z,0.985,5-15m,43,0,16739,794
2026-01-08T06:50:56.140Z,0.985,15-60m,15,2,35,6
2026-01-08T06:50:56.140Z,0.99,0-5s,13,2,25,7
2026-01-08T06:50:56.140Z,0.99,5-15s,312,2,677,4
2026-01-08T06:50:56.140Z,0.99,15-30s,18,0,76,24
2026-01-08T06:50:56.140Z,0.99,30-60s,18,0,152,51
2026-01-08T06:50:56.140Z,0.99,60-300s,49,0,11737,638
2026-01-08T06:50:56.140Z,0.99,5-15m,36,0,16739,1909
2026-01-08T06:50:56.140Z,0.99,15-60m,14,0,60,21
2026-01-08T06:50:56.140Z,0.995,0-5s,13,2,25,7
2026-01-08T06:50:56.140Z,0.995,5-15s,494,2,1461,6
2026-01-08T06:50:56.140Z,0.995,15-30s,209,0,4787,25
2026-01-08T06:50:56.140Z,0.995,30-60s,108,0,4679,52
2026-01-08T06:50:56.140Z,0.995,60-300s,60,0,11737,640
2026-01-08T06:50:56.140Z,0.995,5-15m,36,0,16739,1909
2026-01-08T06:50:56.140Z,0.995,15-60m,14,0,60,21
2026-01-08T06:51:56.137Z,0.9,0-5s,10,10,10,1
2026-01-08T06:51:56.137Z,0.9,5-15s,2,2,2,1
2026-01-08T06:51:56.137Z,0.9,15-30s,5,5,5,1
2026-01-08T06:51:56.137Z,0.9,30-60s,7,6,9,3
2026-01-08T06:51:56.137Z,0.9,60-300s,8,1,20,3
2026-01-08T06:51:56.137Z,0.9,5-15m,26,0,43,7
2026-01-08T06:51:56.137Z,0.95,0-5s,8,6,10,2
2026-01-08T06:51:56.137Z,0.95,5-15s,2,2,2,1
2026-01-08T06:51:56.137Z,0.95,15-30s,10,0,49,7
2026-01-08T06:51:56.137Z,0.95,30-60s,6,3,9,5
2026-01-08T06:51:56.137Z,0.95,60-300s,87,0,1996,40
2026-01-08T06:51:56.137Z,0.95,5-15m,95,0,8995,117
2026-01-08T06:51:56.137Z,0.95,15-60m,6,6,6,1
2026-01-08T06:51:56.137Z,0.98,0-5s,13,2,25,6
2026-01-08T06:51:56.137Z,0.98,5-15s,190,2,548,3
2026-01-08T06:51:56.137Z,0.98,15-30s,20,0,76,21
2026-01-08T06:51:56.137Z,0.98,30-60s,16,0,152,37
2026-01-08T06:51:56.137Z,0.98,60-300s,30,0,1996,291
2026-01-08T06:51:56.137Z,0.98,5-15m,43,0,16739,786
2026-01-08T06:51:56.137Z,0.98,15-60m,15,2,35,6
2026-01-08T06:51:56.137Z,0.985,0-5s,13,2,25,6
2026-01-08T06:51:56.137Z,0.985,5-15s,312,2,677,4
2026-01-08T06:51:56.137Z,0.985,15-30s,20,0,76,21
2026-01-08T06:51:56.137Z,0.985,30-60s,15,0,152,39
2026-01-08T06:51:56.137Z,0.985,60-300s,31,0,1996,296
2026-01-08T06:51:56.137Z,0.985,5-15m,43,0,16739,797
2026-01-08T06:51:56.137Z,0.985,15-60m,15,2,35,6
2026-01-08T06:51:56.137Z,0.99,0-5s,13,2,25,7
2026-01-08T06:51:56.137Z,0.99,5-15s,312,2,677,4
2026-01-08T06:51:56.137Z,0.99,15-30s,18,0,76,24
2026-01-08T06:51:56.137Z,0.99,30-60s,18,0,152,51
2026-01-08T06:51:56.137Z,0.99,60-300s,49,0,11737,638
2026-01-08T06:51:56.137Z,0.99,5-15m,36,0,16739,1919
2026-01-08T06:51:56.137Z,0.99,15-60m,14,0,60,21
2026-01-08T06:51:56.137Z,0.995,0-5s,13,2,25,7
2026-01-08T06:51:56.137Z,0.995,5-15s,494,2,1461,6
2026-01-08T06:51:56.137Z,0.995,15-30s,209,0,4787,25
2026-01-08T06:51:56.137Z,0.995,30-60s,108,0,4679,52
2026-01-08T06:51:56.137Z,0.995,60-300s,60,0,11737,640
2026-01-08T06:51:56.137Z,0.995,5-15m,36,0,16739,1919
2026-01-08T06:51:56.137Z,0.995,15-60m,14,0,60,21
2026-01-08T06:52:56.135Z,0.9,0-5s,10,10,10,1
2026-01-08T06:52:56.135Z,0.9,5-15s,2,2,2,1
2026-01-08T06:52:56.135Z,0.9,15-30s,5,5,5,1
2026-01-08T06:52:56.135Z,0.9,30-60s,7,6,9,3
2026-01-08T06:52:56.135Z,0.9,60-300s,8,1,20,3
2026-01-08T06:52:56.135Z,0.9,5-15m,26,0,43,7
2026-01-08T06:52:56.135Z,0.95,0-5s,8,6,10,2
2026-01-08T06:52:56.135Z,0.95,5-15s,2,2,2,1
2026-01-08T06:52:56.135Z,0.95,15-30s,10,0,49,7
2026-01-08T06:52:56.135Z,0.95,30-60s,6,3,9,5
2026-01-08T06:52:56.135Z,0.95,60-300s,87,0,1996,40
2026-01-08T06:52:56.135Z,0.95,5-15m,95,0,8995,117
2026-01-08T06:52:56.135Z,0.95,15-60m,6,6,6,1
2026-01-08T06:52:56.135Z,0.98,0-5s,13,2,25,6
2026-01-08T06:52:56.135Z,0.98,5-15s,190,2,548,3
2026-01-08T06:52:56.135Z,0.98,15-30s,20,0,76,21
2026-01-08T06:52:56.135Z,0.98,30-60s,16,0,152,37
2026-01-08T06:52:56.135Z,0.98,60-300s,30,0,1996,291
2026-01-08T06:52:56.135Z,0.98,5-15m,43,0,16739,789
2026-01-08T06:52:56.135Z,0.98,15-60m,15,2,35,6
2026-01-08T06:52:56.135Z,0.985,0-5s,13,2,25,6
2026-01-08T06:52:56.135Z,0.985,5-15s,312,2,677,4
2026-01-08T06:52:56.135Z,0.985,15-30s,20,0,76,21
2026-01-08T06:52:56.135Z,0.985,30-60s,15,0,152,39
2026-01-08T06:52:56.135Z,0.985,60-300s,31,0,1996,296
2026-01-08T06:52:56.135Z,0.985,5-15m,43,0,16739,800
2026-01-08T06:52:56.135Z,0.985,15-60m,15,2,35,6
2026-01-08T06:52:56.135Z,0.99,0-5s,13,2,25,7
2026-01-08T06:52:56.135Z,0.99,5-15s,312,2,677,4
2026-01-08T06:52:56.135Z,0.99,15-30s,18,0,76,24
2026-01-08T06:52:56.135Z,0.99,30-60s,18,0,152,51
2026-01-08T06:52:56.135Z,0.99,60-300s,49,0,11737,638
2026-01-08T06:52:56.135Z,0.99,5-15m,35,0,16739,1928
2026-01-08T06:52:56.135Z,0.99,15-60m,14,0,60,21
2026-01-08T06:52:56.135Z,0.995,0-5s,13,2,25,7
2026-01-08T06:52:56.135Z,0.995,5-15s,494,2,1461,6
2026-01-08T06:52:56.135Z,0.995,15-30s,209,0,4787,25
2026-01-08T06:52:56.135Z,0.995,30-60s,108,0,4679,52
2026-01-08T06:52:56.135Z,0.995,60-300s,60,0,11737,640
2026-01-08T06:52:56.135Z,0.995,5-15m,35,0,16739,1928
2026-01-08T06:52:56.135Z,0.995,15-60m,14,0,60,21
2026-01-08T06:53:56.135Z,0.9,0-5s,10,10,10,1
2026-01-08T06:53:56.135Z,0.9,5-15s,2,2,2,1
2026-01-08T06:53:56.135Z,0.9,15-30s,5,5,5,1
2026-01-08T06:53:56.135Z,0.9,30-60s,7,6,9,3
2026-01-08T06:53:56.135Z,0.9,60-300s,8,1,20,3
2026-01-08T06:53:56.135Z,0.9,5-15m,26,0,43,7
2026-01-08T06:53:56.135Z,0.95,0-5s,8,6,10,2
2026-01-08T06:53:56.135Z,0.95,5-15s,2,2,2,1
2026-01-08T06:53:56.135Z,0.95,15-30s,10,0,49,7
2026-01-08T06:53:56.135Z,0.95,30-60s,6,3,9,5
2026-01-08T06:53:56.135Z,0.95,60-300s,87,0,1996,40
2026-01-08T06:53:56.135Z,0.95,5-15m,95,0,8995,117
2026-01-08T06:53:56.135Z,0.95,15-60m,6,6,6,1
2026-01-08T06:53:56.135Z,0.98,0-5s,13,2,25,6
2026-01-08T06:53:56.135Z,0.98,5-15s,190,2,548,3
2026-01-08T06:53:56.135Z,0.98,15-30s,20,0,76,21
2026-01-08T06:53:56.135Z,0.98,30-60s,16,0,152,37
2026-01-08T06:53:56.135Z,0.98,60-300s,30,0,1996,291
2026-01-08T06:53:56.135Z,0.98,5-15m,43,0,16739,792
2026-01-08T06:53:56.135Z,0.98,15-60m,15,2,35,6
2026-01-08T06:53:56.135Z,0.985,0-5s,13,2,25,6
2026-01-08T06:53:56.135Z,0.985,5-15s,312,2,677,4
2026-01-08T06:53:56.135Z,0.985,15-30s,20,0,76,21
2026-01-08T06:53:56.135Z,0.985,30-60s,15,0,152,39
2026-01-08T06:53:56.135Z,0.985,60-300s,31,0,1996,296
2026-01-08T06:53:56.135Z,0.985,5-15m,42,0,16739,803
2026-01-08T06:53:56.135Z,0.985,15-60m,15,2,35,6
2026-01-08T06:53:56.135Z,0.99,0-5s,13,2,25,7
2026-01-08T06:53:56.135Z,0.99,5-15s,312,2,677,4
2026-01-08T06:53:56.135Z,0.99,15-30s,18,0,76,24
2026-01-08T06:53:56.135Z,0.99,30-60s,18,0,152,51
2026-01-08T06:53:56.135Z,0.99,60-300s,49,0,11737,638
2026-01-08T06:53:56.135Z,0.99,5-15m,35,0,16739,1933
2026-01-08T06:53:56.135Z,0.99,15-60m,14,0,60,21
2026-01-08T06:53:56.135Z,0.995,0-5s,13,2,25,7
2026-01-08T06:53:56.135Z,0.995,5-15s,494,2,1461,6
2026-01-08T06:53:56.135Z,0.995,15-30s,209,0,4787,25
2026-01-08T06:53:56.135Z,0.995,30-60s,108,0,4679,52
2026-01-08T06:53:56.135Z,0.995,60-300s,60,0,11737,640
2026-01-08T06:53:56.135Z,0.995,5-15m,35,0,16739,1933
2026-01-08T06:53:56.135Z,0.995,15-60m,14,0,60,21
2026-01-08T06:54:56.136Z,0.9,0-5s,10,10,10,1
2026-01-08T06:54:56.136Z,0.9,5-15s,2,2,2,1
2026-01-08T06:54:56.136Z,0.9,15-30s,5,5,5,1
2026-01-08T06:54:56.136Z,0.9,30-60s,7,6,9,3
2026-01-08T06:54:56.136Z,0.9,60-300s,8,1,20,3
2026-01-08T06:54:56.136Z,0.9,5-15m,26,0,43,7
2026-01-08T06:54:56.136Z,0.95,0-5s,8,6,10,2
2026-01-08T06:54:56.136Z,0.95,5-15s,2,2,2,1
2026-01-08T06:54:56.136Z,0.95,15-30s,10,0,49,7
2026-01-08T06:54:56.136Z,0.95,30-60s,6,3,9,5
2026-01-08T06:54:56.136Z,0.95,60-300s,87,0,1996,40
2026-01-08T06:54:56.136Z,0.95,5-15m,95,0,8995,117
2026-01-08T06:54:56.136Z,0.95,15-60m,6,6,6,1
2026-01-08T06:54:56.136Z,0.98,0-5s,13,2,25,6
2026-01-08T06:54:56.136Z,0.98,5-15s,190,2,548,3
2026-01-08T06:54:56.136Z,0.98,15-30s,20,0,76,21
2026-01-08T06:54:56.136Z,0.98,30-60s,16,0,152,37
2026-01-08T06:54:56.136Z,0.98,60-300s,30,0,1996,291
2026-01-08T06:54:56.136Z,0.98,5-15m,43,0,16739,792
2026-01-08T06:54:56.136Z,0.98,15-60m,15,2,35,6
2026-01-08T06:54:56.136Z,0.985,0-5s,13,2,25,6
2026-01-08T06:54:56.136Z,0.985,5-15s,312,2,677,4
2026-01-08T06:54:56.136Z,0.985,15-30s,20,0,76,21
2026-01-08T06:54:56.136Z,0.985,30-60s,15,0,152,39
2026-01-08T06:54:56.136Z,0.985,60-300s,31,0,1996,296
2026-01-08T06:54:56.136Z,0.985,5-15m,42,0,16739,803
2026-01-08T06:54:56.136Z,0.985,15-60m,15,2,35,6
2026-01-08T06:54:56.136Z,0.99,0-5s,13,2,25,7
2026-01-08T06:54:56.136Z,0.99,5-15s,312,2,677,4
2026-01-08T06:54:56.136Z,0.99,15-30s,18,0,76,24
2026-01-08T06:54:56.136Z,0.99,30-60s,18,0,152,51
2026-01-08T06:54:56.136Z,0.99,60-300s,49,0,11737,638
2026-01-08T06:54:56.136Z,0.99,5-15m,35,0,16739,1934
2026-01-08T06:54:56.136Z,0.99,15-60m,14,0,60,21
2026-01-08T06:54:56.136Z,0.995,0-5s,13,2,25,7
2026-01-08T06:54:56.136Z,0.995,5-15s,494,2,1461,6
2026-01-08T06:54:56.136Z,0.995,15-30s,209,0,4787,25
2026-01-08T06:54:56.136Z,0.995,30-60s,108,0,4679,52
2026-01-08T06:54:56.136Z,0.995,60-300s,60,0,11737,640
2026-01-08T06:54:56.136Z,0.995,5-15m,35,0,16739,1934
2026-01-08T06:54:56.136Z,0.995,15-60m,14,0,60,21
2026-01-08T06:55:56.136Z,0.9,0-5s,10,10,10,1
2026-01-08T06:55:56.136Z,0.9,5-15s,2,2,2,1
2026-01-08T06:55:56.136Z,0.9,15-30s,5,5,5,1
2026-01-08T06:55:56.136Z,0.9,30-60s,7,6,9,3
2026-01-08T06:55:56.136Z,0.9,60-300s,8,1,20,3
2026-01-08T06:55:56.136Z,0.9,5-15m,26,0,43,7
2026-01-08T06:55:56.136Z,0.95,0-5s,8,6,10,2
2026-01-08T06:55:56.136Z,0.95,5-15s,2,2,2,1
2026-01-08T06:55:56.136Z,0.95,15-30s,10,0,49,7
2026-01-08T06:55:56.136Z,0.95,30-60s,6,3,9,5
2026-01-08T06:55:56.136Z,0.95,60-300s,87,0,1996,40
2026-01-08T06:55:56.136Z,0.95,5-15m,95,0,8995,117
2026-01-08T06:55:56.136Z,0.95,15-60m,6,6,6,1
2026-01-08T06:55:56.136Z,0.98,0-5s,13,2,25,6
2026-01-08T06:55:56.136Z,0.98,5-15s,190,2,548,3
2026-01-08T06:55:56.136Z,0.98,15-30s,20,0,76,21
2026-01-08T06:55:56.136Z,0.98,30-60s,16,0,152,37
2026-01-08T06:55:56.136Z,0.98,60-300s,30,0,1996,293
2026-01-08T06:55:56.136Z,0.98,5-15m,43,0,16739,793
2026-01-08T06:55:56.136Z,0.98,15-60m,15,2,35,6
2026-01-08T06:55:56.136Z,0.985,0-5s,13,2,25,6
2026-01-08T06:55:56.136Z,0.985,5-15s,312,2,677,4
2026-01-08T06:55:56.136Z,0.985,15-30s,20,0,76,21
2026-01-08T06:55:56.136Z,0.985,30-60s,15,0,152,39
2026-01-08T06:55:56.136Z,0.985,60-300s,31,0,1996,298
2026-01-08T06:55:56.136Z,0.985,5-15m,42,0,16739,804
2026-01-08T06:55:56.136Z,0.985,15-60m,15,2,35,6
2026-01-08T06:55:56.136Z,0.99,0-5s,13,2,25,7
2026-01-08T06:55:56.136Z,0.99,5-15s,312,2,677,4
2026-01-08T06:55:56.136Z,0.99,15-30s,18,0,76,24
2026-01-08T06:55:56.136Z,0.99,30-60s,18,0,152,51
2026-01-08T06:55:56.136Z,0.99,60-300s,49,0,11737,643
2026-01-08T06:55:56.136Z,0.99,5-15m,35,0,16739,1935
2026-01-08T06:55:56.136Z,0.99,15-60m,14,0,60,21
2026-01-08T06:55:56.136Z,0.995,0-5s,13,2,25,7
2026-01-08T06:55:56.136Z,0.995,5-15s,494,2,1461,6
2026-01-08T06:55:56.136Z,0.995,15-30s,209,0,4787,25
2026-01-08T06:55:56.136Z,0.995,30-60s,108,0,4679,52
2026-01-08T06:55:56.136Z,0.995,60-300s,60,0,11737,645
2026-01-08T06:55:56.136Z,0.995,5-15m,35,0,16739,1935
2026-01-08T06:55:56.136Z,0.995,15-60m,14,0,60,21
2026-01-08T06:56:56.135Z,0.9,0-5s,10,10,10,1
2026-01-08T06:56:56.135Z,0.9,5-15s,2,2,2,1
2026-01-08T06:56:56.135Z,0.9,15-30s,5,5,5,1
2026-01-08T06:56:56.135Z,0.9,30-60s,7,6,9,3
2026-01-08T06:56:56.135Z,0.9,60-300s,8,1,20,3
2026-01-08T06:56:56.135Z,0.9,5-15m,26,0,43,7
2026-01-08T06:56:56.135Z,0.95,0-5s,8,6,10,2
2026-01-08T06:56:56.135Z,0.95,5-15s,2,2,2,1
2026-01-08T06:56:56.135Z,0.95,15-30s,10,0,49,7
2026-01-08T06:56:56.135Z,0.95,30-60s,6,3,9,5
2026-01-08T06:56:56.135Z,0.95,60-300s,87,0,1996,40
2026-01-08T06:56:56.135Z,0.95,5-15m,95,0,8995,117
2026-01-08T06:56:56.135Z,0.95,15-60m,6,6,6,1
2026-01-08T06:56:56.135Z,0.98,0-5s,13,2,25,6
2026-01-08T06:56:56.135Z,0.98,5-15s,190,2,548,3
2026-01-08T06:56:56.135Z,0.98,15-30s,20,0,76,21
2026-01-08T06:56:56.135Z,0.98,30-60s,16,0,152,37
2026-01-08T06:56:56.135Z,0.98,60-300s,30,0,1996,293
2026-01-08T06:56:56.135Z,0.98,5-15m,43,0,16739,793
2026-01-08T06:56:56.135Z,0.98,15-60m,15,2,35,6
2026-01-08T06:56:56.135Z,0.985,0-5s,13,2,25,6
2026-01-08T06:56:56.135Z,0.985,5-15s,312,2,677,4
2026-01-08T06:56:56.135Z,0.985,15-30s,20,0,76,21
2026-01-08T06:56:56.135Z,0.985,30-60s,15,0,152,39
2026-01-08T06:56:56.135Z,0.985,60-300s,31,0,1996,298
2026-01-08T06:56:56.135Z,0.985,5-15m,42,0,16739,804
2026-01-08T06:56:56.135Z,0.985,15-60m,15,2,35,6
2026-01-08T06:56:56.135Z,0.99,0-5s,13,2,25,7
2026-01-08T06:56:56.135Z,0.99,5-15s,312,2,677,4
2026-01-08T06:56:56.135Z,0.99,15-30s,18,0,76,24
2026-01-08T06:56:56.135Z,0.99,30-60s,18,0,152,51
2026-01-08T06:56:56.135Z,0.99,60-300s,49,0,11737,644
2026-01-08T06:56:56.135Z,0.99,5-15m,35,0,16739,1935
2026-01-08T06:56:56.135Z,0.99,15-60m,14,0,60,21
2026-01-08T06:56:56.135Z,0.995,0-5s,13,2,25,7
2026-01-08T06:56:56.135Z,0.995,5-15s,494,2,1461,6
2026-01-08T06:56:56.135Z,0.995,15-30s,209,0,4787,25
2026-01-08T06:56:56.135Z,0.995,30-60s,108,0,4679,52
2026-01-08T06:56:56.135Z,0.995,60-300s,60,0,11737,646
2026-01-08T06:56:56.135Z,0.995,5-15m,35,0,16739,1935
2026-01-08T06:56:56.135Z,0.995,15-60m,14,0,60,21
2026-01-08T06:57:56.136Z,0.9,0-5s,10,10,10,1
2026-01-08T06:57:56.136Z,0.9,5-15s,2,2,2,1
2026-01-08T06:57:56.136Z,0.9,15-30s,5,5,5,1
2026-01-08T06:57:56.136Z,0.9,30-60s,7,6,9,3
2026-01-08T06:57:56.136Z,0.9,60-300s,8,1,20,3
2026-01-08T06:57:56.136Z,0.9,5-15m,26,0,43,7
2026-01-08T06:57:56.136Z,0.95,0-5s,8,6,10,2
2026-01-08T06:57:56.136Z,0.95,5-15s,2,2,2,1
2026-01-08T06:57:56.136Z,0.95,15-30s,10,0,49,7
2026-01-08T06:57:56.136Z,0.95,30-60s,6,3,9,5
2026-01-08T06:57:56.136Z,0.95,60-300s,87,0,1996,40
2026-01-08T06:57:56.136Z,0.95,5-15m,95,0,8995,117
2026-01-08T06:57:56.136Z,0.95,15-60m,6,6,6,1
2026-01-08T06:57:56.136Z,0.98,0-5s,13,2,25,6
2026-01-08T06:57:56.136Z,0.98,5-15s,190,2,548,3
2026-01-08T06:57:56.136Z,0.98,15-30s,20,0,76,21
2026-01-08T06:57:56.136Z,0.98,30-60s,16,0,152,37
2026-01-08T06:57:56.136Z,0.98,60-300s,30,0,1996,293
2026-01-08T06:57:56.136Z,0.98,5-15m,43,0,16739,793
2026-01-08T06:57:56.136Z,0.98,15-60m,15,2,35,6
2026-01-08T06:57:56.136Z,0.985,0-5s,13,2,25,6
2026-01-08T06:57:56.136Z,0.985,5-15s,312,2,677,4
2026-01-08T06:57:56.136Z,0.985,15-30s,20,0,76,21
2026-01-08T06:57:56.136Z,0.985,30-60s,15,0,152,39
2026-01-08T06:57:56.136Z,0.985,60-300s,31,0,1996,298
2026-01-08T06:57:56.136Z,0.985,5-15m,42,0,16739,804
2026-01-08T06:57:56.136Z,0.985,15-60m,15,2,35,6
2026-01-08T06:57:56.136Z,0.99,0-5s,13,2,25,7
2026-01-08T06:57:56.136Z,0.99,5-15s,312,2,677,4
2026-01-08T06:57:56.136Z,0.99,15-30s,18,0,76,24
2026-01-08T06:57:56.136Z,0.99,30-60s,18,0,152,51
2026-01-08T06:57:56.136Z,0.99,60-300s,49,0,11737,644
2026-01-08T06:57:56.136Z,0.99,5-15m,35,0,16739,1935
2026-01-08T06:57:56.136Z,0.99,15-60m,14,0,60,21
2026-01-08T06:57:56.136Z,0.995,0-5s,13,2,25,7
2026-01-08T06:57:56.136Z,0.995,5-15s,494,2,1461,6
2026-01-08T06:57:56.136Z,0.995,15-30s,209,0,4787,25
2026-01-08T06:57:56.136Z,0.995,30-60s,108,0,4679,52
2026-01-08T06:57:56.136Z,0.995,60-300s,60,0,11737,646
2026-01-08T06:57:56.136Z,0.995,5-15m,35,0,16739,1935
2026-01-08T06:57:56.136Z,0.995,15-60m,14,0,60,21
2026-01-08T06:58:56.135Z,0.9,0-5s,10,10,10,1
2026-01-08T06:58:56.135Z,0.9,5-15s,2,2,2,1
2026-01-08T06:58:56.135Z,0.9,15-30s,5,5,5,1
2026-01-08T06:58:56.135Z,0.9,30-60s,7,6,9,3
2026-01-08T06:58:56.135Z,0.9,60-300s,8,1,20,3
2026-01-08T06:58:56.135Z,0.9,5-15m,26,0,43,7
2026-01-08T06:58:56.135Z,0.95,0-5s,8,6,10,2
2026-01-08T06:58:56.135Z,0.95,5-15s,2,2,2,1
2026-01-08T06:58:56.135Z,0.95,15-30s,10,0,49,7
2026-01-08T06:58:56.135Z,0.95,30-60s,6,3,9,5
2026-01-08T06:58:56.135Z,0.95,60-300s,87,0,1996,40
2026-01-08T06:58:56.135Z,0.95,5-15m,95,0,8995,117
2026-01-08T06:58:56.135Z,0.95,15-60m,6,6,6,1
2026-01-08T06:58:56.135Z,0.98,0-5s,13,2,25,6
2026-01-08T06:58:56.135Z,0.98,5-15s,190,2,548,3
2026-01-08T06:58:56.135Z,0.98,15-30s,20,0,76,21
2026-01-08T06:58:56.135Z,0.98,30-60s,16,0,152,37
2026-01-08T06:58:56.135Z,0.98,60-300s,30,0,1996,293
2026-01-08T06:58:56.135Z,0.98,5-15m,43,0,16739,793
2026-01-08T06:58:56.135Z,0.98,15-60m,15,2,35,6
2026-01-08T06:58:56.135Z,0.985,0-5s,13,2,25,6
2026-01-08T06:58:56.135Z,0.985,5-15s,312,2,677,4
2026-01-08T06:58:56.135Z,0.985,15-30s,20,0,76,21
2026-01-08T06:58:56.135Z,0.985,30-60s,15,0,152,39
2026-01-08T06:58:56.135Z,0.985,60-300s,31,0,1996,298
2026-01-08T06:58:56.135Z,0.985,5-15m,42,0,16739,804
2026-01-08T06:58:56.135Z,0.985,15-60m,15,2,35,6
2026-01-08T06:58:56.135Z,0.99,0-5s,13,2,25,7
2026-01-08T06:58:56.135Z,0.99,5-15s,312,2,677,4
2026-01-08T06:58:56.135Z,0.99,15-30s,18,0,76,24
2026-01-08T06:58:56.135Z,0.99,30-60s,18,0,152,51
2026-01-08T06:58:56.135Z,0.99,60-300s,49,0,11737,644
2026-01-08T06:58:56.135Z,0.99,5-15m,35,0,16739,1935
2026-01-08T06:58:56.135Z,0.99,15-60m,14,0,60,21
2026-01-08T06:58:56.135Z,0.995,0-5s,13,2,25,7
2026-01-08T06:58:56.135Z,0.995,5-15s,494,2,1461,6
2026-01-08T06:58:56.135Z,0.995,15-30s,209,0,4787,25
2026-01-08T06:58:56.135Z,0.995,30-60s,108,0,4679,52
2026-01-08T06:58:56.135Z,0.995,60-300s,60,0,11737,646
2026-01-08T06:58:56.135Z,0.995,5-15m,35,0,16739,1935
2026-01-08T06:58:56.135Z,0.995,15-60m,14,0,60,21
2026-01-08T06:59:56.136Z,0.9,0-5s,10,10,10,1
2026-01-08T06:59:56.136Z,0.9,5-15s,2,2,2,1
2026-01-08T06:59:56.136Z,0.9,15-30s,5,5,5,1
2026-01-08T06:59:56.136Z,0.9,30-60s,7,6,9,3
2026-01-08T06:59:56.136Z,0.9,60-300s,8,1,20,3
2026-01-08T06:59:56.136Z,0.9,5-15m,26,0,43,7
2026-01-08T06:59:56.136Z,0.95,0-5s,8,6,10,2
2026-01-08T06:59:56.136Z,0.95,5-15s,2,2,2,1
2026-01-08T06:59:56.136Z,0.95,15-30s,10,0,49,7
2026-01-08T06:59:56.136Z,0.95,30-60s,6,3,9,5
2026-01-08T06:59:56.136Z,0.95,60-300s,87,0,1996,40
2026-01-08T06:59:56.136Z,0.95,5-15m,95,0,8995,117
2026-01-08T06:59:56.136Z,0.95,15-60m,6,6,6,1
2026-01-08T06:59:56.136Z,0.98,0-5s,13,2,25,6
2026-01-08T06:59:56.136Z,0.98,5-15s,190,2,548,3
2026-01-08T06:59:56.136Z,0.98,15-30s,20,0,76,21
2026-01-08T06:59:56.136Z,0.98,30-60s,16,0,152,37
2026-01-08T06:59:56.136Z,0.98,60-300s,30,0,1996,293
2026-01-08T06:59:56.136Z,0.98,5-15m,43,0,16739,793
2026-01-08T06:59:56.136Z,0.98,15-60m,15,2,35,6
2026-01-08T06:59:56.136Z,0.985,0-5s,13,2,25,6
2026-01-08T06:59:56.136Z,0.985,5-15s,312,2,677,4
2026-01-08T06:59:56.136Z,0.985,15-30s,20,0,76,21
2026-01-08T06:59:56.136Z,0.985,30-60s,15,0,152,39
2026-01-08T06:59:56.136Z,0.985,60-300s,31,0,1996,298
2026-01-08T06:59:56.136Z,0.985,5-15m,42,0,16739,804
2026-01-08T06:59:56.136Z,0.985,15-60m,15,2,35,6
2026-01-08T06:59:56.136Z,0.99,0-5s,13,2,25,7
2026-01-08T06:59:56.136Z,0.99,5-15s,312,2,677,4
2026-01-08T06:59:56.136Z,0.99,15-30s,18,0,76,24
2026-01-08T06:59:56.136Z,0.99,30-60s,18,0,152,51
2026-01-08T06:59:56.136Z,0.99,60-300s,49,0,11737,644
2026-01-08T06:59:56.136Z,0.99,5-15m,35,0,16739,1935
2026-01-08T06:59:56.136Z,0.99,15-60m,14,0,60,21
2026-01-08T06:59:56.136Z,0.995,0-5s,13,2,25,7
2026-01-08T06:59:56.136Z,0.995,5-15s,494,2,1461,6
2026-01-08T06:59:56.136Z,0.995,15-30s,209,0,4787,25
2026-01-08T06:59:56.136Z,0.995,30-60s,108,0,4679,52
2026-01-08T06:59:56.136Z,0.995,60-300s,60,0,11737,646
2026-01-08T06:59:56.136Z,0.995,5-15m,35,0,16739,1935
2026-01-08T06:59:56.136Z,0.995,15-60m,14,0,60,21
2026-01-08T07:00:56.130Z,0.9,0-5s,10,10,10,1
2026-01-08T07:00:56.130Z,0.9,5-15s,2,2,2,1
2026-01-08T07:00:56.130Z,0.9,15-30s,5,5,5,1
2026-01-08T07:00:56.130Z,0.9,30-60s,7,6,9,3
2026-01-08T07:00:56.130Z,0.9,60-300s,8,1,20,3
2026-01-08T07:00:56.130Z,0.9,5-15m,26,0,43,7
2026-01-08T07:00:56.130Z,0.95,0-5s,8,6,10,2
2026-01-08T07:00:56.130Z,0.95,5-15s,2,2,2,1
2026-01-08T07:00:56.130Z,0.95,15-30s,10,0,49,7
2026-01-08T07:00:56.130Z,0.95,30-60s,6,3,9,5
2026-01-08T07:00:56.130Z,0.95,60-300s,87,0,1996,40
2026-01-08T07:00:56.130Z,0.95,5-15m,94,0,8995,119
2026-01-08T07:00:56.130Z,0.95,15-60m,6,6,6,1
2026-01-08T07:00:56.130Z,0.98,0-5s,13,2,25,6
2026-01-08T07:00:56.130Z,0.98,5-15s,190,2,548,3
2026-01-08T07:00:56.130Z,0.98,15-30s,20,0,76,21
2026-01-08T07:00:56.130Z,0.98,30-60s,16,0,152,37
2026-01-08T07:00:56.130Z,0.98,60-300s,30,0,1996,293
2026-01-08T07:00:56.130Z,0.98,5-15m,43,0,16739,797
2026-01-08T07:00:56.130Z,0.98,15-60m,15,2,35,6
2026-01-08T07:00:56.130Z,0.985,0-5s,13,2,25,6
2026-01-08T07:00:56.130Z,0.985,5-15s,312,2,677,4
2026-01-08T07:00:56.130Z,0.985,15-30s,20,0,76,21
2026-01-08T07:00:56.130Z,0.985,30-60s,15,0,152,39
2026-01-08T07:00:56.130Z,0.985,60-300s,31,0,1996,298
2026-01-08T07:00:56.130Z,0.985,5-15m,42,0,16739,808
2026-01-08T07:00:56.130Z,0.985,15-60m,15,2,35,6
2026-01-08T07:00:56.130Z,0.99,0-5s,13,2,25,7
2026-01-08T07:00:56.130Z,0.99,5-15s,312,2,677,4
2026-01-08T07:00:56.130Z,0.99,15-30s,18,0,76,24
2026-01-08T07:00:56.130Z,0.99,30-60s,18,0,152,51
2026-01-08T07:00:56.130Z,0.99,60-300s,49,0,11737,644
2026-01-08T07:00:56.130Z,0.99,5-15m,35,0,16739,1955
2026-01-08T07:00:56.130Z,0.99,15-60m,14,0,60,21
2026-01-08T07:00:56.130Z,0.995,0-5s,13,2,25,7
2026-01-08T07:00:56.130Z,0.995,5-15s,494,2,1461,6
2026-01-08T07:00:56.130Z,0.995,15-30s,209,0,4787,25
2026-01-08T07:00:56.130Z,0.995,30-60s,108,0,4679,52
2026-01-08T07:00:56.130Z,0.995,60-300s,60,0,11737,646
2026-01-08T07:00:56.130Z,0.995,5-15m,35,0,16739,1955
2026-01-08T07:00:56.130Z,0.995,15-60m,14,0,60,21
2026-01-08T07:01:56.135Z,0.9,0-5s,10,10,10,1
2026-01-08T07:01:56.135Z,0.9,5-15s,2,2,2,1
2026-01-08T07:01:56.135Z,0.9,15-30s,5,5,5,1
2026-01-08T07:01:56.135Z,0.9,30-60s,7,6,9,3
2026-01-08T07:01:56.135Z,0.9,60-300s,8,1,20,3
2026-01-08T07:01:56.135Z,0.9,5-15m,26,0,43,7
2026-01-08T07:01:56.135Z,0.95,0-5s,8,6,10,2
2026-01-08T07:01:56.135Z,0.95,5-15s,2,2,2,1
2026-01-08T07:01:56.135Z,0.95,15-30s,10,0,49,7
2026-01-08T07:01:56.135Z,0.95,30-60s,6,3,9,5
2026-01-08T07:01:56.135Z,0.95,60-300s,87,0,1996,40
2026-01-08T07:01:56.135Z,0.95,5-15m,91,0,8995,123
2026-01-08T07:01:56.135Z,0.95,15-60m,6,6,6,1
2026-01-08T07:01:56.135Z,0.98,0-5s,13,2,25,6
2026-01-08T07:01:56.135Z,0.98,5-15s,190,2,548,3
2026-01-08T07:01:56.135Z,0.98,15-30s,20,0,76,21
2026-01-08T07:01:56.135Z,0.98,30-60s,16,0,152,37
2026-01-08T07:01:56.135Z,0.98,60-300s,30,0,1996,293
2026-01-08T07:01:56.135Z,0.98,5-15m,42,0,16739,807
2026-01-08T07:01:56.135Z,0.98,15-60m,15,2,35,6
2026-01-08T07:01:56.135Z,0.985,0-5s,13,2,25,6
2026-01-08T07:01:56.135Z,0.985,5-15s,312,2,677,4
2026-01-08T07:01:56.135Z,0.985,15-30s,20,0,76,21
2026-01-08T07:01:56.135Z,0.985,30-60s,15,0,152,39
2026-01-08T07:01:56.135Z,0.985,60-300s,31,0,1996,298
2026-01-08T07:01:56.135Z,0.985,5-15m,42,0,16739,818
2026-01-08T07:01:56.135Z,0.985,15-60m,15,2,35,6
2026-01-08T07:01:56.135Z,0.99,0-5s,13,2,25,7
2026-01-08T07:01:56.135Z,0.99,5-15s,312,2,677,4
2026-01-08T07:01:56.135Z,0.99,15-30s,18,0,76,24
2026-01-08T07:01:56.135Z,0.99,30-60s,18,0,152,51
2026-01-08T07:01:56.135Z,0.99,60-300s,49,0,11737,644
2026-01-08T07:01:56.135Z,0.99,5-15m,35,0,16739,1980
2026-01-08T07:01:56.135Z,0.99,15-60m,14,0,60,21
2026-01-08T07:01:56.135Z,0.995,0-5s,13,2,25,7
2026-01-08T07:01:56.135Z,0.995,5-15s,494,2,1461,6
2026-01-08T07:01:56.135Z,0.995,15-30s,209,0,4787,25
2026-01-08T07:01:56.135Z,0.995,30-60s,108,0,4679,52
2026-01-08T07:01:56.135Z,0.995,60-300s,60,0,11737,646
2026-01-08T07:01:56.135Z,0.995,5-15m,35,0,16739,1980
2026-01-08T07:01:56.135Z,0.995,15-60m,14,0,60,21
2026-01-08T07:02:56.131Z,0.9,0-5s,10,10,10,1
2026-01-08T07:02:56.131Z,0.9,5-15s,2,2,2,1
2026-01-08T07:02:56.131Z,0.9,15-30s,5,5,5,1
2026-01-08T07:02:56.131Z,0.9,30-60s,7,6,9,3
2026-01-08T07:02:56.131Z,0.9,60-300s,8,1,20,3
2026-01-08T07:02:56.131Z,0.9,5-15m,26,0,43,7
2026-01-08T07:02:56.131Z,0.95,0-5s,8,6,10,2
2026-01-08T07:02:56.131Z,0.95,5-15s,2,2,2,1
2026-01-08T07:02:56.131Z,0.95,15-30s,10,0,49,7
2026-01-08T07:02:56.131Z,0.95,30-60s,6,3,9,5
2026-01-08T07:02:56.131Z,0.95,60-300s,87,0,1996,40
2026-01-08T07:02:56.131Z,0.95,5-15m,90,0,8995,124
2026-01-08T07:02:56.131Z,0.95,15-60m,6,6,6,1
2026-01-08T07:02:56.131Z,0.98,0-5s,13,2,25,6
2026-01-08T07:02:56.131Z,0.98,5-15s,190,2,548,3
2026-01-08T07:02:56.131Z,0.98,15-30s,20,0,76,21
2026-01-08T07:02:56.131Z,0.98,30-60s,16,0,152,37
2026-01-08T07:02:56.131Z,0.98,60-300s,30,0,1996,293
2026-01-08T07:02:56.131Z,0.98,5-15m,42,0,16739,812
2026-01-08T07:02:56.131Z,0.98,15-60m,15,2,35,6
2026-01-08T07:02:56.131Z,0.985,0-5s,13,2,25,6
2026-01-08T07:02:56.131Z,0.985,5-15s,312,2,677,4
2026-01-08T07:02:56.131Z,0.985,15-30s,20,0,76,21
2026-01-08T07:02:56.131Z,0.985,30-60s,15,0,152,39
2026-01-08T07:02:56.131Z,0.985,60-300s,31,0,1996,298
2026-01-08T07:02:56.131Z,0.985,5-15m,42,0,16739,823
2026-01-08T07:02:56.131Z,0.985,15-60m,15,2,35,6
2026-01-08T07:02:56.131Z,0.99,0-5s,13,2,25,7
2026-01-08T07:02:56.131Z,0.99,5-15s,312,2,677,4
2026-01-08T07:02:56.131Z,0.99,15-30s,18,0,76,24
2026-01-08T07:02:56.131Z,0.99,30-60s,18,0,152,51
2026-01-08T07:02:56.131Z,0.99,60-300s,49,0,11737,644
2026-01-08T07:02:56.131Z,0.99,5-15m,35,0,16739,1998
2026-01-08T07:02:56.131Z,0.99,15-60m,14,0,60,21
2026-01-08T07:02:56.131Z,0.995,0-5s,13,2,25,7
2026-01-08T07:02:56.131Z,0.995,5-15s,494,2,1461,6
2026-01-08T07:02:56.131Z,0.995,15-30s,209,0,4787,25
2026-01-08T07:02:56.131Z,0.995,30-60s,108,0,4679,52
2026-01-08T07:02:56.131Z,0.995,60-300s,60,0,11737,646
2026-01-08T07:02:56.131Z,0.995,5-15m,35,0,16739,1998
2026-01-08T07:02:56.131Z,0.995,15-60m,14,0,60,21
2026-01-08T07:03:56.137Z,0.9,0-5s,10,10,10,1
2026-01-08T07:03:56.137Z,0.9,5-15s,2,2,2,1
2026-01-08T07:03:56.137Z,0.9,15-30s,5,5,5,1
2026-01-08T07:03:56.137Z,0.9,30-60s,7,6,9,3
2026-01-08T07:03:56.137Z,0.9,60-300s,8,1,20,3
2026-01-08T07:03:56.137Z,0.9,5-15m,26,0,43,7
2026-01-08T07:03:56.137Z,0.95,0-5s,8,6,10,2
2026-01-08T07:03:56.137Z,0.95,5-15s,2,2,2,1
2026-01-08T07:03:56.137Z,0.95,15-30s,10,0,49,7
2026-01-08T07:03:56.137Z,0.95,30-60s,6,3,9,5
2026-01-08T07:03:56.137Z,0.95,60-300s,87,0,1996,40
2026-01-08T07:03:56.137Z,0.95,5-15m,90,0,8995,124
2026-01-08T07:03:56.137Z,0.95,15-60m,6,6,6,1
2026-01-08T07:03:56.137Z,0.98,0-5s,13,2,25,6
2026-01-08T07:03:56.137Z,0.98,5-15s,190,2,548,3
2026-01-08T07:03:56.137Z,0.98,15-30s,20,0,76,21
2026-01-08T07:03:56.137Z,0.98,30-60s,16,0,152,37
2026-01-08T07:03:56.137Z,0.98,60-300s,30,0,1996,293
2026-01-08T07:03:56.137Z,0.98,5-15m,42,0,16739,815
2026-01-08T07:03:56.137Z,0.98,15-60m,15,2,35,6
2026-01-08T07:03:56.137Z,0.985,0-5s,13,2,25,6
2026-01-08T07:03:56.137Z,0.985,5-15s,312,2,677,4
2026-01-08T07:03:56.137Z,0.985,15-30s,20,0,76,21
2026-01-08T07:03:56.137Z,0.985,30-60s,15,0,152,39
2026-01-08T07:03:56.137Z,0.985,60-300s,31,0,1996,298
2026-01-08T07:03:56.137Z,0.985,5-15m,42,0,16739,826
2026-01-08T07:03:56.137Z,0.985,15-60m,15,2,35,6
2026-01-08T07:03:56.137Z,0.99,0-5s,13,2,25,7
2026-01-08T07:03:56.137Z,0.99,5-15s,312,2,677,4
2026-01-08T07:03:56.137Z,0.99,15-30s,18,0,76,24
2026-01-08T07:03:56.137Z,0.99,30-60s,18,0,152,51
2026-01-08T07:03:56.137Z,0.99,60-300s,49,0,11737,644
2026-01-08T07:03:56.137Z,0.99,5-15m,35,0,16739,2006
2026-01-08T07:03:56.137Z,0.99,15-60m,14,0,60,21
2026-01-08T07:03:56.137Z,0.995,0-5s,13,2,25,7
2026-01-08T07:03:56.137Z,0.995,5-15s,494,2,1461,6
2026-01-08T07:03:56.137Z,0.995,15-30s,209,0,4787,25
2026-01-08T07:03:56.137Z,0.995,30-60s,108,0,4679,52
2026-01-08T07:03:56.137Z,0.995,60-300s,60,0,11737,646
2026-01-08T07:03:56.137Z,0.995,5-15m,35,0,16739,2006
2026-01-08T07:03:56.137Z,0.995,15-60m,14,0,60,21
2026-01-08T07:04:56.139Z,0.9,0-5s,10,10,10,1
2026-01-08T07:04:56.139Z,0.9,5-15s,2,2,2,1
2026-01-08T07:04:56.139Z,0.9,15-30s,5,5,5,1
2026-01-08T07:04:56.139Z,0.9,30-60s,7,6,9,3
2026-01-08T07:04:56.139Z,0.9,60-300s,8,1,20,3
2026-01-08T07:04:56.139Z,0.9,5-15m,26,0,43,7
2026-01-08T07:04:56.139Z,0.95,0-5s,8,6,10,2
2026-01-08T07:04:56.139Z,0.95,5-15s,2,2,2,1
2026-01-08T07:04:56.139Z,0.95,15-30s,10,0,49,7
2026-01-08T07:04:56.139Z,0.95,30-60s,6,3,9,5
2026-01-08T07:04:56.139Z,0.95,60-300s,87,0,1996,40
2026-01-08T07:04:56.139Z,0.95,5-15m,90,0,8995,125
2026-01-08T07:04:56.139Z,0.95,15-60m,6,6,6,1
2026-01-08T07:04:56.139Z,0.98,0-5s,13,2,25,6
2026-01-08T07:04:56.139Z,0.98,5-15s,190,2,548,3
2026-01-08T07:04:56.139Z,0.98,15-30s,20,0,76,21
2026-01-08T07:04:56.139Z,0.98,30-60s,16,0,152,37
2026-01-08T07:04:56.139Z,0.98,60-300s,30,0,1996,293
2026-01-08T07:04:56.139Z,0.98,5-15m,42,0,16739,816
2026-01-08T07:04:56.139Z,0.98,15-60m,15,2,35,6
2026-01-08T07:04:56.139Z,0.985,0-5s,13,2,25,6
2026-01-08T07:04:56.139Z,0.985,5-15s,312,2,677,4
2026-01-08T07:04:56.139Z,0.985,15-30s,20,0,76,21
2026-01-08T07:04:56.139Z,0.985,30-60s,15,0,152,39
2026-01-08T07:04:56.139Z,0.985,60-300s,31,0,1996,298
2026-01-08T07:04:56.139Z,0.985,5-15m,42,0,16739,827
2026-01-08T07:04:56.139Z,0.985,15-60m,15,2,35,6
2026-01-08T07:04:56.139Z,0.99,0-5s,13,2,25,7
2026-01-08T07:04:56.139Z,0.99,5-15s,312,2,677,4
2026-01-08T07:04:56.139Z,0.99,15-30s,18,0,76,24
2026-01-08T07:04:56.139Z,0.99,30-60s,18,0,152,51
2026-01-08T07:04:56.139Z,0.99,60-300s,49,0,11737,644
2026-01-08T07:04:56.139Z,0.99,5-15m,35,0,16739,2009
2026-01-08T07:04:56.139Z,0.99,15-60m,14,0,60,21
2026-01-08T07:04:56.139Z,0.995,0-5s,13,2,25,7
2026-01-08T07:04:56.139Z,0.995,5-15s,494,2,1461,6
2026-01-08T07:04:56.139Z,0.995,15-30s,209,0,4787,25
2026-01-08T07:04:56.139Z,0.995,30-60s,108,0,4679,52
2026-01-08T07:04:56.139Z,0.995,60-300s,60,0,11737,646
2026-01-08T07:04:56.139Z,0.995,5-15m,35,0,16739,2009
2026-01-08T07:04:56.139Z,0.995,15-60m,14,0,60,21
2026-01-08T07:05:56.141Z,0.9,0-5s,10,10,10,1
2026-01-08T07:05:56.141Z,0.9,5-15s,2,2,2,1
2026-01-08T07:05:56.141Z,0.9,15-30s,5,5,5,1
2026-01-08T07:05:56.141Z,0.9,30-60s,7,6,9,3
2026-01-08T07:05:56.141Z,0.9,60-300s,8,1,20,3
2026-01-08T07:05:56.141Z,0.9,5-15m,26,0,43,7
2026-01-08T07:05:56.141Z,0.95,0-5s,8,6,10,2
2026-01-08T07:05:56.141Z,0.95,5-15s,2,2,2,1
2026-01-08T07:05:56.141Z,0.95,15-30s,10,0,49,7
2026-01-08T07:05:56.141Z,0.95,30-60s,6,3,9,5
2026-01-08T07:05:56.141Z,0.95,60-300s,87,0,1996,40
2026-01-08T07:05:56.141Z,0.95,5-15m,90,0,8995,125
2026-01-08T07:05:56.141Z,0.95,15-60m,6,6,6,1
2026-01-08T07:05:56.141Z,0.98,0-5s,13,2,25,6
2026-01-08T07:05:56.141Z,0.98,5-15s,190,2,548,3
2026-01-08T07:05:56.141Z,0.98,15-30s,20,0,76,21
2026-01-08T07:05:56.141Z,0.98,30-60s,16,0,152,37
2026-01-08T07:05:56.141Z,0.98,60-300s,30,0,1996,293
2026-01-08T07:05:56.141Z,0.98,5-15m,42,0,16739,820
2026-01-08T07:05:56.141Z,0.98,15-60m,15,2,35,6
2026-01-08T07:05:56.141Z,0.985,0-5s,13,2,25,6
2026-01-08T07:05:56.141Z,0.985,5-15s,312,2,677,4
2026-01-08T07:05:56.141Z,0.985,15-30s,20,0,76,21
2026-01-08T07:05:56.141Z,0.985,30-60s,15,0,152,39
2026-01-08T07:05:56.141Z,0.985,60-300s,31,0,1996,298
2026-01-08T07:05:56.141Z,0.985,5-15m,42,0,16739,831
2026-01-08T07:05:56.141Z,0.985,15-60m,15,2,35,6
2026-01-08T07:05:56.141Z,0.99,0-5s,13,2,25,7
2026-01-08T07:05:56.141Z,0.99,5-15s,312,2,677,4
2026-01-08T07:05:56.141Z,0.99,15-30s,18,0,76,24
2026-01-08T07:05:56.141Z,0.99,30-60s,18,0,152,51
2026-01-08T07:05:56.141Z,0.99,60-300s,49,0,11737,644
2026-01-08T07:05:56.141Z,0.99,5-15m,35,0,16739,2021
2026-01-08T07:05:56.141Z,0.99,15-60m,14,0,60,21
2026-01-08T07:05:56.141Z,0.995,0-5s,13,2,25,7
2026-01-08T07:05:56.141Z,0.995,5-15s,494,2,1461,6
2026-01-08T07:05:56.141Z,0.995,15-30s,209,0,4787,25
2026-01-08T07:05:56.141Z,0.995,30-60s,108,0,4679,52
2026-01-08T07:05:56.141Z,0.995,60-300s,60,0,11737,646
2026-01-08T07:05:56.141Z,0.995,5-15m,35,0,16739,2021
2026-01-08T07:05:56.141Z,0.995,15-60m,14,0,60,21
2026-01-08T07:06:56.142Z,0.9,0-5s,10,10,10,1
2026-01-08T07:06:56.142Z,0.9,5-15s,2,2,2,1
2026-01-08T07:06:56.142Z,0.9,15-30s,5,5,5,1
2026-01-08T07:06:56.142Z,0.9,30-60s,7,6,9,3
2026-01-08T07:06:56.142Z,0.9,60-300s,8,1,20,3
2026-01-08T07:06:56.142Z,0.9,5-15m,26,0,43,7
2026-01-08T07:06:56.142Z,0.95,0-5s,8,6,10,2
2026-01-08T07:06:56.142Z,0.95,5-15s,2,2,2,1
2026-01-08T07:06:56.142Z,0.95,15-30s,10,0,49,7
2026-01-08T07:06:56.142Z,0.95,30-60s,6,3,9,5
2026-01-08T07:06:56.142Z,0.95,60-300s,87,0,1996,40
2026-01-08T07:06:56.142Z,0.95,5-15m,88,0,8995,128
2026-01-08T07:06:56.142Z,0.95,15-60m,6,6,6,1
2026-01-08T07:06:56.142Z,0.98,0-5s,13,2,25,6
2026-01-08T07:06:56.142Z,0.98,5-15s,190,2,548,3
2026-01-08T07:06:56.142Z,0.98,15-30s,20,0,76,21
2026-01-08T07:06:56.142Z,0.98,30-60s,16,0,152,37
2026-01-08T07:06:56.142Z,0.98,60-300s,30,0,1996,293
2026-01-08T07:06:56.142Z,0.98,5-15m,42,0,16739,827
2026-01-08T07:06:56.142Z,0.98,15-60m,15,2,35,6
2026-01-08T07:06:56.142Z,0.985,0-5s,13,2,25,6
2026-01-08T07:06:56.142Z,0.985,5-15s,312,2,677,4
2026-01-08T07:06:56.142Z,0.985,15-30s,20,0,76,21
2026-01-08T07:06:56.142Z,0.985,30-60s,15,0,152,39
2026-01-08T07:06:56.142Z,0.985,60-300s,31,0,1996,298
2026-01-08T07:06:56.142Z,0.985,5-15m,42,0,16739,838
2026-01-08T07:06:56.142Z,0.985,15-60m,15,2,35,6
2026-01-08T07:06:56.142Z,0.99,0-5s,13,2,25,7
2026-01-08T07:06:56.142Z,0.99,5-15s,312,2,677,4
2026-01-08T07:06:56.142Z,0.99,15-30s,18,0,76,24
2026-01-08T07:06:56.142Z,0.99,30-60s,18,0,152,51
2026-01-08T07:06:56.142Z,0.99,60-300s,49,0,11737,644
2026-01-08T07:06:56.142Z,0.99,5-15m,35,0,16739,2040
2026-01-08T07:06:56.142Z,0.99,15-60m,14,0,60,21
2026-01-08T07:06:56.142Z,0.995,0-5s,13,2,25,7
2026-01-08T07:06:56.142Z,0.995,5-15s,494,2,1461,6
2026-01-08T07:06:56.142Z,0.995,15-30s,209,0,4787,25
2026-01-08T07:06:56.142Z,0.995,30-60s,108,0,4679,52
2026-01-08T07:06:56.142Z,0.995,60-300s,60,0,11737,646
2026-01-08T07:06:56.142Z,0.995,5-15m,35,0,16739,2040
2026-01-08T07:06:56.142Z,0.995,15-60m,14,0,60,21
2026-01-08T07:07:56.141Z,0.9,0-5s,10,10,10,1
2026-01-08T07:07:56.141Z,0.9,5-15s,2,2,2,1
2026-01-08T07:07:56.141Z,0.9,15-30s,5,5,5,1
2026-01-08T07:07:56.141Z,0.9,30-60s,7,6,9,3
2026-01-08T07:07:56.141Z,0.9,60-300s,8,1,20,3
2026-01-08T07:07:56.141Z,0.9,5-15m,26,0,43,7
2026-01-08T07:07:56.141Z,0.95,0-5s,8,6,10,2
2026-01-08T07:07:56.141Z,0.95,5-15s,2,2,2,1
2026-01-08T07:07:56.141Z,0.95,15-30s,10,0,49,7
2026-01-08T07:07:56.141Z,0.95,30-60s,6,3,9,5
2026-01-08T07:07:56.141Z,0.95,60-300s,87,0,1996,40
2026-01-08T07:07:56.141Z,0.95,5-15m,88,0,8995,128
2026-01-08T07:07:56.141Z,0.95,15-60m,6,6,6,1
2026-01-08T07:07:56.141Z,0.98,0-5s,13,2,25,6
2026-01-08T07:07:56.141Z,0.98,5-15s,190,2,548,3
2026-01-08T07:07:56.141Z,0.98,15-30s,20,0,76,21
2026-01-08T07:07:56.141Z,0.98,30-60s,16,0,152,37
2026-01-08T07:07:56.141Z,0.98,60-300s,30,0,1996,293
2026-01-08T07:07:56.141Z,0.98,5-15m,42,0,16739,831
2026-01-08T07:07:56.141Z,0.98,15-60m,15,2,35,6
2026-01-08T07:07:56.141Z,0.985,0-5s,13,2,25,6
2026-01-08T07:07:56.141Z,0.985,5-15s,312,2,677,4
2026-01-08T07:07:56.141Z,0.985,15-30s,20,0,76,21
2026-01-08T07:07:56.141Z,0.985,30-60s,15,0,152,39
2026-01-08T07:07:56.141Z,0.985,60-300s,31,0,1996,298
2026-01-08T07:07:56.141Z,0.985,5-15m,41,0,16739,842
2026-01-08T07:07:56.141Z,0.985,15-60m,15,2,35,6
2026-01-08T07:07:56.141Z,0.99,0-5s,13,2,25,7
2026-01-08T07:07:56.141Z,0.99,5-15s,312,2,677,4
2026-01-08T07:07:56.141Z,0.99,15-30s,18,0,76,24
2026-01-08T07:07:56.141Z,0.99,30-60s,18,0,152,51
2026-01-08T07:07:56.141Z,0.99,60-300s,49,0,11737,644
2026-01-08T07:07:56.141Z,0.99,5-15m,35,0,16739,2048
2026-01-08T07:07:56.141Z,0.99,15-60m,14,0,60,21
2026-01-08T07:07:56.141Z,0.995,0-5s,13,2,25,7
2026-01-08T07:07:56.141Z,0.995,5-15s,494,2,1461,6
2026-01-08T07:07:56.141Z,0.995,15-30s,209,0,4787,25
2026-01-08T07:07:56.141Z,0.995,30-60s,108,0,4679,52
2026-01-08T07:07:56.141Z,0.995,60-300s,60,0,11737,646
2026-01-08T07:07:56.141Z,0.995,5-15m,35,0,16739,2048
2026-01-08T07:07:56.141Z,0.995,15-60m,14,0,60,21
2026-01-08T07:08:56.144Z,0.9,0-5s,10,10,10,1
2026-01-08T07:08:56.144Z,0.9,5-15s,2,2,2,1
2026-01-08T07:08:56.144Z,0.9,15-30s,5,5,5,1
2026-01-08T07:08:56.144Z,0.9,30-60s,7,6,9,3
2026-01-08T07:08:56.144Z,0.9,60-300s,8,1,20,3
2026-01-08T07:08:56.144Z,0.9,5-15m,26,0,43,7
2026-01-08T07:08:56.144Z,0.95,0-5s,8,6,10,2
2026-01-08T07:08:56.144Z,0.95,5-15s,2,2,2,1
2026-01-08T07:08:56.144Z,0.95,15-30s,10,0,49,7
2026-01-08T07:08:56.144Z,0.95,30-60s,6,3,9,5
2026-01-08T07:08:56.144Z,0.95,60-300s,87,0,1996,40
2026-01-08T07:08:56.144Z,0.95,5-15m,88,0,8995,128
2026-01-08T07:08:56.144Z,0.95,15-60m,6,6,6,1
2026-01-08T07:08:56.144Z,0.98,0-5s,13,2,25,6
2026-01-08T07:08:56.144Z,0.98,5-15s,190,2,548,3
2026-01-08T07:08:56.144Z,0.98,15-30s,20,0,76,21
2026-01-08T07:08:56.144Z,0.98,30-60s,16,0,152,37
2026-01-08T07:08:56.144Z,0.98,60-300s,30,0,1996,293
2026-01-08T07:08:56.144Z,0.98,5-15m,42,0,16739,832
2026-01-08T07:08:56.144Z,0.98,15-60m,15,2,35,6
2026-01-08T07:08:56.144Z,0.985,0-5s,13,2,25,6
2026-01-08T07:08:56.144Z,0.985,5-15s,312,2,677,4
2026-01-08T07:08:56.144Z,0.985,15-30s,20,0,76,21
2026-01-08T07:08:56.144Z,0.985,30-60s,15,0,152,39
2026-01-08T07:08:56.144Z,0.985,60-300s,31,0,1996,298
2026-01-08T07:08:56.144Z,0.985,5-15m,41,0,16739,843
2026-01-08T07:08:56.144Z,0.985,15-60m,15,2,35,6
2026-01-08T07:08:56.144Z,0.99,0-5s,13,2,25,7
2026-01-08T07:08:56.144Z,0.99,5-15s,312,2,677,4
2026-01-08T07:08:56.144Z,0.99,15-30s,18,0,76,24
2026-01-08T07:08:56.144Z,0.99,30-60s,18,0,152,51
2026-01-08T07:08:56.144Z,0.99,60-300s,49,0,11737,644
2026-01-08T07:08:56.144Z,0.99,5-15m,35,0,16739,2050
2026-01-08T07:08:56.144Z,0.99,15-60m,14,0,60,21
2026-01-08T07:08:56.144Z,0.995,0-5s,13,2,25,7
2026-01-08T07:08:56.144Z,0.995,5-15s,494,2,1461,6
2026-01-08T07:08:56.144Z,0.995,15-30s,209,0,4787,25
2026-01-08T07:08:56.144Z,0.995,30-60s,108,0,4679,52
2026-01-08T07:08:56.144Z,0.995,60-300s,60,0,11737,646
2026-01-08T07:08:56.144Z,0.995,5-15m,35,0,16739,2050
2026-01-08T07:08:56.144Z,0.995,15-60m,14,0,60,21
2026-01-08T07:09:56.142Z,0.9,0-5s,10,10,10,1
2026-01-08T07:09:56.142Z,0.9,5-15s,2,2,2,1
2026-01-08T07:09:56.142Z,0.9,15-30s,5,5,5,1
2026-01-08T07:09:56.142Z,0.9,30-60s,7,6,9,3
2026-01-08T07:09:56.142Z,0.9,60-300s,8,1,20,3
2026-01-08T07:09:56.142Z,0.9,5-15m,26,0,43,7
2026-01-08T07:09:56.142Z,0.95,0-5s,8,6,10,2
2026-01-08T07:09:56.142Z,0.95,5-15s,2,2,2,1
2026-01-08T07:09:56.142Z,0.95,15-30s,10,0,49,7
2026-01-08T07:09:56.142Z,0.95,30-60s,6,3,9,5
2026-01-08T07:09:56.142Z,0.95,60-300s,87,0,1996,40
2026-01-08T07:09:56.142Z,0.95,5-15m,88,0,8995,128
2026-01-08T07:09:56.142Z,0.95,15-60m,6,6,6,1
2026-01-08T07:09:56.142Z,0.98,0-5s,13,2,25,6
2026-01-08T07:09:56.142Z,0.98,5-15s,190,2,548,3
2026-01-08T07:09:56.142Z,0.98,15-30s,20,0,76,21
2026-01-08T07:09:56.142Z,0.98,30-60s,16,0,152,37
2026-01-08T07:09:56.142Z,0.98,60-300s,30,0,1996,293
2026-01-08T07:09:56.142Z,0.98,5-15m,42,0,16739,837
2026-01-08T07:09:56.142Z,0.98,15-60m,15,2,35,6
2026-01-08T07:09:56.142Z,0.985,0-5s,13,2,25,6
2026-01-08T07:09:56.142Z,0.985,5-15s,312,2,677,4
2026-01-08T07:09:56.142Z,0.985,15-30s,20,0,76,21
2026-01-08T07:09:56.142Z,0.985,30-60s,15,0,152,39
2026-01-08T07:09:56.142Z,0.985,60-300s,31,0,1996,298
2026-01-08T07:09:56.142Z,0.985,5-15m,41,0,16739,848
2026-01-08T07:09:56.142Z,0.985,15-60m,15,2,35,6
2026-01-08T07:09:56.142Z,0.99,0-5s,13,2,25,7
2026-01-08T07:09:56.142Z,0.99,5-15s,312,2,677,4
2026-01-08T07:09:56.142Z,0.99,15-30s,18,0,76,24
2026-01-08T07:09:56.142Z,0.99,30-60s,18,0,152,51
2026-01-08T07:09:56.142Z,0.99,60-300s,49,0,11737,644
2026-01-08T07:09:56.142Z,0.99,5-15m,35,0,16739,2069
2026-01-08T07:09:56.142Z,0.99,15-60m,14,0,60,21
2026-01-08T07:09:56.142Z,0.995,0-5s,13,2,25,7
2026-01-08T07:09:56.142Z,0.995,5-15s,494,2,1461,6
2026-01-08T07:09:56.142Z,0.995,15-30s,209,0,4787,25
2026-01-08T07:09:56.142Z,0.995,30-60s,108,0,4679,52
2026-01-08T07:09:56.142Z,0.995,60-300s,60,0,11737,646
2026-01-08T07:09:56.142Z,0.995,5-15m,35,0,16739,2069
2026-01-08T07:09:56.142Z,0.995,15-60m,14,0,60,21
2026-01-08T07:10:56.139Z,0.9,0-5s,10,10,10,1
2026-01-08T07:10:56.139Z,0.9,5-15s,2,2,2,1
2026-01-08T07:10:56.139Z,0.9,15-30s,5,5,5,1
2026-01-08T07:10:56.139Z,0.9,30-60s,7,6,9,3
2026-01-08T07:10:56.139Z,0.9,60-300s,8,1,20,3
2026-01-08T07:10:56.139Z,0.9,5-15m,26,0,43,7
2026-01-08T07:10:56.139Z,0.95,0-5s,8,6,10,2
2026-01-08T07:10:56.139Z,0.95,5-15s,2,2,2,1
2026-01-08T07:10:56.139Z,0.95,15-30s,10,0,49,7
2026-01-08T07:10:56.139Z,0.95,30-60s,6,3,9,5
2026-01-08T07:10:56.139Z,0.95,60-300s,87,0,1996,40
2026-01-08T07:10:56.139Z,0.95,5-15m,88,0,8995,128
2026-01-08T07:10:56.139Z,0.95,15-60m,6,6,6,1
2026-01-08T07:10:56.139Z,0.98,0-5s,13,2,25,6
2026-01-08T07:10:56.139Z,0.98,5-15s,190,2,548,3
2026-01-08T07:10:56.139Z,0.98,15-30s,20,0,76,21
2026-01-08T07:10:56.139Z,0.98,30-60s,16,0,152,37
2026-01-08T07:10:56.139Z,0.98,60-300s,30,0,1996,297
2026-01-08T07:10:56.139Z,0.98,5-15m,42,0,16739,837
2026-01-08T07:10:56.139Z,0.98,15-60m,15,2,35,6
2026-01-08T07:10:56.139Z,0.985,0-5s,13,2,25,6
2026-01-08T07:10:56.139Z,0.985,5-15s,312,2,677,4
2026-01-08T07:10:56.139Z,0.985,15-30s,20,0,76,21
2026-01-08T07:10:56.139Z,0.985,30-60s,15,0,152,39
2026-01-08T07:10:56.139Z,0.985,60-300s,31,0,1996,302
2026-01-08T07:10:56.139Z,0.985,5-15m,41,0,16739,848
2026-01-08T07:10:56.139Z,0.985,15-60m,15,2,35,6
2026-01-08T07:10:56.139Z,0.99,0-5s,13,2,25,7
2026-01-08T07:10:56.139Z,0.99,5-15s,312,2,677,4
2026-01-08T07:10:56.139Z,0.99,15-30s,18,0,76,24
2026-01-08T07:10:56.139Z,0.99,30-60s,18,0,152,51
2026-01-08T07:10:56.139Z,0.99,60-300s,48,0,11737,656
2026-01-08T07:10:56.139Z,0.99,5-15m,35,0,16739,2069
2026-01-08T07:10:56.139Z,0.99,15-60m,14,0,60,21
2026-01-08T07:10:56.139Z,0.995,0-5s,13,2,25,7
2026-01-08T07:10:56.139Z,0.995,5-15s,494,2,1461,6
2026-01-08T07:10:56.139Z,0.995,15-30s,209,0,4787,25
2026-01-08T07:10:56.139Z,0.995,30-60s,108,0,4679,52
2026-01-08T07:10:56.139Z,0.995,60-300s,59,0,11737,658
2026-01-08T07:10:56.139Z,0.995,5-15m,35,0,16739,2069
2026-01-08T07:10:56.139Z,0.995,15-60m,14,0,60,21
2026-01-08T07:11:56.137Z,0.9,0-5s,10,10,10,1
2026-01-08T07:11:56.137Z,0.9,5-15s,2,2,2,1
2026-01-08T07:11:56.137Z,0.9,15-30s,5,5,5,1
2026-01-08T07:11:56.137Z,0.9,30-60s,7,6,9,3
2026-01-08T07:11:56.137Z,0.9,60-300s,8,1,20,3
2026-01-08T07:11:56.137Z,0.9,5-15m,26,0,43,7
2026-01-08T07:11:56.137Z,0.95,0-5s,8,6,10,2
2026-01-08T07:11:56.137Z,0.95,5-15s,2,2,2,1
2026-01-08T07:11:56.137Z,0.95,15-30s,10,0,49,7
2026-01-08T07:11:56.137Z,0.95,30-60s,6,3,9,5
2026-01-08T07:11:56.137Z,0.95,60-300s,87,0,1996,40
2026-01-08T07:11:56.137Z,0.95,5-15m,88,0,8995,128
2026-01-08T07:11:56.137Z,0.95,15-60m,6,6,6,1
2026-01-08T07:11:56.137Z,0.98,0-5s,13,2,25,6
2026-01-08T07:11:56.137Z,0.98,5-15s,190,2,548,3
2026-01-08T07:11:56.137Z,0.98,15-30s,20,0,76,21
2026-01-08T07:11:56.137Z,0.98,30-60s,16,0,152,37
2026-01-08T07:11:56.137Z,0.98,60-300s,30,0,1996,303
2026-01-08T07:11:56.137Z,0.98,5-15m,42,0,16739,837
2026-01-08T07:11:56.137Z,0.98,15-60m,15,2,35,6
2026-01-08T07:11:56.137Z,0.985,0-5s,13,2,25,6
2026-01-08T07:11:56.137Z,0.985,5-15s,312,2,677,4
2026-01-08T07:11:56.137Z,0.985,15-30s,20,0,76,21
2026-01-08T07:11:56.137Z,0.985,30-60s,15,0,152,39
2026-01-08T07:11:56.137Z,0.985,60-300s,31,0,1996,308
2026-01-08T07:11:56.137Z,0.985,5-15m,41,0,16739,848
2026-01-08T07:11:56.137Z,0.985,15-60m,15,2,35,6
2026-01-08T07:11:56.137Z,0.99,0-5s,13,2,25,7
2026-01-08T07:11:56.137Z,0.99,5-15s,312,2,677,4
2026-01-08T07:11:56.137Z,0.99,15-30s,18,0,76,24
2026-01-08T07:11:56.137Z,0.99,30-60s,18,0,152,51
2026-01-08T07:11:56.137Z,0.99,60-300s,48,0,11737,664
2026-01-08T07:11:56.137Z,0.99,5-15m,35,0,16739,2069
2026-01-08T07:11:56.137Z,0.99,15-60m,14,0,60,21
2026-01-08T07:11:56.137Z,0.995,0-5s,13,2,25,7
2026-01-08T07:11:56.137Z,0.995,5-15s,494,2,1461,6
2026-01-08T07:11:56.137Z,0.995,15-30s,209,0,4787,25
2026-01-08T07:11:56.137Z,0.995,30-60s,108,0,4679,52
2026-01-08T07:11:56.137Z,0.995,60-300s,59,0,11737,666
2026-01-08T07:11:56.137Z,0.995,5-15m,35,0,16739,2069
2026-01-08T07:11:56.137Z,0.995,15-60m,14,0,60,21
2026-01-08T07:12:56.139Z,0.9,0-5s,10,10,10,1
2026-01-08T07:12:56.139Z,0.9,5-15s,2,2,2,1
2026-01-08T07:12:56.139Z,0.9,15-30s,5,5,5,1
2026-01-08T07:12:56.139Z,0.9,30-60s,7,6,9,3
2026-01-08T07:12:56.139Z,0.9,60-300s,8,1,20,3
2026-01-08T07:12:56.139Z,0.9,5-15m,26,0,43,7
2026-01-08T07:12:56.139Z,0.95,0-5s,8,6,10,2
2026-01-08T07:12:56.139Z,0.95,5-15s,2,2,2,1
2026-01-08T07:12:56.139Z,0.95,15-30s,10,0,49,7
2026-01-08T07:12:56.139Z,0.95,30-60s,6,3,9,5
2026-01-08T07:12:56.139Z,0.95,60-300s,87,0,1996,40
2026-01-08T07:12:56.139Z,0.95,5-15m,88,0,8995,128
2026-01-08T07:12:56.139Z,0.95,15-60m,6,6,6,1
2026-01-08T07:12:56.139Z,0.98,0-5s,13,2,25,6
2026-01-08T07:12:56.139Z,0.98,5-15s,190,2,548,3
2026-01-08T07:12:56.139Z,0.98,15-30s,20,0,76,21
2026-01-08T07:12:56.139Z,0.98,30-60s,16,0,152,37
2026-01-08T07:12:56.139Z,0.98,60-300s,30,0,1996,304
2026-01-08T07:12:56.139Z,0.98,5-15m,42,0,16739,837
2026-01-08T07:12:56.139Z,0.98,15-60m,15,2,35,6
2026-01-08T07:12:56.139Z,0.985,0-5s,13,2,25,6
2026-01-08T07:12:56.139Z,0.985,5-15s,312,2,677,4
2026-01-08T07:12:56.139Z,0.985,15-30s,20,0,76,21
2026-01-08T07:12:56.139Z,0.985,30-60s,15,0,152,39
2026-01-08T07:12:56.139Z,0.985,60-300s,31,0,1996,309
2026-01-08T07:12:56.139Z,0.985,5-15m,41,0,16739,848
2026-01-08T07:12:56.139Z,0.985,15-60m,15,2,35,6
2026-01-08T07:12:56.139Z,0.99,0-5s,13,2,25,7
2026-01-08T07:12:56.139Z,0.99,5-15s,312,2,677,4
2026-01-08T07:12:56.139Z,0.99,15-30s,18,0,76,24
2026-01-08T07:12:56.139Z,0.99,30-60s,18,0,152,51
2026-01-08T07:12:56.139Z,0.99,60-300s,48,0,11737,667
2026-01-08T07:12:56.139Z,0.99,5-15m,35,0,16739,2069
2026-01-08T07:12:56.139Z,0.99,15-60m,14,0,60,21
2026-01-08T07:12:56.139Z,0.995,0-5s,13,2,25,7
2026-01-08T07:12:56.139Z,0.995,5-15s,494,2,1461,6
2026-01-08T07:12:56.139Z,0.995,15-30s,209,0,4787,25
2026-01-08T07:12:56.139Z,0.995,30-60s,108,0,4679,52
2026-01-08T07:12:56.139Z,0.995,60-300s,58,0,11737,669
2026-01-08T07:12:56.139Z,0.995,5-15m,35,0,16739,2069
2026-01-08T07:12:56.139Z,0.995,15-60m,14,0,60,21
2026-01-08T07:13:56.144Z,0.9,0-5s,10,10,10,1
2026-01-08T07:13:56.144Z,0.9,5-15s,2,2,2,1
2026-01-08T07:13:56.144Z,0.9,15-30s,5,5,5,1
2026-01-08T07:13:56.144Z,0.9,30-60s,7,6,9,3
2026-01-08T07:13:56.144Z,0.9,60-300s,8,1,20,3
2026-01-08T07:13:56.144Z,0.9,5-15m,26,0,43,7
2026-01-08T07:13:56.144Z,0.95,0-5s,8,6,10,2
2026-01-08T07:13:56.144Z,0.95,5-15s,2,2,2,1
2026-01-08T07:13:56.144Z,0.95,15-30s,10,0,49,7
2026-01-08T07:13:56.144Z,0.95,30-60s,6,3,9,5
2026-01-08T07:13:56.144Z,0.95,60-300s,87,0,1996,40
2026-01-08T07:13:56.144Z,0.95,5-15m,88,0,8995,128
2026-01-08T07:13:56.144Z,0.95,15-60m,6,6,6,1
2026-01-08T07:13:56.144Z,0.98,0-5s,13,2,25,6
2026-01-08T07:13:56.144Z,0.98,5-15s,190,2,548,3
2026-01-08T07:13:56.144Z,0.98,15-30s,20,0,76,21
2026-01-08T07:13:56.144Z,0.98,30-60s,16,0,152,37
2026-01-08T07:13:56.144Z,0.98,60-300s,30,0,1996,304
2026-01-08T07:13:56.144Z,0.98,5-15m,42,0,16739,837
2026-01-08T07:13:56.144Z,0.98,15-60m,15,2,35,6
2026-01-08T07:13:56.144Z,0.985,0-5s,13,2,25,6
2026-01-08T07:13:56.144Z,0.985,5-15s,312,2,677,4
2026-01-08T07:13:56.144Z,0.985,15-30s,20,0,76,21
2026-01-08T07:13:56.144Z,0.985,30-60s,15,0,152,39
2026-01-08T07:13:56.144Z,0.985,60-300s,31,0,1996,309
2026-01-08T07:13:56.144Z,0.985,5-15m,41,0,16739,848
2026-01-08T07:13:56.144Z,0.985,15-60m,15,2,35,6
2026-01-08T07:13:56.144Z,0.99,0-5s,13,2,25,7
2026-01-08T07:13:56.144Z,0.99,5-15s,312,2,677,4
2026-01-08T07:13:56.144Z,0.99,15-30s,18,0,76,24
2026-01-08T07:13:56.144Z,0.99,30-60s,18,0,152,51
2026-01-08T07:13:56.144Z,0.99,60-300s,48,0,11737,667
2026-01-08T07:13:56.144Z,0.99,5-15m,35,0,16739,2069
2026-01-08T07:13:56.144Z,0.99,15-60m,14,0,60,21
2026-01-08T07:13:56.144Z,0.995,0-5s,13,2,25,7
2026-01-08T07:13:56.144Z,0.995,5-15s,494,2,1461,6
2026-01-08T07:13:56.144Z,0.995,15-30s,209,0,4787,25
2026-01-08T07:13:56.144Z,0.995,30-60s,108,0,4679,52
2026-01-08T07:13:56.144Z,0.995,60-300s,58,0,11737,669
2026-01-08T07:13:56.144Z,0.995,5-15m,35,0,16739,2069
2026-01-08T07:13:56.144Z,0.995,15-60m,14,0,60,21
2026-01-08T07:14:56.147Z,0.9,0-5s,10,10,10,1
2026-01-08T07:14:56.147Z,0.9,5-15s,2,2,2,1
2026-01-08T07:14:56.147Z,0.9,15-30s,5,5,5,1
2026-01-08T07:14:56.147Z,0.9,30-60s,7,6,9,3
2026-01-08T07:14:56.147Z,0.9,60-300s,8,1,20,3
2026-01-08T07:14:56.147Z,0.9,5-15m,26,0,43,7
2026-01-08T07:14:56.147Z,0.95,0-5s,8,6,10,2
2026-01-08T07:14:56.147Z,0.95,5-15s,2,2,2,1
2026-01-08T07:14:56.147Z,0.95,15-30s,10,0,49,7
2026-01-08T07:14:56.147Z,0.95,30-60s,6,3,9,5
2026-01-08T07:14:56.147Z,0.95,60-300s,87,0,1996,40
2026-01-08T07:14:56.147Z,0.95,5-15m,88,0,8995,128
2026-01-08T07:14:56.147Z,0.95,15-60m,6,6,6,1
2026-01-08T07:14:56.147Z,0.98,0-5s,13,2,25,6
2026-01-08T07:14:56.147Z,0.98,5-15s,190,2,548,3
2026-01-08T07:14:56.147Z,0.98,15-30s,20,0,76,21
2026-01-08T07:14:56.147Z,0.98,30-60s,16,0,152,37
2026-01-08T07:14:56.147Z,0.98,60-300s,30,0,1996,304
2026-01-08T07:14:56.147Z,0.98,5-15m,42,0,16739,837
2026-01-08T07:14:56.147Z,0.98,15-60m,15,2,35,6
2026-01-08T07:14:56.147Z,0.985,0-5s,13,2,25,6
2026-01-08T07:14:56.147Z,0.985,5-15s,312,2,677,4
2026-01-08T07:14:56.147Z,0.985,15-30s,20,0,76,21
2026-01-08T07:14:56.147Z,0.985,30-60s,15,0,152,39
2026-01-08T07:14:56.147Z,0.985,60-300s,31,0,1996,309
2026-01-08T07:14:56.147Z,0.985,5-15m,41,0,16739,848
2026-01-08T07:14:56.147Z,0.985,15-60m,15,2,35,6
2026-01-08T07:14:56.147Z,0.99,0-5s,13,2,25,7
2026-01-08T07:14:56.147Z,0.99,5-15s,312,2,677,4
2026-01-08T07:14:56.147Z,0.99,15-30s,18,0,76,24
2026-01-08T07:14:56.147Z,0.99,30-60s,18,0,152,51
2026-01-08T07:14:56.147Z,0.99,60-300s,48,0,11737,667
2026-01-08T07:14:56.147Z,0.99,5-15m,35,0,16739,2069
2026-01-08T07:14:56.147Z,0.99,15-60m,14,0,60,21
2026-01-08T07:14:56.147Z,0.995,0-5s,13,2,25,7
2026-01-08T07:14:56.147Z,0.995,5-15s,494,2,1461,6
2026-01-08T07:14:56.147Z,0.995,15-30s,209,0,4787,25
2026-01-08T07:14:56.147Z,0.995,30-60s,108,0,4679,52
2026-01-08T07:14:56.147Z,0.995,60-300s,58,0,11737,669
2026-01-08T07:14:56.147Z,0.995,5-15m,35,0,16739,2069
2026-01-08T07:14:56.147Z,0.995,15-60m,14,0,60,21
2026-01-08T07:15:56.144Z,0.9,0-5s,10,10,10,1
2026-01-08T07:15:56.144Z,0.9,5-15s,2,2,2,1
2026-01-08T07:15:56.144Z,0.9,15-30s,5,5,5,1
2026-01-08T07:15:56.144Z,0.9,30-60s,7,6,9,3
2026-01-08T07:15:56.144Z,0.9,60-300s,8,1,20,3
2026-01-08T07:15:56.144Z,0.9,5-15m,26,0,43,7
2026-01-08T07:15:56.144Z,0.95,0-5s,8,6,10,2
2026-01-08T07:15:56.144Z,0.95,5-15s,2,2,2,1
2026-01-08T07:15:56.144Z,0.95,15-30s,10,0,49,7
2026-01-08T07:15:56.144Z,0.95,30-60s,6,3,9,5
2026-01-08T07:15:56.144Z,0.95,60-300s,87,0,1996,40
2026-01-08T07:15:56.144Z,0.95,5-15m,88,0,8995,128
2026-01-08T07:15:56.144Z,0.95,15-60m,6,6,6,1
2026-01-08T07:15:56.144Z,0.98,0-5s,13,2,25,6
2026-01-08T07:15:56.144Z,0.98,5-15s,190,2,548,3
2026-01-08T07:15:56.144Z,0.98,15-30s,20,0,76,21
2026-01-08T07:15:56.144Z,0.98,30-60s,16,0,152,37
2026-01-08T07:15:56.144Z,0.98,60-300s,30,0,1996,304
2026-01-08T07:15:56.144Z,0.98,5-15m,42,0,16739,838
2026-01-08T07:15:56.144Z,0.98,15-60m,15,2,35,6
2026-01-08T07:15:56.144Z,0.985,0-5s,13,2,25,6
2026-01-08T07:15:56.144Z,0.985,5-15s,312,2,677,4
2026-01-08T07:15:56.144Z,0.985,15-30s,20,0,76,21
2026-01-08T07:15:56.144Z,0.985,30-60s,15,0,152,39
2026-01-08T07:15:56.144Z,0.985,60-300s,31,0,1996,309
2026-01-08T07:15:56.144Z,0.985,5-15m,41,0,16739,849
2026-01-08T07:15:56.144Z,0.985,15-60m,15,2,35,6
2026-01-08T07:15:56.144Z,0.99,0-5s,13,2,25,7
2026-01-08T07:15:56.144Z,0.99,5-15s,312,2,677,4
2026-01-08T07:15:56.144Z,0.99,15-30s,18,0,76,24
2026-01-08T07:15:56.144Z,0.99,30-60s,18,0,152,51
2026-01-08T07:15:56.144Z,0.99,60-300s,48,0,11737,667
2026-01-08T07:15:56.144Z,0.99,5-15m,35,0,16739,2074
2026-01-08T07:15:56.144Z,0.99,15-60m,14,0,60,21
2026-01-08T07:15:56.144Z,0.995,0-5s,13,2,25,7
2026-01-08T07:15:56.144Z,0.995,5-15s,494,2,1461,6
2026-01-08T07:15:56.144Z,0.995,15-30s,209,0,4787,25
2026-01-08T07:15:56.144Z,0.995,30-60s,108,0,4679,52
2026-01-08T07:15:56.144Z,0.995,60-300s,58,0,11737,669
2026-01-08T07:15:56.144Z,0.995,5-15m,35,0,16739,2074
2026-01-08T07:15:56.144Z,0.995,15-60m,14,0,60,21
2026-01-08T07:16:56.149Z,0.9,0-5s,10,10,10,1
2026-01-08T07:16:56.149Z,0.9,5-15s,2,2,2,1
2026-01-08T07:16:56.149Z,0.9,15-30s,5,5,5,1
2026-01-08T07:16:56.149Z,0.9,30-60s,7,6,9,3
2026-01-08T07:16:56.149Z,0.9,60-300s,8,1,20,3
2026-01-08T07:16:56.149Z,0.9,5-15m,26,0,43,7
2026-01-08T07:16:56.149Z,0.95,0-5s,8,6,10,2
2026-01-08T07:16:56.149Z,0.95,5-15s,2,2,2,1
2026-01-08T07:16:56.149Z,0.95,15-30s,10,0,49,7
2026-01-08T07:16:56.149Z,0.95,30-60s,6,3,9,5
2026-01-08T07:16:56.149Z,0.95,60-300s,87,0,1996,40
2026-01-08T07:16:56.149Z,0.95,5-15m,88,0,8995,128
2026-01-08T07:16:56.149Z,0.95,15-60m,6,6,6,1
2026-01-08T07:16:56.149Z,0.98,0-5s,13,2,25,6
2026-01-08T07:16:56.149Z,0.98,5-15s,190,2,548,3
2026-01-08T07:16:56.149Z,0.98,15-30s,20,0,76,21
2026-01-08T07:16:56.149Z,0.98,30-60s,16,0,152,37
2026-01-08T07:16:56.149Z,0.98,60-300s,30,0,1996,304
2026-01-08T07:16:56.149Z,0.98,5-15m,41,0,16739,841
2026-01-08T07:16:56.149Z,0.98,15-60m,15,2,35,6
2026-01-08T07:16:56.149Z,0.985,0-5s,13,2,25,6
2026-01-08T07:16:56.149Z,0.985,5-15s,312,2,677,4
2026-01-08T07:16:56.149Z,0.985,15-30s,20,0,76,21
2026-01-08T07:16:56.149Z,0.985,30-60s,15,0,152,39
2026-01-08T07:16:56.149Z,0.985,60-300s,31,0,1996,309
2026-01-08T07:16:56.149Z,0.985,5-15m,41,0,16739,852
2026-01-08T07:16:56.149Z,0.985,15-60m,15,2,35,6
2026-01-08T07:16:56.149Z,0.99,0-5s,13,2,25,7
2026-01-08T07:16:56.149Z,0.99,5-15s,312,2,677,4
2026-01-08T07:16:56.149Z,0.99,15-30s,18,0,76,24
2026-01-08T07:16:56.149Z,0.99,30-60s,18,0,152,51
2026-01-08T07:16:56.149Z,0.99,60-300s,48,0,11737,667
2026-01-08T07:16:56.149Z,0.99,5-15m,35,0,16739,2081
2026-01-08T07:16:56.149Z,0.99,15-60m,14,0,60,21
2026-01-08T07:16:56.149Z,0.995,0-5s,13,2,25,7
2026-01-08T07:16:56.149Z,0.995,5-15s,494,2,1461,6
2026-01-08T07:16:56.149Z,0.995,15-30s,209,0,4787,25
2026-01-08T07:16:56.149Z,0.995,30-60s,108,0,4679,52
2026-01-08T07:16:56.149Z,0.995,60-300s,58,0,11737,669
2026-01-08T07:16:56.149Z,0.995,5-15m,35,0,16739,2081
2026-01-08T07:16:56.149Z,0.995,15-60m,14,0,60,21
2026-01-08T07:17:56.147Z,0.9,0-5s,10,10,10,1
2026-01-08T07:17:56.147Z,0.9,5-15s,2,2,2,1
2026-01-08T07:17:56.147Z,0.9,15-30s,5,5,5,1
2026-01-08T07:17:56.147Z,0.9,30-60s,7,6,9,3
2026-01-08T07:17:56.147Z,0.9,60-300s,8,1,20,3
2026-01-08T07:17:56.147Z,0.9,5-15m,26,0,43,7
2026-01-08T07:17:56.147Z,0.95,0-5s,8,6,10,2
2026-01-08T07:17:56.147Z,0.95,5-15s,2,2,2,1
2026-01-08T07:17:56.147Z,0.95,15-30s,10,0,49,7
2026-01-08T07:17:56.147Z,0.95,30-60s,6,3,9,5
2026-01-08T07:17:56.147Z,0.95,60-300s,87,0,1996,40
2026-01-08T07:17:56.147Z,0.95,5-15m,88,0,8995,128
2026-01-08T07:17:56.147Z,0.95,15-60m,6,6,6,1
2026-01-08T07:17:56.147Z,0.98,0-5s,13,2,25,6
2026-01-08T07:17:56.147Z,0.98,5-15s,190,2,548,3
2026-01-08T07:17:56.147Z,0.98,15-30s,20,0,76,21
2026-01-08T07:17:56.147Z,0.98,30-60s,16,0,152,37
2026-01-08T07:17:56.147Z,0.98,60-300s,30,0,1996,304
2026-01-08T07:17:56.147Z,0.98,5-15m,41,0,16739,843
2026-01-08T07:17:56.147Z,0.98,15-60m,15,2,35,6
2026-01-08T07:17:56.147Z,0.985,0-5s,13,2,25,6
2026-01-08T07:17:56.147Z,0.985,5-15s,312,2,677,4
2026-01-08T07:17:56.147Z,0.985,15-30s,20,0,76,21
2026-01-08T07:17:56.147Z,0.985,30-60s,15,0,152,39
2026-01-08T07:17:56.147Z,0.985,60-300s,31,0,1996,309
2026-01-08T07:17:56.147Z,0.985,5-15m,41,0,16739,854
2026-01-08T07:17:56.147Z,0.985,15-60m,15,2,35,6
2026-01-08T07:17:56.147Z,0.99,0-5s,13,2,25,7
2026-01-08T07:17:56.147Z,0.99,5-15s,312,2,677,4
2026-01-08T07:17:56.147Z,0.99,15-30s,18,0,76,24
2026-01-08T07:17:56.147Z,0.99,30-60s,18,0,152,51
2026-01-08T07:17:56.147Z,0.99,60-300s,48,0,11737,667
2026-01-08T07:17:56.147Z,0.99,5-15m,35,0,16739,2085
2026-01-08T07:17:56.147Z,0.99,15-60m,14,0,60,21
2026-01-08T07:17:56.147Z,0.995,0-5s,13,2,25,7
2026-01-08T07:17:56.147Z,0.995,5-15s,494,2,1461,6
2026-01-08T07:17:56.147Z,0.995,15-30s,209,0,4787,25
2026-01-08T07:17:56.147Z,0.995,30-60s,108,0,4679,52
2026-01-08T07:17:56.147Z,0.995,60-300s,58,0,11737,669
2026-01-08T07:17:56.147Z,0.995,5-15m,35,0,16739,2085
2026-01-08T07:17:56.147Z,0.995,15-60m,14,0,60,21
2026-01-08T07:18:56.155Z,0.9,0-5s,10,10,10,1
2026-01-08T07:18:56.155Z,0.9,5-15s,2,2,2,1
2026-01-08T07:18:56.155Z,0.9,15-30s,5,5,5,1
2026-01-08T07:18:56.155Z,0.9,30-60s,7,6,9,3
2026-01-08T07:18:56.155Z,0.9,60-300s,8,1,20,3
2026-01-08T07:18:56.155Z,0.9,5-15m,26,0,43,7
2026-01-08T07:18:56.155Z,0.95,0-5s,8,6,10,2
2026-01-08T07:18:56.155Z,0.95,5-15s,2,2,2,1
2026-01-08T07:18:56.155Z,0.95,15-30s,10,0,49,7
2026-01-08T07:18:56.155Z,0.95,30-60s,6,3,9,5
2026-01-08T07:18:56.155Z,0.95,60-300s,87,0,1996,40
2026-01-08T07:18:56.155Z,0.95,5-15m,88,0,8995,128
2026-01-08T07:18:56.155Z,0.95,15-60m,6,6,6,1
2026-01-08T07:18:56.155Z,0.98,0-5s,13,2,25,6
2026-01-08T07:18:56.155Z,0.98,5-15s,190,2,548,3
2026-01-08T07:18:56.155Z,0.98,15-30s,20,0,76,21
2026-01-08T07:18:56.155Z,0.98,30-60s,16,0,152,37
2026-01-08T07:18:56.155Z,0.98,60-300s,30,0,1996,304
2026-01-08T07:18:56.155Z,0.98,5-15m,41,0,16739,846
2026-01-08T07:18:56.155Z,0.98,15-60m,15,2,35,6
2026-01-08T07:18:56.155Z,0.985,0-5s,13,2,25,6
2026-01-08T07:18:56.155Z,0.985,5-15s,312,2,677,4
2026-01-08T07:18:56.155Z,0.985,15-30s,20,0,76,21
2026-01-08T07:18:56.155Z,0.985,30-60s,15,0,152,39
2026-01-08T07:18:56.155Z,0.985,60-300s,31,0,1996,309
2026-01-08T07:18:56.155Z,0.985,5-15m,41,0,16739,857
2026-01-08T07:18:56.155Z,0.985,15-60m,15,2,35,6
2026-01-08T07:18:56.155Z,0.99,0-5s,13,2,25,7
2026-01-08T07:18:56.155Z,0.99,5-15s,312,2,677,4
2026-01-08T07:18:56.155Z,0.99,15-30s,18,0,76,24
2026-01-08T07:18:56.155Z,0.99,30-60s,18,0,152,51
2026-01-08T07:18:56.155Z,0.99,60-300s,48,0,11737,667
2026-01-08T07:18:56.155Z,0.99,5-15m,34,0,16739,2091
2026-01-08T07:18:56.155Z,0.99,15-60m,14,0,60,21
2026-01-08T07:18:56.155Z,0.995,0-5s,13,2,25,7
2026-01-08T07:18:56.155Z,0.995,5-15s,494,2,1461,6
2026-01-08T07:18:56.155Z,0.995,15-30s,209,0,4787,25
2026-01-08T07:18:56.155Z,0.995,30-60s,108,0,4679,52
2026-01-08T07:18:56.155Z,0.995,60-300s,58,0,11737,669
2026-01-08T07:18:56.155Z,0.995,5-15m,34,0,16739,2091
2026-01-08T07:18:56.155Z,0.995,15-60m,14,0,60,21
2026-01-08T07:19:56.158Z,0.9,0-5s,10,10,10,1
2026-01-08T07:19:56.158Z,0.9,5-15s,2,2,2,1
2026-01-08T07:19:56.158Z,0.9,15-30s,5,5,5,1
2026-01-08T07:19:56.158Z,0.9,30-60s,7,6,9,3
2026-01-08T07:19:56.158Z,0.9,60-300s,8,1,20,3
2026-01-08T07:19:56.158Z,0.9,5-15m,26,0,43,7
2026-01-08T07:19:56.158Z,0.95,0-5s,8,6,10,2
2026-01-08T07:19:56.158Z,0.95,5-15s,2,2,2,1
2026-01-08T07:19:56.158Z,0.95,15-30s,10,0,49,7
2026-01-08T07:19:56.158Z,0.95,30-60s,6,3,9,5
2026-01-08T07:19:56.158Z,0.95,60-300s,87,0,1996,40
2026-01-08T07:19:56.158Z,0.95,5-15m,88,0,8995,128
2026-01-08T07:19:56.158Z,0.95,15-60m,6,6,6,1
2026-01-08T07:19:56.158Z,0.98,0-5s,13,2,25,6
2026-01-08T07:19:56.158Z,0.98,5-15s,190,2,548,3
2026-01-08T07:19:56.158Z,0.98,15-30s,20,0,76,21
2026-01-08T07:19:56.158Z,0.98,30-60s,16,0,152,37
2026-01-08T07:19:56.158Z,0.98,60-300s,30,0,1996,304
2026-01-08T07:19:56.158Z,0.98,5-15m,41,0,16739,848
2026-01-08T07:19:56.158Z,0.98,15-60m,15,2,35,6
2026-01-08T07:19:56.158Z,0.985,0-5s,13,2,25,6
2026-01-08T07:19:56.158Z,0.985,5-15s,312,2,677,4
2026-01-08T07:19:56.158Z,0.985,15-30s,20,0,76,21
2026-01-08T07:19:56.158Z,0.985,30-60s,15,0,152,39
2026-01-08T07:19:56.158Z,0.985,60-300s,31,0,1996,309
2026-01-08T07:19:56.158Z,0.985,5-15m,41,0,16739,859
2026-01-08T07:19:56.158Z,0.985,15-60m,15,2,35,6
2026-01-08T07:19:56.158Z,0.99,0-5s,13,2,25,7
2026-01-08T07:19:56.158Z,0.99,5-15s,312,2,677,4
2026-01-08T07:19:56.158Z,0.99,15-30s,18,0,76,24
2026-01-08T07:19:56.158Z,0.99,30-60s,18,0,152,51
2026-01-08T07:19:56.158Z,0.99,60-300s,48,0,11737,667
2026-01-08T07:19:56.158Z,0.99,5-15m,34,0,16739,2102
2026-01-08T07:19:56.158Z,0.99,15-60m,14,0,60,21
2026-01-08T07:19:56.158Z,0.995,0-5s,13,2,25,7
2026-01-08T07:19:56.158Z,0.995,5-15s,494,2,1461,6
2026-01-08T07:19:56.158Z,0.995,15-30s,209,0,4787,25
2026-01-08T07:19:56.158Z,0.995,30-60s,108,0,4679,52
2026-01-08T07:19:56.158Z,0.995,60-300s,58,0,11737,669
2026-01-08T07:19:56.158Z,0.995,5-15m,34,0,16739,2102
2026-01-08T07:19:56.158Z,0.995,15-60m,14,0,60,21
2026-01-08T07:20:56.156Z,0.9,0-5s,10,10,10,1
2026-01-08T07:20:56.156Z,0.9,5-15s,2,2,2,1
2026-01-08T07:20:56.156Z,0.9,15-30s,5,5,5,1
2026-01-08T07:20:56.156Z,0.9,30-60s,7,6,9,3
2026-01-08T07:20:56.156Z,0.9,60-300s,8,1,20,3
2026-01-08T07:20:56.156Z,0.9,5-15m,26,0,43,7
2026-01-08T07:20:56.156Z,0.95,0-5s,8,6,10,2
2026-01-08T07:20:56.156Z,0.95,5-15s,2,2,2,1
2026-01-08T07:20:56.156Z,0.95,15-30s,10,0,49,7
2026-01-08T07:20:56.156Z,0.95,30-60s,6,3,9,5
2026-01-08T07:20:56.156Z,0.95,60-300s,87,0,1996,40
2026-01-08T07:20:56.156Z,0.95,5-15m,88,0,8995,128
2026-01-08T07:20:56.156Z,0.95,15-60m,6,6,6,1
2026-01-08T07:20:56.156Z,0.98,0-5s,13,2,25,6
2026-01-08T07:20:56.156Z,0.98,5-15s,190,2,548,3
2026-01-08T07:20:56.156Z,0.98,15-30s,20,0,76,21
2026-01-08T07:20:56.156Z,0.98,30-60s,16,0,152,37
2026-01-08T07:20:56.156Z,0.98,60-300s,30,0,1996,304
2026-01-08T07:20:56.156Z,0.98,5-15m,41,0,16739,851
2026-01-08T07:20:56.156Z,0.98,15-60m,15,2,35,6
2026-01-08T07:20:56.156Z,0.985,0-5s,13,2,25,6
2026-01-08T07:20:56.156Z,0.985,5-15s,312,2,677,4
2026-01-08T07:20:56.156Z,0.985,15-30s,20,0,76,21
2026-01-08T07:20:56.156Z,0.985,30-60s,15,0,152,39
2026-01-08T07:20:56.156Z,0.985,60-300s,31,0,1996,309
2026-01-08T07:20:56.156Z,0.985,5-15m,41,0,16739,862
2026-01-08T07:20:56.156Z,0.985,15-60m,15,2,35,6
2026-01-08T07:20:56.156Z,0.99,0-5s,13,2,25,7
2026-01-08T07:20:56.156Z,0.99,5-15s,312,2,677,4
2026-01-08T07:20:56.156Z,0.99,15-30s,18,0,76,24
2026-01-08T07:20:56.156Z,0.99,30-60s,18,0,152,51
2026-01-08T07:20:56.156Z,0.99,60-300s,48,0,11737,667
2026-01-08T07:20:56.156Z,0.99,5-15m,34,0,16739,2110
2026-01-08T07:20:56.156Z,0.99,15-60m,14,0,60,21
2026-01-08T07:20:56.156Z,0.995,0-5s,13,2,25,7
2026-01-08T07:20:56.156Z,0.995,5-15s,494,2,1461,6
2026-01-08T07:20:56.156Z,0.995,15-30s,209,0,4787,25
2026-01-08T07:20:56.156Z,0.995,30-60s,108,0,4679,52
2026-01-08T07:20:56.156Z,0.995,60-300s,58,0,11737,669
2026-01-08T07:20:56.156Z,0.995,5-15m,34,0,16739,2110
2026-01-08T07:20:56.156Z,0.995,15-60m,14,0,60,21
2026-01-08T07:21:56.156Z,0.9,0-5s,10,10,10,1
2026-01-08T07:21:56.156Z,0.9,5-15s,2,2,2,1
2026-01-08T07:21:56.156Z,0.9,15-30s,5,5,5,1
2026-01-08T07:21:56.156Z,0.9,30-60s,7,6,9,3
2026-01-08T07:21:56.156Z,0.9,60-300s,8,1,20,3
2026-01-08T07:21:56.156Z,0.9,5-15m,26,0,43,7
2026-01-08T07:21:56.156Z,0.95,0-5s,8,6,10,2
2026-01-08T07:21:56.156Z,0.95,5-15s,2,2,2,1
2026-01-08T07:21:56.156Z,0.95,15-30s,10,0,49,7
2026-01-08T07:21:56.156Z,0.95,30-60s,6,3,9,5
2026-01-08T07:21:56.156Z,0.95,60-300s,87,0,1996,40
2026-01-08T07:21:56.156Z,0.95,5-15m,88,0,8995,128
2026-01-08T07:21:56.156Z,0.95,15-60m,6,6,6,1
2026-01-08T07:21:56.156Z,0.98,0-5s,13,2,25,6
2026-01-08T07:21:56.156Z,0.98,5-15s,190,2,548,3
2026-01-08T07:21:56.156Z,0.98,15-30s,20,0,76,21
2026-01-08T07:21:56.156Z,0.98,30-60s,16,0,152,37
2026-01-08T07:21:56.156Z,0.98,60-300s,30,0,1996,304
2026-01-08T07:21:56.156Z,0.98,5-15m,41,0,16739,857
2026-01-08T07:21:56.156Z,0.98,15-60m,15,2,35,6
2026-01-08T07:21:56.156Z,0.985,0-5s,13,2,25,6
2026-01-08T07:21:56.156Z,0.985,5-15s,312,2,677,4
2026-01-08T07:21:56.156Z,0.985,15-30s,20,0,76,21
2026-01-08T07:21:56.156Z,0.985,30-60s,15,0,152,39
2026-01-08T07:21:56.156Z,0.985,60-300s,31,0,1996,309
2026-01-08T07:21:56.156Z,0.985,5-15m,41,0,16739,868
2026-01-08T07:21:56.156Z,0.985,15-60m,15,2,35,6
2026-01-08T07:21:56.156Z,0.99,0-5s,13,2,25,7
2026-01-08T07:21:56.156Z,0.99,5-15s,312,2,677,4
2026-01-08T07:21:56.156Z,0.99,15-30s,18,0,76,24
2026-01-08T07:21:56.156Z,0.99,30-60s,18,0,152,51
2026-01-08T07:21:56.156Z,0.99,60-300s,48,0,11737,667
2026-01-08T07:21:56.156Z,0.99,5-15m,34,0,16739,2118
2026-01-08T07:21:56.156Z,0.99,15-60m,14,0,60,21
2026-01-08T07:21:56.156Z,0.995,0-5s,13,2,25,7
2026-01-08T07:21:56.156Z,0.995,5-15s,494,2,1461,6
2026-01-08T07:21:56.156Z,0.995,15-30s,209,0,4787,25
2026-01-08T07:21:56.156Z,0.995,30-60s,108,0,4679,52
2026-01-08T07:21:56.156Z,0.995,60-300s,58,0,11737,669
2026-01-08T07:21:56.156Z,0.995,5-15m,34,0,16739,2118
2026-01-08T07:21:56.156Z,0.995,15-60m,14,0,60,21
2026-01-08T07:22:56.158Z,0.9,0-5s,10,10,10,1
2026-01-08T07:22:56.158Z,0.9,5-15s,2,2,2,1
2026-01-08T07:22:56.158Z,0.9,15-30s,5,5,5,1
2026-01-08T07:22:56.158Z,0.9,30-60s,7,6,9,3
2026-01-08T07:22:56.158Z,0.9,60-300s,8,1,20,3
2026-01-08T07:22:56.158Z,0.9,5-15m,26,0,43,7
2026-01-08T07:22:56.158Z,0.95,0-5s,8,6,10,2
2026-01-08T07:22:56.158Z,0.95,5-15s,2,2,2,1
2026-01-08T07:22:56.158Z,0.95,15-30s,10,0,49,7
2026-01-08T07:22:56.158Z,0.95,30-60s,6,3,9,5
2026-01-08T07:22:56.158Z,0.95,60-300s,87,0,1996,40
2026-01-08T07:22:56.158Z,0.95,5-15m,87,0,8995,129
2026-01-08T07:22:56.158Z,0.95,15-60m,6,6,6,1
2026-01-08T07:22:56.158Z,0.98,0-5s,13,2,25,6
2026-01-08T07:22:56.158Z,0.98,5-15s,190,2,548,3
2026-01-08T07:22:56.158Z,0.98,15-30s,20,0,76,21
2026-01-08T07:22:56.158Z,0.98,30-60s,16,0,152,37
2026-01-08T07:22:56.158Z,0.98,60-300s,30,0,1996,304
2026-01-08T07:22:56.158Z,0.98,5-15m,41,0,16739,861
2026-01-08T07:22:56.158Z,0.98,15-60m,15,2,35,6
2026-01-08T07:22:56.158Z,0.985,0-5s,13,2,25,6
2026-01-08T07:22:56.158Z,0.985,5-15s,312,2,677,4
2026-01-08T07:22:56.158Z,0.985,15-30s,20,0,76,21
2026-01-08T07:22:56.158Z,0.985,30-60s,15,0,152,39
2026-01-08T07:22:56.158Z,0.985,60-300s,31,0,1996,309
2026-01-08T07:22:56.158Z,0.985,5-15m,41,0,16739,872
2026-01-08T07:22:56.158Z,0.985,15-60m,15,2,35,6
2026-01-08T07:22:56.158Z,0.99,0-5s,13,2,25,7
2026-01-08T07:22:56.158Z,0.99,5-15s,312,2,677,4
2026-01-08T07:22:56.158Z,0.99,15-30s,18,0,76,24
2026-01-08T07:22:56.158Z,0.99,30-60s,18,0,152,51
2026-01-08T07:22:56.158Z,0.99,60-300s,48,0,11737,667
2026-01-08T07:22:56.158Z,0.99,5-15m,34,0,16739,2125
2026-01-08T07:22:56.158Z,0.99,15-60m,14,0,60,21
2026-01-08T07:22:56.158Z,0.995,0-5s,13,2,25,7
2026-01-08T07:22:56.158Z,0.995,5-15s,494,2,1461,6
2026-01-08T07:22:56.158Z,0.995,15-30s,209,0,4787,25
2026-01-08T07:22:56.158Z,0.995,30-60s,108,0,4679,52
2026-01-08T07:22:56.158Z,0.995,60-300s,58,0,11737,669
2026-01-08T07:22:56.158Z,0.995,5-15m,34,0,16739,2125
2026-01-08T07:22:56.158Z,0.995,15-60m,14,0,60,21
2026-01-08T07:23:56.159Z,0.9,0-5s,10,10,10,1
2026-01-08T07:23:56.159Z,0.9,5-15s,2,2,2,1
2026-01-08T07:23:56.159Z,0.9,15-30s,5,5,5,1
2026-01-08T07:23:56.159Z,0.9,30-60s,7,6,9,3
2026-01-08T07:23:56.159Z,0.9,60-300s,8,1,20,3
2026-01-08T07:23:56.159Z,0.9,5-15m,24,0,43,8
2026-01-08T07:23:56.159Z,0.95,0-5s,8,6,10,2
2026-01-08T07:23:56.159Z,0.95,5-15s,2,2,2,1
2026-01-08T07:23:56.159Z,0.95,15-30s,10,0,49,7
2026-01-08T07:23:56.159Z,0.95,30-60s,6,3,9,5
2026-01-08T07:23:56.159Z,0.95,60-300s,87,0,1996,40
2026-01-08T07:23:56.159Z,0.95,5-15m,85,0,8995,132
2026-01-08T07:23:56.159Z,0.95,15-60m,6,6,6,1
2026-01-08T07:23:56.159Z,0.98,0-5s,13,2,25,6
2026-01-08T07:23:56.159Z,0.98,5-15s,190,2,548,3
2026-01-08T07:23:56.159Z,0.98,15-30s,20,0,76,21
2026-01-08T07:23:56.159Z,0.98,30-60s,16,0,152,37
2026-01-08T07:23:56.159Z,0.98,60-300s,30,0,1996,304
2026-01-08T07:23:56.159Z,0.98,5-15m,41,0,16739,873
2026-01-08T07:23:56.159Z,0.98,15-60m,15,2,35,6
2026-01-08T07:23:56.159Z,0.985,0-5s,13,2,25,6
2026-01-08T07:23:56.159Z,0.985,5-15s,312,2,677,4
2026-01-08T07:23:56.159Z,0.985,15-30s,20,0,76,21
2026-01-08T07:23:56.159Z,0.985,30-60s,15,0,152,39
2026-01-08T07:23:56.159Z,0.985,60-300s,31,0,1996,309
2026-01-08T07:23:56.159Z,0.985,5-15m,40,0,16739,884
2026-01-08T07:23:56.159Z,0.985,15-60m,15,2,35,6
2026-01-08T07:23:56.159Z,0.99,0-5s,13,2,25,7
2026-01-08T07:23:56.159Z,0.99,5-15s,312,2,677,4
2026-01-08T07:23:56.159Z,0.99,15-30s,18,0,76,24
2026-01-08T07:23:56.159Z,0.99,30-60s,18,0,152,51
2026-01-08T07:23:56.159Z,0.99,60-300s,48,0,11737,667
2026-01-08T07:23:56.159Z,0.99,5-15m,34,0,16739,2145
2026-01-08T07:23:56.159Z,0.99,15-60m,14,0,60,21
2026-01-08T07:23:56.159Z,0.995,0-5s,13,2,25,7
2026-01-08T07:23:56.159Z,0.995,5-15s,494,2,1461,6
2026-01-08T07:23:56.159Z,0.995,15-30s,209,0,4787,25
2026-01-08T07:23:56.159Z,0.995,30-60s,108,0,4679,52
2026-01-08T07:23:56.159Z,0.995,60-300s,58,0,11737,669
2026-01-08T07:23:56.159Z,0.995,5-15m,34,0,16739,2145
2026-01-08T07:23:56.159Z,0.995,15-60m,14,0,60,21
2026-01-08T07:24:56.195Z,0.9,0-5s,10,10,10,1
2026-01-08T07:24:56.195Z,0.9,5-15s,2,2,2,1
2026-01-08T07:24:56.195Z,0.9,15-30s,5,5,5,1
2026-01-08T07:24:56.195Z,0.9,30-60s,7,6,9,3
2026-01-08T07:24:56.195Z,0.9,60-300s,8,1,20,3
2026-01-08T07:24:56.195Z,0.9,5-15m,23,0,43,9
2026-01-08T07:24:56.195Z,0.95,0-5s,8,6,10,2
2026-01-08T07:24:56.195Z,0.95,5-15s,2,2,2,1
2026-01-08T07:24:56.195Z,0.95,15-30s,10,0,49,7
2026-01-08T07:24:56.195Z,0.95,30-60s,6,3,9,5
2026-01-08T07:24:56.195Z,0.95,60-300s,87,0,1996,40
2026-01-08T07:24:56.195Z,0.95,5-15m,85,0,8995,133
2026-01-08T07:24:56.195Z,0.95,15-60m,6,6,6,1
2026-01-08T07:24:56.195Z,0.98,0-5s,13,2,25,6
2026-01-08T07:24:56.195Z,0.98,5-15s,190,2,548,3
2026-01-08T07:24:56.195Z,0.98,15-30s,20,0,76,21
2026-01-08T07:24:56.195Z,0.98,30-60s,16,0,152,37
2026-01-08T07:24:56.195Z,0.98,60-300s,30,0,1996,304
2026-01-08T07:24:56.195Z,0.98,5-15m,40,0,16739,879
2026-01-08T07:24:56.195Z,0.98,15-60m,15,2,35,6
2026-01-08T07:24:56.195Z,0.985,0-5s,13,2,25,6
2026-01-08T07:24:56.195Z,0.985,5-15s,312,2,677,4
2026-01-08T07:24:56.195Z,0.985,15-30s,20,0,76,21
2026-01-08T07:24:56.195Z,0.985,30-60s,15,0,152,39
2026-01-08T07:24:56.195Z,0.985,60-300s,31,0,1996,309
2026-01-08T07:24:56.195Z,0.985,5-15m,40,0,16739,890
2026-01-08T07:24:56.195Z,0.985,15-60m,15,2,35,6
2026-01-08T07:24:56.195Z,0.99,0-5s,13,2,25,7
2026-01-08T07:24:56.195Z,0.99,5-15s,312,2,677,4
2026-01-08T07:24:56.195Z,0.99,15-30s,18,0,76,24
2026-01-08T07:24:56.195Z,0.99,30-60s,18,0,152,51
2026-01-08T07:24:56.195Z,0.99,60-300s,48,0,11737,667
2026-01-08T07:24:56.195Z,0.99,5-15m,34,0,16739,2161
2026-01-08T07:24:56.195Z,0.99,15-60m,14,0,60,21
2026-01-08T07:24:56.195Z,0.995,0-5s,13,2,25,7
2026-01-08T07:24:56.195Z,0.995,5-15s,494,2,1461,6
2026-01-08T07:24:56.195Z,0.995,15-30s,209,0,4787,25
2026-01-08T07:24:56.195Z,0.995,30-60s,108,0,4679,52
2026-01-08T07:24:56.195Z,0.995,60-300s,58,0,11737,669
2026-01-08T07:24:56.195Z,0.995,5-15m,34,0,16739,2161
2026-01-08T07:24:56.195Z,0.995,15-60m,14,0,60,21
2026-01-08T07:25:56.163Z,0.9,0-5s,10,10,10,1
2026-01-08T07:25:56.163Z,0.9,5-15s,2,2,2,1
2026-01-08T07:25:56.163Z,0.9,15-30s,5,5,5,1
2026-01-08T07:25:56.163Z,0.9,30-60s,7,6,9,3
2026-01-08T07:25:56.163Z,0.9,60-300s,8,1,20,3
2026-01-08T07:25:56.163Z,0.9,5-15m,23,0,43,9
2026-01-08T07:25:56.163Z,0.95,0-5s,8,6,10,2
2026-01-08T07:25:56.163Z,0.95,5-15s,2,2,2,1
2026-01-08T07:25:56.163Z,0.95,15-30s,10,0,49,7
2026-01-08T07:25:56.163Z,0.95,30-60s,6,3,9,5
2026-01-08T07:25:56.163Z,0.95,60-300s,85,0,1996,41
2026-01-08T07:25:56.163Z,0.95,5-15m,85,0,8995,133
2026-01-08T07:25:56.163Z,0.95,15-60m,6,6,6,1
2026-01-08T07:25:56.163Z,0.98,0-5s,13,2,25,6
2026-01-08T07:25:56.163Z,0.98,5-15s,190,2,548,3
2026-01-08T07:25:56.163Z,0.98,15-30s,20,0,76,21
2026-01-08T07:25:56.163Z,0.98,30-60s,16,0,152,37
2026-01-08T07:25:56.163Z,0.98,60-300s,30,0,1996,309
2026-01-08T07:25:56.163Z,0.98,5-15m,40,0,16739,880
2026-01-08T07:25:56.163Z,0.98,15-60m,15,2,35,6
2026-01-08T07:25:56.163Z,0.985,0-5s,13,2,25,6
2026-01-08T07:25:56.163Z,0.985,5-15s,312,2,677,4
2026-01-08T07:25:56.163Z,0.985,15-30s,20,0,76,21
2026-01-08T07:25:56.163Z,0.985,30-60s,15,0,152,39
2026-01-08T07:25:56.163Z,0.985,60-300s,30,0,1996,314
2026-01-08T07:25:56.163Z,0.985,5-15m,40,0,16739,891
2026-01-08T07:25:56.163Z,0.985,15-60m,15,2,35,6
2026-01-08T07:25:56.163Z,0.99,0-5s,13,2,25,7
2026-01-08T07:25:56.163Z,0.99,5-15s,312,2,677,4
2026-01-08T07:25:56.163Z,0.99,15-30s,18,0,76,24
2026-01-08T07:25:56.163Z,0.99,30-60s,18,0,152,51
2026-01-08T07:25:56.163Z,0.99,60-300s,47,0,11737,676
2026-01-08T07:25:56.163Z,0.99,5-15m,34,0,16739,2162
2026-01-08T07:25:56.163Z,0.99,15-60m,14,0,60,21
2026-01-08T07:25:56.163Z,0.995,0-5s,13,2,25,7
2026-01-08T07:25:56.163Z,0.995,5-15s,494,2,1461,6
2026-01-08T07:25:56.163Z,0.995,15-30s,209,0,4787,25
2026-01-08T07:25:56.163Z,0.995,30-60s,108,0,4679,52
2026-01-08T07:25:56.163Z,0.995,60-300s,58,0,11737,678
2026-01-08T07:25:56.163Z,0.995,5-15m,34,0,16739,2162
2026-01-08T07:25:56.163Z,0.995,15-60m,14,0,60,21
2026-01-08T07:26:56.163Z,0.9,0-5s,10,10,10,1
2026-01-08T07:26:56.163Z,0.9,5-15s,2,2,2,1
2026-01-08T07:26:56.163Z,0.9,15-30s,5,5,5,1
2026-01-08T07:26:56.163Z,0.9,30-60s,7,6,9,3
2026-01-08T07:26:56.163Z,0.9,60-300s,8,1,20,3
2026-01-08T07:26:56.163Z,0.9,5-15m,23,0,43,9
2026-01-08T07:26:56.163Z,0.95,0-5s,8,6,10,2
2026-01-08T07:26:56.163Z,0.95,5-15s,2,2,2,1
2026-01-08T07:26:56.163Z,0.95,15-30s,10,0,49,7
2026-01-08T07:26:56.163Z,0.95,30-60s,6,3,9,5
2026-01-08T07:26:56.163Z,0.95,60-300s,80,0,1996,44
2026-01-08T07:26:56.163Z,0.95,5-15m,85,0,8995,133
2026-01-08T07:26:56.163Z,0.95,15-60m,6,6,6,1
2026-01-08T07:26:56.163Z,0.98,0-5s,13,2,25,6
2026-01-08T07:26:56.163Z,0.98,5-15s,190,2,548,3
2026-01-08T07:26:56.163Z,0.98,15-30s,20,0,76,21
2026-01-08T07:26:56.163Z,0.98,30-60s,16,0,152,37
2026-01-08T07:26:56.163Z,0.98,60-300s,30,0,1996,316
2026-01-08T07:26:56.163Z,0.98,5-15m,40,0,16739,880
2026-01-08T07:26:56.163Z,0.98,15-60m,15,2,35,6
2026-01-08T07:26:56.163Z,0.985,0-5s,13,2,25,6
2026-01-08T07:26:56.163Z,0.985,5-15s,312,2,677,4
2026-01-08T07:26:56.163Z,0.985,15-30s,20,0,76,21
2026-01-08T07:26:56.163Z,0.985,30-60s,15,0,152,39
2026-01-08T07:26:56.163Z,0.985,60-300s,30,0,1996,321
2026-01-08T07:26:56.163Z,0.985,5-15m,40,0,16739,891
2026-01-08T07:26:56.163Z,0.985,15-60m,15,2,35,6
2026-01-08T07:26:56.163Z,0.99,0-5s,13,2,25,7
2026-01-08T07:26:56.163Z,0.99,5-15s,312,2,677,4
2026-01-08T07:26:56.163Z,0.99,15-30s,18,0,76,24
2026-01-08T07:26:56.163Z,0.99,30-60s,18,0,152,51
2026-01-08T07:26:56.163Z,0.99,60-300s,47,0,11737,689
2026-01-08T07:26:56.163Z,0.99,5-15m,34,0,16739,2162
2026-01-08T07:26:56.163Z,0.99,15-60m,14,0,60,21
2026-01-08T07:26:56.163Z,0.995,0-5s,13,2,25,7
2026-01-08T07:26:56.163Z,0.995,5-15s,494,2,1461,6
2026-01-08T07:26:56.163Z,0.995,15-30s,209,0,4787,25
2026-01-08T07:26:56.163Z,0.995,30-60s,108,0,4679,52
2026-01-08T07:26:56.163Z,0.995,60-300s,57,0,11737,691
2026-01-08T07:26:56.163Z,0.995,5-15m,34,0,16739,2162
2026-01-08T07:26:56.163Z,0.995,15-60m,14,0,60,21
2026-01-08T07:27:56.165Z,0.9,0-5s,10,10,10,1
2026-01-08T07:27:56.165Z,0.9,5-15s,2,2,2,1
2026-01-08T07:27:56.165Z,0.9,15-30s,5,5,5,1
2026-01-08T07:27:56.165Z,0.9,30-60s,7,6,9,3
2026-01-08T07:27:56.165Z,0.9,60-300s,8,1,20,3
2026-01-08T07:27:56.165Z,0.9,5-15m,23,0,43,9
2026-01-08T07:27:56.165Z,0.95,0-5s,8,6,10,2
2026-01-08T07:27:56.165Z,0.95,5-15s,2,2,2,1
2026-01-08T07:27:56.165Z,0.95,15-30s,10,0,49,7
2026-01-08T07:27:56.165Z,0.95,30-60s,6,3,9,5
2026-01-08T07:27:56.165Z,0.95,60-300s,80,0,1996,44
2026-01-08T07:27:56.165Z,0.95,5-15m,85,0,8995,133
2026-01-08T07:27:56.165Z,0.95,15-60m,6,6,6,1
2026-01-08T07:27:56.165Z,0.98,0-5s,13,2,25,6
2026-01-08T07:27:56.165Z,0.98,5-15s,190,2,548,3
2026-01-08T07:27:56.165Z,0.98,15-30s,20,0,76,21
2026-01-08T07:27:56.165Z,0.98,30-60s,16,0,152,37
2026-01-08T07:27:56.165Z,0.98,60-300s,31,0,1996,321
2026-01-08T07:27:56.165Z,0.98,5-15m,40,0,16739,880
2026-01-08T07:27:56.165Z,0.98,15-60m,15,2,35,6
2026-01-08T07:27:56.165Z,0.985,0-5s,13,2,25,6
2026-01-08T07:27:56.165Z,0.985,5-15s,312,2,677,4
2026-01-08T07:27:56.165Z,0.985,15-30s,20,0,76,21
2026-01-08T07:27:56.165Z,0.985,30-60s,15,0,152,39
2026-01-08T07:27:56.165Z,0.985,60-300s,31,0,1996,326
2026-01-08T07:27:56.165Z,0.985,5-15m,40,0,16739,891
2026-01-08T07:27:56.165Z,0.985,15-60m,15,2,35,6
2026-01-08T07:27:56.165Z,0.99,0-5s,13,2,25,7
2026-01-08T07:27:56.165Z,0.99,5-15s,312,2,677,4
2026-01-08T07:27:56.165Z,0.99,15-30s,18,0,76,24
2026-01-08T07:27:56.165Z,0.99,30-60s,18,0,152,51
2026-01-08T07:27:56.165Z,0.99,60-300s,47,0,11737,695
2026-01-08T07:27:56.165Z,0.99,5-15m,34,0,16739,2162
2026-01-08T07:27:56.165Z,0.99,15-60m,14,0,60,21
2026-01-08T07:27:56.165Z,0.995,0-5s,13,2,25,7
2026-01-08T07:27:56.165Z,0.995,5-15s,494,2,1461,6
2026-01-08T07:27:56.165Z,0.995,15-30s,209,0,4787,25
2026-01-08T07:27:56.165Z,0.995,30-60s,108,0,4679,52
2026-01-08T07:27:56.165Z,0.995,60-300s,57,0,11737,697
2026-01-08T07:27:56.165Z,0.995,5-15m,34,0,16739,2162
2026-01-08T07:27:56.165Z,0.995,15-60m,14,0,60,21
2026-01-08T07:28:56.166Z,0.9,0-5s,10,10,10,1
2026-01-08T07:28:56.166Z,0.9,5-15s,2,2,2,1
2026-01-08T07:28:56.166Z,0.9,15-30s,5,5,5,1
2026-01-08T07:28:56.166Z,0.9,30-60s,7,6,9,3
2026-01-08T07:28:56.166Z,0.9,60-300s,8,1,20,3
2026-01-08T07:28:56.166Z,0.9,5-15m,23,0,43,9
2026-01-08T07:28:56.166Z,0.95,0-5s,8,6,10,2
2026-01-08T07:28:56.166Z,0.95,5-15s,2,2,2,1
2026-01-08T07:28:56.166Z,0.95,15-30s,10,0,49,7
2026-01-08T07:28:56.166Z,0.95,30-60s,6,3,9,5
2026-01-08T07:28:56.166Z,0.95,60-300s,80,0,1996,44
2026-01-08T07:28:56.166Z,0.95,5-15m,85,0,8995,133
2026-01-08T07:28:56.166Z,0.95,15-60m,6,6,6,1
2026-01-08T07:28:56.166Z,0.98,0-5s,13,2,25,6
2026-01-08T07:28:56.166Z,0.98,5-15s,190,2,548,3
2026-01-08T07:28:56.166Z,0.98,15-30s,20,0,76,21
2026-01-08T07:28:56.166Z,0.98,30-60s,16,0,152,37
2026-01-08T07:28:56.166Z,0.98,60-300s,31,0,1996,324
2026-01-08T07:28:56.166Z,0.98,5-15m,40,0,16739,880
2026-01-08T07:28:56.166Z,0.98,15-60m,15,2,35,6
2026-01-08T07:28:56.166Z,0.985,0-5s,13,2,25,6
2026-01-08T07:28:56.166Z,0.985,5-15s,312,2,677,4
2026-01-08T07:28:56.166Z,0.985,15-30s,20,0,76,21
2026-01-08T07:28:56.166Z,0.985,30-60s,15,0,152,39
2026-01-08T07:28:56.166Z,0.985,60-300s,31,0,1996,329
2026-01-08T07:28:56.166Z,0.985,5-15m,40,0,16739,891
2026-01-08T07:28:56.166Z,0.985,15-60m,15,2,35,6
2026-01-08T07:28:56.166Z,0.99,0-5s,13,2,25,7
2026-01-08T07:28:56.166Z,0.99,5-15s,312,2,677,4
2026-01-08T07:28:56.166Z,0.99,15-30s,18,0,76,24
2026-01-08T07:28:56.166Z,0.99,30-60s,18,0,152,51
2026-01-08T07:28:56.166Z,0.99,60-300s,66,0,12230,703
2026-01-08T07:28:56.166Z,0.99,5-15m,34,0,16739,2162
2026-01-08T07:28:56.166Z,0.99,15-60m,14,0,60,21
2026-01-08T07:28:56.166Z,0.995,0-5s,13,2,25,7
2026-01-08T07:28:56.166Z,0.995,5-15s,494,2,1461,6
2026-01-08T07:28:56.166Z,0.995,15-30s,209,0,4787,25
2026-01-08T07:28:56.166Z,0.995,30-60s,108,0,4679,52
2026-01-08T07:28:56.166Z,0.995,60-300s,76,0,12230,705
2026-01-08T07:28:56.166Z,0.995,5-15m,34,0,16739,2162
2026-01-08T07:28:56.166Z,0.995,15-60m,14,0,60,21
2026-01-08T07:29:56.168Z,0.9,0-5s,10,10,10,1
2026-01-08T07:29:56.168Z,0.9,5-15s,2,2,2,1
2026-01-08T07:29:56.168Z,0.9,15-30s,5,5,5,1
2026-01-08T07:29:56.168Z,0.9,30-60s,7,6,9,3
2026-01-08T07:29:56.168Z,0.9,60-300s,8,1,20,3
2026-01-08T07:29:56.168Z,0.9,5-15m,23,0,43,9
2026-01-08T07:29:56.168Z,0.95,0-5s,8,6,10,2
2026-01-08T07:29:56.168Z,0.95,5-15s,2,2,2,1
2026-01-08T07:29:56.168Z,0.95,15-30s,10,0,49,7
2026-01-08T07:29:56.168Z,0.95,30-60s,6,3,9,5
2026-01-08T07:29:56.168Z,0.95,60-300s,80,0,1996,44
2026-01-08T07:29:56.168Z,0.95,5-15m,85,0,8995,133
2026-01-08T07:29:56.168Z,0.95,15-60m,6,6,6,1
2026-01-08T07:29:56.168Z,0.98,0-5s,13,2,25,6
2026-01-08T07:29:56.168Z,0.98,5-15s,190,2,548,3
2026-01-08T07:29:56.168Z,0.98,15-30s,20,0,76,21
2026-01-08T07:29:56.168Z,0.98,30-60s,16,0,152,39
2026-01-08T07:29:56.168Z,0.98,60-300s,31,0,1996,324
2026-01-08T07:29:56.168Z,0.98,5-15m,40,0,16739,880
2026-01-08T07:29:56.168Z,0.98,15-60m,15,2,35,6
2026-01-08T07:29:56.168Z,0.985,0-5s,13,2,25,6
2026-01-08T07:29:56.168Z,0.985,5-15s,312,2,677,4
2026-01-08T07:29:56.168Z,0.985,15-30s,20,0,76,21
2026-01-08T07:29:56.168Z,0.985,30-60s,15,0,152,41
2026-01-08T07:29:56.168Z,0.985,60-300s,31,0,1996,329
2026-01-08T07:29:56.168Z,0.985,5-15m,40,0,16739,891
2026-01-08T07:29:56.168Z,0.985,15-60m,15,2,35,6
2026-01-08T07:29:56.168Z,0.99,0-5s,13,2,25,7
2026-01-08T07:29:56.168Z,0.99,5-15s,312,2,677,4
2026-01-08T07:29:56.168Z,0.99,15-30s,18,0,76,24
2026-01-08T07:29:56.168Z,0.99,30-60s,17,0,152,54
2026-01-08T07:29:56.168Z,0.99,60-300s,66,0,12230,703
2026-01-08T07:29:56.168Z,0.99,5-15m,34,0,16739,2162
2026-01-08T07:29:56.168Z,0.99,15-60m,14,0,60,21
2026-01-08T07:29:56.168Z,0.995,0-5s,13,2,25,7
2026-01-08T07:29:56.168Z,0.995,5-15s,494,2,1461,6
2026-01-08T07:29:56.168Z,0.995,15-30s,209,0,4787,25
2026-01-08T07:29:56.168Z,0.995,30-60s,102,0,4679,55
2026-01-08T07:29:56.168Z,0.995,60-300s,76,0,12230,705
2026-01-08T07:29:56.168Z,0.995,5-15m,34,0,16739,2162
2026-01-08T07:29:56.168Z,0.995,15-60m,14,0,60,21
2026-01-08T07:30:56.170Z,0.9,0-5s,10,10,10,1
2026-01-08T07:30:56.170Z,0.9,5-15s,2,2,2,1
2026-01-08T07:30:56.170Z,0.9,15-30s,5,5,5,1
2026-01-08T07:30:56.170Z,0.9,30-60s,7,6,9,3
2026-01-08T07:30:56.170Z,0.9,60-300s,8,1,20,3
2026-01-08T07:30:56.170Z,0.9,5-15m,23,0,43,9
2026-01-08T07:30:56.170Z,0.95,0-5s,8,6,10,2
2026-01-08T07:30:56.170Z,0.95,5-15s,2,2,2,1
2026-01-08T07:30:56.170Z,0.95,15-30s,10,0,49,7
2026-01-08T07:30:56.170Z,0.95,30-60s,6,3,9,5
2026-01-08T07:30:56.170Z,0.95,60-300s,80,0,1996,44
2026-01-08T07:30:56.170Z,0.95,5-15m,85,0,8995,133
2026-01-08T07:30:56.170Z,0.95,15-60m,6,6,6,1
2026-01-08T07:30:56.170Z,0.98,0-5s,13,2,25,6
2026-01-08T07:30:56.170Z,0.98,5-15s,190,2,548,3
2026-01-08T07:30:56.170Z,0.98,15-30s,20,0,76,21
2026-01-08T07:30:56.170Z,0.98,30-60s,16,0,152,39
2026-01-08T07:30:56.170Z,0.98,60-300s,31,0,1996,324
2026-01-08T07:30:56.170Z,0.98,5-15m,40,0,16739,881
2026-01-08T07:30:56.170Z,0.98,15-60m,15,2,35,6
2026-01-08T07:30:56.170Z,0.985,0-5s,13,2,25,6
2026-01-08T07:30:56.170Z,0.985,5-15s,312,2,677,4
2026-01-08T07:30:56.170Z,0.985,15-30s,20,0,76,21
2026-01-08T07:30:56.170Z,0.985,30-60s,15,0,152,41
2026-01-08T07:30:56.170Z,0.985,60-300s,31,0,1996,329
2026-01-08T07:30:56.170Z,0.985,5-15m,40,0,16739,892
2026-01-08T07:30:56.170Z,0.985,15-60m,15,2,35,6
2026-01-08T07:30:56.170Z,0.99,0-5s,13,2,25,7
2026-01-08T07:30:56.170Z,0.99,5-15s,312,2,677,4
2026-01-08T07:30:56.170Z,0.99,15-30s,18,0,76,24
2026-01-08T07:30:56.170Z,0.99,30-60s,17,0,152,54
2026-01-08T07:30:56.170Z,0.99,60-300s,66,0,12230,703
2026-01-08T07:30:56.170Z,0.99,5-15m,34,0,16739,2169
2026-01-08T07:30:56.170Z,0.99,15-60m,14,0,60,21
2026-01-08T07:30:56.170Z,0.995,0-5s,13,2,25,7
2026-01-08T07:30:56.170Z,0.995,5-15s,494,2,1461,6
2026-01-08T07:30:56.170Z,0.995,15-30s,209,0,4787,25
2026-01-08T07:30:56.170Z,0.995,30-60s,102,0,4679,55
2026-01-08T07:30:56.170Z,0.995,60-300s,76,0,12230,705
2026-01-08T07:30:56.170Z,0.995,5-15m,34,0,16739,2169
2026-01-08T07:30:56.170Z,0.995,15-60m,14,0,60,21
2026-01-08T07:31:56.172Z,0.9,0-5s,10,10,10,1
2026-01-08T07:31:56.172Z,0.9,5-15s,2,2,2,1
2026-01-08T07:31:56.172Z,0.9,15-30s,5,5,5,1
2026-01-08T07:31:56.172Z,0.9,30-60s,7,6,9,3
2026-01-08T07:31:56.172Z,0.9,60-300s,8,1,20,3
2026-01-08T07:31:56.172Z,0.9,5-15m,23,0,43,9
2026-01-08T07:31:56.172Z,0.95,0-5s,8,6,10,2
2026-01-08T07:31:56.172Z,0.95,5-15s,2,2,2,1
2026-01-08T07:31:56.172Z,0.95,15-30s,10,0,49,7
2026-01-08T07:31:56.172Z,0.95,30-60s,6,3,9,5
2026-01-08T07:31:56.172Z,0.95,60-300s,80,0,1996,44
2026-01-08T07:31:56.172Z,0.95,5-15m,85,0,8995,133
2026-01-08T07:31:56.172Z,0.95,15-60m,6,6,6,1
2026-01-08T07:31:56.172Z,0.98,0-5s,13,2,25,6
2026-01-08T07:31:56.172Z,0.98,5-15s,190,2,548,3
2026-01-08T07:31:56.172Z,0.98,15-30s,20,0,76,21
2026-01-08T07:31:56.172Z,0.98,30-60s,16,0,152,39
2026-01-08T07:31:56.172Z,0.98,60-300s,31,0,1996,324
2026-01-08T07:31:56.172Z,0.98,5-15m,40,0,16739,883
2026-01-08T07:31:56.172Z,0.98,15-60m,15,2,35,6
2026-01-08T07:31:56.172Z,0.985,0-5s,13,2,25,6
2026-01-08T07:31:56.172Z,0.985,5-15s,312,2,677,4
2026-01-08T07:31:56.172Z,0.985,15-30s,20,0,76,21
2026-01-08T07:31:56.172Z,0.985,30-60s,15,0,152,41
2026-01-08T07:31:56.172Z,0.985,60-300s,31,0,1996,329
2026-01-08T07:31:56.172Z,0.985,5-15m,40,0,16739,894
2026-01-08T07:31:56.172Z,0.985,15-60m,15,2,35,6
2026-01-08T07:31:56.172Z,0.99,0-5s,13,2,25,7
2026-01-08T07:31:56.172Z,0.99,5-15s,312,2,677,4
2026-01-08T07:31:56.172Z,0.99,15-30s,18,0,76,24
2026-01-08T07:31:56.172Z,0.99,30-60s,17,0,152,54
2026-01-08T07:31:56.172Z,0.99,60-300s,66,0,12230,703
2026-01-08T07:31:56.172Z,0.99,5-15m,34,0,16739,2174
2026-01-08T07:31:56.172Z,0.99,15-60m,14,0,60,21
2026-01-08T07:31:56.172Z,0.995,0-5s,13,2,25,7
2026-01-08T07:31:56.172Z,0.995,5-15s,494,2,1461,6
2026-01-08T07:31:56.172Z,0.995,15-30s,209,0,4787,25
2026-01-08T07:31:56.172Z,0.995,30-60s,102,0,4679,55
2026-01-08T07:31:56.172Z,0.995,60-300s,76,0,12230,705
2026-01-08T07:31:56.172Z,0.995,5-15m,34,0,16739,2174
2026-01-08T07:31:56.172Z,0.995,15-60m,14,0,60,21
2026-01-08T07:32:56.173Z,0.9,0-5s,10,10,10,1
2026-01-08T07:32:56.173Z,0.9,5-15s,2,2,2,1
2026-01-08T07:32:56.173Z,0.9,15-30s,5,5,5,1
2026-01-08T07:32:56.173Z,0.9,30-60s,7,6,9,3
2026-01-08T07:32:56.173Z,0.9,60-300s,8,1,20,3
2026-01-08T07:32:56.173Z,0.9,5-15m,23,0,43,9
2026-01-08T07:32:56.173Z,0.95,0-5s,8,6,10,2
2026-01-08T07:32:56.173Z,0.95,5-15s,2,2,2,1
2026-01-08T07:32:56.173Z,0.95,15-30s,10,0,49,7
2026-01-08T07:32:56.173Z,0.95,30-60s,6,3,9,5
2026-01-08T07:32:56.173Z,0.95,60-300s,80,0,1996,44
2026-01-08T07:32:56.173Z,0.95,5-15m,85,0,8995,133
2026-01-08T07:32:56.173Z,0.95,15-60m,6,6,6,1
2026-01-08T07:32:56.173Z,0.98,0-5s,13,2,25,6
2026-01-08T07:32:56.173Z,0.98,5-15s,190,2,548,3
2026-01-08T07:32:56.173Z,0.98,15-30s,20,0,76,21
2026-01-08T07:32:56.173Z,0.98,30-60s,16,0,152,39
2026-01-08T07:32:56.173Z,0.98,60-300s,31,0,1996,324
2026-01-08T07:32:56.173Z,0.98,5-15m,40,0,16739,886
2026-01-08T07:32:56.173Z,0.98,15-60m,15,2,35,6
2026-01-08T07:32:56.173Z,0.985,0-5s,13,2,25,6
2026-01-08T07:32:56.173Z,0.985,5-15s,312,2,677,4
2026-01-08T07:32:56.173Z,0.985,15-30s,20,0,76,21
2026-01-08T07:32:56.173Z,0.985,30-60s,15,0,152,41
2026-01-08T07:32:56.173Z,0.985,60-300s,31,0,1996,329
2026-01-08T07:32:56.173Z,0.985,5-15m,40,0,16739,897
2026-01-08T07:32:56.173Z,0.985,15-60m,15,2,35,6
2026-01-08T07:32:56.173Z,0.99,0-5s,13,2,25,7
2026-01-08T07:32:56.173Z,0.99,5-15s,312,2,677,4
2026-01-08T07:32:56.173Z,0.99,15-30s,18,0,76,24
2026-01-08T07:32:56.173Z,0.99,30-60s,17,0,152,54
2026-01-08T07:32:56.173Z,0.99,60-300s,66,0,12230,703
2026-01-08T07:32:56.173Z,0.99,5-15m,34,0,16739,2182
2026-01-08T07:32:56.173Z,0.99,15-60m,14,0,60,21
2026-01-08T07:32:56.173Z,0.995,0-5s,13,2,25,7
2026-01-08T07:32:56.173Z,0.995,5-15s,494,2,1461,6
2026-01-08T07:32:56.173Z,0.995,15-30s,209,0,4787,25
2026-01-08T07:32:56.173Z,0.995,30-60s,102,0,4679,55
2026-01-08T07:32:56.173Z,0.995,60-300s,76,0,12230,705
2026-01-08T07:32:56.173Z,0.995,5-15m,34,0,16739,2182
2026-01-08T07:32:56.173Z,0.995,15-60m,14,0,60,21
2026-01-08T07:33:56.174Z,0.9,0-5s,10,10,10,1
2026-01-08T07:33:56.174Z,0.9,5-15s,2,2,2,1
2026-01-08T07:33:56.174Z,0.9,15-30s,5,5,5,1
2026-01-08T07:33:56.174Z,0.9,30-60s,7,6,9,3
2026-01-08T07:33:56.174Z,0.9,60-300s,8,1,20,3
2026-01-08T07:33:56.174Z,0.9,5-15m,23,0,43,9
2026-01-08T07:33:56.174Z,0.95,0-5s,8,6,10,2
2026-01-08T07:33:56.174Z,0.95,5-15s,2,2,2,1
2026-01-08T07:33:56.174Z,0.95,15-30s,10,0,49,7
2026-01-08T07:33:56.174Z,0.95,30-60s,6,3,9,5
2026-01-08T07:33:56.174Z,0.95,60-300s,80,0,1996,44
2026-01-08T07:33:56.174Z,0.95,5-15m,85,0,8995,133
2026-01-08T07:33:56.174Z,0.95,15-60m,6,6,6,1
2026-01-08T07:33:56.174Z,0.98,0-5s,13,2,25,6
2026-01-08T07:33:56.174Z,0.98,5-15s,190,2,548,3
2026-01-08T07:33:56.174Z,0.98,15-30s,20,0,76,21
2026-01-08T07:33:56.174Z,0.98,30-60s,16,0,152,39
2026-01-08T07:33:56.174Z,0.98,60-300s,31,0,1996,324
2026-01-08T07:33:56.174Z,0.98,5-15m,40,0,16739,890
2026-01-08T07:33:56.174Z,0.98,15-60m,15,2,35,6
2026-01-08T07:33:56.174Z,0.985,0-5s,13,2,25,6
2026-01-08T07:33:56.174Z,0.985,5-15s,312,2,677,4
2026-01-08T07:33:56.174Z,0.985,15-30s,20,0,76,21
2026-01-08T07:33:56.174Z,0.985,30-60s,15,0,152,41
2026-01-08T07:33:56.174Z,0.985,60-300s,31,0,1996,329
2026-01-08T07:33:56.174Z,0.985,5-15m,40,0,16739,901
2026-01-08T07:33:56.174Z,0.985,15-60m,15,2,35,6
2026-01-08T07:33:56.174Z,0.99,0-5s,13,2,25,7
2026-01-08T07:33:56.174Z,0.99,5-15s,312,2,677,4
2026-01-08T07:33:56.174Z,0.99,15-30s,18,0,76,24
2026-01-08T07:33:56.174Z,0.99,30-60s,17,0,152,54
2026-01-08T07:33:56.174Z,0.99,60-300s,66,0,12230,703
2026-01-08T07:33:56.174Z,0.99,5-15m,34,0,16739,2193
2026-01-08T07:33:56.174Z,0.99,15-60m,14,0,60,21
2026-01-08T07:33:56.174Z,0.995,0-5s,13,2,25,7
2026-01-08T07:33:56.174Z,0.995,5-15s,494,2,1461,6
2026-01-08T07:33:56.174Z,0.995,15-30s,209,0,4787,25
2026-01-08T07:33:56.174Z,0.995,30-60s,102,0,4679,55
2026-01-08T07:33:56.174Z,0.995,60-300s,76,0,12230,705
2026-01-08T07:33:56.174Z,0.995,5-15m,34,0,16739,2193
2026-01-08T07:33:56.174Z,0.995,15-60m,14,0,60,21
2026-01-08T07:34:56.174Z,0.9,0-5s,10,10,10,1
2026-01-08T07:34:56.174Z,0.9,5-15s,2,2,2,1
2026-01-08T07:34:56.174Z,0.9,15-30s,5,5,5,1
2026-01-08T07:34:56.174Z,0.9,30-60s,7,6,9,3
2026-01-08T07:34:56.174Z,0.9,60-300s,8,1,20,3
2026-01-08T07:34:56.174Z,0.9,5-15m,23,0,43,9
2026-01-08T07:34:56.174Z,0.95,0-5s,8,6,10,2
2026-01-08T07:34:56.174Z,0.95,5-15s,2,2,2,1
2026-01-08T07:34:56.174Z,0.95,15-30s,10,0,49,7
2026-01-08T07:34:56.174Z,0.95,30-60s,6,3,9,5
2026-01-08T07:34:56.174Z,0.95,60-300s,80,0,1996,44
2026-01-08T07:34:56.174Z,0.95,5-15m,85,0,8995,133
2026-01-08T07:34:56.174Z,0.95,15-60m,6,6,6,1
2026-01-08T07:34:56.174Z,0.98,0-5s,13,2,25,6
2026-01-08T07:34:56.174Z,0.98,5-15s,190,2,548,3
2026-01-08T07:34:56.174Z,0.98,15-30s,20,0,76,21
2026-01-08T07:34:56.174Z,0.98,30-60s,16,0,152,39
2026-01-08T07:34:56.174Z,0.98,60-300s,31,0,1996,324
2026-01-08T07:34:56.174Z,0.98,5-15m,40,0,16739,895
2026-01-08T07:34:56.174Z,0.98,15-60m,15,2,35,6
2026-01-08T07:34:56.174Z,0.985,0-5s,13,2,25,6
2026-01-08T07:34:56.174Z,0.985,5-15s,312,2,677,4
2026-01-08T07:34:56.174Z,0.985,15-30s,20,0,76,21
2026-01-08T07:34:56.174Z,0.985,30-60s,15,0,152,41
2026-01-08T07:34:56.174Z,0.985,60-300s,31,0,1996,329
2026-01-08T07:34:56.174Z,0.985,5-15m,40,0,16739,906
2026-01-08T07:34:56.174Z,0.985,15-60m,15,2,35,6
2026-01-08T07:34:56.174Z,0.99,0-5s,13,2,25,7
2026-01-08T07:34:56.174Z,0.99,5-15s,312,2,677,4
2026-01-08T07:34:56.174Z,0.99,15-30s,18,0,76,24
2026-01-08T07:34:56.174Z,0.99,30-60s,17,0,152,54
2026-01-08T07:34:56.174Z,0.99,60-300s,66,0,12230,703
2026-01-08T07:34:56.174Z,0.99,5-15m,34,0,16739,2203
2026-01-08T07:34:56.174Z,0.99,15-60m,14,0,60,21
2026-01-08T07:34:56.174Z,0.995,0-5s,13,2,25,7
2026-01-08T07:34:56.174Z,0.995,5-15s,494,2,1461,6
2026-01-08T07:34:56.174Z,0.995,15-30s,209,0,4787,25
2026-01-08T07:34:56.174Z,0.995,30-60s,102,0,4679,55
2026-01-08T07:34:56.174Z,0.995,60-300s,76,0,12230,705
2026-01-08T07:34:56.174Z,0.995,5-15m,34,0,16739,2203
2026-01-08T07:34:56.174Z,0.995,15-60m,14,0,60,21
2026-01-08T07:35:56.175Z,0.9,0-5s,10,10,10,1
2026-01-08T07:35:56.175Z,0.9,5-15s,2,2,2,1
2026-01-08T07:35:56.175Z,0.9,15-30s,5,5,5,1
2026-01-08T07:35:56.175Z,0.9,30-60s,7,6,9,3
2026-01-08T07:35:56.175Z,0.9,60-300s,8,1,20,3
2026-01-08T07:35:56.175Z,0.9,5-15m,23,0,43,9
2026-01-08T07:35:56.175Z,0.95,0-5s,8,6,10,2
2026-01-08T07:35:56.175Z,0.95,5-15s,2,2,2,1
2026-01-08T07:35:56.175Z,0.95,15-30s,10,0,49,7
2026-01-08T07:35:56.175Z,0.95,30-60s,6,3,9,5
2026-01-08T07:35:56.175Z,0.95,60-300s,80,0,1996,44
2026-01-08T07:35:56.175Z,0.95,5-15m,84,0,8995,134
2026-01-08T07:35:56.175Z,0.95,15-60m,6,6,6,1
2026-01-08T07:35:56.175Z,0.98,0-5s,13,2,25,6
2026-01-08T07:35:56.175Z,0.98,5-15s,190,2,548,3
2026-01-08T07:35:56.175Z,0.98,15-30s,20,0,76,21
2026-01-08T07:35:56.175Z,0.98,30-60s,16,0,152,39
2026-01-08T07:35:56.175Z,0.98,60-300s,31,0,1996,324
2026-01-08T07:35:56.175Z,0.98,5-15m,40,0,16739,898
2026-01-08T07:35:56.175Z,0.98,15-60m,15,2,35,6
2026-01-08T07:35:56.175Z,0.985,0-5s,13,2,25,6
2026-01-08T07:35:56.175Z,0.985,5-15s,312,2,677,4
2026-01-08T07:35:56.175Z,0.985,15-30s,20,0,76,21
2026-01-08T07:35:56.175Z,0.985,30-60s,15,0,152,41
2026-01-08T07:35:56.175Z,0.985,60-300s,31,0,1996,329
2026-01-08T07:35:56.175Z,0.985,5-15m,40,0,16739,909
2026-01-08T07:35:56.175Z,0.985,15-60m,15,2,35,6
2026-01-08T07:35:56.175Z,0.99,0-5s,13,2,25,7
2026-01-08T07:35:56.175Z,0.99,5-15s,312,2,677,4
2026-01-08T07:35:56.175Z,0.99,15-30s,18,0,76,24
2026-01-08T07:35:56.175Z,0.99,30-60s,17,0,152,54
2026-01-08T07:35:56.175Z,0.99,60-300s,66,0,12230,703
2026-01-08T07:35:56.175Z,0.99,5-15m,34,0,16739,2211
2026-01-08T07:35:56.175Z,0.99,15-60m,14,0,60,21
2026-01-08T07:35:56.175Z,0.995,0-5s,13,2,25,7
2026-01-08T07:35:56.175Z,0.995,5-15s,494,2,1461,6
2026-01-08T07:35:56.175Z,0.995,15-30s,209,0,4787,25
2026-01-08T07:35:56.175Z,0.995,30-60s,102,0,4679,55
2026-01-08T07:35:56.175Z,0.995,60-300s,76,0,12230,705
2026-01-08T07:35:56.175Z,0.995,5-15m,34,0,16739,2211
2026-01-08T07:35:56.175Z,0.995,15-60m,14,0,60,21
2026-01-08T07:36:56.173Z,0.9,0-5s,10,10,10,1
2026-01-08T07:36:56.173Z,0.9,5-15s,2,2,2,1
2026-01-08T07:36:56.173Z,0.9,15-30s,5,5,5,1
2026-01-08T07:36:56.173Z,0.9,30-60s,7,6,9,3
2026-01-08T07:36:56.173Z,0.9,60-300s,8,1,20,3
2026-01-08T07:36:56.173Z,0.9,5-15m,23,0,43,9
2026-01-08T07:36:56.173Z,0.95,0-5s,8,6,10,2
2026-01-08T07:36:56.173Z,0.95,5-15s,2,2,2,1
2026-01-08T07:36:56.173Z,0.95,15-30s,10,0,49,7
2026-01-08T07:36:56.173Z,0.95,30-60s,6,3,9,5
2026-01-08T07:36:56.173Z,0.95,60-300s,80,0,1996,44
2026-01-08T07:36:56.173Z,0.95,5-15m,84,0,8995,135
2026-01-08T07:36:56.173Z,0.95,15-60m,6,6,6,1
2026-01-08T07:36:56.173Z,0.98,0-5s,13,2,25,6
2026-01-08T07:36:56.173Z,0.98,5-15s,190,2,548,3
2026-01-08T07:36:56.173Z,0.98,15-30s,20,0,76,21
2026-01-08T07:36:56.173Z,0.98,30-60s,16,0,152,39
2026-01-08T07:36:56.173Z,0.98,60-300s,31,0,1996,324
2026-01-08T07:36:56.173Z,0.98,5-15m,40,0,16739,902
2026-01-08T07:36:56.173Z,0.98,15-60m,15,2,35,6
2026-01-08T07:36:56.173Z,0.985,0-5s,13,2,25,6
2026-01-08T07:36:56.173Z,0.985,5-15s,312,2,677,4
2026-01-08T07:36:56.173Z,0.985,15-30s,20,0,76,21
2026-01-08T07:36:56.173Z,0.985,30-60s,15,0,152,41
2026-01-08T07:36:56.173Z,0.985,60-300s,31,0,1996,329
2026-01-08T07:36:56.173Z,0.985,5-15m,40,0,16739,913
2026-01-08T07:36:56.173Z,0.985,15-60m,15,2,35,6
2026-01-08T07:36:56.173Z,0.99,0-5s,13,2,25,7
2026-01-08T07:36:56.173Z,0.99,5-15s,312,2,677,4
2026-01-08T07:36:56.173Z,0.99,15-30s,18,0,76,24
2026-01-08T07:36:56.173Z,0.99,30-60s,17,0,152,54
2026-01-08T07:36:56.173Z,0.99,60-300s,66,0,12230,703
2026-01-08T07:36:56.173Z,0.99,5-15m,34,0,16739,2221
2026-01-08T07:36:56.173Z,0.99,15-60m,14,0,60,21
2026-01-08T07:36:56.173Z,0.995,0-5s,13,2,25,7
2026-01-08T07:36:56.173Z,0.995,5-15s,494,2,1461,6
2026-01-08T07:36:56.173Z,0.995,15-30s,209,0,4787,25
2026-01-08T07:36:56.173Z,0.995,30-60s,102,0,4679,55
2026-01-08T07:36:56.173Z,0.995,60-300s,76,0,12230,705
2026-01-08T07:36:56.173Z,0.995,5-15m,34,0,16739,2221
2026-01-08T07:36:56.173Z,0.995,15-60m,14,0,60,21
2026-01-08T07:37:56.173Z,0.9,0-5s,10,10,10,1
2026-01-08T07:37:56.173Z,0.9,5-15s,2,2,2,1
2026-01-08T07:37:56.173Z,0.9,15-30s,5,5,5,1
2026-01-08T07:37:56.173Z,0.9,30-60s,7,6,9,3
2026-01-08T07:37:56.173Z,0.9,60-300s,8,1,20,3
2026-01-08T07:37:56.173Z,0.9,5-15m,23,0,43,9
2026-01-08T07:37:56.173Z,0.95,0-5s,8,6,10,2
2026-01-08T07:37:56.173Z,0.95,5-15s,2,2,2,1
2026-01-08T07:37:56.173Z,0.95,15-30s,10,0,49,7
2026-01-08T07:37:56.173Z,0.95,30-60s,6,3,9,5
2026-01-08T07:37:56.173Z,0.95,60-300s,80,0,1996,44
2026-01-08T07:37:56.173Z,0.95,5-15m,84,0,8995,135
2026-01-08T07:37:56.173Z,0.95,15-60m,6,6,6,1
2026-01-08T07:37:56.173Z,0.98,0-5s,13,2,25,6
2026-01-08T07:37:56.173Z,0.98,5-15s,190,2,548,3
2026-01-08T07:37:56.173Z,0.98,15-30s,20,0,76,21
2026-01-08T07:37:56.173Z,0.98,30-60s,16,0,152,39
2026-01-08T07:37:56.173Z,0.98,60-300s,31,0,1996,324
2026-01-08T07:37:56.173Z,0.98,5-15m,40,0,16739,909
2026-01-08T07:37:56.173Z,0.98,15-60m,15,2,35,6
2026-01-08T07:37:56.173Z,0.985,0-5s,13,2,25,6
2026-01-08T07:37:56.173Z,0.985,5-15s,312,2,677,4
2026-01-08T07:37:56.173Z,0.985,15-30s,20,0,76,21
2026-01-08T07:37:56.173Z,0.985,30-60s,15,0,152,41
2026-01-08T07:37:56.173Z,0.985,60-300s,31,0,1996,329
2026-01-08T07:37:56.173Z,0.985,5-15m,39,0,16739,920
2026-01-08T07:37:56.173Z,0.985,15-60m,15,2,35,6
2026-01-08T07:37:56.173Z,0.99,0-5s,13,2,25,7
2026-01-08T07:37:56.173Z,0.99,5-15s,312,2,677,4
2026-01-08T07:37:56.173Z,0.99,15-30s,18,0,76,24
2026-01-08T07:37:56.173Z,0.99,30-60s,17,0,152,54
2026-01-08T07:37:56.173Z,0.99,60-300s,66,0,12230,703
2026-01-08T07:37:56.173Z,0.99,5-15m,34,0,16739,2236
2026-01-08T07:37:56.173Z,0.99,15-60m,14,0,60,21
2026-01-08T07:37:56.173Z,0.995,0-5s,13,2,25,7
2026-01-08T07:37:56.173Z,0.995,5-15s,494,2,1461,6
2026-01-08T07:37:56.173Z,0.995,15-30s,209,0,4787,25
2026-01-08T07:37:56.173Z,0.995,30-60s,102,0,4679,55
2026-01-08T07:37:56.173Z,0.995,60-300s,76,0,12230,705
2026-01-08T07:37:56.173Z,0.995,5-15m,34,0,16739,2236
2026-01-08T07:37:56.173Z,0.995,15-60m,14,0,60,21
2026-01-08T07:38:56.174Z,0.9,0-5s,10,10,10,1
2026-01-08T07:38:56.174Z,0.9,5-15s,2,2,2,1
2026-01-08T07:38:56.174Z,0.9,15-30s,5,5,5,1
2026-01-08T07:38:56.174Z,0.9,30-60s,7,6,9,3
2026-01-08T07:38:56.174Z,0.9,60-300s,8,1,20,3
2026-01-08T07:38:56.174Z,0.9,5-15m,23,0,43,9
2026-01-08T07:38:56.174Z,0.95,0-5s,8,6,10,2
2026-01-08T07:38:56.174Z,0.95,5-15s,2,2,2,1
2026-01-08T07:38:56.174Z,0.95,15-30s,10,0,49,7
2026-01-08T07:38:56.174Z,0.95,30-60s,6,3,9,5
2026-01-08T07:38:56.174Z,0.95,60-300s,80,0,1996,44
2026-01-08T07:38:56.174Z,0.95,5-15m,83,0,8995,136
2026-01-08T07:38:56.174Z,0.95,15-60m,6,6,6,1
2026-01-08T07:38:56.174Z,0.98,0-5s,13,2,25,6
2026-01-08T07:38:56.174Z,0.98,5-15s,190,2,548,3
2026-01-08T07:38:56.174Z,0.98,15-30s,20,0,76,21
2026-01-08T07:38:56.174Z,0.98,30-60s,16,0,152,39
2026-01-08T07:38:56.174Z,0.98,60-300s,31,0,1996,324
2026-01-08T07:38:56.174Z,0.98,5-15m,39,0,16739,911
2026-01-08T07:38:56.174Z,0.98,15-60m,13,2,35,7
2026-01-08T07:38:56.174Z,0.985,0-5s,13,2,25,6
2026-01-08T07:38:56.174Z,0.985,5-15s,312,2,677,4
2026-01-08T07:38:56.174Z,0.985,15-30s,20,0,76,21
2026-01-08T07:38:56.174Z,0.985,30-60s,15,0,152,41
2026-01-08T07:38:56.174Z,0.985,60-300s,31,0,1996,329
2026-01-08T07:38:56.174Z,0.985,5-15m,39,0,16739,922
2026-01-08T07:38:56.174Z,0.985,15-60m,13,2,35,7
2026-01-08T07:38:56.174Z,0.99,0-5s,13,2,25,7
2026-01-08T07:38:56.174Z,0.99,5-15s,312,2,677,4
2026-01-08T07:38:56.174Z,0.99,15-30s,18,0,76,24
2026-01-08T07:38:56.174Z,0.99,30-60s,17,0,152,54
2026-01-08T07:38:56.174Z,0.99,60-300s,66,0,12230,703
2026-01-08T07:38:56.174Z,0.99,5-15m,33,0,16739,2243
2026-01-08T07:38:56.174Z,0.99,15-60m,13,0,60,22
2026-01-08T07:38:56.174Z,0.995,0-5s,13,2,25,7
2026-01-08T07:38:56.174Z,0.995,5-15s,494,2,1461,6
2026-01-08T07:38:56.174Z,0.995,15-30s,209,0,4787,25
2026-01-08T07:38:56.174Z,0.995,30-60s,102,0,4679,55
2026-01-08T07:38:56.174Z,0.995,60-300s,76,0,12230,705
2026-01-08T07:38:56.174Z,0.995,5-15m,33,0,16739,2243
2026-01-08T07:38:56.174Z,0.995,15-60m,13,0,60,22
2026-01-08T07:39:56.175Z,0.9,0-5s,10,10,10,1
2026-01-08T07:39:56.175Z,0.9,5-15s,2,2,2,1
2026-01-08T07:39:56.175Z,0.9,15-30s,5,5,5,1
2026-01-08T07:39:56.175Z,0.9,30-60s,7,6,9,3
2026-01-08T07:39:56.175Z,0.9,60-300s,8,1,20,3
2026-01-08T07:39:56.175Z,0.9,5-15m,23,0,43,9
2026-01-08T07:39:56.175Z,0.95,0-5s,8,6,10,2
2026-01-08T07:39:56.175Z,0.95,5-15s,2,2,2,1
2026-01-08T07:39:56.175Z,0.95,15-30s,10,0,49,7
2026-01-08T07:39:56.175Z,0.95,30-60s,6,3,9,5
2026-01-08T07:39:56.175Z,0.95,60-300s,80,0,1996,44
2026-01-08T07:39:56.175Z,0.95,5-15m,83,0,8995,137
2026-01-08T07:39:56.175Z,0.95,15-60m,6,6,6,1
2026-01-08T07:39:56.175Z,0.98,0-5s,13,2,25,6
2026-01-08T07:39:56.175Z,0.98,5-15s,190,2,548,3
2026-01-08T07:39:56.175Z,0.98,15-30s,20,0,76,21
2026-01-08T07:39:56.175Z,0.98,30-60s,16,0,152,39
2026-01-08T07:39:56.175Z,0.98,60-300s,31,0,1996,324
2026-01-08T07:39:56.175Z,0.98,5-15m,39,0,16739,919
2026-01-08T07:39:56.175Z,0.98,15-60m,13,2,35,7
2026-01-08T07:39:56.175Z,0.985,0-5s,13,2,25,6
2026-01-08T07:39:56.175Z,0.985,5-15s,312,2,677,4
2026-01-08T07:39:56.175Z,0.985,15-30s,20,0,76,21
2026-01-08T07:39:56.175Z,0.985,30-60s,15,0,152,41
2026-01-08T07:39:56.175Z,0.985,60-300s,31,0,1996,329
2026-01-08T07:39:56.175Z,0.985,5-15m,39,0,16739,930
2026-01-08T07:39:56.175Z,0.985,15-60m,13,2,35,7
2026-01-08T07:39:56.175Z,0.99,0-5s,13,2,25,7
2026-01-08T07:39:56.175Z,0.99,5-15s,312,2,677,4
2026-01-08T07:39:56.175Z,0.99,15-30s,18,0,76,24
2026-01-08T07:39:56.175Z,0.99,30-60s,17,0,152,54
2026-01-08T07:39:56.175Z,0.99,60-300s,66,0,12230,703
2026-01-08T07:39:56.175Z,0.99,5-15m,33,0,16739,2257
2026-01-08T07:39:56.175Z,0.99,15-60m,13,0,60,22
2026-01-08T07:39:56.175Z,0.995,0-5s,13,2,25,7
2026-01-08T07:39:56.175Z,0.995,5-15s,494,2,1461,6
2026-01-08T07:39:56.175Z,0.995,15-30s,209,0,4787,25
2026-01-08T07:39:56.175Z,0.995,30-60s,102,0,4679,55
2026-01-08T07:39:56.175Z,0.995,60-300s,76,0,12230,705
2026-01-08T07:39:56.175Z,0.995,5-15m,33,0,16739,2257
2026-01-08T07:39:56.175Z,0.995,15-60m,13,0,60,22
2026-01-08T07:40:56.174Z,0.9,0-5s,10,10,10,1
2026-01-08T07:40:56.174Z,0.9,5-15s,2,2,2,1
2026-01-08T07:40:56.174Z,0.9,15-30s,5,5,5,1
2026-01-08T07:40:56.174Z,0.9,30-60s,7,6,9,3
2026-01-08T07:40:56.174Z,0.9,60-300s,8,1,20,3
2026-01-08T07:40:56.174Z,0.9,5-15m,23,0,43,9
2026-01-08T07:40:56.174Z,0.95,0-5s,8,6,10,2
2026-01-08T07:40:56.174Z,0.95,5-15s,2,2,2,1
2026-01-08T07:40:56.174Z,0.95,15-30s,10,0,49,7
2026-01-08T07:40:56.174Z,0.95,30-60s,6,3,9,5
2026-01-08T07:40:56.174Z,0.95,60-300s,80,0,1996,44
2026-01-08T07:40:56.174Z,0.95,5-15m,83,0,8995,137
2026-01-08T07:40:56.174Z,0.95,15-60m,6,6,6,1
2026-01-08T07:40:56.174Z,0.98,0-5s,13,2,25,6
2026-01-08T07:40:56.174Z,0.98,5-15s,190,2,548,3
2026-01-08T07:40:56.174Z,0.98,15-30s,20,0,76,21
2026-01-08T07:40:56.174Z,0.98,30-60s,16,0,152,39
2026-01-08T07:40:56.174Z,0.98,60-300s,31,0,1996,327
2026-01-08T07:40:56.174Z,0.98,5-15m,39,0,16739,919
2026-01-08T07:40:56.174Z,0.98,15-60m,13,2,35,7
2026-01-08T07:40:56.174Z,0.985,0-5s,13,2,25,6
2026-01-08T07:40:56.174Z,0.985,5-15s,312,2,677,4
2026-01-08T07:40:56.174Z,0.985,15-30s,20,0,76,21
2026-01-08T07:40:56.174Z,0.985,30-60s,15,0,152,41
2026-01-08T07:40:56.174Z,0.985,60-300s,31,0,1996,332
2026-01-08T07:40:56.174Z,0.985,5-15m,39,0,16739,930
2026-01-08T07:40:56.174Z,0.985,15-60m,13,2,35,7
2026-01-08T07:40:56.174Z,0.99,0-5s,13,2,25,7
2026-01-08T07:40:56.174Z,0.99,5-15s,312,2,677,4
2026-01-08T07:40:56.174Z,0.99,15-30s,18,0,76,24
2026-01-08T07:40:56.174Z,0.99,30-60s,17,0,152,54
2026-01-08T07:40:56.174Z,0.99,60-300s,65,0,12230,709
2026-01-08T07:40:56.174Z,0.99,5-15m,33,0,16739,2257
2026-01-08T07:40:56.174Z,0.99,15-60m,13,0,60,22
2026-01-08T07:40:56.174Z,0.995,0-5s,13,2,25,7
2026-01-08T07:40:56.174Z,0.995,5-15s,494,2,1461,6
2026-01-08T07:40:56.174Z,0.995,15-30s,209,0,4787,25
2026-01-08T07:40:56.174Z,0.995,30-60s,102,0,4679,55
2026-01-08T07:40:56.174Z,0.995,60-300s,75,0,12230,711
2026-01-08T07:40:56.174Z,0.995,5-15m,33,0,16739,2257
2026-01-08T07:40:56.174Z,0.995,15-60m,13,0,60,22
2026-01-08T07:41:56.174Z,0.9,0-5s,10,10,10,1
2026-01-08T07:41:56.174Z,0.9,5-15s,2,2,2,1
2026-01-08T07:41:56.174Z,0.9,15-30s,5,5,5,1
2026-01-08T07:41:56.174Z,0.9,30-60s,7,6,9,3
2026-01-08T07:41:56.174Z,0.9,60-300s,8,1,20,3
2026-01-08T07:41:56.174Z,0.9,5-15m,23,0,43,9
2026-01-08T07:41:56.174Z,0.95,0-5s,8,6,10,2
2026-01-08T07:41:56.174Z,0.95,5-15s,2,2,2,1
2026-01-08T07:41:56.174Z,0.95,15-30s,10,0,49,7
2026-01-08T07:41:56.174Z,0.95,30-60s,6,3,9,5
2026-01-08T07:41:56.174Z,0.95,60-300s,79,0,1996,45
2026-01-08T07:41:56.174Z,0.95,5-15m,83,0,8995,137
2026-01-08T07:41:56.174Z,0.95,15-60m,6,6,6,1
2026-01-08T07:41:56.174Z,0.98,0-5s,13,2,25,6
2026-01-08T07:41:56.174Z,0.98,5-15s,190,2,548,3
2026-01-08T07:41:56.174Z,0.98,15-30s,20,0,76,21
2026-01-08T07:41:56.174Z,0.98,30-60s,16,0,152,39
2026-01-08T07:41:56.174Z,0.98,60-300s,31,0,1996,333
2026-01-08T07:41:56.174Z,0.98,5-15m,39,0,16739,919
2026-01-08T07:41:56.174Z,0.98,15-60m,13,2,35,7
2026-01-08T07:41:56.174Z,0.985,0-5s,13,2,25,6
2026-01-08T07:41:56.174Z,0.985,5-15s,312,2,677,4
2026-01-08T07:41:56.174Z,0.985,15-30s,20,0,76,21
2026-01-08T07:41:56.174Z,0.985,30-60s,15,0,152,41
2026-01-08T07:41:56.174Z,0.985,60-300s,31,0,1996,338
2026-01-08T07:41:56.174Z,0.985,5-15m,39,0,16739,930
2026-01-08T07:41:56.174Z,0.985,15-60m,13,2,35,7
2026-01-08T07:41:56.174Z,0.99,0-5s,13,2,25,7
2026-01-08T07:41:56.174Z,0.99,5-15s,312,2,677,4
2026-01-08T07:41:56.174Z,0.99,15-30s,18,0,76,24
2026-01-08T07:41:56.174Z,0.99,30-60s,17,0,152,54
2026-01-08T07:41:56.174Z,0.99,60-300s,65,0,12230,722
2026-01-08T07:41:56.174Z,0.99,5-15m,33,0,16739,2257
2026-01-08T07:41:56.174Z,0.99,15-60m,13,0,60,22
2026-01-08T07:41:56.174Z,0.995,0-5s,13,2,25,7
2026-01-08T07:41:56.174Z,0.995,5-15s,494,2,1461,6
2026-01-08T07:41:56.174Z,0.995,15-30s,209,0,4787,25
2026-01-08T07:41:56.174Z,0.995,30-60s,102,0,4679,55
2026-01-08T07:41:56.174Z,0.995,60-300s,74,0,12230,724
2026-01-08T07:41:56.174Z,0.995,5-15m,33,0,16739,2257
2026-01-08T07:41:56.174Z,0.995,15-60m,13,0,60,22
2026-01-08T07:42:56.175Z,0.9,0-5s,10,10,10,1
2026-01-08T07:42:56.175Z,0.9,5-15s,2,2,2,1
2026-01-08T07:42:56.175Z,0.9,15-30s,5,5,5,1
2026-01-08T07:42:56.175Z,0.9,30-60s,7,6,9,3
2026-01-08T07:42:56.175Z,0.9,60-300s,15,1,33,4
2026-01-08T07:42:56.175Z,0.9,5-15m,23,0,43,9
2026-01-08T07:42:56.175Z,0.95,0-5s,8,6,10,2
2026-01-08T07:42:56.175Z,0.95,5-15s,2,2,2,1
2026-01-08T07:42:56.175Z,0.95,15-30s,10,0,49,7
2026-01-08T07:42:56.175Z,0.95,30-60s,6,3,9,5
2026-01-08T07:42:56.175Z,0.95,60-300s,76,0,1996,47
2026-01-08T07:42:56.175Z,0.95,5-15m,83,0,8995,137
2026-01-08T07:42:56.175Z,0.95,15-60m,6,6,6,1
2026-01-08T07:42:56.175Z,0.98,0-5s,13,2,25,6
2026-01-08T07:42:56.175Z,0.98,5-15s,190,2,548,3
2026-01-08T07:42:56.175Z,0.98,15-30s,20,0,76,21
2026-01-08T07:42:56.175Z,0.98,30-60s,16,0,152,39
2026-01-08T07:42:56.175Z,0.98,60-300s,30,0,1996,341
2026-01-08T07:42:56.175Z,0.98,5-15m,39,0,16739,919
2026-01-08T07:42:56.175Z,0.98,15-60m,13,2,35,7
2026-01-08T07:42:56.175Z,0.985,0-5s,13,2,25,6
2026-01-08T07:42:56.175Z,0.985,5-15s,312,2,677,4
2026-01-08T07:42:56.175Z,0.985,15-30s,20,0,76,21
2026-01-08T07:42:56.175Z,0.985,30-60s,15,0,152,41
2026-01-08T07:42:56.175Z,0.985,60-300s,31,0,1996,347
2026-01-08T07:42:56.175Z,0.985,5-15m,39,0,16739,930
2026-01-08T07:42:56.175Z,0.985,15-60m,13,2,35,7
2026-01-08T07:42:56.175Z,0.99,0-5s,13,2,25,7
2026-01-08T07:42:56.175Z,0.99,5-15s,312,2,677,4
2026-01-08T07:42:56.175Z,0.99,15-30s,18,0,76,24
2026-01-08T07:42:56.175Z,0.99,30-60s,17,0,152,54
2026-01-08T07:42:56.175Z,0.99,60-300s,64,0,12230,735
2026-01-08T07:42:56.175Z,0.99,5-15m,33,0,16739,2257
2026-01-08T07:42:56.175Z,0.99,15-60m,13,0,60,22
2026-01-08T07:42:56.175Z,0.995,0-5s,13,2,25,7
2026-01-08T07:42:56.175Z,0.995,5-15s,494,2,1461,6
2026-01-08T07:42:56.175Z,0.995,15-30s,209,0,4787,25
2026-01-08T07:42:56.175Z,0.995,30-60s,102,0,4679,55
2026-01-08T07:42:56.175Z,0.995,60-300s,73,0,12230,737
2026-01-08T07:42:56.175Z,0.995,5-15m,33,0,16739,2257
2026-01-08T07:42:56.175Z,0.995,15-60m,13,0,60,22
2026-01-08T07:43:56.176Z,0.9,0-5s,10,10,10,1
2026-01-08T07:43:56.176Z,0.9,5-15s,2,2,2,1
2026-01-08T07:43:56.176Z,0.9,15-30s,5,5,5,1
2026-01-08T07:43:56.176Z,0.9,30-60s,7,6,9,3
2026-01-08T07:43:56.176Z,0.9,60-300s,15,1,33,4
2026-01-08T07:43:56.176Z,0.9,5-15m,23,0,43,9
2026-01-08T07:43:56.176Z,0.95,0-5s,8,6,10,2
2026-01-08T07:43:56.176Z,0.95,5-15s,2,2,2,1
2026-01-08T07:43:56.176Z,0.95,15-30s,10,0,49,7
2026-01-08T07:43:56.176Z,0.95,30-60s,6,3,9,5
2026-01-08T07:43:56.176Z,0.95,60-300s,75,0,1996,48
2026-01-08T07:43:56.176Z,0.95,5-15m,83,0,8995,137
2026-01-08T07:43:56.176Z,0.95,15-60m,6,6,6,1
2026-01-08T07:43:56.176Z,0.98,0-5s,13,2,25,6
2026-01-08T07:43:56.176Z,0.98,5-15s,190,2,548,3
2026-01-08T07:43:56.176Z,0.98,15-30s,20,0,76,21
2026-01-08T07:43:56.176Z,0.98,30-60s,16,0,152,39
2026-01-08T07:43:56.176Z,0.98,60-300s,30,0,1996,345
2026-01-08T07:43:56.176Z,0.98,5-15m,39,0,16739,919
2026-01-08T07:43:56.176Z,0.98,15-60m,13,2,35,7
2026-01-08T07:43:56.176Z,0.985,0-5s,13,2,25,6
2026-01-08T07:43:56.176Z,0.985,5-15s,312,2,677,4
2026-01-08T07:43:56.176Z,0.985,15-30s,20,0,76,21
2026-01-08T07:43:56.176Z,0.985,30-60s,15,0,152,41
2026-01-08T07:43:56.176Z,0.985,60-300s,30,0,1996,351
2026-01-08T07:43:56.176Z,0.985,5-15m,39,0,16739,930
2026-01-08T07:43:56.176Z,0.985,15-60m,13,2,35,7
2026-01-08T07:43:56.176Z,0.99,0-5s,13,2,25,7
2026-01-08T07:43:56.176Z,0.99,5-15s,312,2,677,4
2026-01-08T07:43:56.176Z,0.99,15-30s,18,0,76,24
2026-01-08T07:43:56.176Z,0.99,30-60s,17,0,152,54
2026-01-08T07:43:56.176Z,0.99,60-300s,63,0,12230,746
2026-01-08T07:43:56.176Z,0.99,5-15m,33,0,16739,2257
2026-01-08T07:43:56.176Z,0.99,15-60m,13,0,60,22
2026-01-08T07:43:56.176Z,0.995,0-5s,13,2,25,7
2026-01-08T07:43:56.176Z,0.995,5-15s,494,2,1461,6
2026-01-08T07:43:56.176Z,0.995,15-30s,209,0,4787,25
2026-01-08T07:43:56.176Z,0.995,30-60s,102,0,4679,55
2026-01-08T07:43:56.176Z,0.995,60-300s,73,0,12230,748
2026-01-08T07:43:56.176Z,0.995,5-15m,33,0,16739,2257
2026-01-08T07:43:56.176Z,0.995,15-60m,13,0,60,22
2026-01-08T07:44:56.174Z,0.9,0-5s,10,10,10,1
2026-01-08T07:44:56.174Z,0.9,5-15s,2,2,2,1
2026-01-08T07:44:56.174Z,0.9,15-30s,5,5,5,1
2026-01-08T07:44:56.174Z,0.9,30-60s,7,6,9,3
2026-01-08T07:44:56.174Z,0.9,60-300s,15,1,33,4
2026-01-08T07:44:56.174Z,0.9,5-15m,23,0,43,9
2026-01-08T07:44:56.174Z,0.95,0-5s,8,6,10,2
2026-01-08T07:44:56.174Z,0.95,5-15s,2,2,2,1
2026-01-08T07:44:56.174Z,0.95,15-30s,10,0,49,7
2026-01-08T07:44:56.174Z,0.95,30-60s,6,3,9,5
2026-01-08T07:44:56.174Z,0.95,60-300s,75,0,1996,48
2026-01-08T07:44:56.174Z,0.95,5-15m,83,0,8995,137
2026-01-08T07:44:56.174Z,0.95,15-60m,6,6,6,1
2026-01-08T07:44:56.174Z,0.98,0-5s,13,2,25,6
2026-01-08T07:44:56.174Z,0.98,5-15s,190,2,548,3
2026-01-08T07:44:56.174Z,0.98,15-30s,20,0,76,21
2026-01-08T07:44:56.174Z,0.98,30-60s,16,0,152,39
2026-01-08T07:44:56.174Z,0.98,60-300s,30,0,1996,345
2026-01-08T07:44:56.174Z,0.98,5-15m,39,0,16739,919
2026-01-08T07:44:56.174Z,0.98,15-60m,13,2,35,7
2026-01-08T07:44:56.174Z,0.985,0-5s,13,2,25,6
2026-01-08T07:44:56.174Z,0.985,5-15s,312,2,677,4
2026-01-08T07:44:56.174Z,0.985,15-30s,20,0,76,21
2026-01-08T07:44:56.174Z,0.985,30-60s,15,0,152,41
2026-01-08T07:44:56.174Z,0.985,60-300s,30,0,1996,351
2026-01-08T07:44:56.174Z,0.985,5-15m,39,0,16739,930
2026-01-08T07:44:56.174Z,0.985,15-60m,13,2,35,7
2026-01-08T07:44:56.174Z,0.99,0-5s,13,2,25,7
2026-01-08T07:44:56.174Z,0.99,5-15s,312,2,677,4
2026-01-08T07:44:56.174Z,0.99,15-30s,18,0,76,24
2026-01-08T07:44:56.174Z,0.99,30-60s,17,0,152,54
2026-01-08T07:44:56.174Z,0.99,60-300s,63,0,12230,746
2026-01-08T07:44:56.174Z,0.99,5-15m,33,0,16739,2257
2026-01-08T07:44:56.174Z,0.99,15-60m,13,0,60,22
2026-01-08T07:44:56.174Z,0.995,0-5s,13,2,25,7
2026-01-08T07:44:56.174Z,0.995,5-15s,494,2,1461,6
2026-01-08T07:44:56.174Z,0.995,15-30s,209,0,4787,25
2026-01-08T07:44:56.174Z,0.995,30-60s,102,0,4679,55
2026-01-08T07:44:56.174Z,0.995,60-300s,73,0,12230,748
2026-01-08T07:44:56.174Z,0.995,5-15m,33,0,16739,2257
2026-01-08T07:44:56.174Z,0.995,15-60m,13,0,60,22
2026-01-08T07:45:56.177Z,0.9,0-5s,10,10,10,1
2026-01-08T07:45:56.177Z,0.9,5-15s,2,2,2,1
2026-01-08T07:45:56.177Z,0.9,15-30s,5,5,5,1
2026-01-08T07:45:56.177Z,0.9,30-60s,7,6,9,3
2026-01-08T07:45:56.177Z,0.9,60-300s,15,1,33,4
2026-01-08T07:45:56.177Z,0.9,5-15m,23,0,43,9
2026-01-08T07:45:56.177Z,0.95,0-5s,8,6,10,2
2026-01-08T07:45:56.177Z,0.95,5-15s,2,2,2,1
2026-01-08T07:45:56.177Z,0.95,15-30s,10,0,49,7
2026-01-08T07:45:56.177Z,0.95,30-60s,6,3,9,5
2026-01-08T07:45:56.177Z,0.95,60-300s,75,0,1996,48
2026-01-08T07:45:56.177Z,0.95,5-15m,83,0,8995,137
2026-01-08T07:45:56.177Z,0.95,15-60m,6,6,6,1
2026-01-08T07:45:56.177Z,0.98,0-5s,13,2,25,6
2026-01-08T07:45:56.177Z,0.98,5-15s,190,2,548,3
2026-01-08T07:45:56.177Z,0.98,15-30s,20,0,76,21
2026-01-08T07:45:56.177Z,0.98,30-60s,16,0,152,39
2026-01-08T07:45:56.177Z,0.98,60-300s,30,0,1996,345
2026-01-08T07:45:56.177Z,0.98,5-15m,39,0,16739,920
2026-01-08T07:45:56.177Z,0.98,15-60m,13,2,35,7
2026-01-08T07:45:56.177Z,0.985,0-5s,13,2,25,6
2026-01-08T07:45:56.177Z,0.985,5-15s,312,2,677,4
2026-01-08T07:45:56.177Z,0.985,15-30s,20,0,76,21
2026-01-08T07:45:56.177Z,0.985,30-60s,15,0,152,41
2026-01-08T07:45:56.177Z,0.985,60-300s,30,0,1996,351
2026-01-08T07:45:56.177Z,0.985,5-15m,39,0,16739,931
2026-01-08T07:45:56.177Z,0.985,15-60m,13,2,35,7
2026-01-08T07:45:56.177Z,0.99,0-5s,13,2,25,7
2026-01-08T07:45:56.177Z,0.99,5-15s,312,2,677,4
2026-01-08T07:45:56.177Z,0.99,15-30s,18,0,76,24
2026-01-08T07:45:56.177Z,0.99,30-60s,17,0,152,54
2026-01-08T07:45:56.177Z,0.99,60-300s,63,0,12230,746
2026-01-08T07:45:56.177Z,0.99,5-15m,33,0,16739,2260
2026-01-08T07:45:56.177Z,0.99,15-60m,13,0,60,22
2026-01-08T07:45:56.177Z,0.995,0-5s,13,2,25,7
2026-01-08T07:45:56.177Z,0.995,5-15s,494,2,1461,6
2026-01-08T07:45:56.177Z,0.995,15-30s,209,0,4787,25
2026-01-08T07:45:56.177Z,0.995,30-60s,102,0,4679,55
2026-01-08T07:45:56.177Z,0.995,60-300s,73,0,12230,748
2026-01-08T07:45:56.177Z,0.995,5-15m,33,0,16739,2260
2026-01-08T07:45:56.177Z,0.995,15-60m,13,0,60,22
2026-01-08T07:46:56.176Z,0.9,0-5s,10,10,10,1
2026-01-08T07:46:56.176Z,0.9,5-15s,2,2,2,1
2026-01-08T07:46:56.176Z,0.9,15-30s,5,5,5,1
2026-01-08T07:46:56.176Z,0.9,30-60s,7,6,9,3
2026-01-08T07:46:56.176Z,0.9,60-300s,15,1,33,4
2026-01-08T07:46:56.176Z,0.9,5-15m,23,0,43,9
2026-01-08T07:46:56.176Z,0.95,0-5s,8,6,10,2
2026-01-08T07:46:56.176Z,0.95,5-15s,2,2,2,1
2026-01-08T07:46:56.176Z,0.95,15-30s,10,0,49,7
2026-01-08T07:46:56.176Z,0.95,30-60s,6,3,9,5
2026-01-08T07:46:56.176Z,0.95,60-300s,75,0,1996,48
2026-01-08T07:46:56.176Z,0.95,5-15m,83,0,8995,137
2026-01-08T07:46:56.176Z,0.95,15-60m,6,6,6,1
2026-01-08T07:46:56.176Z,0.98,0-5s,13,2,25,6
2026-01-08T07:46:56.176Z,0.98,5-15s,190,2,548,3
2026-01-08T07:46:56.176Z,0.98,15-30s,20,0,76,21
2026-01-08T07:46:56.176Z,0.98,30-60s,16,0,152,39
2026-01-08T07:46:56.176Z,0.98,60-300s,30,0,1996,345
2026-01-08T07:46:56.176Z,0.98,5-15m,39,0,16739,923
2026-01-08T07:46:56.176Z,0.98,15-60m,13,2,35,7
2026-01-08T07:46:56.176Z,0.985,0-5s,13,2,25,6
2026-01-08T07:46:56.176Z,0.985,5-15s,312,2,677,4
2026-01-08T07:46:56.176Z,0.985,15-30s,20,0,76,21
2026-01-08T07:46:56.176Z,0.985,30-60s,15,0,152,41
2026-01-08T07:46:56.176Z,0.985,60-300s,30,0,1996,351
2026-01-08T07:46:56.176Z,0.985,5-15m,39,0,16739,934
2026-01-08T07:46:56.176Z,0.985,15-60m,13,2,35,7
2026-01-08T07:46:56.176Z,0.99,0-5s,13,2,25,7
2026-01-08T07:46:56.176Z,0.99,5-15s,312,2,677,4
2026-01-08T07:46:56.176Z,0.99,15-30s,18,0,76,24
2026-01-08T07:46:56.176Z,0.99,30-60s,17,0,152,54
2026-01-08T07:46:56.176Z,0.99,60-300s,63,0,12230,746
2026-01-08T07:46:56.176Z,0.99,5-15m,33,0,16739,2267
2026-01-08T07:46:56.176Z,0.99,15-60m,13,0,60,22
2026-01-08T07:46:56.176Z,0.995,0-5s,13,2,25,7
2026-01-08T07:46:56.176Z,0.995,5-15s,494,2,1461,6
2026-01-08T07:46:56.176Z,0.995,15-30s,209,0,4787,25
2026-01-08T07:46:56.176Z,0.995,30-60s,102,0,4679,55
2026-01-08T07:46:56.176Z,0.995,60-300s,73,0,12230,748
2026-01-08T07:46:56.176Z,0.995,5-15m,33,0,16739,2267
2026-01-08T07:46:56.176Z,0.995,15-60m,13,0,60,22
2026-01-08T07:47:56.175Z,0.9,0-5s,10,10,10,1
2026-01-08T07:47:56.175Z,0.9,5-15s,2,2,2,1
2026-01-08T07:47:56.175Z,0.9,15-30s,5,5,5,1
2026-01-08T07:47:56.175Z,0.9,30-60s,7,6,9,3
2026-01-08T07:47:56.175Z,0.9,60-300s,15,1,33,4
2026-01-08T07:47:56.175Z,0.9,5-15m,23,0,43,9
2026-01-08T07:47:56.175Z,0.95,0-5s,8,6,10,2
2026-01-08T07:47:56.175Z,0.95,5-15s,2,2,2,1
2026-01-08T07:47:56.175Z,0.95,15-30s,10,0,49,7
2026-01-08T07:47:56.175Z,0.95,30-60s,6,3,9,5
2026-01-08T07:47:56.175Z,0.95,60-300s,75,0,1996,48
2026-01-08T07:47:56.175Z,0.95,5-15m,83,0,8995,137
2026-01-08T07:47:56.175Z,0.95,15-60m,6,6,6,1
2026-01-08T07:47:56.175Z,0.98,0-5s,13,2,25,6
2026-01-08T07:47:56.175Z,0.98,5-15s,190,2,548,3
2026-01-08T07:47:56.175Z,0.98,15-30s,20,0,76,21
2026-01-08T07:47:56.175Z,0.98,30-60s,16,0,152,39
2026-01-08T07:47:56.175Z,0.98,60-300s,30,0,1996,345
2026-01-08T07:47:56.175Z,0.98,5-15m,39,0,16739,925
2026-01-08T07:47:56.175Z,0.98,15-60m,13,2,35,7
2026-01-08T07:47:56.175Z,0.985,0-5s,13,2,25,6
2026-01-08T07:47:56.175Z,0.985,5-15s,312,2,677,4
2026-01-08T07:47:56.175Z,0.985,15-30s,20,0,76,21
2026-01-08T07:47:56.175Z,0.985,30-60s,15,0,152,41
2026-01-08T07:47:56.175Z,0.985,60-300s,30,0,1996,351
2026-01-08T07:47:56.175Z,0.985,5-15m,39,0,16739,936
2026-01-08T07:47:56.175Z,0.985,15-60m,13,2,35,7
2026-01-08T07:47:56.175Z,0.99,0-5s,13,2,25,7
2026-01-08T07:47:56.175Z,0.99,5-15s,312,2,677,4
2026-01-08T07:47:56.175Z,0.99,15-30s,18,0,76,24
2026-01-08T07:47:56.175Z,0.99,30-60s,17,0,152,54
2026-01-08T07:47:56.175Z,0.99,60-300s,63,0,12230,746
2026-01-08T07:47:56.175Z,0.99,5-15m,33,0,16739,2272
2026-01-08T07:47:56.175Z,0.99,15-60m,13,0,60,22
2026-01-08T07:47:56.175Z,0.995,0-5s,13,2,25,7
2026-01-08T07:47:56.175Z,0.995,5-15s,494,2,1461,6
2026-01-08T07:47:56.175Z,0.995,15-30s,209,0,4787,25
2026-01-08T07:47:56.175Z,0.995,30-60s,102,0,4679,55
2026-01-08T07:47:56.175Z,0.995,60-300s,73,0,12230,748
2026-01-08T07:47:56.175Z,0.995,5-15m,33,0,16739,2272
2026-01-08T07:47:56.175Z,0.995,15-60m,13,0,60,22
2026-01-08T07:48:56.177Z,0.9,0-5s,10,10,10,1
2026-01-08T07:48:56.177Z,0.9,5-15s,2,2,2,1
2026-01-08T07:48:56.177Z,0.9,15-30s,5,5,5,1
2026-01-08T07:48:56.177Z,0.9,30-60s,7,6,9,3
2026-01-08T07:48:56.177Z,0.9,60-300s,15,1,33,4
2026-01-08T07:48:56.177Z,0.9,5-15m,23,0,43,9
2026-01-08T07:48:56.177Z,0.95,0-5s,8,6,10,2
2026-01-08T07:48:56.177Z,0.95,5-15s,2,2,2,1
2026-01-08T07:48:56.177Z,0.95,15-30s,10,0,49,7
2026-01-08T07:48:56.177Z,0.95,30-60s,6,3,9,5
2026-01-08T07:48:56.177Z,0.95,60-300s,75,0,1996,48
2026-01-08T07:48:56.177Z,0.95,5-15m,83,0,8995,137
2026-01-08T07:48:56.177Z,0.95,15-60m,6,6,6,1
2026-01-08T07:48:56.177Z,0.98,0-5s,13,2,25,6
2026-01-08T07:48:56.177Z,0.98,5-15s,190,2,548,3
2026-01-08T07:48:56.177Z,0.98,15-30s,20,0,76,21
2026-01-08T07:48:56.177Z,0.98,30-60s,16,0,152,39
2026-01-08T07:48:56.177Z,0.98,60-300s,30,0,1996,345
2026-01-08T07:48:56.177Z,0.98,5-15m,39,0,16739,928
2026-01-08T07:48:56.177Z,0.98,15-60m,13,2,35,7
2026-01-08T07:48:56.177Z,0.985,0-5s,13,2,25,6
2026-01-08T07:48:56.177Z,0.985,5-15s,312,2,677,4
2026-01-08T07:48:56.177Z,0.985,15-30s,20,0,76,21
2026-01-08T07:48:56.177Z,0.985,30-60s,15,0,152,41
2026-01-08T07:48:56.177Z,0.985,60-300s,30,0,1996,351
2026-01-08T07:48:56.177Z,0.985,5-15m,39,0,16739,939
2026-01-08T07:48:56.177Z,0.985,15-60m,13,2,35,7
2026-01-08T07:48:56.177Z,0.99,0-5s,13,2,25,7
2026-01-08T07:48:56.177Z,0.99,5-15s,312,2,677,4
2026-01-08T07:48:56.177Z,0.99,15-30s,18,0,76,24
2026-01-08T07:48:56.177Z,0.99,30-60s,17,0,152,54
2026-01-08T07:48:56.177Z,0.99,60-300s,63,0,12230,746
2026-01-08T07:48:56.177Z,0.99,5-15m,33,0,16739,2279
2026-01-08T07:48:56.177Z,0.99,15-60m,13,0,60,22
2026-01-08T07:48:56.177Z,0.995,0-5s,13,2,25,7
2026-01-08T07:48:56.177Z,0.995,5-15s,494,2,1461,6
2026-01-08T07:48:56.177Z,0.995,15-30s,209,0,4787,25
2026-01-08T07:48:56.177Z,0.995,30-60s,102,0,4679,55
2026-01-08T07:48:56.177Z,0.995,60-300s,73,0,12230,748
2026-01-08T07:48:56.177Z,0.995,5-15m,33,0,16739,2279
2026-01-08T07:48:56.177Z,0.995,15-60m,13,0,60,22
2026-01-08T07:49:56.176Z,0.9,0-5s,10,10,10,1
2026-01-08T07:49:56.176Z,0.9,5-15s,2,2,2,1
2026-01-08T07:49:56.176Z,0.9,15-30s,5,5,5,1
2026-01-08T07:49:56.176Z,0.9,30-60s,7,6,9,3
2026-01-08T07:49:56.176Z,0.9,60-300s,15,1,33,4
2026-01-08T07:49:56.176Z,0.9,5-15m,23,0,43,9
2026-01-08T07:49:56.176Z,0.95,0-5s,8,6,10,2
2026-01-08T07:49:56.176Z,0.95,5-15s,2,2,2,1
2026-01-08T07:49:56.176Z,0.95,15-30s,10,0,49,7
2026-01-08T07:49:56.176Z,0.95,30-60s,6,3,9,5
2026-01-08T07:49:56.176Z,0.95,60-300s,75,0,1996,48
2026-01-08T07:49:56.176Z,0.95,5-15m,83,0,8995,137
2026-01-08T07:49:56.176Z,0.95,15-60m,6,6,6,1
2026-01-08T07:49:56.176Z,0.98,0-5s,13,2,25,6
2026-01-08T07:49:56.176Z,0.98,5-15s,190,2,548,3
2026-01-08T07:49:56.176Z,0.98,15-30s,20,0,76,21
2026-01-08T07:49:56.176Z,0.98,30-60s,16,0,152,39
2026-01-08T07:49:56.176Z,0.98,60-300s,30,0,1996,345
2026-01-08T07:49:56.176Z,0.98,5-15m,39,0,16739,933
2026-01-08T07:49:56.176Z,0.98,15-60m,13,2,35,7
2026-01-08T07:49:56.176Z,0.985,0-5s,13,2,25,6
2026-01-08T07:49:56.176Z,0.985,5-15s,312,2,677,4
2026-01-08T07:49:56.176Z,0.985,15-30s,20,0,76,21
2026-01-08T07:49:56.176Z,0.985,30-60s,15,0,152,41
2026-01-08T07:49:56.176Z,0.985,60-300s,30,0,1996,351
2026-01-08T07:49:56.176Z,0.985,5-15m,39,0,16739,944
2026-01-08T07:49:56.176Z,0.985,15-60m,13,2,35,7
2026-01-08T07:49:56.176Z,0.99,0-5s,13,2,25,7
2026-01-08T07:49:56.176Z,0.99,5-15s,312,2,677,4
2026-01-08T07:49:56.176Z,0.99,15-30s,18,0,76,24
2026-01-08T07:49:56.176Z,0.99,30-60s,17,0,152,54
2026-01-08T07:49:56.176Z,0.99,60-300s,63,0,12230,746
2026-01-08T07:49:56.176Z,0.99,5-15m,33,0,16739,2285
2026-01-08T07:49:56.176Z,0.99,15-60m,13,0,60,22
2026-01-08T07:49:56.176Z,0.995,0-5s,13,2,25,7
2026-01-08T07:49:56.176Z,0.995,5-15s,494,2,1461,6
2026-01-08T07:49:56.176Z,0.995,15-30s,209,0,4787,25
2026-01-08T07:49:56.176Z,0.995,30-60s,102,0,4679,55
2026-01-08T07:49:56.176Z,0.995,60-300s,73,0,12230,748
2026-01-08T07:49:56.176Z,0.995,5-15m,33,0,16739,2285
2026-01-08T07:49:56.176Z,0.995,15-60m,13,0,60,22
2026-01-08T07:50:56.178Z,0.9,0-5s,10,10,10,1
2026-01-08T07:50:56.178Z,0.9,5-15s,2,2,2,1
2026-01-08T07:50:56.178Z,0.9,15-30s,5,5,5,1
2026-01-08T07:50:56.178Z,0.9,30-60s,7,6,9,3
2026-01-08T07:50:56.178Z,0.9,60-300s,15,1,33,4
2026-01-08T07:50:56.178Z,0.9,5-15m,23,0,43,9
2026-01-08T07:50:56.178Z,0.95,0-5s,8,6,10,2
2026-01-08T07:50:56.178Z,0.95,5-15s,2,2,2,1
2026-01-08T07:50:56.178Z,0.95,15-30s,10,0,49,7
2026-01-08T07:50:56.178Z,0.95,30-60s,6,3,9,5
2026-01-08T07:50:56.178Z,0.95,60-300s,75,0,1996,48
2026-01-08T07:50:56.178Z,0.95,5-15m,83,0,8995,137
2026-01-08T07:50:56.178Z,0.95,15-60m,6,6,6,1
2026-01-08T07:50:56.178Z,0.98,0-5s,13,2,25,6
2026-01-08T07:50:56.178Z,0.98,5-15s,190,2,548,3
2026-01-08T07:50:56.178Z,0.98,15-30s,20,0,76,21
2026-01-08T07:50:56.178Z,0.98,30-60s,16,0,152,39
2026-01-08T07:50:56.178Z,0.98,60-300s,30,0,1996,345
2026-01-08T07:50:56.178Z,0.98,5-15m,39,0,16739,935
2026-01-08T07:50:56.178Z,0.98,15-60m,13,2,35,7
2026-01-08T07:50:56.178Z,0.985,0-5s,13,2,25,6
2026-01-08T07:50:56.178Z,0.985,5-15s,312,2,677,4
2026-01-08T07:50:56.178Z,0.985,15-30s,20,0,76,21
2026-01-08T07:50:56.178Z,0.985,30-60s,15,0,152,41
2026-01-08T07:50:56.178Z,0.985,60-300s,30,0,1996,351
2026-01-08T07:50:56.178Z,0.985,5-15m,39,0,16739,946
2026-01-08T07:50:56.178Z,0.985,15-60m,13,2,35,7
2026-01-08T07:50:56.178Z,0.99,0-5s,13,2,25,7
2026-01-08T07:50:56.178Z,0.99,5-15s,312,2,677,4
2026-01-08T07:50:56.178Z,0.99,15-30s,18,0,76,24
2026-01-08T07:50:56.178Z,0.99,30-60s,17,0,152,54
2026-01-08T07:50:56.178Z,0.99,60-300s,63,0,12230,746
2026-01-08T07:50:56.178Z,0.99,5-15m,33,0,16739,2293
2026-01-08T07:50:56.178Z,0.99,15-60m,13,0,60,22
2026-01-08T07:50:56.178Z,0.995,0-5s,13,2,25,7
2026-01-08T07:50:56.178Z,0.995,5-15s,494,2,1461,6
2026-01-08T07:50:56.178Z,0.995,15-30s,209,0,4787,25
2026-01-08T07:50:56.178Z,0.995,30-60s,102,0,4679,55
2026-01-08T07:50:56.178Z,0.995,60-300s,73,0,12230,748
2026-01-08T07:50:56.178Z,0.995,5-15m,33,0,16739,2293
2026-01-08T07:50:56.178Z,0.995,15-60m,13,0,60,22
2026-01-08T07:51:56.173Z,0.9,0-5s,10,10,10,1
2026-01-08T07:51:56.173Z,0.9,5-15s,2,2,2,1
2026-01-08T07:51:56.173Z,0.9,15-30s,5,5,5,1
2026-01-08T07:51:56.173Z,0.9,30-60s,7,6,9,3
2026-01-08T07:51:56.173Z,0.9,60-300s,15,1,33,4
2026-01-08T07:51:56.173Z,0.9,5-15m,23,0,43,9
2026-01-08T07:51:56.173Z,0.95,0-5s,8,6,10,2
2026-01-08T07:51:56.173Z,0.95,5-15s,2,2,2,1
2026-01-08T07:51:56.173Z,0.95,15-30s,10,0,49,7
2026-01-08T07:51:56.173Z,0.95,30-60s,6,3,9,5
2026-01-08T07:51:56.173Z,0.95,60-300s,75,0,1996,48
2026-01-08T07:51:56.173Z,0.95,5-15m,83,0,8995,137
2026-01-08T07:51:56.173Z,0.95,15-60m,6,6,6,1
2026-01-08T07:51:56.173Z,0.98,0-5s,13,2,25,6
2026-01-08T07:51:56.173Z,0.98,5-15s,190,2,548,3
2026-01-08T07:51:56.173Z,0.98,15-30s,20,0,76,21
2026-01-08T07:51:56.173Z,0.98,30-60s,16,0,152,39
2026-01-08T07:51:56.173Z,0.98,60-300s,30,0,1996,345
2026-01-08T07:51:56.173Z,0.98,5-15m,39,0,16739,938
2026-01-08T07:51:56.173Z,0.98,15-60m,13,2,35,7
2026-01-08T07:51:56.173Z,0.985,0-5s,13,2,25,6
2026-01-08T07:51:56.173Z,0.985,5-15s,312,2,677,4
2026-01-08T07:51:56.173Z,0.985,15-30s,20,0,76,21
2026-01-08T07:51:56.173Z,0.985,30-60s,15,0,152,41
2026-01-08T07:51:56.173Z,0.985,60-300s,30,0,1996,351
2026-01-08T07:51:56.173Z,0.985,5-15m,39,0,16739,949
2026-01-08T07:51:56.173Z,0.985,15-60m,13,2,35,7
2026-01-08T07:51:56.173Z,0.99,0-5s,13,2,25,7
2026-01-08T07:51:56.173Z,0.99,5-15s,312,2,677,4
2026-01-08T07:51:56.173Z,0.99,15-30s,18,0,76,24
2026-01-08T07:51:56.173Z,0.99,30-60s,17,0,152,54
2026-01-08T07:51:56.173Z,0.99,60-300s,63,0,12230,746
2026-01-08T07:51:56.173Z,0.99,5-15m,33,0,16739,2304
2026-01-08T07:51:56.173Z,0.99,15-60m,13,0,60,22
2026-01-08T07:51:56.173Z,0.995,0-5s,13,2,25,7
2026-01-08T07:51:56.173Z,0.995,5-15s,494,2,1461,6
2026-01-08T07:51:56.173Z,0.995,15-30s,209,0,4787,25
2026-01-08T07:51:56.173Z,0.995,30-60s,102,0,4679,55
2026-01-08T07:51:56.173Z,0.995,60-300s,73,0,12230,748
2026-01-08T07:51:56.173Z,0.995,5-15m,33,0,16739,2304
2026-01-08T07:51:56.173Z,0.995,15-60m,13,0,60,22
2026-01-08T07:52:56.176Z,0.9,0-5s,10,10,10,1
2026-01-08T07:52:56.176Z,0.9,5-15s,2,2,2,1
2026-01-08T07:52:56.176Z,0.9,15-30s,5,5,5,1
2026-01-08T07:52:56.176Z,0.9,30-60s,7,6,9,3
2026-01-08T07:52:56.176Z,0.9,60-300s,15,1,33,4
2026-01-08T07:52:56.176Z,0.9,5-15m,23,0,43,9
2026-01-08T07:52:56.176Z,0.95,0-5s,8,6,10,2
2026-01-08T07:52:56.176Z,0.95,5-15s,2,2,2,1
2026-01-08T07:52:56.176Z,0.95,15-30s,10,0,49,7
2026-01-08T07:52:56.176Z,0.95,30-60s,6,3,9,5
2026-01-08T07:52:56.176Z,0.95,60-300s,75,0,1996,48
2026-01-08T07:52:56.176Z,0.95,5-15m,83,0,8995,137
2026-01-08T07:52:56.176Z,0.95,15-60m,6,6,6,1
2026-01-08T07:52:56.176Z,0.98,0-5s,13,2,25,6
2026-01-08T07:52:56.176Z,0.98,5-15s,190,2,548,3
2026-01-08T07:52:56.176Z,0.98,15-30s,20,0,76,21
2026-01-08T07:52:56.176Z,0.98,30-60s,16,0,152,39
2026-01-08T07:52:56.176Z,0.98,60-300s,30,0,1996,345
2026-01-08T07:52:56.176Z,0.98,5-15m,39,0,16739,940
2026-01-08T07:52:56.176Z,0.98,15-60m,13,2,35,7
2026-01-08T07:52:56.176Z,0.985,0-5s,13,2,25,6
2026-01-08T07:52:56.176Z,0.985,5-15s,312,2,677,4
2026-01-08T07:52:56.176Z,0.985,15-30s,20,0,76,21
2026-01-08T07:52:56.176Z,0.985,30-60s,15,0,152,41
2026-01-08T07:52:56.176Z,0.985,60-300s,30,0,1996,351
2026-01-08T07:52:56.176Z,0.985,5-15m,39,0,16739,951
2026-01-08T07:52:56.176Z,0.985,15-60m,13,2,35,7
2026-01-08T07:52:56.176Z,0.99,0-5s,13,2,25,7
2026-01-08T07:52:56.176Z,0.99,5-15s,312,2,677,4
2026-01-08T07:52:56.176Z,0.99,15-30s,18,0,76,24
2026-01-08T07:52:56.176Z,0.99,30-60s,17,0,152,54
2026-01-08T07:52:56.176Z,0.99,60-300s,63,0,12230,746
2026-01-08T07:52:56.176Z,0.99,5-15m,33,0,16739,2306
2026-01-08T07:52:56.176Z,0.99,15-60m,13,0,60,22
2026-01-08T07:52:56.176Z,0.995,0-5s,13,2,25,7
2026-01-08T07:52:56.176Z,0.995,5-15s,494,2,1461,6
2026-01-08T07:52:56.176Z,0.995,15-30s,209,0,4787,25
2026-01-08T07:52:56.176Z,0.995,30-60s,102,0,4679,55
2026-01-08T07:52:56.176Z,0.995,60-300s,73,0,12230,748
2026-01-08T07:52:56.176Z,0.995,5-15m,33,0,16739,2306
2026-01-08T07:52:56.176Z,0.995,15-60m,13,0,60,22
2026-01-08T07:53:56.175Z,0.9,0-5s,10,10,10,1
2026-01-08T07:53:56.175Z,0.9,5-15s,2,2,2,1
2026-01-08T07:53:56.175Z,0.9,15-30s,5,5,5,1
2026-01-08T07:53:56.175Z,0.9,30-60s,7,6,9,3
2026-01-08T07:53:56.175Z,0.9,60-300s,15,1,33,4
2026-01-08T07:53:56.175Z,0.9,5-15m,23,0,43,9
2026-01-08T07:53:56.175Z,0.95,0-5s,8,6,10,2
2026-01-08T07:53:56.175Z,0.95,5-15s,2,2,2,1
2026-01-08T07:53:56.175Z,0.95,15-30s,10,0,49,7
2026-01-08T07:53:56.175Z,0.95,30-60s,6,3,9,5
2026-01-08T07:53:56.175Z,0.95,60-300s,75,0,1996,48
2026-01-08T07:53:56.175Z,0.95,5-15m,83,0,8995,137
2026-01-08T07:53:56.175Z,0.95,15-60m,6,6,6,1
2026-01-08T07:53:56.175Z,0.98,0-5s,13,2,25,6
2026-01-08T07:53:56.175Z,0.98,5-15s,190,2,548,3
2026-01-08T07:53:56.175Z,0.98,15-30s,20,0,76,21
2026-01-08T07:53:56.175Z,0.98,30-60s,16,0,152,39
2026-01-08T07:53:56.175Z,0.98,60-300s,30,0,1996,345
2026-01-08T07:53:56.175Z,0.98,5-15m,39,0,16739,944
2026-01-08T07:53:56.175Z,0.98,15-60m,13,2,35,7
2026-01-08T07:53:56.175Z,0.985,0-5s,13,2,25,6
2026-01-08T07:53:56.175Z,0.985,5-15s,312,2,677,4
2026-01-08T07:53:56.175Z,0.985,15-30s,20,0,76,21
2026-01-08T07:53:56.175Z,0.985,30-60s,15,0,152,41
2026-01-08T07:53:56.175Z,0.985,60-300s,30,0,1996,351
2026-01-08T07:53:56.175Z,0.985,5-15m,39,0,16739,955
2026-01-08T07:53:56.175Z,0.985,15-60m,13,2,35,7
2026-01-08T07:53:56.175Z,0.99,0-5s,13,2,25,7
2026-01-08T07:53:56.175Z,0.99,5-15s,312,2,677,4
2026-01-08T07:53:56.175Z,0.99,15-30s,18,0,76,24
2026-01-08T07:53:56.175Z,0.99,30-60s,17,0,152,54
2026-01-08T07:53:56.175Z,0.99,60-300s,63,0,12230,746
2026-01-08T07:53:56.175Z,0.99,5-15m,33,0,16739,2318
2026-01-08T07:53:56.175Z,0.99,15-60m,13,0,60,22
2026-01-08T07:53:56.175Z,0.995,0-5s,13,2,25,7
2026-01-08T07:53:56.175Z,0.995,5-15s,494,2,1461,6
2026-01-08T07:53:56.175Z,0.995,15-30s,209,0,4787,25
2026-01-08T07:53:56.175Z,0.995,30-60s,102,0,4679,55
2026-01-08T07:53:56.175Z,0.995,60-300s,73,0,12230,748
2026-01-08T07:53:56.175Z,0.995,5-15m,33,0,16739,2318
2026-01-08T07:53:56.175Z,0.995,15-60m,13,0,60,22
2026-01-08T07:54:56.175Z,0.9,0-5s,10,10,10,1
2026-01-08T07:54:56.175Z,0.9,5-15s,2,2,2,1
2026-01-08T07:54:56.175Z,0.9,15-30s,5,5,5,1
2026-01-08T07:54:56.175Z,0.9,30-60s,7,6,9,3
2026-01-08T07:54:56.175Z,0.9,60-300s,15,1,33,4
2026-01-08T07:54:56.175Z,0.9,5-15m,23,0,43,9
2026-01-08T07:54:56.175Z,0.95,0-5s,8,6,10,2
2026-01-08T07:54:56.175Z,0.95,5-15s,2,2,2,1
2026-01-08T07:54:56.175Z,0.95,15-30s,10,0,49,7
2026-01-08T07:54:56.175Z,0.95,30-60s,6,3,9,5
2026-01-08T07:54:56.175Z,0.95,60-300s,75,0,1996,48
2026-01-08T07:54:56.175Z,0.95,5-15m,83,0,8995,137
2026-01-08T07:54:56.175Z,0.95,15-60m,6,6,6,1
2026-01-08T07:54:56.175Z,0.98,0-5s,13,2,25,6
2026-01-08T07:54:56.175Z,0.98,5-15s,190,2,548,3
2026-01-08T07:54:56.175Z,0.98,15-30s,20,0,76,21
2026-01-08T07:54:56.175Z,0.98,30-60s,16,0,152,39
2026-01-08T07:54:56.175Z,0.98,60-300s,30,0,1996,345
2026-01-08T07:54:56.175Z,0.98,5-15m,39,0,16739,946
2026-01-08T07:54:56.175Z,0.98,15-60m,13,2,35,7
2026-01-08T07:54:56.175Z,0.985,0-5s,13,2,25,6
2026-01-08T07:54:56.175Z,0.985,5-15s,312,2,677,4
2026-01-08T07:54:56.175Z,0.985,15-30s,20,0,76,21
2026-01-08T07:54:56.175Z,0.985,30-60s,15,0,152,41
2026-01-08T07:54:56.175Z,0.985,60-300s,30,0,1996,351
2026-01-08T07:54:56.175Z,0.985,5-15m,39,0,16739,957
2026-01-08T07:54:56.175Z,0.985,15-60m,13,2,35,7
2026-01-08T07:54:56.175Z,0.99,0-5s,13,2,25,7
2026-01-08T07:54:56.175Z,0.99,5-15s,312,2,677,4
2026-01-08T07:54:56.175Z,0.99,15-30s,18,0,76,24
2026-01-08T07:54:56.175Z,0.99,30-60s,17,0,152,54
2026-01-08T07:54:56.175Z,0.99,60-300s,63,0,12230,746
2026-01-08T07:54:56.175Z,0.99,5-15m,33,0,16739,2326
2026-01-08T07:54:56.175Z,0.99,15-60m,13,0,60,22
2026-01-08T07:54:56.175Z,0.995,0-5s,13,2,25,7
2026-01-08T07:54:56.175Z,0.995,5-15s,494,2,1461,6
2026-01-08T07:54:56.175Z,0.995,15-30s,209,0,4787,25
2026-01-08T07:54:56.175Z,0.995,30-60s,102,0,4679,55
2026-01-08T07:54:56.175Z,0.995,60-300s,73,0,12230,748
2026-01-08T07:54:56.175Z,0.995,5-15m,33,0,16739,2326
2026-01-08T07:54:56.175Z,0.995,15-60m,13,0,60,22
2026-01-08T07:55:56.178Z,0.9,0-5s,10,10,10,1
2026-01-08T07:55:56.178Z,0.9,5-15s,2,2,2,1
2026-01-08T07:55:56.178Z,0.9,15-30s,5,5,5,1
2026-01-08T07:55:56.178Z,0.9,30-60s,7,6,9,3
2026-01-08T07:55:56.178Z,0.9,60-300s,15,1,33,4
2026-01-08T07:55:56.178Z,0.9,5-15m,23,0,43,9
2026-01-08T07:55:56.178Z,0.95,0-5s,8,6,10,2
2026-01-08T07:55:56.178Z,0.95,5-15s,2,2,2,1
2026-01-08T07:55:56.178Z,0.95,15-30s,10,0,49,7
2026-01-08T07:55:56.178Z,0.95,30-60s,6,3,9,5
2026-01-08T07:55:56.178Z,0.95,60-300s,72,0,1996,50
2026-01-08T07:55:56.178Z,0.95,5-15m,83,0,8995,137
2026-01-08T07:55:56.178Z,0.95,15-60m,6,6,6,1
2026-01-08T07:55:56.178Z,0.98,0-5s,13,2,25,6
2026-01-08T07:55:56.178Z,0.98,5-15s,190,2,548,3
2026-01-08T07:55:56.178Z,0.98,15-30s,20,0,76,21
2026-01-08T07:55:56.178Z,0.98,30-60s,16,0,152,39
2026-01-08T07:55:56.178Z,0.98,60-300s,30,0,1996,356
2026-01-08T07:55:56.178Z,0.98,5-15m,39,0,16739,946
2026-01-08T07:55:56.178Z,0.98,15-60m,13,2,35,7
2026-01-08T07:55:56.178Z,0.985,0-5s,13,2,25,6
2026-01-08T07:55:56.178Z,0.985,5-15s,312,2,677,4
2026-01-08T07:55:56.178Z,0.985,15-30s,20,0,76,21
2026-01-08T07:55:56.178Z,0.985,30-60s,15,0,152,41
2026-01-08T07:55:56.178Z,0.985,60-300s,30,0,1996,362
2026-01-08T07:55:56.178Z,0.985,5-15m,39,0,16739,957
2026-01-08T07:55:56.178Z,0.985,15-60m,13,2,35,7
2026-01-08T07:55:56.178Z,0.99,0-5s,13,2,25,7
2026-01-08T07:55:56.178Z,0.99,5-15s,312,2,677,4
2026-01-08T07:55:56.178Z,0.99,15-30s,18,0,76,24
2026-01-08T07:55:56.178Z,0.99,30-60s,17,0,152,54
2026-01-08T07:55:56.178Z,0.99,60-300s,61,0,12230,778
2026-01-08T07:55:56.178Z,0.99,5-15m,33,0,16739,2327
2026-01-08T07:55:56.178Z,0.99,15-60m,13,0,60,22
2026-01-08T07:55:56.178Z,0.995,0-5s,13,2,25,7
2026-01-08T07:55:56.178Z,0.995,5-15s,494,2,1461,6
2026-01-08T07:55:56.178Z,0.995,15-30s,209,0,4787,25
2026-01-08T07:55:56.178Z,0.995,30-60s,102,0,4679,55
2026-01-08T07:55:56.178Z,0.995,60-300s,70,0,12230,780
2026-01-08T07:55:56.178Z,0.995,5-15m,33,0,16739,2327
2026-01-08T07:55:56.178Z,0.995,15-60m,13,0,60,22
2026-01-08T07:56:56.175Z,0.9,0-5s,10,10,10,1
2026-01-08T07:56:56.175Z,0.9,5-15s,2,2,2,1
2026-01-08T07:56:56.175Z,0.9,15-30s,5,5,5,1
2026-01-08T07:56:56.175Z,0.9,30-60s,7,6,9,3
2026-01-08T07:56:56.175Z,0.9,60-300s,15,1,33,4
2026-01-08T07:56:56.175Z,0.9,5-15m,23,0,43,9
2026-01-08T07:56:56.175Z,0.95,0-5s,8,6,10,2
2026-01-08T07:56:56.175Z,0.95,5-15s,2,2,2,1
2026-01-08T07:56:56.175Z,0.95,15-30s,10,0,49,7
2026-01-08T07:56:56.175Z,0.95,30-60s,6,3,9,5
2026-01-08T07:56:56.175Z,0.95,60-300s,69,0,1996,52
2026-01-08T07:56:56.175Z,0.95,5-15m,83,0,8995,137
2026-01-08T07:56:56.175Z,0.95,15-60m,6,6,6,1
2026-01-08T07:56:56.175Z,0.98,0-5s,13,2,25,6
2026-01-08T07:56:56.175Z,0.98,5-15s,190,2,548,3
2026-01-08T07:56:56.175Z,0.98,15-30s,20,0,76,21
2026-01-08T07:56:56.175Z,0.98,30-60s,16,0,152,39
2026-01-08T07:56:56.175Z,0.98,60-300s,30,0,1996,361
2026-01-08T07:56:56.175Z,0.98,5-15m,39,0,16739,946
2026-01-08T07:56:56.175Z,0.98,15-60m,13,2,35,7
2026-01-08T07:56:56.175Z,0.985,0-5s,13,2,25,6
2026-01-08T07:56:56.175Z,0.985,5-15s,312,2,677,4
2026-01-08T07:56:56.175Z,0.985,15-30s,20,0,76,21
2026-01-08T07:56:56.175Z,0.985,30-60s,15,0,152,41
2026-01-08T07:56:56.175Z,0.985,60-300s,30,0,1996,367
2026-01-08T07:56:56.175Z,0.985,5-15m,39,0,16739,957
2026-01-08T07:56:56.175Z,0.985,15-60m,13,2,35,7
2026-01-08T07:56:56.175Z,0.99,0-5s,13,2,25,7
2026-01-08T07:56:56.175Z,0.99,5-15s,312,2,677,4
2026-01-08T07:56:56.175Z,0.99,15-30s,18,0,76,24
2026-01-08T07:56:56.175Z,0.99,30-60s,17,0,152,54
2026-01-08T07:56:56.175Z,0.99,60-300s,60,0,12230,792
2026-01-08T07:56:56.175Z,0.99,5-15m,33,0,16739,2327
2026-01-08T07:56:56.175Z,0.99,15-60m,13,0,60,22
2026-01-08T07:56:56.175Z,0.995,0-5s,13,2,25,7
2026-01-08T07:56:56.175Z,0.995,5-15s,494,2,1461,6
2026-01-08T07:56:56.175Z,0.995,15-30s,209,0,4787,25
2026-01-08T07:56:56.175Z,0.995,30-60s,102,0,4679,55
2026-01-08T07:56:56.175Z,0.995,60-300s,69,0,12230,794
2026-01-08T07:56:56.175Z,0.995,5-15m,33,0,16739,2327
2026-01-08T07:56:56.175Z,0.995,15-60m,13,0,60,22
2026-01-08T07:57:56.173Z,0.9,0-5s,10,10,10,1
2026-01-08T07:57:56.173Z,0.9,5-15s,2,2,2,1
2026-01-08T07:57:56.173Z,0.9,15-30s,5,5,5,1
2026-01-08T07:57:56.173Z,0.9,30-60s,7,6,9,3
2026-01-08T07:57:56.173Z,0.9,60-300s,15,1,33,4
2026-01-08T07:57:56.173Z,0.9,5-15m,23,0,43,9
2026-01-08T07:57:56.173Z,0.95,0-5s,8,6,10,2
2026-01-08T07:57:56.173Z,0.95,5-15s,2,2,2,1
2026-01-08T07:57:56.173Z,0.95,15-30s,10,0,49,7
2026-01-08T07:57:56.173Z,0.95,30-60s,6,3,9,5
2026-01-08T07:57:56.173Z,0.95,60-300s,69,0,1996,52
2026-01-08T07:57:56.173Z,0.95,5-15m,83,0,8995,137
2026-01-08T07:57:56.173Z,0.95,15-60m,6,6,6,1
2026-01-08T07:57:56.173Z,0.98,0-5s,13,2,25,6
2026-01-08T07:57:56.173Z,0.98,5-15s,190,2,548,3
2026-01-08T07:57:56.173Z,0.98,15-30s,20,0,76,21
2026-01-08T07:57:56.173Z,0.98,30-60s,16,0,152,39
2026-01-08T07:57:56.173Z,0.98,60-300s,29,0,1996,365
2026-01-08T07:57:56.173Z,0.98,5-15m,39,0,16739,946
2026-01-08T07:57:56.173Z,0.98,15-60m,13,2,35,7
2026-01-08T07:57:56.173Z,0.985,0-5s,13,2,25,6
2026-01-08T07:57:56.173Z,0.985,5-15s,312,2,677,4
2026-01-08T07:57:56.173Z,0.985,15-30s,20,0,76,21
2026-01-08T07:57:56.173Z,0.985,30-60s,15,0,152,41
2026-01-08T07:57:56.173Z,0.985,60-300s,30,0,1996,371
2026-01-08T07:57:56.173Z,0.985,5-15m,39,0,16739,957
2026-01-08T07:57:56.173Z,0.985,15-60m,13,2,35,7
2026-01-08T07:57:56.173Z,0.99,0-5s,13,2,25,7
2026-01-08T07:57:56.173Z,0.99,5-15s,312,2,677,4
2026-01-08T07:57:56.173Z,0.99,15-30s,18,0,76,24
2026-01-08T07:57:56.173Z,0.99,30-60s,17,0,152,54
2026-01-08T07:57:56.173Z,0.99,60-300s,60,0,12230,800
2026-01-08T07:57:56.173Z,0.99,5-15m,33,0,16739,2327
2026-01-08T07:57:56.173Z,0.99,15-60m,13,0,60,22
2026-01-08T07:57:56.173Z,0.995,0-5s,13,2,25,7
2026-01-08T07:57:56.173Z,0.995,5-15s,494,2,1461,6
2026-01-08T07:57:56.173Z,0.995,15-30s,209,0,4787,25
2026-01-08T07:57:56.173Z,0.995,30-60s,102,0,4679,55
2026-01-08T07:57:56.173Z,0.995,60-300s,69,0,12230,802
2026-01-08T07:57:56.173Z,0.995,5-15m,33,0,16739,2327
2026-01-08T07:57:56.173Z,0.995,15-60m,13,0,60,22
2026-01-08T07:58:56.174Z,0.9,0-5s,10,10,10,1
2026-01-08T07:58:56.174Z,0.9,5-15s,2,2,2,1
2026-01-08T07:58:56.174Z,0.9,15-30s,5,5,5,1
2026-01-08T07:58:56.174Z,0.9,30-60s,7,6,9,3
2026-01-08T07:58:56.174Z,0.9,60-300s,15,1,33,4
2026-01-08T07:58:56.174Z,0.9,5-15m,23,0,43,9
2026-01-08T07:58:56.174Z,0.95,0-5s,8,6,10,2
2026-01-08T07:58:56.174Z,0.95,5-15s,2,2,2,1
2026-01-08T07:58:56.174Z,0.95,15-30s,10,0,49,7
2026-01-08T07:58:56.174Z,0.95,30-60s,6,3,9,5
2026-01-08T07:58:56.174Z,0.95,60-300s,68,0,1996,53
2026-01-08T07:58:56.174Z,0.95,5-15m,83,0,8995,137
2026-01-08T07:58:56.174Z,0.95,15-60m,6,6,6,1
2026-01-08T07:58:56.174Z,0.98,0-5s,13,2,25,6
2026-01-08T07:58:56.174Z,0.98,5-15s,190,2,548,3
2026-01-08T07:58:56.174Z,0.98,15-30s,20,0,76,21
2026-01-08T07:58:56.174Z,0.98,30-60s,16,0,152,39
2026-01-08T07:58:56.174Z,0.98,60-300s,29,0,1996,366
2026-01-08T07:58:56.174Z,0.98,5-15m,39,0,16739,946
2026-01-08T07:58:56.174Z,0.98,15-60m,13,2,35,7
2026-01-08T07:58:56.174Z,0.985,0-5s,13,2,25,6
2026-01-08T07:58:56.174Z,0.985,5-15s,312,2,677,4
2026-01-08T07:58:56.174Z,0.985,15-30s,20,0,76,21
2026-01-08T07:58:56.174Z,0.985,30-60s,15,0,152,41
2026-01-08T07:58:56.174Z,0.985,60-300s,29,0,1996,372
2026-01-08T07:58:56.174Z,0.985,5-15m,39,0,16739,957
2026-01-08T07:58:56.174Z,0.985,15-60m,13,2,35,7
2026-01-08T07:58:56.174Z,0.99,0-5s,13,2,25,7
2026-01-08T07:58:56.174Z,0.99,5-15s,312,2,677,4
2026-01-08T07:58:56.174Z,0.99,15-30s,18,0,76,24
2026-01-08T07:58:56.174Z,0.99,30-60s,17,0,152,54
2026-01-08T07:58:56.174Z,0.99,60-300s,60,0,12230,802
2026-01-08T07:58:56.174Z,0.99,5-15m,33,0,16739,2327
2026-01-08T07:58:56.174Z,0.99,15-60m,13,0,60,23
2026-01-08T07:58:56.174Z,0.995,0-5s,13,2,25,7
2026-01-08T07:58:56.174Z,0.995,5-15s,494,2,1461,6
2026-01-08T07:58:56.174Z,0.995,15-30s,209,0,4787,25
2026-01-08T07:58:56.174Z,0.995,30-60s,102,0,4679,55
2026-01-08T07:58:56.174Z,0.995,60-300s,69,0,12230,804
2026-01-08T07:58:56.174Z,0.995,5-15m,33,0,16739,2327
2026-01-08T07:58:56.174Z,0.995,15-60m,13,0,60,23
2026-01-08T07:59:56.175Z,0.9,0-5s,10,10,10,1
2026-01-08T07:59:56.175Z,0.9,5-15s,2,2,2,1
2026-01-08T07:59:56.175Z,0.9,15-30s,5,5,5,1
2026-01-08T07:59:56.175Z,0.9,30-60s,7,6,9,3
2026-01-08T07:59:56.175Z,0.9,60-300s,15,1,33,4
2026-01-08T07:59:56.175Z,0.9,5-15m,23,0,43,9
2026-01-08T07:59:56.175Z,0.95,0-5s,8,6,10,2
2026-01-08T07:59:56.175Z,0.95,5-15s,2,2,2,1
2026-01-08T07:59:56.175Z,0.95,15-30s,10,0,49,7
2026-01-08T07:59:56.175Z,0.95,30-60s,6,3,9,5
2026-01-08T07:59:56.175Z,0.95,60-300s,68,0,1996,53
2026-01-08T07:59:56.175Z,0.95,5-15m,83,0,8995,137
2026-01-08T07:59:56.175Z,0.95,15-60m,6,6,6,1
2026-01-08T07:59:56.175Z,0.98,0-5s,13,2,25,6
2026-01-08T07:59:56.175Z,0.98,5-15s,190,2,548,3
2026-01-08T07:59:56.175Z,0.98,15-30s,20,0,76,21
2026-01-08T07:59:56.175Z,0.98,30-60s,16,0,152,39
2026-01-08T07:59:56.175Z,0.98,60-300s,29,0,1996,367
2026-01-08T07:59:56.175Z,0.98,5-15m,39,0,16739,946
2026-01-08T07:59:56.175Z,0.98,15-60m,13,2,35,7
2026-01-08T07:59:56.175Z,0.985,0-5s,13,2,25,6
2026-01-08T07:59:56.175Z,0.985,5-15s,312,2,677,4
2026-01-08T07:59:56.175Z,0.985,15-30s,20,0,76,21
2026-01-08T07:59:56.175Z,0.985,30-60s,15,0,152,41
2026-01-08T07:59:56.175Z,0.985,60-300s,29,0,1996,373
2026-01-08T07:59:56.175Z,0.985,5-15m,39,0,16739,957
2026-01-08T07:59:56.175Z,0.985,15-60m,13,2,35,7
2026-01-08T07:59:56.175Z,0.99,0-5s,13,2,25,7
2026-01-08T07:59:56.175Z,0.99,5-15s,312,2,677,4
2026-01-08T07:59:56.175Z,0.99,15-30s,18,0,76,24
2026-01-08T07:59:56.175Z,0.99,30-60s,17,0,152,54
2026-01-08T07:59:56.175Z,0.99,60-300s,60,0,12230,803
2026-01-08T07:59:56.175Z,0.99,5-15m,33,0,16739,2327
2026-01-08T07:59:56.175Z,0.99,15-60m,13,0,60,23
2026-01-08T07:59:56.175Z,0.995,0-5s,13,2,25,7
2026-01-08T07:59:56.175Z,0.995,5-15s,494,2,1461,6
2026-01-08T07:59:56.175Z,0.995,15-30s,209,0,4787,25
2026-01-08T07:59:56.175Z,0.995,30-60s,102,0,4679,55
2026-01-08T07:59:56.175Z,0.995,60-300s,69,0,12230,805
2026-01-08T07:59:56.175Z,0.995,5-15m,33,0,16739,2327
2026-01-08T07:59:56.175Z,0.995,15-60m,13,0,60,23
2026-01-08T08:00:56.175Z,0.9,0-5s,10,10,10,1
2026-01-08T08:00:56.175Z,0.9,5-15s,2,2,2,1
2026-01-08T08:00:56.175Z,0.9,15-30s,5,5,5,1
2026-01-08T08:00:56.175Z,0.9,30-60s,7,6,9,3
2026-01-08T08:00:56.175Z,0.9,60-300s,15,1,33,4
2026-01-08T08:00:56.175Z,0.9,5-15m,23,0,43,9
2026-01-08T08:00:56.175Z,0.95,0-5s,8,6,10,2
2026-01-08T08:00:56.175Z,0.95,5-15s,2,2,2,1
2026-01-08T08:00:56.175Z,0.95,15-30s,10,0,49,7
2026-01-08T08:00:56.175Z,0.95,30-60s,6,3,9,5
2026-01-08T08:00:56.175Z,0.95,60-300s,68,0,1996,53
2026-01-08T08:00:56.175Z,0.95,5-15m,83,0,8995,137
2026-01-08T08:00:56.175Z,0.95,15-60m,6,6,6,1
2026-01-08T08:00:56.175Z,0.98,0-5s,13,2,25,6
2026-01-08T08:00:56.175Z,0.98,5-15s,190,2,548,3
2026-01-08T08:00:56.175Z,0.98,15-30s,20,0,76,21
2026-01-08T08:00:56.175Z,0.98,30-60s,16,0,152,39
2026-01-08T08:00:56.175Z,0.98,60-300s,29,0,1996,367
2026-01-08T08:00:56.175Z,0.98,5-15m,39,0,16739,948
2026-01-08T08:00:56.175Z,0.98,15-60m,13,2,35,7
2026-01-08T08:00:56.175Z,0.985,0-5s,13,2,25,6
2026-01-08T08:00:56.175Z,0.985,5-15s,312,2,677,4
2026-01-08T08:00:56.175Z,0.985,15-30s,20,0,76,21
2026-01-08T08:00:56.175Z,0.985,30-60s,15,0,152,41
2026-01-08T08:00:56.175Z,0.985,60-300s,29,0,1996,373
2026-01-08T08:00:56.175Z,0.985,5-15m,39,0,16739,959
2026-01-08T08:00:56.175Z,0.985,15-60m,13,2,35,7
2026-01-08T08:00:56.175Z,0.99,0-5s,13,2,25,7
2026-01-08T08:00:56.175Z,0.99,5-15s,312,2,677,4
2026-01-08T08:00:56.175Z,0.99,15-30s,18,0,76,24
2026-01-08T08:00:56.175Z,0.99,30-60s,17,0,152,54
2026-01-08T08:00:56.175Z,0.99,60-300s,60,0,12230,803
2026-01-08T08:00:56.175Z,0.99,5-15m,33,0,16739,2332
2026-01-08T08:00:56.175Z,0.99,15-60m,13,0,60,23
2026-01-08T08:00:56.175Z,0.995,0-5s,31,2,155,8
2026-01-08T08:00:56.175Z,0.995,5-15s,494,2,1461,6
2026-01-08T08:00:56.175Z,0.995,15-30s,209,0,4787,25
2026-01-08T08:00:56.175Z,0.995,30-60s,102,0,4679,55
2026-01-08T08:00:56.175Z,0.995,60-300s,69,0,12230,805
2026-01-08T08:00:56.175Z,0.995,5-15m,33,0,16739,2332
2026-01-08T08:00:56.175Z,0.995,15-60m,13,0,60,23
2026-01-08T08:01:56.175Z,0.9,0-5s,10,10,10,1
2026-01-08T08:01:56.175Z,0.9,5-15s,2,2,2,1
2026-01-08T08:01:56.175Z,0.9,15-30s,5,5,5,1
2026-01-08T08:01:56.175Z,0.9,30-60s,7,6,9,3
2026-01-08T08:01:56.175Z,0.9,60-300s,15,1,33,4
2026-01-08T08:01:56.175Z,0.9,5-15m,23,0,43,9
2026-01-08T08:01:56.175Z,0.95,0-5s,8,6,10,2
2026-01-08T08:01:56.175Z,0.95,5-15s,2,2,2,1
2026-01-08T08:01:56.175Z,0.95,15-30s,10,0,49,7
2026-01-08T08:01:56.175Z,0.95,30-60s,6,3,9,5
2026-01-08T08:01:56.175Z,0.95,60-300s,68,0,1996,53
2026-01-08T08:01:56.175Z,0.95,5-15m,83,0,8995,137
2026-01-08T08:01:56.175Z,0.95,15-60m,6,6,6,1
2026-01-08T08:01:56.175Z,0.98,0-5s,13,2,25,6
2026-01-08T08:01:56.175Z,0.98,5-15s,190,2,548,3
2026-01-08T08:01:56.175Z,0.98,15-30s,20,0,76,21
2026-01-08T08:01:56.175Z,0.98,30-60s,16,0,152,39
2026-01-08T08:01:56.175Z,0.98,60-300s,29,0,1996,367
2026-01-08T08:01:56.175Z,0.98,5-15m,39,0,16739,950
2026-01-08T08:01:56.175Z,0.98,15-60m,13,2,35,7
2026-01-08T08:01:56.175Z,0.985,0-5s,13,2,25,6
2026-01-08T08:01:56.175Z,0.985,5-15s,312,2,677,4
2026-01-08T08:01:56.175Z,0.985,15-30s,20,0,76,21
2026-01-08T08:01:56.175Z,0.985,30-60s,15,0,152,41
2026-01-08T08:01:56.175Z,0.985,60-300s,29,0,1996,373
2026-01-08T08:01:56.175Z,0.985,5-15m,39,0,16739,961
2026-01-08T08:01:56.175Z,0.985,15-60m,13,2,35,7
2026-01-08T08:01:56.175Z,0.99,0-5s,13,2,25,7
2026-01-08T08:01:56.175Z,0.99,5-15s,312,2,677,4
2026-01-08T08:01:56.175Z,0.99,15-30s,18,0,76,24
2026-01-08T08:01:56.175Z,0.99,30-60s,17,0,152,54
2026-01-08T08:01:56.175Z,0.99,60-300s,60,0,12230,803
2026-01-08T08:01:56.175Z,0.99,5-15m,33,0,16739,2340
2026-01-08T08:01:56.175Z,0.99,15-60m,13,0,60,23
2026-01-08T08:01:56.175Z,0.995,0-5s,31,2,155,8
2026-01-08T08:01:56.175Z,0.995,5-15s,494,2,1461,6
2026-01-08T08:01:56.175Z,0.995,15-30s,209,0,4787,25
2026-01-08T08:01:56.175Z,0.995,30-60s,102,0,4679,55
2026-01-08T08:01:56.175Z,0.995,60-300s,69,0,12230,805
2026-01-08T08:01:56.175Z,0.995,5-15m,33,0,16739,2340
2026-01-08T08:01:56.175Z,0.995,15-60m,13,0,60,23
2026-01-08T08:02:56.175Z,0.9,0-5s,10,10,10,1
2026-01-08T08:02:56.175Z,0.9,5-15s,2,2,2,1
2026-01-08T08:02:56.175Z,0.9,15-30s,5,5,5,1
2026-01-08T08:02:56.175Z,0.9,30-60s,7,6,9,3
2026-01-08T08:02:56.175Z,0.9,60-300s,15,1,33,4
2026-01-08T08:02:56.175Z,0.9,5-15m,23,0,43,9
2026-01-08T08:02:56.175Z,0.95,0-5s,8,6,10,2
2026-01-08T08:02:56.175Z,0.95,5-15s,2,2,2,1
2026-01-08T08:02:56.175Z,0.95,15-30s,10,0,49,7
2026-01-08T08:02:56.175Z,0.95,30-60s,6,3,9,5
2026-01-08T08:02:56.175Z,0.95,60-300s,68,0,1996,53
2026-01-08T08:02:56.175Z,0.95,5-15m,83,0,8995,137
2026-01-08T08:02:56.175Z,0.95,15-60m,6,6,6,1
2026-01-08T08:02:56.175Z,0.98,0-5s,13,2,25,6
2026-01-08T08:02:56.175Z,0.98,5-15s,190,2,548,3
2026-01-08T08:02:56.175Z,0.98,15-30s,20,0,76,21
2026-01-08T08:02:56.175Z,0.98,30-60s,16,0,152,39
2026-01-08T08:02:56.175Z,0.98,60-300s,29,0,1996,367
2026-01-08T08:02:56.175Z,0.98,5-15m,39,0,16739,959
2026-01-08T08:02:56.175Z,0.98,15-60m,13,2,35,7
2026-01-08T08:02:56.175Z,0.985,0-5s,13,2,25,6
2026-01-08T08:02:56.175Z,0.985,5-15s,312,2,677,4
2026-01-08T08:02:56.175Z,0.985,15-30s,20,0,76,21
2026-01-08T08:02:56.175Z,0.985,30-60s,15,0,152,41
2026-01-08T08:02:56.175Z,0.985,60-300s,29,0,1996,373
2026-01-08T08:02:56.175Z,0.985,5-15m,39,0,16739,970
2026-01-08T08:02:56.175Z,0.985,15-60m,13,2,35,7
2026-01-08T08:02:56.175Z,0.99,0-5s,13,2,25,7
2026-01-08T08:02:56.175Z,0.99,5-15s,312,2,677,4
2026-01-08T08:02:56.175Z,0.99,15-30s,18,0,76,24
2026-01-08T08:02:56.175Z,0.99,30-60s,17,0,152,54
2026-01-08T08:02:56.175Z,0.99,60-300s,60,0,12230,803
2026-01-08T08:02:56.175Z,0.99,5-15m,33,0,16739,2354
2026-01-08T08:02:56.175Z,0.99,15-60m,13,0,60,23
2026-01-08T08:02:56.175Z,0.995,0-5s,31,2,155,8
2026-01-08T08:02:56.175Z,0.995,5-15s,494,2,1461,6
2026-01-08T08:02:56.175Z,0.995,15-30s,209,0,4787,25
2026-01-08T08:02:56.175Z,0.995,30-60s,102,0,4679,55
2026-01-08T08:02:56.175Z,0.995,60-300s,69,0,12230,805
2026-01-08T08:02:56.175Z,0.995,5-15m,33,0,16739,2354
2026-01-08T08:02:56.175Z,0.995,15-60m,13,0,60,23
2026-01-08T08:03:56.174Z,0.9,0-5s,10,10,10,1
2026-01-08T08:03:56.174Z,0.9,5-15s,2,2,2,1
2026-01-08T08:03:56.174Z,0.9,15-30s,5,5,5,1
2026-01-08T08:03:56.174Z,0.9,30-60s,7,6,9,3
2026-01-08T08:03:56.174Z,0.9,60-300s,15,1,33,4
2026-01-08T08:03:56.174Z,0.9,5-15m,23,0,43,9
2026-01-08T08:03:56.174Z,0.95,0-5s,8,6,10,2
2026-01-08T08:03:56.174Z,0.95,5-15s,2,2,2,1
2026-01-08T08:03:56.174Z,0.95,15-30s,10,0,49,7
2026-01-08T08:03:56.174Z,0.95,30-60s,6,3,9,5
2026-01-08T08:03:56.174Z,0.95,60-300s,68,0,1996,53
2026-01-08T08:03:56.174Z,0.95,5-15m,82,0,8995,138
2026-01-08T08:03:56.174Z,0.95,15-60m,6,6,6,1
2026-01-08T08:03:56.174Z,0.98,0-5s,13,2,25,6
2026-01-08T08:03:56.174Z,0.98,5-15s,190,2,548,3
2026-01-08T08:03:56.174Z,0.98,15-30s,20,0,76,21
2026-01-08T08:03:56.174Z,0.98,30-60s,16,0,152,39
2026-01-08T08:03:56.174Z,0.98,60-300s,29,0,1996,367
2026-01-08T08:03:56.174Z,0.98,5-15m,39,0,16739,964
2026-01-08T08:03:56.174Z,0.98,15-60m,13,2,35,7
2026-01-08T08:03:56.174Z,0.985,0-5s,13,2,25,6
2026-01-08T08:03:56.174Z,0.985,5-15s,312,2,677,4
2026-01-08T08:03:56.174Z,0.985,15-30s,20,0,76,21
2026-01-08T08:03:56.174Z,0.985,30-60s,15,0,152,41
2026-01-08T08:03:56.174Z,0.985,60-300s,29,0,1996,373
2026-01-08T08:03:56.174Z,0.985,5-15m,39,0,16739,975
2026-01-08T08:03:56.174Z,0.985,15-60m,13,2,35,7
2026-01-08T08:03:56.174Z,0.99,0-5s,13,2,25,7
2026-01-08T08:03:56.174Z,0.99,5-15s,312,2,677,4
2026-01-08T08:03:56.174Z,0.99,15-30s,18,0,76,24
2026-01-08T08:03:56.174Z,0.99,30-60s,17,0,152,54
2026-01-08T08:03:56.174Z,0.99,60-300s,60,0,12230,803
2026-01-08T08:03:56.174Z,0.99,5-15m,33,0,16739,2366
2026-01-08T08:03:56.174Z,0.99,15-60m,13,0,60,23
2026-01-08T08:03:56.174Z,0.995,0-5s,31,2,155,8
2026-01-08T08:03:56.174Z,0.995,5-15s,494,2,1461,6
2026-01-08T08:03:56.174Z,0.995,15-30s,209,0,4787,25
2026-01-08T08:03:56.174Z,0.995,30-60s,102,0,4679,55
2026-01-08T08:03:56.174Z,0.995,60-300s,69,0,12230,805
2026-01-08T08:03:56.174Z,0.995,5-15m,33,0,16739,2366
2026-01-08T08:03:56.174Z,0.995,15-60m,13,0,60,23
2026-01-08T08:04:56.175Z,0.9,0-5s,10,10,10,1
2026-01-08T08:04:56.175Z,0.9,5-15s,2,2,2,1
2026-01-08T08:04:56.175Z,0.9,15-30s,5,5,5,1
2026-01-08T08:04:56.175Z,0.9,30-60s,7,6,9,3
2026-01-08T08:04:56.175Z,0.9,60-300s,15,1,33,4
2026-01-08T08:04:56.175Z,0.9,5-15m,23,0,43,9
2026-01-08T08:04:56.175Z,0.95,0-5s,8,6,10,2
2026-01-08T08:04:56.175Z,0.95,5-15s,2,2,2,1
2026-01-08T08:04:56.175Z,0.95,15-30s,10,0,49,7
2026-01-08T08:04:56.175Z,0.95,30-60s,6,3,9,5
2026-01-08T08:04:56.175Z,0.95,60-300s,68,0,1996,53
2026-01-08T08:04:56.175Z,0.95,5-15m,82,0,8995,138
2026-01-08T08:04:56.175Z,0.95,15-60m,6,6,6,1
2026-01-08T08:04:56.175Z,0.98,0-5s,13,2,25,6
2026-01-08T08:04:56.175Z,0.98,5-15s,190,2,548,3
2026-01-08T08:04:56.175Z,0.98,15-30s,20,0,76,21
2026-01-08T08:04:56.175Z,0.98,30-60s,16,0,152,39
2026-01-08T08:04:56.175Z,0.98,60-300s,29,0,1996,367
2026-01-08T08:04:56.175Z,0.98,5-15m,39,0,16739,966
2026-01-08T08:04:56.175Z,0.98,15-60m,13,2,35,7
2026-01-08T08:04:56.175Z,0.985,0-5s,13,2,25,6
2026-01-08T08:04:56.175Z,0.985,5-15s,312,2,677,4
2026-01-08T08:04:56.175Z,0.985,15-30s,20,0,76,21
2026-01-08T08:04:56.175Z,0.985,30-60s,15,0,152,41
2026-01-08T08:04:56.175Z,0.985,60-300s,29,0,1996,373
2026-01-08T08:04:56.175Z,0.985,5-15m,39,0,16739,977
2026-01-08T08:04:56.175Z,0.985,15-60m,13,2,35,7
2026-01-08T08:04:56.175Z,0.99,0-5s,13,2,25,7
2026-01-08T08:04:56.175Z,0.99,5-15s,312,2,677,4
2026-01-08T08:04:56.175Z,0.99,15-30s,18,0,76,24
2026-01-08T08:04:56.175Z,0.99,30-60s,17,0,152,54
2026-01-08T08:04:56.175Z,0.99,60-300s,60,0,12230,803
2026-01-08T08:04:56.175Z,0.99,5-15m,33,0,16739,2370
2026-01-08T08:04:56.175Z,0.99,15-60m,13,0,60,23
2026-01-08T08:04:56.175Z,0.995,0-5s,31,2,155,8
2026-01-08T08:04:56.175Z,0.995,5-15s,494,2,1461,6
2026-01-08T08:04:56.175Z,0.995,15-30s,209,0,4787,25
2026-01-08T08:04:56.175Z,0.995,30-60s,102,0,4679,55
2026-01-08T08:04:56.175Z,0.995,60-300s,69,0,12230,805
2026-01-08T08:04:56.175Z,0.995,5-15m,33,0,16739,2370
2026-01-08T08:04:56.175Z,0.995,15-60m,13,0,60,23
2026-01-08T08:05:56.172Z,0.9,0-5s,10,10,10,1
2026-01-08T08:05:56.172Z,0.9,5-15s,2,2,2,1
2026-01-08T08:05:56.172Z,0.9,15-30s,5,5,5,1
2026-01-08T08:05:56.172Z,0.9,30-60s,7,6,9,3
2026-01-08T08:05:56.172Z,0.9,60-300s,15,1,33,4
2026-01-08T08:05:56.172Z,0.9,5-15m,23,0,43,9
2026-01-08T08:05:56.172Z,0.95,0-5s,8,6,10,2
2026-01-08T08:05:56.172Z,0.95,5-15s,2,2,2,1
2026-01-08T08:05:56.172Z,0.95,15-30s,10,0,49,7
2026-01-08T08:05:56.172Z,0.95,30-60s,6,3,9,5
2026-01-08T08:05:56.172Z,0.95,60-300s,68,0,1996,53
2026-01-08T08:05:56.172Z,0.95,5-15m,82,0,8995,139
2026-01-08T08:05:56.172Z,0.95,15-60m,6,6,6,1
2026-01-08T08:05:56.172Z,0.98,0-5s,13,2,25,6
2026-01-08T08:05:56.172Z,0.98,5-15s,190,2,548,3
2026-01-08T08:05:56.172Z,0.98,15-30s,20,0,76,21
2026-01-08T08:05:56.172Z,0.98,30-60s,16,0,152,39
2026-01-08T08:05:56.172Z,0.98,60-300s,29,0,1996,367
2026-01-08T08:05:56.172Z,0.98,5-15m,39,0,16739,971
2026-01-08T08:05:56.172Z,0.98,15-60m,13,2,35,7
2026-01-08T08:05:56.172Z,0.985,0-5s,13,2,25,6
2026-01-08T08:05:56.172Z,0.985,5-15s,312,2,677,4
2026-01-08T08:05:56.172Z,0.985,15-30s,20,0,76,21
2026-01-08T08:05:56.172Z,0.985,30-60s,15,0,152,41
2026-01-08T08:05:56.172Z,0.985,60-300s,29,0,1996,373
2026-01-08T08:05:56.172Z,0.985,5-15m,39,0,16739,982
2026-01-08T08:05:56.172Z,0.985,15-60m,13,2,35,7
2026-01-08T08:05:56.172Z,0.99,0-5s,13,2,25,7
2026-01-08T08:05:56.172Z,0.99,5-15s,312,2,677,4
2026-01-08T08:05:56.172Z,0.99,15-30s,18,0,76,24
2026-01-08T08:05:56.172Z,0.99,30-60s,17,0,152,54
2026-01-08T08:05:56.172Z,0.99,60-300s,60,0,12230,803
2026-01-08T08:05:56.172Z,0.99,5-15m,33,0,16739,2383
2026-01-08T08:05:56.172Z,0.99,15-60m,13,0,60,23
2026-01-08T08:05:56.172Z,0.995,0-5s,31,2,155,8
2026-01-08T08:05:56.172Z,0.995,5-15s,494,2,1461,6
2026-01-08T08:05:56.172Z,0.995,15-30s,209,0,4787,25
2026-01-08T08:05:56.172Z,0.995,30-60s,102,0,4679,55
2026-01-08T08:05:56.172Z,0.995,60-300s,69,0,12230,805
2026-01-08T08:05:56.172Z,0.995,5-15m,33,0,16739,2383
2026-01-08T08:05:56.172Z,0.995,15-60m,13,0,60,23
2026-01-08T08:06:56.174Z,0.9,0-5s,10,10,10,1
2026-01-08T08:06:56.174Z,0.9,5-15s,2,2,2,1
2026-01-08T08:06:56.174Z,0.9,15-30s,5,5,5,1
2026-01-08T08:06:56.174Z,0.9,30-60s,7,6,9,3
2026-01-08T08:06:56.174Z,0.9,60-300s,15,1,33,4
2026-01-08T08:06:56.174Z,0.9,5-15m,23,0,43,9
2026-01-08T08:06:56.174Z,0.95,0-5s,8,6,10,2
2026-01-08T08:06:56.174Z,0.95,5-15s,2,2,2,1
2026-01-08T08:06:56.174Z,0.95,15-30s,10,0,49,7
2026-01-08T08:06:56.174Z,0.95,30-60s,6,3,9,5
2026-01-08T08:06:56.174Z,0.95,60-300s,68,0,1996,53
2026-01-08T08:06:56.174Z,0.95,5-15m,82,0,8995,139
2026-01-08T08:06:56.174Z,0.95,15-60m,6,6,6,1
2026-01-08T08:06:56.174Z,0.98,0-5s,13,2,25,6
2026-01-08T08:06:56.174Z,0.98,5-15s,190,2,548,3
2026-01-08T08:06:56.174Z,0.98,15-30s,20,0,76,21
2026-01-08T08:06:56.174Z,0.98,30-60s,16,0,152,39
2026-01-08T08:06:56.174Z,0.98,60-300s,29,0,1996,367
2026-01-08T08:06:56.174Z,0.98,5-15m,39,0,16739,972
2026-01-08T08:06:56.174Z,0.98,15-60m,13,2,35,7
2026-01-08T08:06:56.174Z,0.985,0-5s,13,2,25,6
2026-01-08T08:06:56.174Z,0.985,5-15s,312,2,677,4
2026-01-08T08:06:56.174Z,0.985,15-30s,20,0,76,21
2026-01-08T08:06:56.174Z,0.985,30-60s,15,0,152,41
2026-01-08T08:06:56.174Z,0.985,60-300s,29,0,1996,373
2026-01-08T08:06:56.174Z,0.985,5-15m,39,0,16739,983
2026-01-08T08:06:56.174Z,0.985,15-60m,13,2,35,7
2026-01-08T08:06:56.174Z,0.99,0-5s,13,2,25,7
2026-01-08T08:06:56.174Z,0.99,5-15s,312,2,677,4
2026-01-08T08:06:56.174Z,0.99,15-30s,18,0,76,24
2026-01-08T08:06:56.174Z,0.99,30-60s,17,0,152,54
2026-01-08T08:06:56.174Z,0.99,60-300s,60,0,12230,803
2026-01-08T08:06:56.174Z,0.99,5-15m,33,0,16739,2389
2026-01-08T08:06:56.174Z,0.99,15-60m,13,0,60,23
2026-01-08T08:06:56.174Z,0.995,0-5s,31,2,155,8
2026-01-08T08:06:56.174Z,0.995,5-15s,494,2,1461,6
2026-01-08T08:06:56.174Z,0.995,15-30s,209,0,4787,25
2026-01-08T08:06:56.174Z,0.995,30-60s,102,0,4679,55
2026-01-08T08:06:56.174Z,0.995,60-300s,69,0,12230,805
2026-01-08T08:06:56.174Z,0.995,5-15m,33,0,16739,2389
2026-01-08T08:06:56.174Z,0.995,15-60m,13,0,60,23
2026-01-08T08:07:56.175Z,0.9,0-5s,10,10,10,1
2026-01-08T08:07:56.175Z,0.9,5-15s,2,2,2,1
2026-01-08T08:07:56.175Z,0.9,15-30s,5,5,5,1
2026-01-08T08:07:56.175Z,0.9,30-60s,7,6,9,3
2026-01-08T08:07:56.175Z,0.9,60-300s,15,1,33,4
2026-01-08T08:07:56.175Z,0.9,5-15m,23,0,43,9
2026-01-08T08:07:56.175Z,0.95,0-5s,8,6,10,2
2026-01-08T08:07:56.175Z,0.95,5-15s,2,2,2,1
2026-01-08T08:07:56.175Z,0.95,15-30s,10,0,49,7
2026-01-08T08:07:56.175Z,0.95,30-60s,6,3,9,5
2026-01-08T08:07:56.175Z,0.95,60-300s,68,0,1996,53
2026-01-08T08:07:56.175Z,0.95,5-15m,82,0,8995,139
2026-01-08T08:07:56.175Z,0.95,15-60m,6,6,6,1
2026-01-08T08:07:56.175Z,0.98,0-5s,13,2,25,6
2026-01-08T08:07:56.175Z,0.98,5-15s,190,2,548,3
2026-01-08T08:07:56.175Z,0.98,15-30s,20,0,76,21
2026-01-08T08:07:56.175Z,0.98,30-60s,16,0,152,39
2026-01-08T08:07:56.175Z,0.98,60-300s,29,0,1996,367
2026-01-08T08:07:56.175Z,0.98,5-15m,39,0,16739,976
2026-01-08T08:07:56.175Z,0.98,15-60m,13,2,35,7
2026-01-08T08:07:56.175Z,0.985,0-5s,13,2,25,6
2026-01-08T08:07:56.175Z,0.985,5-15s,312,2,677,4
2026-01-08T08:07:56.175Z,0.985,15-30s,20,0,76,21
2026-01-08T08:07:56.175Z,0.985,30-60s,15,0,152,41
2026-01-08T08:07:56.175Z,0.985,60-300s,29,0,1996,373
2026-01-08T08:07:56.175Z,0.985,5-15m,38,0,16739,987
2026-01-08T08:07:56.175Z,0.985,15-60m,13,2,35,7
2026-01-08T08:07:56.175Z,0.99,0-5s,13,2,25,7
2026-01-08T08:07:56.175Z,0.99,5-15s,312,2,677,4
2026-01-08T08:07:56.175Z,0.99,15-30s,18,0,76,24
2026-01-08T08:07:56.175Z,0.99,30-60s,17,0,152,54
2026-01-08T08:07:56.175Z,0.99,60-300s,60,0,12230,803
2026-01-08T08:07:56.175Z,0.99,5-15m,33,0,16739,2400
2026-01-08T08:07:56.175Z,0.99,15-60m,13,0,60,23
2026-01-08T08:07:56.175Z,0.995,0-5s,31,2,155,8
2026-01-08T08:07:56.175Z,0.995,5-15s,494,2,1461,6
2026-01-08T08:07:56.175Z,0.995,15-30s,209,0,4787,25
2026-01-08T08:07:56.175Z,0.995,30-60s,102,0,4679,55
2026-01-08T08:07:56.175Z,0.995,60-300s,69,0,12230,805
2026-01-08T08:07:56.175Z,0.995,5-15m,33,0,16739,2400
2026-01-08T08:07:56.175Z,0.995,15-60m,13,0,60,23
2026-01-08T08:08:56.175Z,0.9,0-5s,10,10,10,1
2026-01-08T08:08:56.175Z,0.9,5-15s,2,2,2,1
2026-01-08T08:08:56.175Z,0.9,15-30s,5,5,5,1
2026-01-08T08:08:56.175Z,0.9,30-60s,7,6,9,3
2026-01-08T08:08:56.175Z,0.9,60-300s,15,1,33,4
2026-01-08T08:08:56.175Z,0.9,5-15m,23,0,43,9
2026-01-08T08:08:56.175Z,0.95,0-5s,8,6,10,2
2026-01-08T08:08:56.175Z,0.95,5-15s,2,2,2,1
2026-01-08T08:08:56.175Z,0.95,15-30s,10,0,49,7
2026-01-08T08:08:56.175Z,0.95,30-60s,6,3,9,5
2026-01-08T08:08:56.175Z,0.95,60-300s,68,0,1996,53
2026-01-08T08:08:56.175Z,0.95,5-15m,82,0,8995,139
2026-01-08T08:08:56.175Z,0.95,15-60m,6,6,6,1
2026-01-08T08:08:56.175Z,0.98,0-5s,13,2,25,6
2026-01-08T08:08:56.175Z,0.98,5-15s,190,2,548,3
2026-01-08T08:08:56.175Z,0.98,15-30s,20,0,76,21
2026-01-08T08:08:56.175Z,0.98,30-60s,16,0,152,39
2026-01-08T08:08:56.175Z,0.98,60-300s,29,0,1996,367
2026-01-08T08:08:56.175Z,0.98,5-15m,39,0,16739,977
2026-01-08T08:08:56.175Z,0.98,15-60m,13,2,35,7
2026-01-08T08:08:56.175Z,0.985,0-5s,13,2,25,6
2026-01-08T08:08:56.175Z,0.985,5-15s,312,2,677,4
2026-01-08T08:08:56.175Z,0.985,15-30s,20,0,76,21
2026-01-08T08:08:56.175Z,0.985,30-60s,15,0,152,41
2026-01-08T08:08:56.175Z,0.985,60-300s,29,0,1996,373
2026-01-08T08:08:56.175Z,0.985,5-15m,38,0,16739,988
2026-01-08T08:08:56.175Z,0.985,15-60m,13,2,35,7
2026-01-08T08:08:56.175Z,0.99,0-5s,13,2,25,7
2026-01-08T08:08:56.175Z,0.99,5-15s,312,2,677,4
2026-01-08T08:08:56.175Z,0.99,15-30s,18,0,76,24
2026-01-08T08:08:56.175Z,0.99,30-60s,17,0,152,54
2026-01-08T08:08:56.175Z,0.99,60-300s,60,0,12230,803
2026-01-08T08:08:56.175Z,0.99,5-15m,33,0,16739,2406
2026-01-08T08:08:56.175Z,0.99,15-60m,13,0,60,23
2026-01-08T08:08:56.175Z,0.995,0-5s,31,2,155,8
2026-01-08T08:08:56.175Z,0.995,5-15s,494,2,1461,6
2026-01-08T08:08:56.175Z,0.995,15-30s,209,0,4787,25
2026-01-08T08:08:56.175Z,0.995,30-60s,102,0,4679,55
2026-01-08T08:08:56.175Z,0.995,60-300s,69,0,12230,805
2026-01-08T08:08:56.175Z,0.995,5-15m,33,0,16739,2406
2026-01-08T08:08:56.175Z,0.995,15-60m,13,0,60,23
2026-01-08T08:09:56.178Z,0.9,0-5s,10,10,10,1
2026-01-08T08:09:56.178Z,0.9,5-15s,2,2,2,1
2026-01-08T08:09:56.178Z,0.9,15-30s,5,5,5,1
2026-01-08T08:09:56.178Z,0.9,30-60s,7,6,9,3
2026-01-08T08:09:56.178Z,0.9,60-300s,15,1,33,4
2026-01-08T08:09:56.178Z,0.9,5-15m,23,0,43,9
2026-01-08T08:09:56.178Z,0.95,0-5s,8,6,10,2
2026-01-08T08:09:56.178Z,0.95,5-15s,2,2,2,1
2026-01-08T08:09:56.178Z,0.95,15-30s,10,0,49,7
2026-01-08T08:09:56.178Z,0.95,30-60s,6,3,9,5
2026-01-08T08:09:56.178Z,0.95,60-300s,68,0,1996,53
2026-01-08T08:09:56.178Z,0.95,5-15m,82,0,8995,140
2026-01-08T08:09:56.178Z,0.95,15-60m,6,6,6,1
2026-01-08T08:09:56.178Z,0.98,0-5s,13,2,25,6
2026-01-08T08:09:56.178Z,0.98,5-15s,190,2,548,3
2026-01-08T08:09:56.178Z,0.98,15-30s,20,0,76,21
2026-01-08T08:09:56.178Z,0.98,30-60s,16,0,152,39
2026-01-08T08:09:56.178Z,0.98,60-300s,29,0,1996,367
2026-01-08T08:09:56.178Z,0.98,5-15m,39,0,16739,980
2026-01-08T08:09:56.178Z,0.98,15-60m,13,2,35,7
2026-01-08T08:09:56.178Z,0.985,0-5s,13,2,25,6
2026-01-08T08:09:56.178Z,0.985,5-15s,312,2,677,4
2026-01-08T08:09:56.178Z,0.985,15-30s,20,0,76,21
2026-01-08T08:09:56.178Z,0.985,30-60s,15,0,152,41
2026-01-08T08:09:56.178Z,0.985,60-300s,29,0,1996,373
2026-01-08T08:09:56.178Z,0.985,5-15m,38,0,16739,991
2026-01-08T08:09:56.178Z,0.985,15-60m,13,2,35,7
2026-01-08T08:09:56.178Z,0.99,0-5s,13,2,25,7
2026-01-08T08:09:56.178Z,0.99,5-15s,312,2,677,4
2026-01-08T08:09:56.178Z,0.99,15-30s,18,0,76,24
2026-01-08T08:09:56.178Z,0.99,30-60s,17,0,152,54
2026-01-08T08:09:56.178Z,0.99,60-300s,60,0,12230,803
2026-01-08T08:09:56.178Z,0.99,5-15m,33,0,16739,2413
2026-01-08T08:09:56.178Z,0.99,15-60m,13,0,60,23
2026-01-08T08:09:56.178Z,0.995,0-5s,31,2,155,8
2026-01-08T08:09:56.178Z,0.995,5-15s,494,2,1461,6
2026-01-08T08:09:56.178Z,0.995,15-30s,209,0,4787,25
2026-01-08T08:09:56.178Z,0.995,30-60s,102,0,4679,55
2026-01-08T08:09:56.178Z,0.995,60-300s,69,0,12230,805
2026-01-08T08:09:56.178Z,0.995,5-15m,33,0,16739,2413
2026-01-08T08:09:56.178Z,0.995,15-60m,13,0,60,23
2026-01-08T08:10:56.175Z,0.9,0-5s,10,10,10,1
2026-01-08T08:10:56.175Z,0.9,5-15s,2,2,2,1
2026-01-08T08:10:56.175Z,0.9,15-30s,5,5,5,1
2026-01-08T08:10:56.175Z,0.9,30-60s,7,6,9,3
2026-01-08T08:10:56.175Z,0.9,60-300s,15,1,33,4
2026-01-08T08:10:56.175Z,0.9,5-15m,23,0,43,9
2026-01-08T08:10:56.175Z,0.95,0-5s,8,6,10,2
2026-01-08T08:10:56.175Z,0.95,5-15s,2,2,2,1
2026-01-08T08:10:56.175Z,0.95,15-30s,10,0,49,7
2026-01-08T08:10:56.175Z,0.95,30-60s,6,3,9,5
2026-01-08T08:10:56.175Z,0.95,60-300s,68,0,1996,53
2026-01-08T08:10:56.175Z,0.95,5-15m,82,0,8995,140
2026-01-08T08:10:56.175Z,0.95,15-60m,6,6,6,1
2026-01-08T08:10:56.175Z,0.98,0-5s,13,2,25,6
2026-01-08T08:10:56.175Z,0.98,5-15s,190,2,548,3
2026-01-08T08:10:56.175Z,0.98,15-30s,20,0,76,21
2026-01-08T08:10:56.175Z,0.98,30-60s,16,0,152,39
2026-01-08T08:10:56.175Z,0.98,60-300s,29,0,1996,374
2026-01-08T08:10:56.175Z,0.98,5-15m,39,0,16739,980
2026-01-08T08:10:56.175Z,0.98,15-60m,13,2,35,7
2026-01-08T08:10:56.175Z,0.985,0-5s,13,2,25,6
2026-01-08T08:10:56.175Z,0.985,5-15s,312,2,677,4
2026-01-08T08:10:56.175Z,0.985,15-30s,20,0,76,21
2026-01-08T08:10:56.175Z,0.985,30-60s,15,0,152,41
2026-01-08T08:10:56.175Z,0.985,60-300s,29,0,1996,380
2026-01-08T08:10:56.175Z,0.985,5-15m,38,0,16739,991
2026-01-08T08:10:56.175Z,0.985,15-60m,13,2,35,7
2026-01-08T08:10:56.175Z,0.99,0-5s,13,2,25,7
2026-01-08T08:10:56.175Z,0.99,5-15s,312,2,677,4
2026-01-08T08:10:56.175Z,0.99,15-30s,18,0,76,24
2026-01-08T08:10:56.175Z,0.99,30-60s,17,0,152,54
2026-01-08T08:10:56.175Z,0.99,60-300s,59,0,12230,819
2026-01-08T08:10:56.175Z,0.99,5-15m,33,0,16739,2413
2026-01-08T08:10:56.175Z,0.99,15-60m,13,0,60,23
2026-01-08T08:10:56.175Z,0.995,0-5s,31,2,155,8
2026-01-08T08:10:56.175Z,0.995,5-15s,494,2,1461,6
2026-01-08T08:10:56.175Z,0.995,15-30s,209,0,4787,25
2026-01-08T08:10:56.175Z,0.995,30-60s,102,0,4679,55
2026-01-08T08:10:56.175Z,0.995,60-300s,68,0,12230,821
2026-01-08T08:10:56.175Z,0.995,5-15m,33,0,16739,2413
2026-01-08T08:10:56.175Z,0.995,15-60m,13,0,60,23
2026-01-08T08:11:56.176Z,0.9,0-5s,10,10,10,1
2026-01-08T08:11:56.176Z,0.9,5-15s,2,2,2,1
2026-01-08T08:11:56.176Z,0.9,15-30s,5,5,5,1
2026-01-08T08:11:56.176Z,0.9,30-60s,7,6,9,3
2026-01-08T08:11:56.176Z,0.9,60-300s,15,1,33,4
2026-01-08T08:11:56.176Z,0.9,5-15m,23,0,43,9
2026-01-08T08:11:56.176Z,0.95,0-5s,8,6,10,2
2026-01-08T08:11:56.176Z,0.95,5-15s,2,2,2,1
2026-01-08T08:11:56.176Z,0.95,15-30s,10,0,49,7
2026-01-08T08:11:56.176Z,0.95,30-60s,6,3,9,5
2026-01-08T08:11:56.176Z,0.95,60-300s,67,0,1996,55
2026-01-08T08:11:56.176Z,0.95,5-15m,82,0,8995,140
2026-01-08T08:11:56.176Z,0.95,15-60m,6,6,6,1
2026-01-08T08:11:56.176Z,0.98,0-5s,13,2,25,6
2026-01-08T08:11:56.176Z,0.98,5-15s,190,2,548,3
2026-01-08T08:11:56.176Z,0.98,15-30s,20,0,76,21
2026-01-08T08:11:56.176Z,0.98,30-60s,16,0,152,39
2026-01-08T08:11:56.176Z,0.98,60-300s,29,0,1996,378
2026-01-08T08:11:56.176Z,0.98,5-15m,39,0,16739,980
2026-01-08T08:11:56.176Z,0.98,15-60m,13,2,35,7
2026-01-08T08:11:56.176Z,0.985,0-5s,13,2,25,6
2026-01-08T08:11:56.176Z,0.985,5-15s,312,2,677,4
2026-01-08T08:11:56.176Z,0.985,15-30s,20,0,76,21
2026-01-08T08:11:56.176Z,0.985,30-60s,15,0,152,41
2026-01-08T08:11:56.176Z,0.985,60-300s,29,0,1996,384
2026-01-08T08:11:56.176Z,0.985,5-15m,38,0,16739,991
2026-01-08T08:11:56.176Z,0.985,15-60m,13,2,35,7
2026-01-08T08:11:56.176Z,0.99,0-5s,13,2,25,7
2026-01-08T08:11:56.176Z,0.99,5-15s,312,2,677,4
2026-01-08T08:11:56.176Z,0.99,15-30s,18,0,76,24
2026-01-08T08:11:56.176Z,0.99,30-60s,17,0,152,54
2026-01-08T08:11:56.176Z,0.99,60-300s,58,0,12230,831
2026-01-08T08:11:56.176Z,0.99,5-15m,33,0,16739,2413
2026-01-08T08:11:56.176Z,0.99,15-60m,13,0,60,23
2026-01-08T08:11:56.176Z,0.995,0-5s,31,2,155,8
2026-01-08T08:11:56.176Z,0.995,5-15s,494,2,1461,6
2026-01-08T08:11:56.176Z,0.995,15-30s,209,0,4787,25
2026-01-08T08:11:56.176Z,0.995,30-60s,102,0,4679,55
2026-01-08T08:11:56.176Z,0.995,60-300s,67,0,12230,833
2026-01-08T08:11:56.176Z,0.995,5-15m,33,0,16739,2413
2026-01-08T08:11:56.176Z,0.995,15-60m,13,0,60,23
2026-01-08T08:12:56.176Z,0.9,0-5s,10,10,10,1
2026-01-08T08:12:56.176Z,0.9,5-15s,2,2,2,1
2026-01-08T08:12:56.176Z,0.9,15-30s,5,5,5,1
2026-01-08T08:12:56.176Z,0.9,30-60s,7,6,9,3
2026-01-08T08:12:56.176Z,0.9,60-300s,15,1,33,4
2026-01-08T08:12:56.176Z,0.9,5-15m,23,0,43,9
2026-01-08T08:12:56.176Z,0.95,0-5s,8,6,10,2
2026-01-08T08:12:56.176Z,0.95,5-15s,2,2,2,1
2026-01-08T08:12:56.176Z,0.95,15-30s,10,0,49,7
2026-01-08T08:12:56.176Z,0.95,30-60s,6,3,9,5
2026-01-08T08:12:56.176Z,0.95,60-300s,67,0,1996,55
2026-01-08T08:12:56.176Z,0.95,5-15m,82,0,8995,140
2026-01-08T08:12:56.176Z,0.95,15-60m,6,6,6,1
2026-01-08T08:12:56.176Z,0.98,0-5s,13,2,25,6
2026-01-08T08:12:56.176Z,0.98,5-15s,190,2,548,3
2026-01-08T08:12:56.176Z,0.98,15-30s,20,0,76,21
2026-01-08T08:12:56.176Z,0.98,30-60s,16,0,152,39
2026-01-08T08:12:56.176Z,0.98,60-300s,29,0,1996,380
2026-01-08T08:12:56.176Z,0.98,5-15m,39,0,16739,980
2026-01-08T08:12:56.176Z,0.98,15-60m,13,2,35,7
2026-01-08T08:12:56.176Z,0.985,0-5s,13,2,25,6
2026-01-08T08:12:56.176Z,0.985,5-15s,312,2,677,4
2026-01-08T08:12:56.176Z,0.985,15-30s,20,0,76,21
2026-01-08T08:12:56.176Z,0.985,30-60s,15,0,152,41
2026-01-08T08:12:56.176Z,0.985,60-300s,29,0,1996,386
2026-01-08T08:12:56.176Z,0.985,5-15m,38,0,16739,991
2026-01-08T08:12:56.176Z,0.985,15-60m,13,2,35,7
2026-01-08T08:12:56.176Z,0.99,0-5s,13,2,25,7
2026-01-08T08:12:56.176Z,0.99,5-15s,312,2,677,4
2026-01-08T08:12:56.176Z,0.99,15-30s,18,0,76,24
2026-01-08T08:12:56.176Z,0.99,30-60s,17,0,152,54
2026-01-08T08:12:56.176Z,0.99,60-300s,58,0,12230,834
2026-01-08T08:12:56.176Z,0.99,5-15m,33,0,16739,2413
2026-01-08T08:12:56.176Z,0.99,15-60m,13,0,60,23
2026-01-08T08:12:56.176Z,0.995,0-5s,31,2,155,8
2026-01-08T08:12:56.176Z,0.995,5-15s,494,2,1461,6
2026-01-08T08:12:56.176Z,0.995,15-30s,209,0,4787,25
2026-01-08T08:12:56.176Z,0.995,30-60s,102,0,4679,55
2026-01-08T08:12:56.176Z,0.995,60-300s,67,0,12230,836
2026-01-08T08:12:56.176Z,0.995,5-15m,33,0,16739,2413
2026-01-08T08:12:56.176Z,0.995,15-60m,13,0,60,23
2026-01-08T08:13:56.175Z,0.9,0-5s,10,10,10,1
2026-01-08T08:13:56.175Z,0.9,5-15s,2,2,2,1
2026-01-08T08:13:56.175Z,0.9,15-30s,5,5,5,1
2026-01-08T08:13:56.175Z,0.9,30-60s,7,6,9,3
2026-01-08T08:13:56.175Z,0.9,60-300s,15,1,33,4
2026-01-08T08:13:56.175Z,0.9,5-15m,23,0,43,9
2026-01-08T08:13:56.175Z,0.95,0-5s,8,6,10,2
2026-01-08T08:13:56.175Z,0.95,5-15s,2,2,2,1
2026-01-08T08:13:56.175Z,0.95,15-30s,10,0,49,7
2026-01-08T08:13:56.175Z,0.95,30-60s,6,3,9,5
2026-01-08T08:13:56.175Z,0.95,60-300s,67,0,1996,55
2026-01-08T08:13:56.175Z,0.95,5-15m,82,0,8995,140
2026-01-08T08:13:56.175Z,0.95,15-60m,6,6,6,1
2026-01-08T08:13:56.175Z,0.98,0-5s,13,2,25,6
2026-01-08T08:13:56.175Z,0.98,5-15s,190,2,548,3
2026-01-08T08:13:56.175Z,0.98,15-30s,20,0,76,21
2026-01-08T08:13:56.175Z,0.98,30-60s,16,0,152,39
2026-01-08T08:13:56.175Z,0.98,60-300s,29,0,1996,380
2026-01-08T08:13:56.175Z,0.98,5-15m,39,0,16739,980
2026-01-08T08:13:56.175Z,0.98,15-60m,13,2,35,7
2026-01-08T08:13:56.175Z,0.985,0-5s,13,2,25,6
2026-01-08T08:13:56.175Z,0.985,5-15s,312,2,677,4
2026-01-08T08:13:56.175Z,0.985,15-30s,20,0,76,21
2026-01-08T08:13:56.175Z,0.985,30-60s,15,0,152,41
2026-01-08T08:13:56.175Z,0.985,60-300s,29,0,1996,386
2026-01-08T08:13:56.175Z,0.985,5-15m,38,0,16739,991
2026-01-08T08:13:56.175Z,0.985,15-60m,13,2,35,7
2026-01-08T08:13:56.175Z,0.99,0-5s,13,2,25,7
2026-01-08T08:13:56.175Z,0.99,5-15s,312,2,677,4
2026-01-08T08:13:56.175Z,0.99,15-30s,18,0,76,24
2026-01-08T08:13:56.175Z,0.99,30-60s,17,0,152,54
2026-01-08T08:13:56.175Z,0.99,60-300s,58,0,12230,835
2026-01-08T08:13:56.175Z,0.99,5-15m,33,0,16739,2413
2026-01-08T08:13:56.175Z,0.99,15-60m,13,0,60,23
2026-01-08T08:13:56.175Z,0.995,0-5s,31,2,155,8
2026-01-08T08:13:56.175Z,0.995,5-15s,494,2,1461,6
2026-01-08T08:13:56.175Z,0.995,15-30s,209,0,4787,25
2026-01-08T08:13:56.175Z,0.995,30-60s,102,0,4679,55
2026-01-08T08:13:56.175Z,0.995,60-300s,67,0,12230,837
2026-01-08T08:13:56.175Z,0.995,5-15m,33,0,16739,2413
2026-01-08T08:13:56.175Z,0.995,15-60m,13,0,60,23
2026-01-08T08:14:56.177Z,0.9,0-5s,10,10,10,1
2026-01-08T08:14:56.177Z,0.9,5-15s,2,2,2,1
2026-01-08T08:14:56.177Z,0.9,15-30s,5,5,5,1
2026-01-08T08:14:56.177Z,0.9,30-60s,7,6,9,3
2026-01-08T08:14:56.177Z,0.9,60-300s,15,1,33,4
2026-01-08T08:14:56.177Z,0.9,5-15m,23,0,43,9
2026-01-08T08:14:56.177Z,0.95,0-5s,8,6,10,2
2026-01-08T08:14:56.177Z,0.95,5-15s,2,2,2,1
2026-01-08T08:14:56.177Z,0.95,15-30s,10,0,49,7
2026-01-08T08:14:56.177Z,0.95,30-60s,6,3,9,5
2026-01-08T08:14:56.177Z,0.95,60-300s,67,0,1996,55
2026-01-08T08:14:56.177Z,0.95,5-15m,82,0,8995,140
2026-01-08T08:14:56.177Z,0.95,15-60m,6,6,6,1
2026-01-08T08:14:56.177Z,0.98,0-5s,13,2,25,6
2026-01-08T08:14:56.177Z,0.98,5-15s,190,2,548,3
2026-01-08T08:14:56.177Z,0.98,15-30s,20,0,76,21
2026-01-08T08:14:56.177Z,0.98,30-60s,16,0,152,39
2026-01-08T08:14:56.177Z,0.98,60-300s,29,0,1996,380
2026-01-08T08:14:56.177Z,0.98,5-15m,39,0,16739,980
2026-01-08T08:14:56.177Z,0.98,15-60m,13,2,35,7
2026-01-08T08:14:56.177Z,0.985,0-5s,13,2,25,6
2026-01-08T08:14:56.177Z,0.985,5-15s,312,2,677,4
2026-01-08T08:14:56.177Z,0.985,15-30s,20,0,76,21
2026-01-08T08:14:56.177Z,0.985,30-60s,15,0,152,41
2026-01-08T08:14:56.177Z,0.985,60-300s,29,0,1996,386
2026-01-08T08:14:56.177Z,0.985,5-15m,38,0,16739,991
2026-01-08T08:14:56.177Z,0.985,15-60m,13,2,35,7
2026-01-08T08:14:56.177Z,0.99,0-5s,13,2,25,7
2026-01-08T08:14:56.177Z,0.99,5-15s,312,2,677,4
2026-01-08T08:14:56.177Z,0.99,15-30s,18,0,76,24
2026-01-08T08:14:56.177Z,0.99,30-60s,17,0,152,54
2026-01-08T08:14:56.177Z,0.99,60-300s,58,0,12230,835
2026-01-08T08:14:56.177Z,0.99,5-15m,33,0,16739,2413
2026-01-08T08:14:56.177Z,0.99,15-60m,13,0,60,23
2026-01-08T08:14:56.177Z,0.995,0-5s,31,2,155,8
2026-01-08T08:14:56.177Z,0.995,5-15s,494,2,1461,6
2026-01-08T08:14:56.177Z,0.995,15-30s,209,0,4787,25
2026-01-08T08:14:56.177Z,0.995,30-60s,102,0,4679,55
2026-01-08T08:14:56.177Z,0.995,60-300s,67,0,12230,837
2026-01-08T08:14:56.177Z,0.995,5-15m,33,0,16739,2413
2026-01-08T08:14:56.177Z,0.995,15-60m,13,0,60,23
2026-01-08T08:15:56.178Z,0.9,0-5s,10,10,10,1
2026-01-08T08:15:56.178Z,0.9,5-15s,2,2,2,1
2026-01-08T08:15:56.178Z,0.9,15-30s,5,5,5,1
2026-01-08T08:15:56.178Z,0.9,30-60s,7,6,9,3
2026-01-08T08:15:56.178Z,0.9,60-300s,15,1,33,4
2026-01-08T08:15:56.178Z,0.9,5-15m,23,0,43,9
2026-01-08T08:15:56.178Z,0.95,0-5s,8,6,10,2
2026-01-08T08:15:56.178Z,0.95,5-15s,2,2,2,1
2026-01-08T08:15:56.178Z,0.95,15-30s,10,0,49,7
2026-01-08T08:15:56.178Z,0.95,30-60s,6,3,9,5
2026-01-08T08:15:56.178Z,0.95,60-300s,67,0,1996,55
2026-01-08T08:15:56.178Z,0.95,5-15m,82,0,8995,140
2026-01-08T08:15:56.178Z,0.95,15-60m,6,6,6,1
2026-01-08T08:15:56.178Z,0.98,0-5s,13,2,25,6
2026-01-08T08:15:56.178Z,0.98,5-15s,190,2,548,3
2026-01-08T08:15:56.178Z,0.98,15-30s,20,0,76,21
2026-01-08T08:15:56.178Z,0.98,30-60s,16,0,152,39
2026-01-08T08:15:56.178Z,0.98,60-300s,29,0,1996,380
2026-01-08T08:15:56.178Z,0.98,5-15m,39,0,16739,981
2026-01-08T08:15:56.178Z,0.98,15-60m,13,2,35,7
2026-01-08T08:15:56.178Z,0.985,0-5s,13,2,25,6
2026-01-08T08:15:56.178Z,0.985,5-15s,312,2,677,4
2026-01-08T08:15:56.178Z,0.985,15-30s,20,0,76,21
2026-01-08T08:15:56.178Z,0.985,30-60s,15,0,152,41
2026-01-08T08:15:56.178Z,0.985,60-300s,29,0,1996,386
2026-01-08T08:15:56.178Z,0.985,5-15m,38,0,16739,992
2026-01-08T08:15:56.178Z,0.985,15-60m,13,2,35,7
2026-01-08T08:15:56.178Z,0.99,0-5s,13,2,25,7
2026-01-08T08:15:56.178Z,0.99,5-15s,312,2,677,4
2026-01-08T08:15:56.178Z,0.99,15-30s,18,0,76,24
2026-01-08T08:15:56.178Z,0.99,30-60s,17,0,152,54
2026-01-08T08:15:56.178Z,0.99,60-300s,58,0,12230,835
2026-01-08T08:15:56.178Z,0.99,5-15m,33,0,16739,2416
2026-01-08T08:15:56.178Z,0.99,15-60m,13,0,60,23
2026-01-08T08:15:56.178Z,0.995,0-5s,31,2,155,8
2026-01-08T08:15:56.178Z,0.995,5-15s,494,2,1461,6
2026-01-08T08:15:56.178Z,0.995,15-30s,209,0,4787,25
2026-01-08T08:15:56.178Z,0.995,30-60s,102,0,4679,55
2026-01-08T08:15:56.178Z,0.995,60-300s,67,0,12230,837
2026-01-08T08:15:56.178Z,0.995,5-15m,33,0,16739,2416
2026-01-08T08:15:56.178Z,0.995,15-60m,13,0,60,23
2026-01-08T08:16:56.175Z,0.9,0-5s,10,10,10,1
2026-01-08T08:16:56.175Z,0.9,5-15s,2,2,2,1
2026-01-08T08:16:56.175Z,0.9,15-30s,5,5,5,1
2026-01-08T08:16:56.175Z,0.9,30-60s,7,6,9,3
2026-01-08T08:16:56.175Z,0.9,60-300s,15,1,33,4
2026-01-08T08:16:56.175Z,0.9,5-15m,23,0,43,9
2026-01-08T08:16:56.175Z,0.95,0-5s,8,6,10,2
2026-01-08T08:16:56.175Z,0.95,5-15s,2,2,2,1
2026-01-08T08:16:56.175Z,0.95,15-30s,10,0,49,7
2026-01-08T08:16:56.175Z,0.95,30-60s,6,3,9,5
2026-01-08T08:16:56.175Z,0.95,60-300s,67,0,1996,55
2026-01-08T08:16:56.175Z,0.95,5-15m,82,0,8995,140
2026-01-08T08:16:56.175Z,0.95,15-60m,6,6,6,1
2026-01-08T08:16:56.175Z,0.98,0-5s,13,2,25,6
2026-01-08T08:16:56.175Z,0.98,5-15s,190,2,548,3
2026-01-08T08:16:56.175Z,0.98,15-30s,20,0,76,21
2026-01-08T08:16:56.175Z,0.98,30-60s,16,0,152,39
2026-01-08T08:16:56.175Z,0.98,60-300s,29,0,1996,380
2026-01-08T08:16:56.175Z,0.98,5-15m,38,0,16739,985
2026-01-08T08:16:56.175Z,0.98,15-60m,13,2,35,7
2026-01-08T08:16:56.175Z,0.985,0-5s,13,2,25,6
2026-01-08T08:16:56.175Z,0.985,5-15s,312,2,677,4
2026-01-08T08:16:56.175Z,0.985,15-30s,20,0,76,21
2026-01-08T08:16:56.175Z,0.985,30-60s,15,0,152,41
2026-01-08T08:16:56.175Z,0.985,60-300s,29,0,1996,386
2026-01-08T08:16:56.175Z,0.985,5-15m,38,0,16739,996
2026-01-08T08:16:56.175Z,0.985,15-60m,13,2,35,7
2026-01-08T08:16:56.175Z,0.99,0-5s,13,2,25,7
2026-01-08T08:16:56.175Z,0.99,5-15s,312,2,677,4
2026-01-08T08:16:56.175Z,0.99,15-30s,18,0,76,24
2026-01-08T08:16:56.175Z,0.99,30-60s,17,0,152,54
2026-01-08T08:16:56.175Z,0.99,60-300s,58,0,12230,835
2026-01-08T08:16:56.175Z,0.99,5-15m,33,0,16739,2424
2026-01-08T08:16:56.175Z,0.99,15-60m,13,0,60,23
2026-01-08T08:16:56.175Z,0.995,0-5s,31,2,155,8
2026-01-08T08:16:56.175Z,0.995,5-15s,494,2,1461,6
2026-01-08T08:16:56.175Z,0.995,15-30s,209,0,4787,25
2026-01-08T08:16:56.175Z,0.995,30-60s,102,0,4679,55
2026-01-08T08:16:56.175Z,0.995,60-300s,67,0,12230,837
2026-01-08T08:16:56.175Z,0.995,5-15m,33,0,16739,2424
2026-01-08T08:16:56.175Z,0.995,15-60m,13,0,60,23
2026-01-08T08:17:56.178Z,0.9,0-5s,10,10,10,1
2026-01-08T08:17:56.178Z,0.9,5-15s,2,2,2,1
2026-01-08T08:17:56.178Z,0.9,15-30s,5,5,5,1
2026-01-08T08:17:56.178Z,0.9,30-60s,7,6,9,3
2026-01-08T08:17:56.178Z,0.9,60-300s,15,1,33,4
2026-01-08T08:17:56.178Z,0.9,5-15m,23,0,43,9
2026-01-08T08:17:56.178Z,0.95,0-5s,8,6,10,2
2026-01-08T08:17:56.178Z,0.95,5-15s,2,2,2,1
2026-01-08T08:17:56.178Z,0.95,15-30s,10,0,49,7
2026-01-08T08:17:56.178Z,0.95,30-60s,6,3,9,5
2026-01-08T08:17:56.178Z,0.95,60-300s,67,0,1996,55
2026-01-08T08:17:56.178Z,0.95,5-15m,82,0,8995,140
2026-01-08T08:17:56.178Z,0.95,15-60m,6,6,6,1
2026-01-08T08:17:56.178Z,0.98,0-5s,13,2,25,6
2026-01-08T08:17:56.178Z,0.98,5-15s,190,2,548,3
2026-01-08T08:17:56.178Z,0.98,15-30s,20,0,76,21
2026-01-08T08:17:56.178Z,0.98,30-60s,16,0,152,39
2026-01-08T08:17:56.178Z,0.98,60-300s,29,0,1996,380
2026-01-08T08:17:56.178Z,0.98,5-15m,38,0,16739,988
2026-01-08T08:17:56.178Z,0.98,15-60m,13,2,35,7
2026-01-08T08:17:56.178Z,0.985,0-5s,13,2,25,6
2026-01-08T08:17:56.178Z,0.985,5-15s,312,2,677,4
2026-01-08T08:17:56.178Z,0.985,15-30s,20,0,76,21
2026-01-08T08:17:56.178Z,0.985,30-60s,15,0,152,41
2026-01-08T08:17:56.178Z,0.985,60-300s,29,0,1996,386
2026-01-08T08:17:56.178Z,0.985,5-15m,38,0,16739,999
2026-01-08T08:17:56.178Z,0.985,15-60m,13,2,35,7
2026-01-08T08:17:56.178Z,0.99,0-5s,13,2,25,7
2026-01-08T08:17:56.178Z,0.99,5-15s,312,2,677,4
2026-01-08T08:17:56.178Z,0.99,15-30s,18,0,76,24
2026-01-08T08:17:56.178Z,0.99,30-60s,17,0,152,54
2026-01-08T08:17:56.178Z,0.99,60-300s,58,0,12230,835
2026-01-08T08:17:56.178Z,0.99,5-15m,32,0,16739,2434
2026-01-08T08:17:56.178Z,0.99,15-60m,13,0,60,23
2026-01-08T08:17:56.178Z,0.995,0-5s,31,2,155,8
2026-01-08T08:17:56.178Z,0.995,5-15s,494,2,1461,6
2026-01-08T08:17:56.178Z,0.995,15-30s,209,0,4787,25
2026-01-08T08:17:56.178Z,0.995,30-60s,102,0,4679,55
2026-01-08T08:17:56.178Z,0.995,60-300s,67,0,12230,837
2026-01-08T08:17:56.178Z,0.995,5-15m,32,0,16739,2434
2026-01-08T08:17:56.178Z,0.995,15-60m,13,0,60,23
2026-01-08T08:18:56.177Z,0.9,0-5s,10,10,10,1
2026-01-08T08:18:56.177Z,0.9,5-15s,2,2,2,1
2026-01-08T08:18:56.177Z,0.9,15-30s,5,5,5,1
2026-01-08T08:18:56.177Z,0.9,30-60s,7,6,9,3
2026-01-08T08:18:56.177Z,0.9,60-300s,15,1,33,4
2026-01-08T08:18:56.177Z,0.9,5-15m,23,0,43,9
2026-01-08T08:18:56.177Z,0.95,0-5s,8,6,10,2
2026-01-08T08:18:56.177Z,0.95,5-15s,2,2,2,1
2026-01-08T08:18:56.177Z,0.95,15-30s,10,0,49,7
2026-01-08T08:18:56.177Z,0.95,30-60s,6,3,9,5
2026-01-08T08:18:56.177Z,0.95,60-300s,67,0,1996,55
2026-01-08T08:18:56.177Z,0.95,5-15m,82,0,8995,140
2026-01-08T08:18:56.177Z,0.95,15-60m,6,6,6,1
2026-01-08T08:18:56.177Z,0.98,0-5s,13,2,25,6
2026-01-08T08:18:56.177Z,0.98,5-15s,190,2,548,3
2026-01-08T08:18:56.177Z,0.98,15-30s,20,0,76,21
2026-01-08T08:18:56.177Z,0.98,30-60s,16,0,152,39
2026-01-08T08:18:56.177Z,0.98,60-300s,29,0,1996,380
2026-01-08T08:18:56.177Z,0.98,5-15m,38,0,16739,989
2026-01-08T08:18:56.177Z,0.98,15-60m,13,2,35,7
2026-01-08T08:18:56.177Z,0.985,0-5s,13,2,25,6
2026-01-08T08:18:56.177Z,0.985,5-15s,312,2,677,4
2026-01-08T08:18:56.177Z,0.985,15-30s,20,0,76,21
2026-01-08T08:18:56.177Z,0.985,30-60s,15,0,152,41
2026-01-08T08:18:56.177Z,0.985,60-300s,29,0,1996,386
2026-01-08T08:18:56.177Z,0.985,5-15m,38,0,16739,1000
2026-01-08T08:18:56.177Z,0.985,15-60m,13,2,35,7
2026-01-08T08:18:56.177Z,0.99,0-5s,13,2,25,7
2026-01-08T08:18:56.177Z,0.99,5-15s,312,2,677,4
2026-01-08T08:18:56.177Z,0.99,15-30s,18,0,76,24
2026-01-08T08:18:56.177Z,0.99,30-60s,17,0,152,54
2026-01-08T08:18:56.177Z,0.99,60-300s,58,0,12230,835
2026-01-08T08:18:56.177Z,0.99,5-15m,32,0,16739,2445
2026-01-08T08:18:56.177Z,0.99,15-60m,13,0,60,23
2026-01-08T08:18:56.177Z,0.995,0-5s,31,2,155,8
2026-01-08T08:18:56.177Z,0.995,5-15s,494,2,1461,6
2026-01-08T08:18:56.177Z,0.995,15-30s,209,0,4787,25
2026-01-08T08:18:56.177Z,0.995,30-60s,102,0,4679,55
2026-01-08T08:18:56.177Z,0.995,60-300s,67,0,12230,837
2026-01-08T08:18:56.177Z,0.995,5-15m,32,0,16739,2445
2026-01-08T08:18:56.177Z,0.995,15-60m,13,0,60,23
2026-01-08T08:19:56.177Z,0.9,0-5s,10,10,10,1
2026-01-08T08:19:56.177Z,0.9,5-15s,2,2,2,1
2026-01-08T08:19:56.177Z,0.9,15-30s,5,5,5,1
2026-01-08T08:19:56.177Z,0.9,30-60s,7,6,9,3
2026-01-08T08:19:56.177Z,0.9,60-300s,15,1,33,4
2026-01-08T08:19:56.177Z,0.9,5-15m,21,0,43,10
2026-01-08T08:19:56.177Z,0.95,0-5s,8,6,10,2
2026-01-08T08:19:56.177Z,0.95,5-15s,2,2,2,1
2026-01-08T08:19:56.177Z,0.95,15-30s,10,0,49,7
2026-01-08T08:19:56.177Z,0.95,30-60s,6,3,9,5
2026-01-08T08:19:56.177Z,0.95,60-300s,67,0,1996,55
2026-01-08T08:19:56.177Z,0.95,5-15m,81,0,8995,141
2026-01-08T08:19:56.177Z,0.95,15-60m,6,6,6,1
2026-01-08T08:19:56.177Z,0.98,0-5s,13,2,25,6
2026-01-08T08:19:56.177Z,0.98,5-15s,190,2,548,3
2026-01-08T08:19:56.177Z,0.98,15-30s,20,0,76,21
2026-01-08T08:19:56.177Z,0.98,30-60s,16,0,152,39
2026-01-08T08:19:56.177Z,0.98,60-300s,29,0,1996,380
2026-01-08T08:19:56.177Z,0.98,5-15m,38,0,16739,995
2026-01-08T08:19:56.177Z,0.98,15-60m,13,2,35,7
2026-01-08T08:19:56.177Z,0.985,0-5s,13,2,25,6
2026-01-08T08:19:56.177Z,0.985,5-15s,312,2,677,4
2026-01-08T08:19:56.177Z,0.985,15-30s,20,0,76,21
2026-01-08T08:19:56.177Z,0.985,30-60s,15,0,152,41
2026-01-08T08:19:56.177Z,0.985,60-300s,29,0,1996,386
2026-01-08T08:19:56.177Z,0.985,5-15m,38,0,16739,1006
2026-01-08T08:19:56.177Z,0.985,15-60m,13,2,35,7
2026-01-08T08:19:56.177Z,0.99,0-5s,13,2,25,7
2026-01-08T08:19:56.177Z,0.99,5-15s,312,2,677,4
2026-01-08T08:19:56.177Z,0.99,15-30s,18,0,76,24
2026-01-08T08:19:56.177Z,0.99,30-60s,17,0,152,54
2026-01-08T08:19:56.177Z,0.99,60-300s,58,0,12230,835
2026-01-08T08:19:56.177Z,0.99,5-15m,32,0,16739,2457
2026-01-08T08:19:56.177Z,0.99,15-60m,13,0,60,23
2026-01-08T08:19:56.177Z,0.995,0-5s,31,2,155,8
2026-01-08T08:19:56.177Z,0.995,5-15s,494,2,1461,6
2026-01-08T08:19:56.177Z,0.995,15-30s,209,0,4787,25
2026-01-08T08:19:56.177Z,0.995,30-60s,102,0,4679,55
2026-01-08T08:19:56.177Z,0.995,60-300s,67,0,12230,837
2026-01-08T08:19:56.177Z,0.995,5-15m,32,0,16739,2457
2026-01-08T08:19:56.177Z,0.995,15-60m,13,0,60,23
2026-01-08T08:20:56.177Z,0.9,0-5s,10,10,10,1
2026-01-08T08:20:56.177Z,0.9,5-15s,2,2,2,1
2026-01-08T08:20:56.177Z,0.9,15-30s,5,5,5,1
2026-01-08T08:20:56.177Z,0.9,30-60s,7,6,9,3
2026-01-08T08:20:56.177Z,0.9,60-300s,15,1,33,4
2026-01-08T08:20:56.177Z,0.9,5-15m,21,0,43,11
2026-01-08T08:20:56.177Z,0.95,0-5s,8,6,10,2
2026-01-08T08:20:56.177Z,0.95,5-15s,2,2,2,1
2026-01-08T08:20:56.177Z,0.95,15-30s,10,0,49,7
2026-01-08T08:20:56.177Z,0.95,30-60s,6,3,9,5
2026-01-08T08:20:56.177Z,0.95,60-300s,67,0,1996,55
2026-01-08T08:20:56.177Z,0.95,5-15m,80,0,8995,144
2026-01-08T08:20:56.177Z,0.95,15-60m,6,6,6,1
2026-01-08T08:20:56.177Z,0.98,0-5s,13,2,25,6
2026-01-08T08:20:56.177Z,0.98,5-15s,190,2,548,3
2026-01-08T08:20:56.177Z,0.98,15-30s,20,0,76,21
2026-01-08T08:20:56.177Z,0.98,30-60s,16,0,152,39
2026-01-08T08:20:56.177Z,0.98,60-300s,29,0,1996,380
2026-01-08T08:20:56.177Z,0.98,5-15m,38,0,16739,1005
2026-01-08T08:20:56.177Z,0.98,15-60m,13,2,35,7
2026-01-08T08:20:56.177Z,0.985,0-5s,13,2,25,6
2026-01-08T08:20:56.177Z,0.985,5-15s,312,2,677,4
2026-01-08T08:20:56.177Z,0.985,15-30s,20,0,76,21
2026-01-08T08:20:56.177Z,0.985,30-60s,15,0,152,41
2026-01-08T08:20:56.177Z,0.985,60-300s,29,0,1996,386
2026-01-08T08:20:56.177Z,0.985,5-15m,38,0,16739,1016
2026-01-08T08:20:56.177Z,0.985,15-60m,13,2,35,7
2026-01-08T08:20:56.177Z,0.99,0-5s,13,2,25,7
2026-01-08T08:20:56.177Z,0.99,5-15s,312,2,677,4
2026-01-08T08:20:56.177Z,0.99,15-30s,18,0,76,24
2026-01-08T08:20:56.177Z,0.99,30-60s,17,0,152,54
2026-01-08T08:20:56.177Z,0.99,60-300s,58,0,12230,835
2026-01-08T08:20:56.177Z,0.99,5-15m,32,0,16739,2476
2026-01-08T08:20:56.177Z,0.99,15-60m,13,0,60,23
2026-01-08T08:20:56.177Z,0.995,0-5s,31,2,155,8
2026-01-08T08:20:56.177Z,0.995,5-15s,494,2,1461,6
2026-01-08T08:20:56.177Z,0.995,15-30s,209,0,4787,25
2026-01-08T08:20:56.177Z,0.995,30-60s,102,0,4679,55
2026-01-08T08:20:56.177Z,0.995,60-300s,67,0,12230,837
2026-01-08T08:20:56.177Z,0.995,5-15m,32,0,16739,2476
2026-01-08T08:20:56.177Z,0.995,15-60m,13,0,60,23
2026-01-08T08:21:56.176Z,0.9,0-5s,10,10,10,1
2026-01-08T08:21:56.176Z,0.9,5-15s,2,2,2,1
2026-01-08T08:21:56.176Z,0.9,15-30s,5,5,5,1
2026-01-08T08:21:56.176Z,0.9,30-60s,7,6,9,3
2026-01-08T08:21:56.176Z,0.9,60-300s,15,1,33,4
2026-01-08T08:21:56.176Z,0.9,5-15m,21,0,43,11
2026-01-08T08:21:56.176Z,0.95,0-5s,8,6,10,2
2026-01-08T08:21:56.176Z,0.95,5-15s,2,2,2,1
2026-01-08T08:21:56.176Z,0.95,15-30s,10,0,49,7
2026-01-08T08:21:56.176Z,0.95,30-60s,6,3,9,5
2026-01-08T08:21:56.176Z,0.95,60-300s,67,0,1996,55
2026-01-08T08:21:56.176Z,0.95,5-15m,80,0,8995,145
2026-01-08T08:21:56.176Z,0.95,15-60m,6,6,6,1
2026-01-08T08:21:56.176Z,0.98,0-5s,13,2,25,6
2026-01-08T08:21:56.176Z,0.98,5-15s,190,2,548,3
2026-01-08T08:21:56.176Z,0.98,15-30s,20,0,76,21
2026-01-08T08:21:56.176Z,0.98,30-60s,16,0,152,39
2026-01-08T08:21:56.176Z,0.98,60-300s,29,0,1996,380
2026-01-08T08:21:56.176Z,0.98,5-15m,38,0,16739,1013
2026-01-08T08:21:56.176Z,0.98,15-60m,13,2,35,7
2026-01-08T08:21:56.176Z,0.985,0-5s,13,2,25,6
2026-01-08T08:21:56.176Z,0.985,5-15s,312,2,677,4
2026-01-08T08:21:56.176Z,0.985,15-30s,20,0,76,21
2026-01-08T08:21:56.176Z,0.985,30-60s,15,0,152,41
2026-01-08T08:21:56.176Z,0.985,60-300s,29,0,1996,386
2026-01-08T08:21:56.176Z,0.985,5-15m,38,0,16739,1024
2026-01-08T08:21:56.176Z,0.985,15-60m,13,2,35,7
2026-01-08T08:21:56.176Z,0.99,0-5s,13,2,25,7
2026-01-08T08:21:56.176Z,0.99,5-15s,312,2,677,4
2026-01-08T08:21:56.176Z,0.99,15-30s,18,0,76,24
2026-01-08T08:21:56.176Z,0.99,30-60s,17,0,152,54
2026-01-08T08:21:56.176Z,0.99,60-300s,58,0,12230,835
2026-01-08T08:21:56.176Z,0.99,5-15m,32,0,16739,2489
2026-01-08T08:21:56.176Z,0.99,15-60m,13,0,60,23
2026-01-08T08:21:56.176Z,0.995,0-5s,31,2,155,8
2026-01-08T08:21:56.176Z,0.995,5-15s,494,2,1461,6
2026-01-08T08:21:56.176Z,0.995,15-30s,209,0,4787,25
2026-01-08T08:21:56.176Z,0.995,30-60s,102,0,4679,55
2026-01-08T08:21:56.176Z,0.995,60-300s,67,0,12230,837
2026-01-08T08:21:56.176Z,0.995,5-15m,32,0,16739,2489
2026-01-08T08:21:56.176Z,0.995,15-60m,13,0,60,23
2026-01-08T08:22:56.179Z,0.9,0-5s,10,10,10,1
2026-01-08T08:22:56.179Z,0.9,5-15s,2,2,2,1
2026-01-08T08:22:56.179Z,0.9,15-30s,5,5,5,1
2026-01-08T08:22:56.179Z,0.9,30-60s,7,6,9,3
2026-01-08T08:22:56.179Z,0.9,60-300s,15,1,33,4
2026-01-08T08:22:56.179Z,0.9,5-15m,21,0,43,11
2026-01-08T08:22:56.179Z,0.95,0-5s,8,6,10,2
2026-01-08T08:22:56.179Z,0.95,5-15s,2,2,2,1
2026-01-08T08:22:56.179Z,0.95,15-30s,10,0,49,7
2026-01-08T08:22:56.179Z,0.95,30-60s,6,3,9,5
2026-01-08T08:22:56.179Z,0.95,60-300s,67,0,1996,55
2026-01-08T08:22:56.179Z,0.95,5-15m,79,0,8995,146
2026-01-08T08:22:56.179Z,0.95,15-60m,6,6,6,1
2026-01-08T08:22:56.179Z,0.98,0-5s,13,2,25,6
2026-01-08T08:22:56.179Z,0.98,5-15s,190,2,548,3
2026-01-08T08:22:56.179Z,0.98,15-30s,20,0,76,21
2026-01-08T08:22:56.179Z,0.98,30-60s,16,0,152,39
2026-01-08T08:22:56.179Z,0.98,60-300s,29,0,1996,380
2026-01-08T08:22:56.179Z,0.98,5-15m,38,0,16739,1015
2026-01-08T08:22:56.179Z,0.98,15-60m,13,2,35,7
2026-01-08T08:22:56.179Z,0.985,0-5s,13,2,25,6
2026-01-08T08:22:56.179Z,0.985,5-15s,312,2,677,4
2026-01-08T08:22:56.179Z,0.985,15-30s,20,0,76,21
2026-01-08T08:22:56.179Z,0.985,30-60s,15,0,152,41
2026-01-08T08:22:56.179Z,0.985,60-300s,29,0,1996,386
2026-01-08T08:22:56.179Z,0.985,5-15m,38,0,16739,1026
2026-01-08T08:22:56.179Z,0.985,15-60m,13,2,35,7
2026-01-08T08:22:56.179Z,0.99,0-5s,13,2,25,7
2026-01-08T08:22:56.179Z,0.99,5-15s,312,2,677,4
2026-01-08T08:22:56.179Z,0.99,15-30s,18,0,76,24
2026-01-08T08:22:56.179Z,0.99,30-60s,17,0,152,54
2026-01-08T08:22:56.179Z,0.99,60-300s,58,0,12230,835
2026-01-08T08:22:56.179Z,0.99,5-15m,32,0,16739,2495
2026-01-08T08:22:56.179Z,0.99,15-60m,13,0,60,23
2026-01-08T08:22:56.179Z,0.995,0-5s,31,2,155,8
2026-01-08T08:22:56.179Z,0.995,5-15s,494,2,1461,6
2026-01-08T08:22:56.179Z,0.995,15-30s,209,0,4787,25
2026-01-08T08:22:56.179Z,0.995,30-60s,102,0,4679,55
2026-01-08T08:22:56.179Z,0.995,60-300s,67,0,12230,837
2026-01-08T08:22:56.179Z,0.995,5-15m,32,0,16739,2495
2026-01-08T08:22:56.179Z,0.995,15-60m,13,0,60,23
2026-01-08T08:23:56.171Z,0.9,0-5s,10,10,10,1
2026-01-08T08:23:56.171Z,0.9,5-15s,2,2,2,1
2026-01-08T08:23:56.171Z,0.9,15-30s,5,5,5,1
2026-01-08T08:23:56.171Z,0.9,30-60s,7,6,9,3
2026-01-08T08:23:56.171Z,0.9,60-300s,15,1,33,4
2026-01-08T08:23:56.171Z,0.9,5-15m,21,0,43,11
2026-01-08T08:23:56.171Z,0.95,0-5s,8,6,10,2
2026-01-08T08:23:56.171Z,0.95,5-15s,2,2,2,1
2026-01-08T08:23:56.171Z,0.95,15-30s,10,0,49,7
2026-01-08T08:23:56.171Z,0.95,30-60s,6,3,9,5
2026-01-08T08:23:56.171Z,0.95,60-300s,67,0,1996,55
2026-01-08T08:23:56.171Z,0.95,5-15m,79,0,8995,146
2026-01-08T08:23:56.171Z,0.95,15-60m,6,6,6,1
2026-01-08T08:23:56.171Z,0.98,0-5s,13,2,25,6
2026-01-08T08:23:56.171Z,0.98,5-15s,190,2,548,3
2026-01-08T08:23:56.171Z,0.98,15-30s,20,0,76,21
2026-01-08T08:23:56.171Z,0.98,30-60s,16,0,152,39
2026-01-08T08:23:56.171Z,0.98,60-300s,29,0,1996,380
2026-01-08T08:23:56.171Z,0.98,5-15m,38,0,16739,1020
2026-01-08T08:23:56.171Z,0.98,15-60m,13,2,35,7
2026-01-08T08:23:56.171Z,0.985,0-5s,13,2,25,6
2026-01-08T08:23:56.171Z,0.985,5-15s,312,2,677,4
2026-01-08T08:23:56.171Z,0.985,15-30s,20,0,76,21
2026-01-08T08:23:56.171Z,0.985,30-60s,15,0,152,41
2026-01-08T08:23:56.171Z,0.985,60-300s,29,0,1996,386
2026-01-08T08:23:56.171Z,0.985,5-15m,38,0,16739,1031
2026-01-08T08:23:56.171Z,0.985,15-60m,13,2,35,7
2026-01-08T08:23:56.171Z,0.99,0-5s,13,2,25,7
2026-01-08T08:23:56.171Z,0.99,5-15s,312,2,677,4
2026-01-08T08:23:56.171Z,0.99,15-30s,18,0,76,24
2026-01-08T08:23:56.171Z,0.99,30-60s,17,0,152,54
2026-01-08T08:23:56.171Z,0.99,60-300s,58,0,12230,835
2026-01-08T08:23:56.171Z,0.99,5-15m,32,0,16739,2503
2026-01-08T08:23:56.171Z,0.99,15-60m,13,0,60,23
2026-01-08T08:23:56.171Z,0.995,0-5s,31,2,155,8
2026-01-08T08:23:56.171Z,0.995,5-15s,494,2,1461,6
2026-01-08T08:23:56.171Z,0.995,15-30s,209,0,4787,25
2026-01-08T08:23:56.171Z,0.995,30-60s,102,0,4679,55
2026-01-08T08:23:56.171Z,0.995,60-300s,67,0,12230,837
2026-01-08T08:23:56.171Z,0.995,5-15m,32,0,16739,2503
2026-01-08T08:23:56.171Z,0.995,15-60m,13,0,60,23
2026-01-08T08:24:56.177Z,0.9,0-5s,10,10,10,1
2026-01-08T08:24:56.177Z,0.9,5-15s,2,2,2,1
2026-01-08T08:24:56.177Z,0.9,15-30s,5,5,5,1
2026-01-08T08:24:56.177Z,0.9,30-60s,7,6,9,3
2026-01-08T08:24:56.177Z,0.9,60-300s,15,1,33,4
2026-01-08T08:24:56.177Z,0.9,5-15m,21,0,43,11
2026-01-08T08:24:56.177Z,0.95,0-5s,8,6,10,2
2026-01-08T08:24:56.177Z,0.95,5-15s,2,2,2,1
2026-01-08T08:24:56.177Z,0.95,15-30s,10,0,49,7
2026-01-08T08:24:56.177Z,0.95,30-60s,6,3,9,5
2026-01-08T08:24:56.177Z,0.95,60-300s,67,0,1996,55
2026-01-08T08:24:56.177Z,0.95,5-15m,79,0,8995,146
2026-01-08T08:24:56.177Z,0.95,15-60m,6,6,6,1
2026-01-08T08:24:56.177Z,0.98,0-5s,13,2,25,6
2026-01-08T08:24:56.177Z,0.98,5-15s,190,2,548,3
2026-01-08T08:24:56.177Z,0.98,15-30s,20,0,76,21
2026-01-08T08:24:56.177Z,0.98,30-60s,16,0,152,39
2026-01-08T08:24:56.177Z,0.98,60-300s,29,0,1996,380
2026-01-08T08:24:56.177Z,0.98,5-15m,37,0,16739,1030
2026-01-08T08:24:56.177Z,0.98,15-60m,13,2,35,7
2026-01-08T08:24:56.177Z,0.985,0-5s,13,2,25,6
2026-01-08T08:24:56.177Z,0.985,5-15s,312,2,677,4
2026-01-08T08:24:56.177Z,0.985,15-30s,20,0,76,21
2026-01-08T08:24:56.177Z,0.985,30-60s,15,0,152,41
2026-01-08T08:24:56.177Z,0.985,60-300s,29,0,1996,386
2026-01-08T08:24:56.177Z,0.985,5-15m,37,0,16739,1041
2026-01-08T08:24:56.177Z,0.985,15-60m,13,2,35,7
2026-01-08T08:24:56.177Z,0.99,0-5s,13,2,25,7
2026-01-08T08:24:56.177Z,0.99,5-15s,312,2,677,4
2026-01-08T08:24:56.177Z,0.99,15-30s,18,0,76,24
2026-01-08T08:24:56.177Z,0.99,30-60s,17,0,152,54
2026-01-08T08:24:56.177Z,0.99,60-300s,58,0,12230,835
2026-01-08T08:24:56.177Z,0.99,5-15m,32,0,16739,2517
2026-01-08T08:24:56.177Z,0.99,15-60m,13,0,60,23
2026-01-08T08:24:56.177Z,0.995,0-5s,31,2,155,8
2026-01-08T08:24:56.177Z,0.995,5-15s,494,2,1461,6
2026-01-08T08:24:56.177Z,0.995,15-30s,209,0,4787,25
2026-01-08T08:24:56.177Z,0.995,30-60s,102,0,4679,55
2026-01-08T08:24:56.177Z,0.995,60-300s,67,0,12230,837
2026-01-08T08:24:56.177Z,0.995,5-15m,32,0,16739,2517
2026-01-08T08:24:56.177Z,0.995,15-60m,13,0,60,23
2026-01-08T08:25:56.176Z,0.9,0-5s,10,10,10,1
2026-01-08T08:25:56.176Z,0.9,5-15s,2,2,2,1
2026-01-08T08:25:56.176Z,0.9,15-30s,5,5,5,1
2026-01-08T08:25:56.176Z,0.9,30-60s,7,6,9,3
2026-01-08T08:25:56.176Z,0.9,60-300s,15,1,33,4
2026-01-08T08:25:56.176Z,0.9,5-15m,21,0,43,11
2026-01-08T08:25:56.176Z,0.95,0-5s,8,6,10,2
2026-01-08T08:25:56.176Z,0.95,5-15s,2,2,2,1
2026-01-08T08:25:56.176Z,0.95,15-30s,10,0,49,7
2026-01-08T08:25:56.176Z,0.95,30-60s,6,3,9,5
2026-01-08T08:25:56.176Z,0.95,60-300s,67,0,1996,55
2026-01-08T08:25:56.176Z,0.95,5-15m,79,0,8995,146
2026-01-08T08:25:56.176Z,0.95,15-60m,6,6,6,1
2026-01-08T08:25:56.176Z,0.98,0-5s,13,2,25,6
2026-01-08T08:25:56.176Z,0.98,5-15s,190,2,548,3
2026-01-08T08:25:56.176Z,0.98,15-30s,20,0,76,21
2026-01-08T08:25:56.176Z,0.98,30-60s,16,0,152,39
2026-01-08T08:25:56.176Z,0.98,60-300s,29,0,1996,384
2026-01-08T08:25:56.176Z,0.98,5-15m,37,0,16739,1030
2026-01-08T08:25:56.176Z,0.98,15-60m,13,2,35,7
2026-01-08T08:25:56.176Z,0.985,0-5s,13,2,25,6
2026-01-08T08:25:56.176Z,0.985,5-15s,312,2,677,4
2026-01-08T08:25:56.176Z,0.985,15-30s,20,0,76,21
2026-01-08T08:25:56.176Z,0.985,30-60s,15,0,152,41
2026-01-08T08:25:56.176Z,0.985,60-300s,29,0,1996,390
2026-01-08T08:25:56.176Z,0.985,5-15m,37,0,16739,1041
2026-01-08T08:25:56.176Z,0.985,15-60m,13,2,35,7
2026-01-08T08:25:56.176Z,0.99,0-5s,13,2,25,7
2026-01-08T08:25:56.176Z,0.99,5-15s,312,2,677,4
2026-01-08T08:25:56.176Z,0.99,15-30s,18,0,76,24
2026-01-08T08:25:56.176Z,0.99,30-60s,17,0,152,54
2026-01-08T08:25:56.176Z,0.99,60-300s,57,0,12230,849
2026-01-08T08:25:56.176Z,0.99,5-15m,32,0,16739,2517
2026-01-08T08:25:56.176Z,0.99,15-60m,13,0,60,23
2026-01-08T08:25:56.176Z,0.995,0-5s,31,2,155,8
2026-01-08T08:25:56.176Z,0.995,5-15s,494,2,1461,6
2026-01-08T08:25:56.176Z,0.995,15-30s,209,0,4787,25
2026-01-08T08:25:56.176Z,0.995,30-60s,102,0,4679,55
2026-01-08T08:25:56.176Z,0.995,60-300s,66,0,12230,851
2026-01-08T08:25:56.176Z,0.995,5-15m,32,0,16739,2517
2026-01-08T08:25:56.176Z,0.995,15-60m,13,0,60,23
2026-01-08T08:26:56.175Z,0.9,0-5s,10,10,10,1
2026-01-08T08:26:56.175Z,0.9,5-15s,2,2,2,1
2026-01-08T08:26:56.175Z,0.9,15-30s,5,5,5,1
2026-01-08T08:26:56.175Z,0.9,30-60s,7,6,9,3
2026-01-08T08:26:56.175Z,0.9,60-300s,15,1,33,4
2026-01-08T08:26:56.175Z,0.9,5-15m,21,0,43,11
2026-01-08T08:26:56.175Z,0.95,0-5s,8,6,10,2
2026-01-08T08:26:56.175Z,0.95,5-15s,2,2,2,1
2026-01-08T08:26:56.175Z,0.95,15-30s,10,0,49,7
2026-01-08T08:26:56.175Z,0.95,30-60s,6,3,9,5
2026-01-08T08:26:56.175Z,0.95,60-300s,66,0,1996,56
2026-01-08T08:26:56.175Z,0.95,5-15m,79,0,8995,146
2026-01-08T08:26:56.175Z,0.95,15-60m,6,6,6,1
2026-01-08T08:26:56.175Z,0.98,0-5s,13,2,25,6
2026-01-08T08:26:56.175Z,0.98,5-15s,190,2,548,3
2026-01-08T08:26:56.175Z,0.98,15-30s,20,0,76,21
2026-01-08T08:26:56.175Z,0.98,30-60s,16,0,152,39
2026-01-08T08:26:56.175Z,0.98,60-300s,29,0,1996,388
2026-01-08T08:26:56.175Z,0.98,5-15m,37,0,16739,1030
2026-01-08T08:26:56.175Z,0.98,15-60m,13,2,35,7
2026-01-08T08:26:56.175Z,0.985,0-5s,13,2,25,6
2026-01-08T08:26:56.175Z,0.985,5-15s,312,2,677,4
2026-01-08T08:26:56.175Z,0.985,15-30s,20,0,76,21
2026-01-08T08:26:56.175Z,0.985,30-60s,15,0,152,41
2026-01-08T08:26:56.175Z,0.985,60-300s,29,0,1996,394
2026-01-08T08:26:56.175Z,0.985,5-15m,37,0,16739,1041
2026-01-08T08:26:56.175Z,0.985,15-60m,13,2,35,7
2026-01-08T08:26:56.175Z,0.99,0-5s,13,2,25,7
2026-01-08T08:26:56.175Z,0.99,5-15s,312,2,677,4
2026-01-08T08:26:56.175Z,0.99,15-30s,18,0,76,24
2026-01-08T08:26:56.175Z,0.99,30-60s,17,0,152,54
2026-01-08T08:26:56.175Z,0.99,60-300s,57,0,12230,858
2026-01-08T08:26:56.175Z,0.99,5-15m,32,0,16739,2517
2026-01-08T08:26:56.175Z,0.99,15-60m,13,0,60,23
2026-01-08T08:26:56.175Z,0.995,0-5s,31,2,155,8
2026-01-08T08:26:56.175Z,0.995,5-15s,494,2,1461,6
2026-01-08T08:26:56.175Z,0.995,15-30s,209,0,4787,25
2026-01-08T08:26:56.175Z,0.995,30-60s,102,0,4679,55
2026-01-08T08:26:56.175Z,0.995,60-300s,65,0,12230,860
2026-01-08T08:26:56.175Z,0.995,5-15m,32,0,16739,2517
2026-01-08T08:26:56.175Z,0.995,15-60m,13,0,60,23
2026-01-08T08:27:56.175Z,0.9,0-5s,10,10,10,1
2026-01-08T08:27:56.175Z,0.9,5-15s,2,2,2,1
2026-01-08T08:27:56.175Z,0.9,15-30s,5,5,5,1
2026-01-08T08:27:56.175Z,0.9,30-60s,7,6,9,3
2026-01-08T08:27:56.175Z,0.9,60-300s,15,1,33,4
2026-01-08T08:27:56.175Z,0.9,5-15m,21,0,43,11
2026-01-08T08:27:56.175Z,0.95,0-5s,8,6,10,2
2026-01-08T08:27:56.175Z,0.95,5-15s,2,2,2,1
2026-01-08T08:27:56.175Z,0.95,15-30s,10,0,49,7
2026-01-08T08:27:56.175Z,0.95,30-60s,6,3,9,5
2026-01-08T08:27:56.175Z,0.95,60-300s,66,0,1996,56
2026-01-08T08:27:56.175Z,0.95,5-15m,79,0,8995,146
2026-01-08T08:27:56.175Z,0.95,15-60m,6,6,6,1
2026-01-08T08:27:56.175Z,0.98,0-5s,13,2,25,6
2026-01-08T08:27:56.175Z,0.98,5-15s,190,2,548,3
2026-01-08T08:27:56.175Z,0.98,15-30s,20,0,76,21
2026-01-08T08:27:56.175Z,0.98,30-60s,16,0,152,39
2026-01-08T08:27:56.175Z,0.98,60-300s,28,0,1996,390
2026-01-08T08:27:56.175Z,0.98,5-15m,37,0,16739,1030
2026-01-08T08:27:56.175Z,0.98,15-60m,13,2,35,7
2026-01-08T08:27:56.175Z,0.985,0-5s,13,2,25,6
2026-01-08T08:27:56.175Z,0.985,5-15s,312,2,677,4
2026-01-08T08:27:56.175Z,0.985,15-30s,20,0,76,21
2026-01-08T08:27:56.175Z,0.985,30-60s,15,0,152,41
2026-01-08T08:27:56.175Z,0.985,60-300s,29,0,1996,396
2026-01-08T08:27:56.175Z,0.985,5-15m,37,0,16739,1041
2026-01-08T08:27:56.175Z,0.985,15-60m,13,2,35,7
2026-01-08T08:27:56.175Z,0.99,0-5s,13,2,25,7
2026-01-08T08:27:56.175Z,0.99,5-15s,312,2,677,4
2026-01-08T08:27:56.175Z,0.99,15-30s,18,0,76,24
2026-01-08T08:27:56.175Z,0.99,30-60s,17,0,152,54
2026-01-08T08:27:56.175Z,0.99,60-300s,57,0,12230,864
2026-01-08T08:27:56.175Z,0.99,5-15m,32,0,16739,2517
2026-01-08T08:27:56.175Z,0.99,15-60m,13,0,60,23
2026-01-08T08:27:56.175Z,0.995,0-5s,31,2,155,8
2026-01-08T08:27:56.175Z,0.995,5-15s,494,2,1461,6
2026-01-08T08:27:56.175Z,0.995,15-30s,209,0,4787,25
2026-01-08T08:27:56.175Z,0.995,30-60s,102,0,4679,55
2026-01-08T08:27:56.175Z,0.995,60-300s,65,0,12230,866
2026-01-08T08:27:56.175Z,0.995,5-15m,32,0,16739,2517
2026-01-08T08:27:56.175Z,0.995,15-60m,13,0,60,23
2026-01-08T08:28:56.174Z,0.9,0-5s,10,10,10,1
2026-01-08T08:28:56.174Z,0.9,5-15s,2,2,2,1
2026-01-08T08:28:56.174Z,0.9,15-30s,5,5,5,1
2026-01-08T08:28:56.174Z,0.9,30-60s,7,6,9,3
2026-01-08T08:28:56.174Z,0.9,60-300s,15,1,33,4
2026-01-08T08:28:56.174Z,0.9,5-15m,21,0,43,11
2026-01-08T08:28:56.174Z,0.95,0-5s,8,6,10,2
2026-01-08T08:28:56.174Z,0.95,5-15s,2,2,2,1
2026-01-08T08:28:56.174Z,0.95,15-30s,10,0,49,7
2026-01-08T08:28:56.174Z,0.95,30-60s,6,3,9,5
2026-01-08T08:28:56.174Z,0.95,60-300s,65,0,1996,57
2026-01-08T08:28:56.174Z,0.95,5-15m,79,0,8995,146
2026-01-08T08:28:56.174Z,0.95,15-60m,6,6,6,1
2026-01-08T08:28:56.174Z,0.98,0-5s,13,2,25,6
2026-01-08T08:28:56.174Z,0.98,5-15s,190,2,548,3
2026-01-08T08:28:56.174Z,0.98,15-30s,20,0,76,21
2026-01-08T08:28:56.174Z,0.98,30-60s,16,0,152,39
2026-01-08T08:28:56.174Z,0.98,60-300s,28,0,1996,392
2026-01-08T08:28:56.174Z,0.98,5-15m,37,0,16739,1030
2026-01-08T08:28:56.174Z,0.98,15-60m,13,2,35,7
2026-01-08T08:28:56.174Z,0.985,0-5s,13,2,25,6
2026-01-08T08:28:56.174Z,0.985,5-15s,312,2,677,4
2026-01-08T08:28:56.174Z,0.985,15-30s,20,0,76,21
2026-01-08T08:28:56.174Z,0.985,30-60s,15,0,152,41
2026-01-08T08:28:56.174Z,0.985,60-300s,29,0,1996,398
2026-01-08T08:28:56.174Z,0.985,5-15m,37,0,16739,1041
2026-01-08T08:28:56.174Z,0.985,15-60m,13,2,35,7
2026-01-08T08:28:56.174Z,0.99,0-5s,13,2,25,7
2026-01-08T08:28:56.174Z,0.99,5-15s,312,2,677,4
2026-01-08T08:28:56.174Z,0.99,15-30s,18,0,76,24
2026-01-08T08:28:56.174Z,0.99,30-60s,17,0,152,54
2026-01-08T08:28:56.174Z,0.99,60-300s,57,0,12230,870
2026-01-08T08:28:56.174Z,0.99,5-15m,32,0,16739,2517
2026-01-08T08:28:56.174Z,0.99,15-60m,13,0,60,23
2026-01-08T08:28:56.174Z,0.995,0-5s,31,2,155,8
2026-01-08T08:28:56.174Z,0.995,5-15s,494,2,1461,6
2026-01-08T08:28:56.174Z,0.995,15-30s,209,0,4787,25
2026-01-08T08:28:56.174Z,0.995,30-60s,102,0,4679,55
2026-01-08T08:28:56.174Z,0.995,60-300s,65,0,12230,872
2026-01-08T08:28:56.174Z,0.995,5-15m,32,0,16739,2517
2026-01-08T08:28:56.174Z,0.995,15-60m,13,0,60,23
2026-01-08T08:29:56.178Z,0.9,0-5s,10,10,10,1
2026-01-08T08:29:56.178Z,0.9,5-15s,2,2,2,1
2026-01-08T08:29:56.178Z,0.9,15-30s,5,5,5,1
2026-01-08T08:29:56.178Z,0.9,30-60s,7,6,9,3
2026-01-08T08:29:56.178Z,0.9,60-300s,15,1,33,4
2026-01-08T08:29:56.178Z,0.9,5-15m,21,0,43,11
2026-01-08T08:29:56.178Z,0.95,0-5s,8,6,10,2
2026-01-08T08:29:56.178Z,0.95,5-15s,2,2,2,1
2026-01-08T08:29:56.178Z,0.95,15-30s,10,0,49,7
2026-01-08T08:29:56.178Z,0.95,30-60s,6,3,9,5
2026-01-08T08:29:56.178Z,0.95,60-300s,64,0,1996,58
2026-01-08T08:29:56.178Z,0.95,5-15m,79,0,8995,146
2026-01-08T08:29:56.178Z,0.95,15-60m,6,6,6,1
2026-01-08T08:29:56.178Z,0.98,0-5s,13,2,25,6
2026-01-08T08:29:56.178Z,0.98,5-15s,190,2,548,3
2026-01-08T08:29:56.178Z,0.98,15-30s,20,0,76,21
2026-01-08T08:29:56.178Z,0.98,30-60s,16,0,152,39
2026-01-08T08:29:56.178Z,0.98,60-300s,28,0,1996,393
2026-01-08T08:29:56.178Z,0.98,5-15m,37,0,16739,1030
2026-01-08T08:29:56.178Z,0.98,15-60m,13,2,35,7
2026-01-08T08:29:56.178Z,0.985,0-5s,13,2,25,6
2026-01-08T08:29:56.178Z,0.985,5-15s,312,2,677,4
2026-01-08T08:29:56.178Z,0.985,15-30s,20,0,76,21
2026-01-08T08:29:56.178Z,0.985,30-60s,15,0,152,41
2026-01-08T08:29:56.178Z,0.985,60-300s,29,0,1996,399
2026-01-08T08:29:56.178Z,0.985,5-15m,37,0,16739,1041
2026-01-08T08:29:56.178Z,0.985,15-60m,13,2,35,7
2026-01-08T08:29:56.178Z,0.99,0-5s,13,2,25,7
2026-01-08T08:29:56.178Z,0.99,5-15s,258,2,677,5
2026-01-08T08:29:56.178Z,0.99,15-30s,18,0,76,24
2026-01-08T08:29:56.178Z,0.99,30-60s,17,0,152,55
2026-01-08T08:29:56.178Z,0.99,60-300s,56,0,12230,871
2026-01-08T08:29:56.178Z,0.99,5-15m,32,0,16739,2517
2026-01-08T08:29:56.178Z,0.99,15-60m,13,0,60,23
2026-01-08T08:29:56.178Z,0.995,0-5s,31,2,155,8
2026-01-08T08:29:56.178Z,0.995,5-15s,429,2,1461,7
2026-01-08T08:29:56.178Z,0.995,15-30s,209,0,4787,25
2026-01-08T08:29:56.178Z,0.995,30-60s,100,0,4679,56
2026-01-08T08:29:56.178Z,0.995,60-300s,65,0,12230,873
2026-01-08T08:29:56.178Z,0.995,5-15m,32,0,16739,2517
2026-01-08T08:29:56.178Z,0.995,15-60m,13,0,60,23
2026-01-08T08:30:56.177Z,0.9,0-5s,10,10,10,1
2026-01-08T08:30:56.177Z,0.9,5-15s,2,2,2,1
2026-01-08T08:30:56.177Z,0.9,15-30s,5,5,5,1
2026-01-08T08:30:56.177Z,0.9,30-60s,7,6,9,3
2026-01-08T08:30:56.177Z,0.9,60-300s,15,1,33,4
2026-01-08T08:30:56.177Z,0.9,5-15m,21,0,43,11
2026-01-08T08:30:56.177Z,0.95,0-5s,8,6,10,2
2026-01-08T08:30:56.177Z,0.95,5-15s,2,2,2,1
2026-01-08T08:30:56.177Z,0.95,15-30s,10,0,49,7
2026-01-08T08:30:56.177Z,0.95,30-60s,6,3,9,5
2026-01-08T08:30:56.177Z,0.95,60-300s,64,0,1996,58
2026-01-08T08:30:56.177Z,0.95,5-15m,79,0,8995,146
2026-01-08T08:30:56.177Z,0.95,15-60m,6,6,6,1
2026-01-08T08:30:56.177Z,0.98,0-5s,13,2,25,6
2026-01-08T08:30:56.177Z,0.98,5-15s,190,2,548,3
2026-01-08T08:30:56.177Z,0.98,15-30s,20,0,76,21
2026-01-08T08:30:56.177Z,0.98,30-60s,16,0,152,39
2026-01-08T08:30:56.177Z,0.98,60-300s,28,0,1996,393
2026-01-08T08:30:56.177Z,0.98,5-15m,37,0,16739,1033
2026-01-08T08:30:56.177Z,0.98,15-60m,13,2,35,7
2026-01-08T08:30:56.177Z,0.985,0-5s,13,2,25,6
2026-01-08T08:30:56.177Z,0.985,5-15s,312,2,677,4
2026-01-08T08:30:56.177Z,0.985,15-30s,20,0,76,21
2026-01-08T08:30:56.177Z,0.985,30-60s,15,0,152,41
2026-01-08T08:30:56.177Z,0.985,60-300s,29,0,1996,399
2026-01-08T08:30:56.177Z,0.985,5-15m,37,0,16739,1044
2026-01-08T08:30:56.177Z,0.985,15-60m,13,2,35,7
2026-01-08T08:30:56.177Z,0.99,0-5s,13,2,25,7
2026-01-08T08:30:56.177Z,0.99,5-15s,258,2,677,5
2026-01-08T08:30:56.177Z,0.99,15-30s,18,0,76,24
2026-01-08T08:30:56.177Z,0.99,30-60s,17,0,152,55
2026-01-08T08:30:56.177Z,0.99,60-300s,56,0,12230,871
2026-01-08T08:30:56.177Z,0.99,5-15m,32,0,16739,2525
2026-01-08T08:30:56.177Z,0.99,15-60m,13,0,60,23
2026-01-08T08:30:56.177Z,0.995,0-5s,31,2,155,8
2026-01-08T08:30:56.177Z,0.995,5-15s,429,2,1461,7
2026-01-08T08:30:56.177Z,0.995,15-30s,209,0,4787,25
2026-01-08T08:30:56.177Z,0.995,30-60s,100,0,4679,56
2026-01-08T08:30:56.177Z,0.995,60-300s,65,0,12230,873
2026-01-08T08:30:56.177Z,0.995,5-15m,32,0,16739,2525
2026-01-08T08:30:56.177Z,0.995,15-60m,13,0,60,23
2026-01-08T08:31:56.177Z,0.9,0-5s,10,10,10,1
2026-01-08T08:31:56.177Z,0.9,5-15s,2,2,2,1
2026-01-08T08:31:56.177Z,0.9,15-30s,5,5,5,1
2026-01-08T08:31:56.177Z,0.9,30-60s,7,6,9,3
2026-01-08T08:31:56.177Z,0.9,60-300s,15,1,33,4
2026-01-08T08:31:56.177Z,0.9,5-15m,21,0,43,11
2026-01-08T08:31:56.177Z,0.95,0-5s,8,6,10,2
2026-01-08T08:31:56.177Z,0.95,5-15s,2,2,2,1
2026-01-08T08:31:56.177Z,0.95,15-30s,10,0,49,7
2026-01-08T08:31:56.177Z,0.95,30-60s,6,3,9,5
2026-01-08T08:31:56.177Z,0.95,60-300s,64,0,1996,58
2026-01-08T08:31:56.177Z,0.95,5-15m,79,0,8995,146
2026-01-08T08:31:56.177Z,0.95,15-60m,6,6,6,1
2026-01-08T08:31:56.177Z,0.98,0-5s,13,2,25,6
2026-01-08T08:31:56.177Z,0.98,5-15s,190,2,548,3
2026-01-08T08:31:56.177Z,0.98,15-30s,20,0,76,21
2026-01-08T08:31:56.177Z,0.98,30-60s,16,0,152,39
2026-01-08T08:31:56.177Z,0.98,60-300s,28,0,1996,393
2026-01-08T08:31:56.177Z,0.98,5-15m,37,0,16739,1036
2026-01-08T08:31:56.177Z,0.98,15-60m,13,2,35,7
2026-01-08T08:31:56.177Z,0.985,0-5s,13,2,25,6
2026-01-08T08:31:56.177Z,0.985,5-15s,312,2,677,4
2026-01-08T08:31:56.177Z,0.985,15-30s,20,0,76,21
2026-01-08T08:31:56.177Z,0.985,30-60s,15,0,152,41
2026-01-08T08:31:56.177Z,0.985,60-300s,29,0,1996,399
2026-01-08T08:31:56.177Z,0.985,5-15m,37,0,16739,1047
2026-01-08T08:31:56.177Z,0.985,15-60m,13,2,35,7
2026-01-08T08:31:56.177Z,0.99,0-5s,13,2,25,7
2026-01-08T08:31:56.177Z,0.99,5-15s,258,2,677,5
2026-01-08T08:31:56.177Z,0.99,15-30s,18,0,76,24
2026-01-08T08:31:56.177Z,0.99,30-60s,17,0,152,55
2026-01-08T08:31:56.177Z,0.99,60-300s,56,0,12230,871
2026-01-08T08:31:56.177Z,0.99,5-15m,32,0,16739,2535
2026-01-08T08:31:56.177Z,0.99,15-60m,13,0,60,23
2026-01-08T08:31:56.177Z,0.995,0-5s,31,2,155,8
2026-01-08T08:31:56.177Z,0.995,5-15s,429,2,1461,7
2026-01-08T08:31:56.177Z,0.995,15-30s,209,0,4787,25
2026-01-08T08:31:56.177Z,0.995,30-60s,100,0,4679,56
2026-01-08T08:31:56.177Z,0.995,60-300s,65,0,12230,873
2026-01-08T08:31:56.177Z,0.995,5-15m,32,0,16739,2535
2026-01-08T08:31:56.177Z,0.995,15-60m,13,0,60,23
2026-01-08T08:32:56.177Z,0.9,0-5s,10,10,10,1
2026-01-08T08:32:56.177Z,0.9,5-15s,2,2,2,1
2026-01-08T08:32:56.177Z,0.9,15-30s,5,5,5,1
2026-01-08T08:32:56.177Z,0.9,30-60s,7,6,9,3
2026-01-08T08:32:56.177Z,0.9,60-300s,15,1,33,4
2026-01-08T08:32:56.177Z,0.9,5-15m,21,0,43,11
2026-01-08T08:32:56.177Z,0.95,0-5s,8,6,10,2
2026-01-08T08:32:56.177Z,0.95,5-15s,2,2,2,1
2026-01-08T08:32:56.177Z,0.95,15-30s,10,0,49,7
2026-01-08T08:32:56.177Z,0.95,30-60s,6,3,9,5
2026-01-08T08:32:56.177Z,0.95,60-300s,64,0,1996,58
2026-01-08T08:32:56.177Z,0.95,5-15m,78,0,8995,148
2026-01-08T08:32:56.177Z,0.95,15-60m,6,6,6,1
2026-01-08T08:32:56.177Z,0.98,0-5s,13,2,25,6
2026-01-08T08:32:56.177Z,0.98,5-15s,190,2,548,3
2026-01-08T08:32:56.177Z,0.98,15-30s,20,0,76,21
2026-01-08T08:32:56.177Z,0.98,30-60s,16,0,152,39
2026-01-08T08:32:56.177Z,0.98,60-300s,28,0,1996,393
2026-01-08T08:32:56.177Z,0.98,5-15m,37,0,16739,1040
2026-01-08T08:32:56.177Z,0.98,15-60m,13,2,35,7
2026-01-08T08:32:56.177Z,0.985,0-5s,13,2,25,6
2026-01-08T08:32:56.177Z,0.985,5-15s,312,2,677,4
2026-01-08T08:32:56.177Z,0.985,15-30s,20,0,76,21
2026-01-08T08:32:56.177Z,0.985,30-60s,15,0,152,41
2026-01-08T08:32:56.177Z,0.985,60-300s,29,0,1996,399
2026-01-08T08:32:56.177Z,0.985,5-15m,37,0,16739,1051
2026-01-08T08:32:56.177Z,0.985,15-60m,13,2,35,7
2026-01-08T08:32:56.177Z,0.99,0-5s,13,2,25,7
2026-01-08T08:32:56.177Z,0.99,5-15s,258,2,677,5
2026-01-08T08:32:56.177Z,0.99,15-30s,18,0,76,24
2026-01-08T08:32:56.177Z,0.99,30-60s,17,0,152,55
2026-01-08T08:32:56.177Z,0.99,60-300s,56,0,12230,871
2026-01-08T08:32:56.177Z,0.99,5-15m,32,0,16739,2541
2026-01-08T08:32:56.177Z,0.99,15-60m,13,0,60,23
2026-01-08T08:32:56.177Z,0.995,0-5s,31,2,155,8
2026-01-08T08:32:56.177Z,0.995,5-15s,429,2,1461,7
2026-01-08T08:32:56.177Z,0.995,15-30s,209,0,4787,25
2026-01-08T08:32:56.177Z,0.995,30-60s,100,0,4679,56
2026-01-08T08:32:56.177Z,0.995,60-300s,65,0,12230,873
2026-01-08T08:32:56.177Z,0.995,5-15m,32,0,16739,2541
2026-01-08T08:32:56.177Z,0.995,15-60m,13,0,60,23
2026-01-08T08:33:56.177Z,0.9,0-5s,10,10,10,1
2026-01-08T08:33:56.177Z,0.9,5-15s,2,2,2,1
2026-01-08T08:33:56.177Z,0.9,15-30s,5,5,5,1
2026-01-08T08:33:56.177Z,0.9,30-60s,7,6,9,3
2026-01-08T08:33:56.177Z,0.9,60-300s,15,1,33,4
2026-01-08T08:33:56.177Z,0.9,5-15m,21,0,43,11
2026-01-08T08:33:56.177Z,0.95,0-5s,8,6,10,2
2026-01-08T08:33:56.177Z,0.95,5-15s,2,2,2,1
2026-01-08T08:33:56.177Z,0.95,15-30s,10,0,49,7
2026-01-08T08:33:56.177Z,0.95,30-60s,6,3,9,5
2026-01-08T08:33:56.177Z,0.95,60-300s,64,0,1996,58
2026-01-08T08:33:56.177Z,0.95,5-15m,78,0,8995,148
2026-01-08T08:33:56.177Z,0.95,15-60m,6,6,6,1
2026-01-08T08:33:56.177Z,0.98,0-5s,13,2,25,6
2026-01-08T08:33:56.177Z,0.98,5-15s,190,2,548,3
2026-01-08T08:33:56.177Z,0.98,15-30s,20,0,76,21
2026-01-08T08:33:56.177Z,0.98,30-60s,16,0,152,39
2026-01-08T08:33:56.177Z,0.98,60-300s,28,0,1996,393
2026-01-08T08:33:56.177Z,0.98,5-15m,37,0,16739,1040
2026-01-08T08:33:56.177Z,0.98,15-60m,13,2,35,7
2026-01-08T08:33:56.177Z,0.985,0-5s,13,2,25,6
2026-01-08T08:33:56.177Z,0.985,5-15s,312,2,677,4
2026-01-08T08:33:56.177Z,0.985,15-30s,20,0,76,21
2026-01-08T08:33:56.177Z,0.985,30-60s,15,0,152,41
2026-01-08T08:33:56.177Z,0.985,60-300s,29,0,1996,399
2026-01-08T08:33:56.177Z,0.985,5-15m,37,0,16739,1051
2026-01-08T08:33:56.177Z,0.985,15-60m,13,2,35,7
2026-01-08T08:33:56.177Z,0.99,0-5s,13,2,25,7
2026-01-08T08:33:56.177Z,0.99,5-15s,258,2,677,5
2026-01-08T08:33:56.177Z,0.99,15-30s,18,0,76,24
2026-01-08T08:33:56.177Z,0.99,30-60s,17,0,152,55
2026-01-08T08:33:56.177Z,0.99,60-300s,56,0,12230,871
2026-01-08T08:33:56.177Z,0.99,5-15m,32,0,16739,2541
2026-01-08T08:33:56.177Z,0.99,15-60m,13,0,60,23
2026-01-08T08:33:56.177Z,0.995,0-5s,31,2,155,8
2026-01-08T08:33:56.177Z,0.995,5-15s,429,2,1461,7
2026-01-08T08:33:56.177Z,0.995,15-30s,209,0,4787,25
2026-01-08T08:33:56.177Z,0.995,30-60s,100,0,4679,56
2026-01-08T08:33:56.177Z,0.995,60-300s,65,0,12230,873
2026-01-08T08:33:56.177Z,0.995,5-15m,32,0,16739,2541
2026-01-08T08:33:56.177Z,0.995,15-60m,13,0,60,23
2026-01-08T08:34:56.179Z,0.9,0-5s,10,10,10,1
2026-01-08T08:34:56.179Z,0.9,5-15s,2,2,2,1
2026-01-08T08:34:56.179Z,0.9,15-30s,5,5,5,1
2026-01-08T08:34:56.179Z,0.9,30-60s,7,6,9,3
2026-01-08T08:34:56.179Z,0.9,60-300s,15,1,33,4
2026-01-08T08:34:56.179Z,0.9,5-15m,21,0,43,11
2026-01-08T08:34:56.179Z,0.95,0-5s,8,6,10,2
2026-01-08T08:34:56.179Z,0.95,5-15s,2,2,2,1
2026-01-08T08:34:56.179Z,0.95,15-30s,10,0,49,7
2026-01-08T08:34:56.179Z,0.95,30-60s,6,3,9,5
2026-01-08T08:34:56.179Z,0.95,60-300s,64,0,1996,58
2026-01-08T08:34:56.179Z,0.95,5-15m,78,0,8995,148
2026-01-08T08:34:56.179Z,0.95,15-60m,6,6,6,1
2026-01-08T08:34:56.179Z,0.98,0-5s,13,2,25,6
2026-01-08T08:34:56.179Z,0.98,5-15s,190,2,548,3
2026-01-08T08:34:56.179Z,0.98,15-30s,20,0,76,21
2026-01-08T08:34:56.179Z,0.98,30-60s,16,0,152,39
2026-01-08T08:34:56.179Z,0.98,60-300s,28,0,1996,393
2026-01-08T08:34:56.179Z,0.98,5-15m,37,0,16739,1040
2026-01-08T08:34:56.179Z,0.98,15-60m,13,2,35,7
2026-01-08T08:34:56.179Z,0.985,0-5s,13,2,25,6
2026-01-08T08:34:56.179Z,0.985,5-15s,312,2,677,4
2026-01-08T08:34:56.179Z,0.985,15-30s,20,0,76,21
2026-01-08T08:34:56.179Z,0.985,30-60s,15,0,152,41
2026-01-08T08:34:56.179Z,0.985,60-300s,29,0,1996,399
2026-01-08T08:34:56.179Z,0.985,5-15m,37,0,16739,1051
2026-01-08T08:34:56.179Z,0.985,15-60m,13,2,35,7
2026-01-08T08:34:56.179Z,0.99,0-5s,13,2,25,7
2026-01-08T08:34:56.179Z,0.99,5-15s,258,2,677,5
2026-01-08T08:34:56.179Z,0.99,15-30s,18,0,76,24
2026-01-08T08:34:56.179Z,0.99,30-60s,17,0,152,55
2026-01-08T08:34:56.179Z,0.99,60-300s,56,0,12230,871
2026-01-08T08:34:56.179Z,0.99,5-15m,32,0,16739,2541
2026-01-08T08:34:56.179Z,0.99,15-60m,13,0,60,23
2026-01-08T08:34:56.179Z,0.995,0-5s,31,2,155,8
2026-01-08T08:34:56.179Z,0.995,5-15s,429,2,1461,7
2026-01-08T08:34:56.179Z,0.995,15-30s,209,0,4787,25
2026-01-08T08:34:56.179Z,0.995,30-60s,100,0,4679,56
2026-01-08T08:34:56.179Z,0.995,60-300s,65,0,12230,873
2026-01-08T08:34:56.179Z,0.995,5-15m,32,0,16739,2541
2026-01-08T08:34:56.179Z,0.995,15-60m,13,0,60,23
2026-01-08T08:35:56.190Z,0.9,0-5s,10,10,10,1
2026-01-08T08:35:56.190Z,0.9,5-15s,2,2,2,1
2026-01-08T08:35:56.190Z,0.9,15-30s,5,5,5,1
2026-01-08T08:35:56.190Z,0.9,30-60s,7,6,9,3
2026-01-08T08:35:56.190Z,0.9,60-300s,15,1,33,4
2026-01-08T08:35:56.190Z,0.9,5-15m,21,0,43,11
2026-01-08T08:35:56.190Z,0.95,0-5s,8,6,10,2
2026-01-08T08:35:56.190Z,0.95,5-15s,2,2,2,1
2026-01-08T08:35:56.190Z,0.95,15-30s,10,0,49,7
2026-01-08T08:35:56.190Z,0.95,30-60s,6,3,9,5
2026-01-08T08:35:56.190Z,0.95,60-300s,64,0,1996,58
2026-01-08T08:35:56.190Z,0.95,5-15m,78,0,8995,148
2026-01-08T08:35:56.190Z,0.95,15-60m,6,6,6,1
2026-01-08T08:35:56.190Z,0.98,0-5s,13,2,25,6
2026-01-08T08:35:56.190Z,0.98,5-15s,190,2,548,3
2026-01-08T08:35:56.190Z,0.98,15-30s,20,0,76,21
2026-01-08T08:35:56.190Z,0.98,30-60s,16,0,152,39
2026-01-08T08:35:56.190Z,0.98,60-300s,28,0,1996,393
2026-01-08T08:35:56.190Z,0.98,5-15m,37,0,16739,1042
2026-01-08T08:35:56.190Z,0.98,15-60m,13,2,35,7
2026-01-08T08:35:56.190Z,0.985,0-5s,13,2,25,6
2026-01-08T08:35:56.190Z,0.985,5-15s,312,2,677,4
2026-01-08T08:35:56.190Z,0.985,15-30s,20,0,76,21
2026-01-08T08:35:56.190Z,0.985,30-60s,15,0,152,41
2026-01-08T08:35:56.190Z,0.985,60-300s,29,0,1996,399
2026-01-08T08:35:56.190Z,0.985,5-15m,37,0,16739,1053
2026-01-08T08:35:56.190Z,0.985,15-60m,13,2,35,7
2026-01-08T08:35:56.190Z,0.99,0-5s,13,2,25,7
2026-01-08T08:35:56.190Z,0.99,5-15s,258,2,677,5
2026-01-08T08:35:56.190Z,0.99,15-30s,18,0,76,24
2026-01-08T08:35:56.190Z,0.99,30-60s,17,0,152,55
2026-01-08T08:35:56.190Z,0.99,60-300s,56,0,12230,871
2026-01-08T08:35:56.190Z,0.99,5-15m,32,0,16739,2545
2026-01-08T08:35:56.190Z,0.99,15-60m,13,0,60,23
2026-01-08T08:35:56.190Z,0.995,0-5s,31,2,155,8
2026-01-08T08:35:56.190Z,0.995,5-15s,429,2,1461,7
2026-01-08T08:35:56.190Z,0.995,15-30s,209,0,4787,25
2026-01-08T08:35:56.190Z,0.995,30-60s,100,0,4679,56
2026-01-08T08:35:56.190Z,0.995,60-300s,65,0,12230,873
2026-01-08T08:35:56.190Z,0.995,5-15m,32,0,16739,2545
2026-01-08T08:35:56.190Z,0.995,15-60m,13,0,60,23
2026-01-08T08:36:56.176Z,0.9,0-5s,10,10,10,1
2026-01-08T08:36:56.176Z,0.9,5-15s,2,2,2,1
2026-01-08T08:36:56.176Z,0.9,15-30s,5,5,5,1
2026-01-08T08:36:56.176Z,0.9,30-60s,7,6,9,3
2026-01-08T08:36:56.176Z,0.9,60-300s,15,1,33,4
2026-01-08T08:36:56.176Z,0.9,5-15m,21,0,43,11
2026-01-08T08:36:56.176Z,0.95,0-5s,8,6,10,2
2026-01-08T08:36:56.176Z,0.95,5-15s,2,2,2,1
2026-01-08T08:36:56.176Z,0.95,15-30s,10,0,49,7
2026-01-08T08:36:56.176Z,0.95,30-60s,6,3,9,5
2026-01-08T08:36:56.176Z,0.95,60-300s,64,0,1996,58
2026-01-08T08:36:56.176Z,0.95,5-15m,78,0,8995,148
2026-01-08T08:36:56.176Z,0.95,15-60m,6,6,6,1
2026-01-08T08:36:56.176Z,0.98,0-5s,13,2,25,6
2026-01-08T08:36:56.176Z,0.98,5-15s,190,2,548,3
2026-01-08T08:36:56.176Z,0.98,15-30s,20,0,76,21
2026-01-08T08:36:56.176Z,0.98,30-60s,16,0,152,39
2026-01-08T08:36:56.176Z,0.98,60-300s,28,0,1996,393
2026-01-08T08:36:56.176Z,0.98,5-15m,37,0,16739,1042
2026-01-08T08:36:56.176Z,0.98,15-60m,13,2,35,7
2026-01-08T08:36:56.176Z,0.985,0-5s,13,2,25,6
2026-01-08T08:36:56.176Z,0.985,5-15s,312,2,677,4
2026-01-08T08:36:56.176Z,0.985,15-30s,20,0,76,21
2026-01-08T08:36:56.176Z,0.985,30-60s,15,0,152,41
2026-01-08T08:36:56.176Z,0.985,60-300s,29,0,1996,399
2026-01-08T08:36:56.176Z,0.985,5-15m,37,0,16739,1053
2026-01-08T08:36:56.176Z,0.985,15-60m,13,2,35,7
2026-01-08T08:36:56.176Z,0.99,0-5s,13,2,25,7
2026-01-08T08:36:56.176Z,0.99,5-15s,258,2,677,5
2026-01-08T08:36:56.176Z,0.99,15-30s,18,0,76,24
2026-01-08T08:36:56.176Z,0.99,30-60s,17,0,152,55
2026-01-08T08:36:56.176Z,0.99,60-300s,56,0,12230,871
2026-01-08T08:36:56.176Z,0.99,5-15m,32,0,16739,2546
2026-01-08T08:36:56.176Z,0.99,15-60m,13,0,60,23
2026-01-08T08:36:56.176Z,0.995,0-5s,31,2,155,8
2026-01-08T08:36:56.176Z,0.995,5-15s,429,2,1461,7
2026-01-08T08:36:56.176Z,0.995,15-30s,209,0,4787,25
2026-01-08T08:36:56.176Z,0.995,30-60s,100,0,4679,56
2026-01-08T08:36:56.176Z,0.995,60-300s,65,0,12230,873
2026-01-08T08:36:56.176Z,0.995,5-15m,32,0,16739,2546
2026-01-08T08:36:56.176Z,0.995,15-60m,13,0,60,23
2026-01-08T08:37:56.176Z,0.9,0-5s,10,10,10,1
2026-01-08T08:37:56.176Z,0.9,5-15s,2,2,2,1
2026-01-08T08:37:56.176Z,0.9,15-30s,5,5,5,1
2026-01-08T08:37:56.176Z,0.9,30-60s,7,6,9,3
2026-01-08T08:37:56.176Z,0.9,60-300s,15,1,33,4
2026-01-08T08:37:56.176Z,0.9,5-15m,21,0,43,11
2026-01-08T08:37:56.176Z,0.95,0-5s,8,6,10,2
2026-01-08T08:37:56.176Z,0.95,5-15s,2,2,2,1
2026-01-08T08:37:56.176Z,0.95,15-30s,10,0,49,7
2026-01-08T08:37:56.176Z,0.95,30-60s,6,3,9,5
2026-01-08T08:37:56.176Z,0.95,60-300s,64,0,1996,58
2026-01-08T08:37:56.176Z,0.95,5-15m,78,0,8995,148
2026-01-08T08:37:56.176Z,0.95,15-60m,6,6,6,1
2026-01-08T08:37:56.176Z,0.98,0-5s,13,2,25,6
2026-01-08T08:37:56.176Z,0.98,5-15s,190,2,548,3
2026-01-08T08:37:56.176Z,0.98,15-30s,20,0,76,21
2026-01-08T08:37:56.176Z,0.98,30-60s,16,0,152,39
2026-01-08T08:37:56.176Z,0.98,60-300s,28,0,1996,393
2026-01-08T08:37:56.176Z,0.98,5-15m,37,0,16739,1042
2026-01-08T08:37:56.176Z,0.98,15-60m,13,2,35,7
2026-01-08T08:37:56.176Z,0.985,0-5s,13,2,25,6
2026-01-08T08:37:56.176Z,0.985,5-15s,312,2,677,4
2026-01-08T08:37:56.176Z,0.985,15-30s,20,0,76,21
2026-01-08T08:37:56.176Z,0.985,30-60s,15,0,152,41
2026-01-08T08:37:56.176Z,0.985,60-300s,29,0,1996,399
2026-01-08T08:37:56.176Z,0.985,5-15m,37,0,16739,1053
2026-01-08T08:37:56.176Z,0.985,15-60m,13,2,35,7
2026-01-08T08:37:56.176Z,0.99,0-5s,13,2,25,7
2026-01-08T08:37:56.176Z,0.99,5-15s,258,2,677,5
2026-01-08T08:37:56.176Z,0.99,15-30s,18,0,76,24
2026-01-08T08:37:56.176Z,0.99,30-60s,17,0,152,55
2026-01-08T08:37:56.176Z,0.99,60-300s,56,0,12230,871
2026-01-08T08:37:56.176Z,0.99,5-15m,32,0,16739,2546
2026-01-08T08:37:56.176Z,0.99,15-60m,13,0,60,23
2026-01-08T08:37:56.176Z,0.995,0-5s,31,2,155,8
2026-01-08T08:37:56.176Z,0.995,5-15s,429,2,1461,7
2026-01-08T08:37:56.176Z,0.995,15-30s,209,0,4787,25
2026-01-08T08:37:56.176Z,0.995,30-60s,100,0,4679,56
2026-01-08T08:37:56.176Z,0.995,60-300s,65,0,12230,873
2026-01-08T08:37:56.176Z,0.995,5-15m,32,0,16739,2546
2026-01-08T08:37:56.176Z,0.995,15-60m,13,0,60,23
2026-01-08T08:38:56.177Z,0.9,0-5s,10,10,10,1
2026-01-08T08:38:56.177Z,0.9,5-15s,2,2,2,1
2026-01-08T08:38:56.177Z,0.9,15-30s,5,5,5,1
2026-01-08T08:38:56.177Z,0.9,30-60s,7,6,9,3
2026-01-08T08:38:56.177Z,0.9,60-300s,15,1,33,4
2026-01-08T08:38:56.177Z,0.9,5-15m,21,0,43,11
2026-01-08T08:38:56.177Z,0.95,0-5s,8,6,10,2
2026-01-08T08:38:56.177Z,0.95,5-15s,2,2,2,1
2026-01-08T08:38:56.177Z,0.95,15-30s,10,0,49,7
2026-01-08T08:38:56.177Z,0.95,30-60s,6,3,9,5
2026-01-08T08:38:56.177Z,0.95,60-300s,64,0,1996,58
2026-01-08T08:38:56.177Z,0.95,5-15m,78,0,8995,148
2026-01-08T08:38:56.177Z,0.95,15-60m,6,6,6,1
2026-01-08T08:38:56.177Z,0.98,0-5s,13,2,25,6
2026-01-08T08:38:56.177Z,0.98,5-15s,190,2,548,3
2026-01-08T08:38:56.177Z,0.98,15-30s,20,0,76,21
2026-01-08T08:38:56.177Z,0.98,30-60s,16,0,152,39
2026-01-08T08:38:56.177Z,0.98,60-300s,28,0,1996,393
2026-01-08T08:38:56.177Z,0.98,5-15m,37,0,16739,1042
2026-01-08T08:38:56.177Z,0.98,15-60m,13,2,35,7
2026-01-08T08:38:56.177Z,0.985,0-5s,13,2,25,6
2026-01-08T08:38:56.177Z,0.985,5-15s,312,2,677,4
2026-01-08T08:38:56.177Z,0.985,15-30s,20,0,76,21
2026-01-08T08:38:56.177Z,0.985,30-60s,15,0,152,41
2026-01-08T08:38:56.177Z,0.985,60-300s,29,0,1996,399
2026-01-08T08:38:56.177Z,0.985,5-15m,37,0,16739,1053
2026-01-08T08:38:56.177Z,0.985,15-60m,13,2,35,7
2026-01-08T08:38:56.177Z,0.99,0-5s,13,2,25,7
2026-01-08T08:38:56.177Z,0.99,5-15s,258,2,677,5
2026-01-08T08:38:56.177Z,0.99,15-30s,18,0,76,24
2026-01-08T08:38:56.177Z,0.99,30-60s,17,0,152,55
2026-01-08T08:38:56.177Z,0.99,60-300s,56,0,12230,871
2026-01-08T08:38:56.177Z,0.99,5-15m,32,0,16739,2546
2026-01-08T08:38:56.177Z,0.99,15-60m,13,0,60,23
2026-01-08T08:38:56.177Z,0.995,0-5s,31,2,155,8
2026-01-08T08:38:56.177Z,0.995,5-15s,429,2,1461,7
2026-01-08T08:38:56.177Z,0.995,15-30s,209,0,4787,25
2026-01-08T08:38:56.177Z,0.995,30-60s,100,0,4679,56
2026-01-08T08:38:56.177Z,0.995,60-300s,65,0,12230,873
2026-01-08T08:38:56.177Z,0.995,5-15m,32,0,16739,2546
2026-01-08T08:38:56.177Z,0.995,15-60m,13,0,60,23
2026-01-08T08:39:56.179Z,0.9,0-5s,10,10,10,1
2026-01-08T08:39:56.179Z,0.9,5-15s,2,2,2,1
2026-01-08T08:39:56.179Z,0.9,15-30s,5,5,5,1
2026-01-08T08:39:56.179Z,0.9,30-60s,7,6,9,3
2026-01-08T08:39:56.179Z,0.9,60-300s,15,1,33,4
2026-01-08T08:39:56.179Z,0.9,5-15m,21,0,43,11
2026-01-08T08:39:56.179Z,0.95,0-5s,8,6,10,2
2026-01-08T08:39:56.179Z,0.95,5-15s,2,2,2,1
2026-01-08T08:39:56.179Z,0.95,15-30s,10,0,49,7
2026-01-08T08:39:56.179Z,0.95,30-60s,6,3,9,5
2026-01-08T08:39:56.179Z,0.95,60-300s,64,0,1996,58
2026-01-08T08:39:56.179Z,0.95,5-15m,78,0,8995,148
2026-01-08T08:39:56.179Z,0.95,15-60m,6,6,6,1
2026-01-08T08:39:56.179Z,0.98,0-5s,13,2,25,6
2026-01-08T08:39:56.179Z,0.98,5-15s,190,2,548,3
2026-01-08T08:39:56.179Z,0.98,15-30s,20,0,76,21
2026-01-08T08:39:56.179Z,0.98,30-60s,16,0,152,39
2026-01-08T08:39:56.179Z,0.98,60-300s,28,0,1996,393
2026-01-08T08:39:56.179Z,0.98,5-15m,37,0,16739,1042
2026-01-08T08:39:56.179Z,0.98,15-60m,13,2,35,7
2026-01-08T08:39:56.179Z,0.985,0-5s,13,2,25,6
2026-01-08T08:39:56.179Z,0.985,5-15s,312,2,677,4
2026-01-08T08:39:56.179Z,0.985,15-30s,20,0,76,21
2026-01-08T08:39:56.179Z,0.985,30-60s,15,0,152,41
2026-01-08T08:39:56.179Z,0.985,60-300s,29,0,1996,399
2026-01-08T08:39:56.179Z,0.985,5-15m,37,0,16739,1053
2026-01-08T08:39:56.179Z,0.985,15-60m,13,2,35,7
2026-01-08T08:39:56.179Z,0.99,0-5s,13,2,25,7
2026-01-08T08:39:56.179Z,0.99,5-15s,258,2,677,5
2026-01-08T08:39:56.179Z,0.99,15-30s,18,0,76,24
2026-01-08T08:39:56.179Z,0.99,30-60s,17,0,152,55
2026-01-08T08:39:56.179Z,0.99,60-300s,56,0,12230,871
2026-01-08T08:39:56.179Z,0.99,5-15m,32,0,16739,2546
2026-01-08T08:39:56.179Z,0.99,15-60m,13,0,60,23
2026-01-08T08:39:56.179Z,0.995,0-5s,31,2,155,8
2026-01-08T08:39:56.179Z,0.995,5-15s,429,2,1461,7
2026-01-08T08:39:56.179Z,0.995,15-30s,209,0,4787,25
2026-01-08T08:39:56.179Z,0.995,30-60s,100,0,4679,56
2026-01-08T08:39:56.179Z,0.995,60-300s,65,0,12230,873
2026-01-08T08:39:56.179Z,0.995,5-15m,32,0,16739,2546
2026-01-08T08:39:56.179Z,0.995,15-60m,13,0,60,23
2026-01-08T08:40:56.180Z,0.9,0-5s,10,10,10,1
2026-01-08T08:40:56.180Z,0.9,5-15s,2,2,2,1
2026-01-08T08:40:56.180Z,0.9,15-30s,5,5,5,1
2026-01-08T08:40:56.180Z,0.9,30-60s,7,6,9,3
2026-01-08T08:40:56.180Z,0.9,60-300s,15,1,33,4
2026-01-08T08:40:56.180Z,0.9,5-15m,21,0,43,11
2026-01-08T08:40:56.180Z,0.95,0-5s,8,6,10,2
2026-01-08T08:40:56.180Z,0.95,5-15s,2,2,2,1
2026-01-08T08:40:56.180Z,0.95,15-30s,10,0,49,7
2026-01-08T08:40:56.180Z,0.95,30-60s,6,3,9,5
2026-01-08T08:40:56.180Z,0.95,60-300s,64,0,1996,58
2026-01-08T08:40:56.180Z,0.95,5-15m,78,0,8995,148
2026-01-08T08:40:56.180Z,0.95,15-60m,6,6,6,1
2026-01-08T08:40:56.180Z,0.98,0-5s,13,2,25,6
2026-01-08T08:40:56.180Z,0.98,5-15s,190,2,548,3
2026-01-08T08:40:56.180Z,0.98,15-30s,20,0,76,21
2026-01-08T08:40:56.180Z,0.98,30-60s,16,0,152,39
2026-01-08T08:40:56.180Z,0.98,60-300s,28,0,1996,393
2026-01-08T08:40:56.180Z,0.98,5-15m,37,0,16739,1042
2026-01-08T08:40:56.180Z,0.98,15-60m,13,2,35,7
2026-01-08T08:40:56.180Z,0.985,0-5s,13,2,25,6
2026-01-08T08:40:56.180Z,0.985,5-15s,312,2,677,4
2026-01-08T08:40:56.180Z,0.985,15-30s,20,0,76,21
2026-01-08T08:40:56.180Z,0.985,30-60s,15,0,152,41
2026-01-08T08:40:56.180Z,0.985,60-300s,29,0,1996,399
2026-01-08T08:40:56.180Z,0.985,5-15m,37,0,16739,1053
2026-01-08T08:40:56.180Z,0.985,15-60m,13,2,35,7
2026-01-08T08:40:56.180Z,0.99,0-5s,13,2,25,7
2026-01-08T08:40:56.180Z,0.99,5-15s,258,2,677,5
2026-01-08T08:40:56.180Z,0.99,15-30s,18,0,76,24
2026-01-08T08:40:56.180Z,0.99,30-60s,17,0,152,55
2026-01-08T08:40:56.180Z,0.99,60-300s,56,0,12230,871
2026-01-08T08:40:56.180Z,0.99,5-15m,32,0,16739,2546
2026-01-08T08:40:56.180Z,0.99,15-60m,13,0,60,23
2026-01-08T08:40:56.180Z,0.995,0-5s,31,2,155,8
2026-01-08T08:40:56.180Z,0.995,5-15s,429,2,1461,7
2026-01-08T08:40:56.180Z,0.995,15-30s,209,0,4787,25
2026-01-08T08:40:56.180Z,0.995,30-60s,100,0,4679,56
2026-01-08T08:40:56.180Z,0.995,60-300s,65,0,12230,875
2026-01-08T08:40:56.180Z,0.995,5-15m,32,0,16739,2546
2026-01-08T08:40:56.180Z,0.995,15-60m,13,0,60,23
2026-01-08T08:41:56.181Z,0.9,0-5s,10,10,10,1
2026-01-08T08:41:56.181Z,0.9,5-15s,2,2,2,1
2026-01-08T08:41:56.181Z,0.9,15-30s,5,5,5,1
2026-01-08T08:41:56.181Z,0.9,30-60s,7,6,9,3
2026-01-08T08:41:56.181Z,0.9,60-300s,15,1,33,4
2026-01-08T08:41:56.181Z,0.9,5-15m,21,0,43,11
2026-01-08T08:41:56.181Z,0.95,0-5s,8,6,10,2
2026-01-08T08:41:56.181Z,0.95,5-15s,2,2,2,1
2026-01-08T08:41:56.181Z,0.95,15-30s,10,0,49,7
2026-01-08T08:41:56.181Z,0.95,30-60s,6,3,9,5
2026-01-08T08:41:56.181Z,0.95,60-300s,64,0,1996,58
2026-01-08T08:41:56.181Z,0.95,5-15m,78,0,8995,148
2026-01-08T08:41:56.181Z,0.95,15-60m,6,6,6,1
2026-01-08T08:41:56.181Z,0.98,0-5s,13,2,25,6
2026-01-08T08:41:56.181Z,0.98,5-15s,190,2,548,3
2026-01-08T08:41:56.181Z,0.98,15-30s,20,0,76,21
2026-01-08T08:41:56.181Z,0.98,30-60s,16,0,152,39
2026-01-08T08:41:56.181Z,0.98,60-300s,28,0,1996,393
2026-01-08T08:41:56.181Z,0.98,5-15m,37,0,16739,1042
2026-01-08T08:41:56.181Z,0.98,15-60m,13,2,35,7
2026-01-08T08:41:56.181Z,0.985,0-5s,13,2,25,6
2026-01-08T08:41:56.181Z,0.985,5-15s,312,2,677,4
2026-01-08T08:41:56.181Z,0.985,15-30s,20,0,76,21
2026-01-08T08:41:56.181Z,0.985,30-60s,15,0,152,41
2026-01-08T08:41:56.181Z,0.985,60-300s,29,0,1996,399
2026-01-08T08:41:56.181Z,0.985,5-15m,37,0,16739,1053
2026-01-08T08:41:56.181Z,0.985,15-60m,13,2,35,7
2026-01-08T08:41:56.181Z,0.99,0-5s,13,2,25,7
2026-01-08T08:41:56.181Z,0.99,5-15s,258,2,677,5
2026-01-08T08:41:56.181Z,0.99,15-30s,18,0,76,24
2026-01-08T08:41:56.181Z,0.99,30-60s,17,0,152,55
2026-01-08T08:41:56.181Z,0.99,60-300s,56,0,12230,871
2026-01-08T08:41:56.181Z,0.99,5-15m,32,0,16739,2546
2026-01-08T08:41:56.181Z,0.99,15-60m,13,0,60,23
2026-01-08T08:41:56.181Z,0.995,0-5s,31,2,155,8
2026-01-08T08:41:56.181Z,0.995,5-15s,429,2,1461,7
2026-01-08T08:41:56.181Z,0.995,15-30s,209,0,4787,25
2026-01-08T08:41:56.181Z,0.995,30-60s,100,0,4679,56
2026-01-08T08:41:56.181Z,0.995,60-300s,65,0,12230,875
2026-01-08T08:41:56.181Z,0.995,5-15m,32,0,16739,2546
2026-01-08T08:41:56.181Z,0.995,15-60m,13,0,60,23
2026-01-08T08:42:56.179Z,0.9,0-5s,10,10,10,1
2026-01-08T08:42:56.179Z,0.9,5-15s,2,2,2,1
2026-01-08T08:42:56.179Z,0.9,15-30s,5,5,5,1
2026-01-08T08:42:56.179Z,0.9,30-60s,7,6,9,3
2026-01-08T08:42:56.179Z,0.9,60-300s,15,1,33,4
2026-01-08T08:42:56.179Z,0.9,5-15m,21,0,43,11
2026-01-08T08:42:56.179Z,0.95,0-5s,8,6,10,2
2026-01-08T08:42:56.179Z,0.95,5-15s,2,2,2,1
2026-01-08T08:42:56.179Z,0.95,15-30s,10,0,49,7
2026-01-08T08:42:56.179Z,0.95,30-60s,6,3,9,5
2026-01-08T08:42:56.179Z,0.95,60-300s,64,0,1996,58
2026-01-08T08:42:56.179Z,0.95,5-15m,78,0,8995,148
2026-01-08T08:42:56.179Z,0.95,15-60m,6,6,6,1
2026-01-08T08:42:56.179Z,0.98,0-5s,13,2,25,6
2026-01-08T08:42:56.179Z,0.98,5-15s,190,2,548,3
2026-01-08T08:42:56.179Z,0.98,15-30s,20,0,76,21
2026-01-08T08:42:56.179Z,0.98,30-60s,16,0,152,39
2026-01-08T08:42:56.179Z,0.98,60-300s,28,0,1996,393
2026-01-08T08:42:56.179Z,0.98,5-15m,37,0,16739,1042
2026-01-08T08:42:56.179Z,0.98,15-60m,13,2,35,7
2026-01-08T08:42:56.179Z,0.985,0-5s,13,2,25,6
2026-01-08T08:42:56.179Z,0.985,5-15s,312,2,677,4
2026-01-08T08:42:56.179Z,0.985,15-30s,20,0,76,21
2026-01-08T08:42:56.179Z,0.985,30-60s,15,0,152,41
2026-01-08T08:42:56.179Z,0.985,60-300s,29,0,1996,399
2026-01-08T08:42:56.179Z,0.985,5-15m,37,0,16739,1053
2026-01-08T08:42:56.179Z,0.985,15-60m,13,2,35,7
2026-01-08T08:42:56.179Z,0.99,0-5s,13,2,25,7
2026-01-08T08:42:56.179Z,0.99,5-15s,258,2,677,5
2026-01-08T08:42:56.179Z,0.99,15-30s,18,0,76,24
2026-01-08T08:42:56.179Z,0.99,30-60s,17,0,152,55
2026-01-08T08:42:56.179Z,0.99,60-300s,56,0,12230,871
2026-01-08T08:42:56.179Z,0.99,5-15m,32,0,16739,2546
2026-01-08T08:42:56.179Z,0.99,15-60m,13,0,60,23
2026-01-08T08:42:56.179Z,0.995,0-5s,31,2,155,8
2026-01-08T08:42:56.179Z,0.995,5-15s,429,2,1461,7
2026-01-08T08:42:56.179Z,0.995,15-30s,209,0,4787,25
2026-01-08T08:42:56.179Z,0.995,30-60s,100,0,4679,56
2026-01-08T08:42:56.179Z,0.995,60-300s,65,0,12230,875
2026-01-08T08:42:56.179Z,0.995,5-15m,32,0,16739,2546
2026-01-08T08:42:56.179Z,0.995,15-60m,13,0,60,23
2026-01-08T08:43:56.178Z,0.9,0-5s,10,10,10,1
2026-01-08T08:43:56.178Z,0.9,5-15s,2,2,2,1
2026-01-08T08:43:56.178Z,0.9,15-30s,5,5,5,1
2026-01-08T08:43:56.178Z,0.9,30-60s,7,6,9,3
2026-01-08T08:43:56.178Z,0.9,60-300s,15,1,33,4
2026-01-08T08:43:56.178Z,0.9,5-15m,21,0,43,11
2026-01-08T08:43:56.178Z,0.95,0-5s,8,6,10,2
2026-01-08T08:43:56.178Z,0.95,5-15s,2,2,2,1
2026-01-08T08:43:56.178Z,0.95,15-30s,10,0,49,7
2026-01-08T08:43:56.178Z,0.95,30-60s,6,3,9,5
2026-01-08T08:43:56.178Z,0.95,60-300s,64,0,1996,58
2026-01-08T08:43:56.178Z,0.95,5-15m,78,0,8995,148
2026-01-08T08:43:56.178Z,0.95,15-60m,6,6,6,1
2026-01-08T08:43:56.178Z,0.98,0-5s,13,2,25,6
2026-01-08T08:43:56.178Z,0.98,5-15s,190,2,548,3
2026-01-08T08:43:56.178Z,0.98,15-30s,20,0,76,21
2026-01-08T08:43:56.178Z,0.98,30-60s,16,0,152,39
2026-01-08T08:43:56.178Z,0.98,60-300s,28,0,1996,393
2026-01-08T08:43:56.178Z,0.98,5-15m,37,0,16739,1042
2026-01-08T08:43:56.178Z,0.98,15-60m,13,2,35,7
2026-01-08T08:43:56.178Z,0.985,0-5s,13,2,25,6
2026-01-08T08:43:56.178Z,0.985,5-15s,312,2,677,4
2026-01-08T08:43:56.178Z,0.985,15-30s,20,0,76,21
2026-01-08T08:43:56.178Z,0.985,30-60s,15,0,152,41
2026-01-08T08:43:56.178Z,0.985,60-300s,29,0,1996,399
2026-01-08T08:43:56.178Z,0.985,5-15m,37,0,16739,1053
2026-01-08T08:43:56.178Z,0.985,15-60m,13,2,35,7
2026-01-08T08:43:56.178Z,0.99,0-5s,13,2,25,7
2026-01-08T08:43:56.178Z,0.99,5-15s,258,2,677,5
2026-01-08T08:43:56.178Z,0.99,15-30s,18,0,76,24
2026-01-08T08:43:56.178Z,0.99,30-60s,17,0,152,55
2026-01-08T08:43:56.178Z,0.99,60-300s,56,0,12230,871
2026-01-08T08:43:56.178Z,0.99,5-15m,32,0,16739,2546
2026-01-08T08:43:56.178Z,0.99,15-60m,13,0,60,23
2026-01-08T08:43:56.178Z,0.995,0-5s,31,2,155,8
2026-01-08T08:43:56.178Z,0.995,5-15s,429,2,1461,7
2026-01-08T08:43:56.178Z,0.995,15-30s,209,0,4787,25
2026-01-08T08:43:56.178Z,0.995,30-60s,100,0,4679,56
2026-01-08T08:43:56.178Z,0.995,60-300s,65,0,12230,875
2026-01-08T08:43:56.178Z,0.995,5-15m,32,0,16739,2546
2026-01-08T08:43:56.178Z,0.995,15-60m,13,0,60,23
2026-01-08T08:44:56.181Z,0.9,0-5s,10,10,10,1
2026-01-08T08:44:56.181Z,0.9,5-15s,2,2,2,1
2026-01-08T08:44:56.181Z,0.9,15-30s,5,5,5,1
2026-01-08T08:44:56.181Z,0.9,30-60s,7,6,9,3
2026-01-08T08:44:56.181Z,0.9,60-300s,15,1,33,4
2026-01-08T08:44:56.181Z,0.9,5-15m,21,0,43,11
2026-01-08T08:44:56.181Z,0.95,0-5s,8,6,10,2
2026-01-08T08:44:56.181Z,0.95,5-15s,2,2,2,1
2026-01-08T08:44:56.181Z,0.95,15-30s,10,0,49,7
2026-01-08T08:44:56.181Z,0.95,30-60s,6,3,9,5
2026-01-08T08:44:56.181Z,0.95,60-300s,64,0,1996,58
2026-01-08T08:44:56.181Z,0.95,5-15m,78,0,8995,148
2026-01-08T08:44:56.181Z,0.95,15-60m,6,6,6,1
2026-01-08T08:44:56.181Z,0.98,0-5s,13,2,25,6
2026-01-08T08:44:56.181Z,0.98,5-15s,190,2,548,3
2026-01-08T08:44:56.181Z,0.98,15-30s,20,0,76,21
2026-01-08T08:44:56.181Z,0.98,30-60s,16,0,152,39
2026-01-08T08:44:56.181Z,0.98,60-300s,28,0,1996,393
2026-01-08T08:44:56.181Z,0.98,5-15m,37,0,16739,1042
2026-01-08T08:44:56.181Z,0.98,15-60m,13,2,35,7
2026-01-08T08:44:56.181Z,0.985,0-5s,13,2,25,6
2026-01-08T08:44:56.181Z,0.985,5-15s,312,2,677,4
2026-01-08T08:44:56.181Z,0.985,15-30s,20,0,76,21
2026-01-08T08:44:56.181Z,0.985,30-60s,15,0,152,41
2026-01-08T08:44:56.181Z,0.985,60-300s,29,0,1996,399
2026-01-08T08:44:56.181Z,0.985,5-15m,37,0,16739,1053
2026-01-08T08:44:56.181Z,0.985,15-60m,13,2,35,7
2026-01-08T08:44:56.181Z,0.99,0-5s,13,2,25,7
2026-01-08T08:44:56.181Z,0.99,5-15s,258,2,677,5
2026-01-08T08:44:56.181Z,0.99,15-30s,18,0,76,24
2026-01-08T08:44:56.181Z,0.99,30-60s,17,0,152,55
2026-01-08T08:44:56.181Z,0.99,60-300s,56,0,12230,871
2026-01-08T08:44:56.181Z,0.99,5-15m,32,0,16739,2546
2026-01-08T08:44:56.181Z,0.99,15-60m,13,0,60,23
2026-01-08T08:44:56.181Z,0.995,0-5s,31,2,155,8
2026-01-08T08:44:56.181Z,0.995,5-15s,429,2,1461,7
2026-01-08T08:44:56.181Z,0.995,15-30s,209,0,4787,25
2026-01-08T08:44:56.181Z,0.995,30-60s,100,0,4679,56
2026-01-08T08:44:56.181Z,0.995,60-300s,65,0,12230,875
2026-01-08T08:44:56.181Z,0.995,5-15m,32,0,16739,2546
2026-01-08T08:44:56.181Z,0.995,15-60m,13,0,60,23
2026-01-08T08:45:56.183Z,0.9,0-5s,10,10,10,1
2026-01-08T08:45:56.183Z,0.9,5-15s,2,2,2,1
2026-01-08T08:45:56.183Z,0.9,15-30s,5,5,5,1
2026-01-08T08:45:56.183Z,0.9,30-60s,7,6,9,3
2026-01-08T08:45:56.183Z,0.9,60-300s,15,1,33,4
2026-01-08T08:45:56.183Z,0.9,5-15m,21,0,43,11
2026-01-08T08:45:56.183Z,0.95,0-5s,8,6,10,2
2026-01-08T08:45:56.183Z,0.95,5-15s,2,2,2,1
2026-01-08T08:45:56.183Z,0.95,15-30s,10,0,49,7
2026-01-08T08:45:56.183Z,0.95,30-60s,6,3,9,5
2026-01-08T08:45:56.183Z,0.95,60-300s,64,0,1996,58
2026-01-08T08:45:56.183Z,0.95,5-15m,78,0,8995,148
2026-01-08T08:45:56.183Z,0.95,15-60m,6,6,6,1
2026-01-08T08:45:56.183Z,0.98,0-5s,13,2,25,6
2026-01-08T08:45:56.183Z,0.98,5-15s,190,2,548,3
2026-01-08T08:45:56.183Z,0.98,15-30s,20,0,76,21
2026-01-08T08:45:56.183Z,0.98,30-60s,16,0,152,39
2026-01-08T08:45:56.183Z,0.98,60-300s,28,0,1996,393
2026-01-08T08:45:56.183Z,0.98,5-15m,37,0,16739,1043
2026-01-08T08:45:56.183Z,0.98,15-60m,13,2,35,7
2026-01-08T08:45:56.183Z,0.985,0-5s,13,2,25,6
2026-01-08T08:45:56.183Z,0.985,5-15s,312,2,677,4
2026-01-08T08:45:56.183Z,0.985,15-30s,20,0,76,21
2026-01-08T08:45:56.183Z,0.985,30-60s,15,0,152,41
2026-01-08T08:45:56.183Z,0.985,60-300s,29,0,1996,399
2026-01-08T08:45:56.183Z,0.985,5-15m,37,0,16739,1054
2026-01-08T08:45:56.183Z,0.985,15-60m,13,2,35,7
2026-01-08T08:45:56.183Z,0.99,0-5s,13,2,25,7
2026-01-08T08:45:56.183Z,0.99,5-15s,258,2,677,5
2026-01-08T08:45:56.183Z,0.99,15-30s,18,0,76,24
2026-01-08T08:45:56.183Z,0.99,30-60s,17,0,152,55
2026-01-08T08:45:56.183Z,0.99,60-300s,56,0,12230,871
2026-01-08T08:45:56.183Z,0.99,5-15m,32,0,16739,2552
2026-01-08T08:45:56.183Z,0.99,15-60m,13,0,60,23
2026-01-08T08:45:56.183Z,0.995,0-5s,31,2,155,8
2026-01-08T08:45:56.183Z,0.995,5-15s,429,2,1461,7
2026-01-08T08:45:56.183Z,0.995,15-30s,209,0,4787,25
2026-01-08T08:45:56.183Z,0.995,30-60s,100,0,4679,56
2026-01-08T08:45:56.183Z,0.995,60-300s,65,0,12230,875
2026-01-08T08:45:56.183Z,0.995,5-15m,32,0,16739,2552
2026-01-08T08:45:56.183Z,0.995,15-60m,13,0,60,23
2026-01-08T08:46:56.183Z,0.9,0-5s,10,10,10,1
2026-01-08T08:46:56.183Z,0.9,5-15s,2,2,2,1
2026-01-08T08:46:56.183Z,0.9,15-30s,5,5,5,1
2026-01-08T08:46:56.183Z,0.9,30-60s,7,6,9,3
2026-01-08T08:46:56.183Z,0.9,60-300s,15,1,33,4
2026-01-08T08:46:56.183Z,0.9,5-15m,21,0,43,11
2026-01-08T08:46:56.183Z,0.95,0-5s,8,6,10,2
2026-01-08T08:46:56.183Z,0.95,5-15s,2,2,2,1
2026-01-08T08:46:56.183Z,0.95,15-30s,10,0,49,7
2026-01-08T08:46:56.183Z,0.95,30-60s,6,3,9,5
2026-01-08T08:46:56.183Z,0.95,60-300s,64,0,1996,58
2026-01-08T08:46:56.183Z,0.95,5-15m,78,0,8995,148
2026-01-08T08:46:56.183Z,0.95,15-60m,6,6,6,1
2026-01-08T08:46:56.183Z,0.98,0-5s,13,2,25,6
2026-01-08T08:46:56.183Z,0.98,5-15s,190,2,548,3
2026-01-08T08:46:56.183Z,0.98,15-30s,20,0,76,21
2026-01-08T08:46:56.183Z,0.98,30-60s,16,0,152,39
2026-01-08T08:46:56.183Z,0.98,60-300s,28,0,1996,393
2026-01-08T08:46:56.183Z,0.98,5-15m,37,0,16739,1046
2026-01-08T08:46:56.183Z,0.98,15-60m,13,2,35,7
2026-01-08T08:46:56.183Z,0.985,0-5s,13,2,25,6
2026-01-08T08:46:56.183Z,0.985,5-15s,312,2,677,4
2026-01-08T08:46:56.183Z,0.985,15-30s,20,0,76,21
2026-01-08T08:46:56.183Z,0.985,30-60s,15,0,152,41
2026-01-08T08:46:56.183Z,0.985,60-300s,29,0,1996,399
2026-01-08T08:46:56.183Z,0.985,5-15m,37,0,16739,1057
2026-01-08T08:46:56.183Z,0.985,15-60m,13,2,35,7
2026-01-08T08:46:56.183Z,0.99,0-5s,13,2,25,7
2026-01-08T08:46:56.183Z,0.99,5-15s,258,2,677,5
2026-01-08T08:46:56.183Z,0.99,15-30s,18,0,76,24
2026-01-08T08:46:56.183Z,0.99,30-60s,17,0,152,55
2026-01-08T08:46:56.183Z,0.99,60-300s,56,0,12230,871
2026-01-08T08:46:56.183Z,0.99,5-15m,32,0,16739,2564
2026-01-08T08:46:56.183Z,0.99,15-60m,13,0,60,23
2026-01-08T08:46:56.183Z,0.995,0-5s,31,2,155,8
2026-01-08T08:46:56.183Z,0.995,5-15s,429,2,1461,7
2026-01-08T08:46:56.183Z,0.995,15-30s,209,0,4787,25
2026-01-08T08:46:56.183Z,0.995,30-60s,100,0,4679,56
2026-01-08T08:46:56.183Z,0.995,60-300s,65,0,12230,875
2026-01-08T08:46:56.183Z,0.995,5-15m,32,0,16739,2564
2026-01-08T08:46:56.183Z,0.995,15-60m,13,0,60,23
2026-01-08T08:47:56.185Z,0.9,0-5s,10,10,10,1
2026-01-08T08:47:56.185Z,0.9,5-15s,2,2,2,1
2026-01-08T08:47:56.185Z,0.9,15-30s,5,5,5,1
2026-01-08T08:47:56.185Z,0.9,30-60s,7,6,9,3
2026-01-08T08:47:56.185Z,0.9,60-300s,15,1,33,4
2026-01-08T08:47:56.185Z,0.9,5-15m,21,0,43,11
2026-01-08T08:47:56.185Z,0.95,0-5s,8,6,10,2
2026-01-08T08:47:56.185Z,0.95,5-15s,2,2,2,1
2026-01-08T08:47:56.185Z,0.95,15-30s,10,0,49,7
2026-01-08T08:47:56.185Z,0.95,30-60s,6,3,9,5
2026-01-08T08:47:56.185Z,0.95,60-300s,64,0,1996,58
2026-01-08T08:47:56.185Z,0.95,5-15m,78,0,8995,149
2026-01-08T08:47:56.185Z,0.95,15-60m,6,6,6,1
2026-01-08T08:47:56.185Z,0.98,0-5s,13,2,25,6
2026-01-08T08:47:56.185Z,0.98,5-15s,190,2,548,3
2026-01-08T08:47:56.185Z,0.98,15-30s,20,0,76,21
2026-01-08T08:47:56.185Z,0.98,30-60s,16,0,152,39
2026-01-08T08:47:56.185Z,0.98,60-300s,28,0,1996,393
2026-01-08T08:47:56.185Z,0.98,5-15m,37,0,16739,1052
2026-01-08T08:47:56.185Z,0.98,15-60m,13,2,35,7
2026-01-08T08:47:56.185Z,0.985,0-5s,13,2,25,6
2026-01-08T08:47:56.185Z,0.985,5-15s,312,2,677,4
2026-01-08T08:47:56.185Z,0.985,15-30s,20,0,76,21
2026-01-08T08:47:56.185Z,0.985,30-60s,15,0,152,41
2026-01-08T08:47:56.185Z,0.985,60-300s,29,0,1996,399
2026-01-08T08:47:56.185Z,0.985,5-15m,37,0,16739,1063
2026-01-08T08:47:56.185Z,0.985,15-60m,13,2,35,7
2026-01-08T08:47:56.185Z,0.99,0-5s,13,2,25,7
2026-01-08T08:47:56.185Z,0.99,5-15s,258,2,677,5
2026-01-08T08:47:56.185Z,0.99,15-30s,18,0,76,24
2026-01-08T08:47:56.185Z,0.99,30-60s,17,0,152,55
2026-01-08T08:47:56.185Z,0.99,60-300s,56,0,12230,871
2026-01-08T08:47:56.185Z,0.99,5-15m,32,0,16739,2575
2026-01-08T08:47:56.185Z,0.99,15-60m,13,0,60,23
2026-01-08T08:47:56.185Z,0.995,0-5s,31,2,155,8
2026-01-08T08:47:56.185Z,0.995,5-15s,429,2,1461,7
2026-01-08T08:47:56.185Z,0.995,15-30s,209,0,4787,25
2026-01-08T08:47:56.185Z,0.995,30-60s,100,0,4679,56
2026-01-08T08:47:56.185Z,0.995,60-300s,65,0,12230,875
2026-01-08T08:47:56.185Z,0.995,5-15m,32,0,16739,2575
2026-01-08T08:47:56.185Z,0.995,15-60m,13,0,60,23
2026-01-08T08:48:56.193Z,0.9,0-5s,10,10,10,1
2026-01-08T08:48:56.193Z,0.9,5-15s,2,2,2,1
2026-01-08T08:48:56.193Z,0.9,15-30s,5,5,5,1
2026-01-08T08:48:56.193Z,0.9,30-60s,7,6,9,3
2026-01-08T08:48:56.193Z,0.9,60-300s,15,1,33,4
2026-01-08T08:48:56.193Z,0.9,5-15m,21,0,43,11
2026-01-08T08:48:56.193Z,0.95,0-5s,8,6,10,2
2026-01-08T08:48:56.193Z,0.95,5-15s,2,2,2,1
2026-01-08T08:48:56.193Z,0.95,15-30s,10,0,49,7
2026-01-08T08:48:56.193Z,0.95,30-60s,6,3,9,5
2026-01-08T08:48:56.193Z,0.95,60-300s,64,0,1996,58
2026-01-08T08:48:56.193Z,0.95,5-15m,78,0,8995,150
2026-01-08T08:48:56.193Z,0.95,15-60m,6,6,6,1
2026-01-08T08:48:56.193Z,0.98,0-5s,13,2,25,6
2026-01-08T08:48:56.193Z,0.98,5-15s,190,2,548,3
2026-01-08T08:48:56.193Z,0.98,15-30s,20,0,76,21
2026-01-08T08:48:56.193Z,0.98,30-60s,16,0,152,39
2026-01-08T08:48:56.193Z,0.98,60-300s,28,0,1996,393
2026-01-08T08:48:56.193Z,0.98,5-15m,37,0,16739,1058
2026-01-08T08:48:56.193Z,0.98,15-60m,13,2,35,7
2026-01-08T08:48:56.193Z,0.985,0-5s,13,2,25,6
2026-01-08T08:48:56.193Z,0.985,5-15s,312,2,677,4
2026-01-08T08:48:56.193Z,0.985,15-30s,20,0,76,21
2026-01-08T08:48:56.193Z,0.985,30-60s,15,0,152,41
2026-01-08T08:48:56.193Z,0.985,60-300s,29,0,1996,399
2026-01-08T08:48:56.193Z,0.985,5-15m,37,0,16739,1069
2026-01-08T08:48:56.193Z,0.985,15-60m,13,2,35,7
2026-01-08T08:48:56.193Z,0.99,0-5s,13,2,25,7
2026-01-08T08:48:56.193Z,0.99,5-15s,258,2,677,5
2026-01-08T08:48:56.193Z,0.99,15-30s,18,0,76,24
2026-01-08T08:48:56.193Z,0.99,30-60s,17,0,152,55
2026-01-08T08:48:56.193Z,0.99,60-300s,56,0,12230,871
2026-01-08T08:48:56.193Z,0.99,5-15m,32,0,16739,2587
2026-01-08T08:48:56.193Z,0.99,15-60m,13,0,60,23
2026-01-08T08:48:56.193Z,0.995,0-5s,31,2,155,8
2026-01-08T08:48:56.193Z,0.995,5-15s,429,2,1461,7
2026-01-08T08:48:56.193Z,0.995,15-30s,209,0,4787,25
2026-01-08T08:48:56.193Z,0.995,30-60s,100,0,4679,56
2026-01-08T08:48:56.193Z,0.995,60-300s,65,0,12230,875
2026-01-08T08:48:56.193Z,0.995,5-15m,32,0,16739,2587
2026-01-08T08:48:56.193Z,0.995,15-60m,13,0,60,23
2026-01-08T08:49:56.193Z,0.9,0-5s,10,10,10,1
2026-01-08T08:49:56.193Z,0.9,5-15s,2,2,2,1
2026-01-08T08:49:56.193Z,0.9,15-30s,5,5,5,1
2026-01-08T08:49:56.193Z,0.9,30-60s,7,6,9,3
2026-01-08T08:49:56.193Z,0.9,60-300s,15,1,33,4
2026-01-08T08:49:56.193Z,0.9,5-15m,21,0,43,11
2026-01-08T08:49:56.193Z,0.95,0-5s,8,6,10,2
2026-01-08T08:49:56.193Z,0.95,5-15s,2,2,2,1
2026-01-08T08:49:56.193Z,0.95,15-30s,10,0,49,7
2026-01-08T08:49:56.193Z,0.95,30-60s,6,3,9,5
2026-01-08T08:49:56.193Z,0.95,60-300s,64,0,1996,58
2026-01-08T08:49:56.193Z,0.95,5-15m,78,0,8995,150
2026-01-08T08:49:56.193Z,0.95,15-60m,6,6,6,1
2026-01-08T08:49:56.193Z,0.98,0-5s,13,2,25,6
2026-01-08T08:49:56.193Z,0.98,5-15s,190,2,548,3
2026-01-08T08:49:56.193Z,0.98,15-30s,20,0,76,21
2026-01-08T08:49:56.193Z,0.98,30-60s,16,0,152,39
2026-01-08T08:49:56.193Z,0.98,60-300s,28,0,1996,393
2026-01-08T08:49:56.193Z,0.98,5-15m,37,0,16739,1060
2026-01-08T08:49:56.193Z,0.98,15-60m,13,2,35,7
2026-01-08T08:49:56.193Z,0.985,0-5s,13,2,25,6
2026-01-08T08:49:56.193Z,0.985,5-15s,312,2,677,4
2026-01-08T08:49:56.193Z,0.985,15-30s,20,0,76,21
2026-01-08T08:49:56.193Z,0.985,30-60s,15,0,152,41
2026-01-08T08:49:56.193Z,0.985,60-300s,29,0,1996,399
2026-01-08T08:49:56.193Z,0.985,5-15m,37,0,16739,1071
2026-01-08T08:49:56.193Z,0.985,15-60m,13,2,35,7
2026-01-08T08:49:56.193Z,0.99,0-5s,13,2,25,7
2026-01-08T08:49:56.193Z,0.99,5-15s,258,2,677,5
2026-01-08T08:49:56.193Z,0.99,15-30s,18,0,76,24
2026-01-08T08:49:56.193Z,0.99,30-60s,17,0,152,55
2026-01-08T08:49:56.193Z,0.99,60-300s,56,0,12230,871
2026-01-08T08:49:56.193Z,0.99,5-15m,32,0,16739,2590
2026-01-08T08:49:56.193Z,0.99,15-60m,13,0,60,23
2026-01-08T08:49:56.193Z,0.995,0-5s,31,2,155,8
2026-01-08T08:49:56.193Z,0.995,5-15s,429,2,1461,7
2026-01-08T08:49:56.193Z,0.995,15-30s,209,0,4787,25
2026-01-08T08:49:56.193Z,0.995,30-60s,100,0,4679,56
2026-01-08T08:49:56.193Z,0.995,60-300s,65,0,12230,875
2026-01-08T08:49:56.193Z,0.995,5-15m,32,0,16739,2590
2026-01-08T08:49:56.193Z,0.995,15-60m,13,0,60,23
2026-01-08T08:50:56.191Z,0.9,0-5s,10,10,10,1
2026-01-08T08:50:56.191Z,0.9,5-15s,2,2,2,1
2026-01-08T08:50:56.191Z,0.9,15-30s,5,5,5,1
2026-01-08T08:50:56.191Z,0.9,30-60s,7,6,9,3
2026-01-08T08:50:56.191Z,0.9,60-300s,15,1,33,4
2026-01-08T08:50:56.191Z,0.9,5-15m,21,0,43,11
2026-01-08T08:50:56.191Z,0.95,0-5s,8,6,10,2
2026-01-08T08:50:56.191Z,0.95,5-15s,2,2,2,1
2026-01-08T08:50:56.191Z,0.95,15-30s,10,0,49,7
2026-01-08T08:50:56.191Z,0.95,30-60s,6,3,9,5
2026-01-08T08:50:56.191Z,0.95,60-300s,64,0,1996,58
2026-01-08T08:50:56.191Z,0.95,5-15m,78,0,8995,150
2026-01-08T08:50:56.191Z,0.95,15-60m,6,6,6,1
2026-01-08T08:50:56.191Z,0.98,0-5s,13,2,25,6
2026-01-08T08:50:56.191Z,0.98,5-15s,190,2,548,3
2026-01-08T08:50:56.191Z,0.98,15-30s,20,0,76,21
2026-01-08T08:50:56.191Z,0.98,30-60s,16,0,152,39
2026-01-08T08:50:56.191Z,0.98,60-300s,28,0,1996,393
2026-01-08T08:50:56.191Z,0.98,5-15m,37,0,16739,1060
2026-01-08T08:50:56.191Z,0.98,15-60m,13,2,35,7
2026-01-08T08:50:56.191Z,0.985,0-5s,13,2,25,6
2026-01-08T08:50:56.191Z,0.985,5-15s,312,2,677,4
2026-01-08T08:50:56.191Z,0.985,15-30s,20,0,76,21
2026-01-08T08:50:56.191Z,0.985,30-60s,15,0,152,41
2026-01-08T08:50:56.191Z,0.985,60-300s,29,0,1996,399
2026-01-08T08:50:56.191Z,0.985,5-15m,37,0,16739,1071
2026-01-08T08:50:56.191Z,0.985,15-60m,13,2,35,7
2026-01-08T08:50:56.191Z,0.99,0-5s,13,2,25,7
2026-01-08T08:50:56.191Z,0.99,5-15s,258,2,677,5
2026-01-08T08:50:56.191Z,0.99,15-30s,18,0,76,24
2026-01-08T08:50:56.191Z,0.99,30-60s,17,0,152,55
2026-01-08T08:50:56.191Z,0.99,60-300s,56,0,12230,871
2026-01-08T08:50:56.191Z,0.99,5-15m,32,0,16739,2594
2026-01-08T08:50:56.191Z,0.99,15-60m,13,0,60,23
2026-01-08T08:50:56.191Z,0.995,0-5s,31,2,155,8
2026-01-08T08:50:56.191Z,0.995,5-15s,429,2,1461,7
2026-01-08T08:50:56.191Z,0.995,15-30s,209,0,4787,25
2026-01-08T08:50:56.191Z,0.995,30-60s,100,0,4679,56
2026-01-08T08:50:56.191Z,0.995,60-300s,65,0,12230,875
2026-01-08T08:50:56.191Z,0.995,5-15m,32,0,16739,2594
2026-01-08T08:50:56.191Z,0.995,15-60m,13,0,60,23
2026-01-08T08:51:56.191Z,0.9,0-5s,10,10,10,1
2026-01-08T08:51:56.191Z,0.9,5-15s,2,2,2,1
2026-01-08T08:51:56.191Z,0.9,15-30s,5,5,5,1
2026-01-08T08:51:56.191Z,0.9,30-60s,7,6,9,3
2026-01-08T08:51:56.191Z,0.9,60-300s,15,1,33,4
2026-01-08T08:51:56.191Z,0.9,5-15m,21,0,43,11
2026-01-08T08:51:56.191Z,0.95,0-5s,8,6,10,2
2026-01-08T08:51:56.191Z,0.95,5-15s,2,2,2,1
2026-01-08T08:51:56.191Z,0.95,15-30s,10,0,49,7
2026-01-08T08:51:56.191Z,0.95,30-60s,6,3,9,5
2026-01-08T08:51:56.191Z,0.95,60-300s,64,0,1996,58
2026-01-08T08:51:56.191Z,0.95,5-15m,78,0,8995,150
2026-01-08T08:51:56.191Z,0.95,15-60m,6,6,6,1
2026-01-08T08:51:56.191Z,0.98,0-5s,13,2,25,6
2026-01-08T08:51:56.191Z,0.98,5-15s,190,2,548,3
2026-01-08T08:51:56.191Z,0.98,15-30s,20,0,76,21
2026-01-08T08:51:56.191Z,0.98,30-60s,16,0,152,39
2026-01-08T08:51:56.191Z,0.98,60-300s,28,0,1996,393
2026-01-08T08:51:56.191Z,0.98,5-15m,37,0,16739,1062
2026-01-08T08:51:56.191Z,0.98,15-60m,13,2,35,7
2026-01-08T08:51:56.191Z,0.985,0-5s,13,2,25,6
2026-01-08T08:51:56.191Z,0.985,5-15s,312,2,677,4
2026-01-08T08:51:56.191Z,0.985,15-30s,20,0,76,21
2026-01-08T08:51:56.191Z,0.985,30-60s,15,0,152,41
2026-01-08T08:51:56.191Z,0.985,60-300s,29,0,1996,399
2026-01-08T08:51:56.191Z,0.985,5-15m,37,0,16739,1073
2026-01-08T08:51:56.191Z,0.985,15-60m,13,2,35,7
2026-01-08T08:51:56.191Z,0.99,0-5s,13,2,25,7
2026-01-08T08:51:56.191Z,0.99,5-15s,258,2,677,5
2026-01-08T08:51:56.191Z,0.99,15-30s,18,0,76,24
2026-01-08T08:51:56.191Z,0.99,30-60s,17,0,152,55
2026-01-08T08:51:56.191Z,0.99,60-300s,56,0,12230,871
2026-01-08T08:51:56.191Z,0.99,5-15m,31,0,16739,2598
2026-01-08T08:51:56.191Z,0.99,15-60m,13,0,60,23
2026-01-08T08:51:56.191Z,0.995,0-5s,31,2,155,8
2026-01-08T08:51:56.191Z,0.995,5-15s,429,2,1461,7
2026-01-08T08:51:56.191Z,0.995,15-30s,209,0,4787,25
2026-01-08T08:51:56.191Z,0.995,30-60s,100,0,4679,56
2026-01-08T08:51:56.191Z,0.995,60-300s,65,0,12230,875
2026-01-08T08:51:56.191Z,0.995,5-15m,31,0,16739,2598
2026-01-08T08:51:56.191Z,0.995,15-60m,13,0,60,23
2026-01-08T08:52:56.191Z,0.9,0-5s,10,10,10,1
2026-01-08T08:52:56.191Z,0.9,5-15s,2,2,2,1
2026-01-08T08:52:56.191Z,0.9,15-30s,5,5,5,1
2026-01-08T08:52:56.191Z,0.9,30-60s,7,6,9,3
2026-01-08T08:52:56.191Z,0.9,60-300s,15,1,33,4
2026-01-08T08:52:56.191Z,0.9,5-15m,21,0,43,11
2026-01-08T08:52:56.191Z,0.95,0-5s,8,6,10,2
2026-01-08T08:52:56.191Z,0.95,5-15s,2,2,2,1
2026-01-08T08:52:56.191Z,0.95,15-30s,10,0,49,7
2026-01-08T08:52:56.191Z,0.95,30-60s,6,3,9,5
2026-01-08T08:52:56.191Z,0.95,60-300s,64,0,1996,58
2026-01-08T08:52:56.191Z,0.95,5-15m,77,0,8995,151
2026-01-08T08:52:56.191Z,0.95,15-60m,6,6,6,1
2026-01-08T08:52:56.191Z,0.98,0-5s,13,2,25,6
2026-01-08T08:52:56.191Z,0.98,5-15s,190,2,548,3
2026-01-08T08:52:56.191Z,0.98,15-30s,20,0,76,21
2026-01-08T08:52:56.191Z,0.98,30-60s,16,0,152,39
2026-01-08T08:52:56.191Z,0.98,60-300s,28,0,1996,393
2026-01-08T08:52:56.191Z,0.98,5-15m,37,0,16739,1064
2026-01-08T08:52:56.191Z,0.98,15-60m,13,2,35,7
2026-01-08T08:52:56.191Z,0.985,0-5s,13,2,25,6
2026-01-08T08:52:56.191Z,0.985,5-15s,312,2,677,4
2026-01-08T08:52:56.191Z,0.985,15-30s,20,0,76,21
2026-01-08T08:52:56.191Z,0.985,30-60s,15,0,152,41
2026-01-08T08:52:56.191Z,0.985,60-300s,29,0,1996,399
2026-01-08T08:52:56.191Z,0.985,5-15m,37,0,16739,1075
2026-01-08T08:52:56.191Z,0.985,15-60m,13,2,35,7
2026-01-08T08:52:56.191Z,0.99,0-5s,13,2,25,7
2026-01-08T08:52:56.191Z,0.99,5-15s,258,2,677,5
2026-01-08T08:52:56.191Z,0.99,15-30s,18,0,76,24
2026-01-08T08:52:56.191Z,0.99,30-60s,17,0,152,55
2026-01-08T08:52:56.191Z,0.99,60-300s,56,0,12230,871
2026-01-08T08:52:56.191Z,0.99,5-15m,31,0,16739,2601
2026-01-08T08:52:56.191Z,0.99,15-60m,13,0,60,23
2026-01-08T08:52:56.191Z,0.995,0-5s,31,2,155,8
2026-01-08T08:52:56.191Z,0.995,5-15s,429,2,1461,7
2026-01-08T08:52:56.191Z,0.995,15-30s,209,0,4787,25
2026-01-08T08:52:56.191Z,0.995,30-60s,100,0,4679,56
2026-01-08T08:52:56.191Z,0.995,60-300s,65,0,12230,875
2026-01-08T08:52:56.191Z,0.995,5-15m,31,0,16739,2601
2026-01-08T08:52:56.191Z,0.995,15-60m,13,0,60,23
2026-01-08T08:53:56.217Z,0.9,0-5s,10,10,10,1
2026-01-08T08:53:56.217Z,0.9,5-15s,2,2,2,1
2026-01-08T08:53:56.217Z,0.9,15-30s,5,5,5,1
2026-01-08T08:53:56.217Z,0.9,30-60s,7,6,9,3
2026-01-08T08:53:56.217Z,0.9,60-300s,15,1,33,4
2026-01-08T08:53:56.217Z,0.9,5-15m,21,0,43,11
2026-01-08T08:53:56.217Z,0.95,0-5s,8,6,10,2
2026-01-08T08:53:56.217Z,0.95,5-15s,2,2,2,1
2026-01-08T08:53:56.217Z,0.95,15-30s,10,0,49,7
2026-01-08T08:53:56.217Z,0.95,30-60s,6,3,9,5
2026-01-08T08:53:56.217Z,0.95,60-300s,64,0,1996,58
2026-01-08T08:53:56.217Z,0.95,5-15m,77,0,8995,151
2026-01-08T08:53:56.217Z,0.95,15-60m,6,6,6,1
2026-01-08T08:53:56.217Z,0.98,0-5s,13,2,25,6
2026-01-08T08:53:56.217Z,0.98,5-15s,190,2,548,3
2026-01-08T08:53:56.217Z,0.98,15-30s,20,0,76,21
2026-01-08T08:53:56.217Z,0.98,30-60s,16,0,152,39
2026-01-08T08:53:56.217Z,0.98,60-300s,28,0,1996,393
2026-01-08T08:53:56.217Z,0.98,5-15m,37,0,16739,1064
2026-01-08T08:53:56.217Z,0.98,15-60m,13,2,35,7
2026-01-08T08:53:56.217Z,0.985,0-5s,13,2,25,6
2026-01-08T08:53:56.217Z,0.985,5-15s,312,2,677,4
2026-01-08T08:53:56.217Z,0.985,15-30s,20,0,76,21
2026-01-08T08:53:56.217Z,0.985,30-60s,15,0,152,41
2026-01-08T08:53:56.217Z,0.985,60-300s,29,0,1996,399
2026-01-08T08:53:56.217Z,0.985,5-15m,37,0,16739,1075
2026-01-08T08:53:56.217Z,0.985,15-60m,13,2,35,7
2026-01-08T08:53:56.217Z,0.99,0-5s,13,2,25,7
2026-01-08T08:53:56.217Z,0.99,5-15s,258,2,677,5
2026-01-08T08:53:56.217Z,0.99,15-30s,18,0,76,24
2026-01-08T08:53:56.217Z,0.99,30-60s,17,0,152,55
2026-01-08T08:53:56.217Z,0.99,60-300s,56,0,12230,871
2026-01-08T08:53:56.217Z,0.99,5-15m,31,0,16739,2602
2026-01-08T08:53:56.217Z,0.99,15-60m,13,0,60,23
2026-01-08T08:53:56.217Z,0.995,0-5s,31,2,155,8
2026-01-08T08:53:56.217Z,0.995,5-15s,429,2,1461,7
2026-01-08T08:53:56.217Z,0.995,15-30s,209,0,4787,25
2026-01-08T08:53:56.217Z,0.995,30-60s,100,0,4679,56
2026-01-08T08:53:56.217Z,0.995,60-300s,65,0,12230,875
2026-01-08T08:53:56.217Z,0.995,5-15m,31,0,16739,2602
2026-01-08T08:53:56.217Z,0.995,15-60m,13,0,60,23
2026-01-08T08:54:56.188Z,0.9,0-5s,10,10,10,1
2026-01-08T08:54:56.188Z,0.9,5-15s,2,2,2,1
2026-01-08T08:54:56.188Z,0.9,15-30s,5,5,5,1
2026-01-08T08:54:56.188Z,0.9,30-60s,7,6,9,3
2026-01-08T08:54:56.188Z,0.9,60-300s,15,1,33,4
2026-01-08T08:54:56.188Z,0.9,5-15m,21,0,43,11
2026-01-08T08:54:56.188Z,0.95,0-5s,8,6,10,2
2026-01-08T08:54:56.188Z,0.95,5-15s,2,2,2,1
2026-01-08T08:54:56.188Z,0.95,15-30s,10,0,49,7
2026-01-08T08:54:56.188Z,0.95,30-60s,6,3,9,5
2026-01-08T08:54:56.188Z,0.95,60-300s,64,0,1996,58
2026-01-08T08:54:56.188Z,0.95,5-15m,77,0,8995,151
2026-01-08T08:54:56.188Z,0.95,15-60m,6,6,6,1
2026-01-08T08:54:56.188Z,0.98,0-5s,13,2,25,6
2026-01-08T08:54:56.188Z,0.98,5-15s,190,2,548,3
2026-01-08T08:54:56.188Z,0.98,15-30s,20,0,76,21
2026-01-08T08:54:56.188Z,0.98,30-60s,16,0,152,39
2026-01-08T08:54:56.188Z,0.98,60-300s,28,0,1996,393
2026-01-08T08:54:56.188Z,0.98,5-15m,37,0,16739,1064
2026-01-08T08:54:56.188Z,0.98,15-60m,13,2,35,7
2026-01-08T08:54:56.188Z,0.985,0-5s,13,2,25,6
2026-01-08T08:54:56.188Z,0.985,5-15s,312,2,677,4
2026-01-08T08:54:56.188Z,0.985,15-30s,20,0,76,21
2026-01-08T08:54:56.188Z,0.985,30-60s,15,0,152,41
2026-01-08T08:54:56.188Z,0.985,60-300s,29,0,1996,399
2026-01-08T08:54:56.188Z,0.985,5-15m,37,0,16739,1075
2026-01-08T08:54:56.188Z,0.985,15-60m,13,2,35,7
2026-01-08T08:54:56.188Z,0.99,0-5s,13,2,25,7
2026-01-08T08:54:56.188Z,0.99,5-15s,258,2,677,5
2026-01-08T08:54:56.188Z,0.99,15-30s,18,0,76,24
2026-01-08T08:54:56.188Z,0.99,30-60s,17,0,152,55
2026-01-08T08:54:56.188Z,0.99,60-300s,56,0,12230,871
2026-01-08T08:54:56.188Z,0.99,5-15m,31,0,16739,2602
2026-01-08T08:54:56.188Z,0.99,15-60m,13,0,60,23
2026-01-08T08:54:56.188Z,0.995,0-5s,31,2,155,8
2026-01-08T08:54:56.188Z,0.995,5-15s,429,2,1461,7
2026-01-08T08:54:56.188Z,0.995,15-30s,209,0,4787,25
2026-01-08T08:54:56.188Z,0.995,30-60s,100,0,4679,56
2026-01-08T08:54:56.188Z,0.995,60-300s,65,0,12230,875
2026-01-08T08:54:56.188Z,0.995,5-15m,31,0,16739,2602
2026-01-08T08:54:56.188Z,0.995,15-60m,13,0,60,23
2026-01-08T08:55:56.190Z,0.9,0-5s,10,10,10,1
2026-01-08T08:55:56.190Z,0.9,5-15s,2,2,2,1
2026-01-08T08:55:56.190Z,0.9,15-30s,5,5,5,1
2026-01-08T08:55:56.190Z,0.9,30-60s,7,6,9,3
2026-01-08T08:55:56.190Z,0.9,60-300s,15,1,33,4
2026-01-08T08:55:56.190Z,0.9,5-15m,21,0,43,11
2026-01-08T08:55:56.190Z,0.95,0-5s,8,6,10,2
2026-01-08T08:55:56.190Z,0.95,5-15s,2,2,2,1
2026-01-08T08:55:56.190Z,0.95,15-30s,10,0,49,7
2026-01-08T08:55:56.190Z,0.95,30-60s,6,3,9,5
2026-01-08T08:55:56.190Z,0.95,60-300s,64,0,1996,58
2026-01-08T08:55:56.190Z,0.95,5-15m,77,0,8995,151
2026-01-08T08:55:56.190Z,0.95,15-60m,6,6,6,1
2026-01-08T08:55:56.190Z,0.98,0-5s,13,2,25,6
2026-01-08T08:55:56.190Z,0.98,5-15s,190,2,548,3
2026-01-08T08:55:56.190Z,0.98,15-30s,20,0,76,21
2026-01-08T08:55:56.190Z,0.98,30-60s,16,0,152,39
2026-01-08T08:55:56.190Z,0.98,60-300s,28,0,1996,393
2026-01-08T08:55:56.190Z,0.98,5-15m,37,0,16739,1064
2026-01-08T08:55:56.190Z,0.98,15-60m,13,2,35,7
2026-01-08T08:55:56.190Z,0.985,0-5s,13,2,25,6
2026-01-08T08:55:56.190Z,0.985,5-15s,312,2,677,4
2026-01-08T08:55:56.190Z,0.985,15-30s,20,0,76,21
2026-01-08T08:55:56.190Z,0.985,30-60s,15,0,152,41
2026-01-08T08:55:56.190Z,0.985,60-300s,29,0,1996,399
2026-01-08T08:55:56.190Z,0.985,5-15m,37,0,16739,1075
2026-01-08T08:55:56.190Z,0.985,15-60m,13,2,35,7
2026-01-08T08:55:56.190Z,0.99,0-5s,13,2,25,7
2026-01-08T08:55:56.190Z,0.99,5-15s,258,2,677,5
2026-01-08T08:55:56.190Z,0.99,15-30s,18,0,76,24
2026-01-08T08:55:56.190Z,0.99,30-60s,17,0,152,55
2026-01-08T08:55:56.190Z,0.99,60-300s,56,0,12230,871
2026-01-08T08:55:56.190Z,0.99,5-15m,31,0,16739,2602
2026-01-08T08:55:56.190Z,0.99,15-60m,13,0,60,23
2026-01-08T08:55:56.190Z,0.995,0-5s,31,2,155,8
2026-01-08T08:55:56.190Z,0.995,5-15s,429,2,1461,7
2026-01-08T08:55:56.190Z,0.995,15-30s,209,0,4787,25
2026-01-08T08:55:56.190Z,0.995,30-60s,100,0,4679,56
2026-01-08T08:55:56.190Z,0.995,60-300s,65,0,12230,875
2026-01-08T08:55:56.190Z,0.995,5-15m,31,0,16739,2602
2026-01-08T08:55:56.190Z,0.995,15-60m,13,0,60,23
2026-01-08T08:56:56.186Z,0.9,0-5s,10,10,10,1
2026-01-08T08:56:56.186Z,0.9,5-15s,2,2,2,1
2026-01-08T08:56:56.186Z,0.9,15-30s,5,5,5,1
2026-01-08T08:56:56.186Z,0.9,30-60s,7,6,9,3
2026-01-08T08:56:56.186Z,0.9,60-300s,15,1,33,4
2026-01-08T08:56:56.186Z,0.9,5-15m,21,0,43,11
2026-01-08T08:56:56.186Z,0.95,0-5s,8,6,10,2
2026-01-08T08:56:56.186Z,0.95,5-15s,2,2,2,1
2026-01-08T08:56:56.186Z,0.95,15-30s,10,0,49,7
2026-01-08T08:56:56.186Z,0.95,30-60s,6,3,9,5
2026-01-08T08:56:56.186Z,0.95,60-300s,64,0,1996,58
2026-01-08T08:56:56.186Z,0.95,5-15m,77,0,8995,151
2026-01-08T08:56:56.186Z,0.95,15-60m,6,6,6,1
2026-01-08T08:56:56.186Z,0.98,0-5s,13,2,25,6
2026-01-08T08:56:56.186Z,0.98,5-15s,190,2,548,3
2026-01-08T08:56:56.186Z,0.98,15-30s,20,0,76,21
2026-01-08T08:56:56.186Z,0.98,30-60s,16,0,152,39
2026-01-08T08:56:56.186Z,0.98,60-300s,28,0,1996,393
2026-01-08T08:56:56.186Z,0.98,5-15m,37,0,16739,1064
2026-01-08T08:56:56.186Z,0.98,15-60m,13,2,35,7
2026-01-08T08:56:56.186Z,0.985,0-5s,13,2,25,6
2026-01-08T08:56:56.186Z,0.985,5-15s,312,2,677,4
2026-01-08T08:56:56.186Z,0.985,15-30s,20,0,76,21
2026-01-08T08:56:56.186Z,0.985,30-60s,15,0,152,41
2026-01-08T08:56:56.186Z,0.985,60-300s,29,0,1996,399
2026-01-08T08:56:56.186Z,0.985,5-15m,37,0,16739,1075
2026-01-08T08:56:56.186Z,0.985,15-60m,13,2,35,7
2026-01-08T08:56:56.186Z,0.99,0-5s,13,2,25,7
2026-01-08T08:56:56.186Z,0.99,5-15s,258,2,677,5
2026-01-08T08:56:56.186Z,0.99,15-30s,18,0,76,24
2026-01-08T08:56:56.186Z,0.99,30-60s,17,0,152,55
2026-01-08T08:56:56.186Z,0.99,60-300s,56,0,12230,871
2026-01-08T08:56:56.186Z,0.99,5-15m,31,0,16739,2602
2026-01-08T08:56:56.186Z,0.99,15-60m,13,0,60,23
2026-01-08T08:56:56.186Z,0.995,0-5s,31,2,155,8
2026-01-08T08:56:56.186Z,0.995,5-15s,429,2,1461,7
2026-01-08T08:56:56.186Z,0.995,15-30s,209,0,4787,25
2026-01-08T08:56:56.186Z,0.995,30-60s,100,0,4679,56
2026-01-08T08:56:56.186Z,0.995,60-300s,65,0,12230,875
2026-01-08T08:56:56.186Z,0.995,5-15m,31,0,16739,2602
2026-01-08T08:56:56.186Z,0.995,15-60m,13,0,60,23
2026-01-08T08:57:56.190Z,0.9,0-5s,10,10,10,1
2026-01-08T08:57:56.190Z,0.9,5-15s,2,2,2,1
2026-01-08T08:57:56.190Z,0.9,15-30s,5,5,5,1
2026-01-08T08:57:56.190Z,0.9,30-60s,7,6,9,3
2026-01-08T08:57:56.190Z,0.9,60-300s,15,1,33,4
2026-01-08T08:57:56.190Z,0.9,5-15m,21,0,43,11
2026-01-08T08:57:56.190Z,0.95,0-5s,8,6,10,2
2026-01-08T08:57:56.190Z,0.95,5-15s,2,2,2,1
2026-01-08T08:57:56.190Z,0.95,15-30s,10,0,49,7
2026-01-08T08:57:56.190Z,0.95,30-60s,6,3,9,5
2026-01-08T08:57:56.190Z,0.95,60-300s,64,0,1996,58
2026-01-08T08:57:56.190Z,0.95,5-15m,77,0,8995,151
2026-01-08T08:57:56.190Z,0.95,15-60m,6,6,6,1
2026-01-08T08:57:56.190Z,0.98,0-5s,13,2,25,6
2026-01-08T08:57:56.190Z,0.98,5-15s,190,2,548,3
2026-01-08T08:57:56.190Z,0.98,15-30s,20,0,76,21
2026-01-08T08:57:56.190Z,0.98,30-60s,16,0,152,39
2026-01-08T08:57:56.190Z,0.98,60-300s,28,0,1996,393
2026-01-08T08:57:56.190Z,0.98,5-15m,37,0,16739,1064
2026-01-08T08:57:56.190Z,0.98,15-60m,13,2,35,7
2026-01-08T08:57:56.190Z,0.985,0-5s,13,2,25,6
2026-01-08T08:57:56.190Z,0.985,5-15s,312,2,677,4
2026-01-08T08:57:56.190Z,0.985,15-30s,20,0,76,21
2026-01-08T08:57:56.190Z,0.985,30-60s,15,0,152,41
2026-01-08T08:57:56.190Z,0.985,60-300s,29,0,1996,399
2026-01-08T08:57:56.190Z,0.985,5-15m,37,0,16739,1075
2026-01-08T08:57:56.190Z,0.985,15-60m,13,2,35,7
2026-01-08T08:57:56.190Z,0.99,0-5s,13,2,25,7
2026-01-08T08:57:56.190Z,0.99,5-15s,258,2,677,5
2026-01-08T08:57:56.190Z,0.99,15-30s,18,0,76,24
2026-01-08T08:57:56.190Z,0.99,30-60s,17,0,152,55
2026-01-08T08:57:56.190Z,0.99,60-300s,56,0,12230,871
2026-01-08T08:57:56.190Z,0.99,5-15m,31,0,16739,2602
2026-01-08T08:57:56.190Z,0.99,15-60m,13,0,60,23
2026-01-08T08:57:56.190Z,0.995,0-5s,31,2,155,8
2026-01-08T08:57:56.190Z,0.995,5-15s,429,2,1461,7
2026-01-08T08:57:56.190Z,0.995,15-30s,209,0,4787,25
2026-01-08T08:57:56.190Z,0.995,30-60s,100,0,4679,56
2026-01-08T08:57:56.190Z,0.995,60-300s,65,0,12230,875
2026-01-08T08:57:56.190Z,0.995,5-15m,31,0,16739,2602
2026-01-08T08:57:56.190Z,0.995,15-60m,13,0,60,23
2026-01-08T08:58:56.190Z,0.9,0-5s,10,10,10,1
2026-01-08T08:58:56.190Z,0.9,5-15s,2,2,2,1
2026-01-08T08:58:56.190Z,0.9,15-30s,5,5,5,1
2026-01-08T08:58:56.190Z,0.9,30-60s,7,6,9,3
2026-01-08T08:58:56.190Z,0.9,60-300s,15,1,33,4
2026-01-08T08:58:56.190Z,0.9,5-15m,21,0,43,11
2026-01-08T08:58:56.190Z,0.95,0-5s,8,6,10,2
2026-01-08T08:58:56.190Z,0.95,5-15s,2,2,2,1
2026-01-08T08:58:56.190Z,0.95,15-30s,10,0,49,7
2026-01-08T08:58:56.190Z,0.95,30-60s,6,3,9,5
2026-01-08T08:58:56.190Z,0.95,60-300s,64,0,1996,58
2026-01-08T08:58:56.190Z,0.95,5-15m,77,0,8995,151
2026-01-08T08:58:56.190Z,0.95,15-60m,6,6,6,1
2026-01-08T08:58:56.190Z,0.98,0-5s,13,2,25,6
2026-01-08T08:58:56.190Z,0.98,5-15s,190,2,548,3
2026-01-08T08:58:56.190Z,0.98,15-30s,20,0,76,21
2026-01-08T08:58:56.190Z,0.98,30-60s,16,0,152,39
2026-01-08T08:58:56.190Z,0.98,60-300s,28,0,1996,393
2026-01-08T08:58:56.190Z,0.98,5-15m,37,0,16739,1064
2026-01-08T08:58:56.190Z,0.98,15-60m,13,2,35,7
2026-01-08T08:58:56.190Z,0.985,0-5s,13,2,25,6
2026-01-08T08:58:56.190Z,0.985,5-15s,312,2,677,4
2026-01-08T08:58:56.190Z,0.985,15-30s,20,0,76,21
2026-01-08T08:58:56.190Z,0.985,30-60s,15,0,152,41
2026-01-08T08:58:56.190Z,0.985,60-300s,29,0,1996,399
2026-01-08T08:58:56.190Z,0.985,5-15m,37,0,16739,1075
2026-01-08T08:58:56.190Z,0.985,15-60m,13,2,35,7
2026-01-08T08:58:56.190Z,0.99,0-5s,13,2,25,7
2026-01-08T08:58:56.190Z,0.99,5-15s,258,2,677,5
2026-01-08T08:58:56.190Z,0.99,15-30s,18,0,76,24
2026-01-08T08:58:56.190Z,0.99,30-60s,17,0,152,55
2026-01-08T08:58:56.190Z,0.99,60-300s,56,0,12230,871
2026-01-08T08:58:56.190Z,0.99,5-15m,31,0,16739,2602
2026-01-08T08:58:56.190Z,0.99,15-60m,13,0,60,23
2026-01-08T08:58:56.190Z,0.995,0-5s,31,2,155,8
2026-01-08T08:58:56.190Z,0.995,5-15s,429,2,1461,7
2026-01-08T08:58:56.190Z,0.995,15-30s,209,0,4787,25
2026-01-08T08:58:56.190Z,0.995,30-60s,100,0,4679,56
2026-01-08T08:58:56.190Z,0.995,60-300s,65,0,12230,875
2026-01-08T08:58:56.190Z,0.995,5-15m,31,0,16739,2602
2026-01-08T08:58:56.190Z,0.995,15-60m,13,0,60,23
2026-01-08T08:59:56.189Z,0.9,0-5s,10,10,10,1
2026-01-08T08:59:56.189Z,0.9,5-15s,2,2,2,1
2026-01-08T08:59:56.189Z,0.9,15-30s,5,5,5,1
2026-01-08T08:59:56.189Z,0.9,30-60s,7,6,9,3
2026-01-08T08:59:56.189Z,0.9,60-300s,15,1,33,4
2026-01-08T08:59:56.189Z,0.9,5-15m,21,0,43,11
2026-01-08T08:59:56.189Z,0.95,0-5s,8,6,10,2
2026-01-08T08:59:56.189Z,0.95,5-15s,2,2,2,1
2026-01-08T08:59:56.189Z,0.95,15-30s,10,0,49,7
2026-01-08T08:59:56.189Z,0.95,30-60s,6,3,9,5
2026-01-08T08:59:56.189Z,0.95,60-300s,64,0,1996,58
2026-01-08T08:59:56.189Z,0.95,5-15m,77,0,8995,151
2026-01-08T08:59:56.189Z,0.95,15-60m,6,6,6,1
2026-01-08T08:59:56.189Z,0.98,0-5s,13,2,25,6
2026-01-08T08:59:56.189Z,0.98,5-15s,190,2,548,3
2026-01-08T08:59:56.189Z,0.98,15-30s,20,0,76,21
2026-01-08T08:59:56.189Z,0.98,30-60s,16,0,152,39
2026-01-08T08:59:56.189Z,0.98,60-300s,28,0,1996,393
2026-01-08T08:59:56.189Z,0.98,5-15m,37,0,16739,1064
2026-01-08T08:59:56.189Z,0.98,15-60m,13,2,35,7
2026-01-08T08:59:56.189Z,0.985,0-5s,13,2,25,6
2026-01-08T08:59:56.189Z,0.985,5-15s,312,2,677,4
2026-01-08T08:59:56.189Z,0.985,15-30s,20,0,76,21
2026-01-08T08:59:56.189Z,0.985,30-60s,15,0,152,41
2026-01-08T08:59:56.189Z,0.985,60-300s,29,0,1996,399
2026-01-08T08:59:56.189Z,0.985,5-15m,37,0,16739,1075
2026-01-08T08:59:56.189Z,0.985,15-60m,13,2,35,7
2026-01-08T08:59:56.189Z,0.99,0-5s,13,2,25,7
2026-01-08T08:59:56.189Z,0.99,5-15s,258,2,677,5
2026-01-08T08:59:56.189Z,0.99,15-30s,18,0,76,24
2026-01-08T08:59:56.189Z,0.99,30-60s,17,0,152,55
2026-01-08T08:59:56.189Z,0.99,60-300s,56,0,12230,871
2026-01-08T08:59:56.189Z,0.99,5-15m,31,0,16739,2602
2026-01-08T08:59:56.189Z,0.99,15-60m,13,0,60,24
2026-01-08T08:59:56.189Z,0.995,0-5s,31,2,155,8
2026-01-08T08:59:56.189Z,0.995,5-15s,429,2,1461,7
2026-01-08T08:59:56.189Z,0.995,15-30s,209,0,4787,25
2026-01-08T08:59:56.189Z,0.995,30-60s,100,0,4679,56
2026-01-08T08:59:56.189Z,0.995,60-300s,65,0,12230,875
2026-01-08T08:59:56.189Z,0.995,5-15m,31,0,16739,2602
2026-01-08T08:59:56.189Z,0.995,15-60m,13,0,60,24
2026-01-08T09:00:56.188Z,0.9,0-5s,10,10,10,1
2026-01-08T09:00:56.188Z,0.9,5-15s,2,2,2,1
2026-01-08T09:00:56.188Z,0.9,15-30s,5,5,5,1
2026-01-08T09:00:56.188Z,0.9,30-60s,7,6,9,3
2026-01-08T09:00:56.188Z,0.9,60-300s,15,1,33,4
2026-01-08T09:00:56.188Z,0.9,5-15m,21,0,43,11
2026-01-08T09:00:56.188Z,0.95,0-5s,8,6,10,2
2026-01-08T09:00:56.188Z,0.95,5-15s,2,2,2,1
2026-01-08T09:00:56.188Z,0.95,15-30s,10,0,49,7
2026-01-08T09:00:56.188Z,0.95,30-60s,6,3,9,5
2026-01-08T09:00:56.188Z,0.95,60-300s,64,0,1996,58
2026-01-08T09:00:56.188Z,0.95,5-15m,77,0,8995,151
2026-01-08T09:00:56.188Z,0.95,15-60m,6,6,6,1
2026-01-08T09:00:56.188Z,0.98,0-5s,13,2,25,6
2026-01-08T09:00:56.188Z,0.98,5-15s,190,2,548,3
2026-01-08T09:00:56.188Z,0.98,15-30s,20,0,76,21
2026-01-08T09:00:56.188Z,0.98,30-60s,16,0,152,39
2026-01-08T09:00:56.188Z,0.98,60-300s,28,0,1996,393
2026-01-08T09:00:56.188Z,0.98,5-15m,37,0,16739,1071
2026-01-08T09:00:56.188Z,0.98,15-60m,12,2,35,8
2026-01-08T09:00:56.188Z,0.985,0-5s,13,2,25,6
2026-01-08T09:00:56.188Z,0.985,5-15s,312,2,677,4
2026-01-08T09:00:56.188Z,0.985,15-30s,20,0,76,21
2026-01-08T09:00:56.188Z,0.985,30-60s,15,0,152,41
2026-01-08T09:00:56.188Z,0.985,60-300s,29,0,1996,399
2026-01-08T09:00:56.188Z,0.985,5-15m,37,0,16739,1082
2026-01-08T09:00:56.188Z,0.985,15-60m,12,2,35,8
2026-01-08T09:00:56.188Z,0.99,0-5s,13,2,25,7
2026-01-08T09:00:56.188Z,0.99,5-15s,258,2,677,5
2026-01-08T09:00:56.188Z,0.99,15-30s,18,0,76,24
2026-01-08T09:00:56.188Z,0.99,30-60s,17,0,152,55
2026-01-08T09:00:56.188Z,0.99,60-300s,56,0,12230,871
2026-01-08T09:00:56.188Z,0.99,5-15m,31,0,16739,2616
2026-01-08T09:00:56.188Z,0.99,15-60m,13,0,60,25
2026-01-08T09:00:56.188Z,0.995,0-5s,31,2,155,8
2026-01-08T09:00:56.188Z,0.995,5-15s,429,2,1461,7
2026-01-08T09:00:56.188Z,0.995,15-30s,209,0,4787,25
2026-01-08T09:00:56.188Z,0.995,30-60s,100,0,4679,56
2026-01-08T09:00:56.188Z,0.995,60-300s,65,0,12230,875
2026-01-08T09:00:56.188Z,0.995,5-15m,31,0,16739,2616
2026-01-08T09:00:56.188Z,0.995,15-60m,13,0,60,25
2026-01-08T09:01:56.190Z,0.9,0-5s,10,10,10,1
2026-01-08T09:01:56.190Z,0.9,5-15s,2,2,2,1
2026-01-08T09:01:56.190Z,0.9,15-30s,5,5,5,1
2026-01-08T09:01:56.190Z,0.9,30-60s,7,6,9,3
2026-01-08T09:01:56.190Z,0.9,60-300s,15,1,33,4
2026-01-08T09:01:56.190Z,0.9,5-15m,21,0,43,11
2026-01-08T09:01:56.190Z,0.95,0-5s,8,6,10,2
2026-01-08T09:01:56.190Z,0.95,5-15s,2,2,2,1
2026-01-08T09:01:56.190Z,0.95,15-30s,10,0,49,7
2026-01-08T09:01:56.190Z,0.95,30-60s,6,3,9,5
2026-01-08T09:01:56.190Z,0.95,60-300s,64,0,1996,58
2026-01-08T09:01:56.190Z,0.95,5-15m,77,0,8995,152
2026-01-08T09:01:56.190Z,0.95,15-60m,6,6,6,1
2026-01-08T09:01:56.190Z,0.98,0-5s,13,2,25,6
2026-01-08T09:01:56.190Z,0.98,5-15s,190,2,548,3
2026-01-08T09:01:56.190Z,0.98,15-30s,20,0,76,21
2026-01-08T09:01:56.190Z,0.98,30-60s,16,0,152,39
2026-01-08T09:01:56.190Z,0.98,60-300s,28,0,1996,393
2026-01-08T09:01:56.190Z,0.98,5-15m,37,0,16739,1072
2026-01-08T09:01:56.190Z,0.98,15-60m,12,2,35,8
2026-01-08T09:01:56.190Z,0.985,0-5s,13,2,25,6
2026-01-08T09:01:56.190Z,0.985,5-15s,312,2,677,4
2026-01-08T09:01:56.190Z,0.985,15-30s,20,0,76,21
2026-01-08T09:01:56.190Z,0.985,30-60s,15,0,152,41
2026-01-08T09:01:56.190Z,0.985,60-300s,29,0,1996,399
2026-01-08T09:01:56.190Z,0.985,5-15m,37,0,16739,1083
2026-01-08T09:01:56.190Z,0.985,15-60m,12,2,35,8
2026-01-08T09:01:56.190Z,0.99,0-5s,13,2,25,7
2026-01-08T09:01:56.190Z,0.99,5-15s,258,2,677,5
2026-01-08T09:01:56.190Z,0.99,15-30s,18,0,76,24
2026-01-08T09:01:56.190Z,0.99,30-60s,17,0,152,55
2026-01-08T09:01:56.190Z,0.99,60-300s,56,0,12230,871
2026-01-08T09:01:56.190Z,0.99,5-15m,31,0,16739,2626
2026-01-08T09:01:56.190Z,0.99,15-60m,13,0,60,25
2026-01-08T09:01:56.190Z,0.995,0-5s,31,2,155,8
2026-01-08T09:01:56.190Z,0.995,5-15s,429,2,1461,7
2026-01-08T09:01:56.190Z,0.995,15-30s,209,0,4787,25
2026-01-08T09:01:56.190Z,0.995,30-60s,100,0,4679,56
2026-01-08T09:01:56.190Z,0.995,60-300s,65,0,12230,875
2026-01-08T09:01:56.190Z,0.995,5-15m,31,0,16739,2626
2026-01-08T09:01:56.190Z,0.995,15-60m,13,0,60,25
2026-01-08T09:02:56.192Z,0.9,0-5s,10,10,10,1
2026-01-08T09:02:56.192Z,0.9,5-15s,2,2,2,1
2026-01-08T09:02:56.192Z,0.9,15-30s,5,5,5,1
2026-01-08T09:02:56.192Z,0.9,30-60s,7,6,9,3
2026-01-08T09:02:56.192Z,0.9,60-300s,15,1,33,4
2026-01-08T09:02:56.192Z,0.9,5-15m,21,0,43,11
2026-01-08T09:02:56.192Z,0.95,0-5s,8,6,10,2
2026-01-08T09:02:56.192Z,0.95,5-15s,2,2,2,1
2026-01-08T09:02:56.192Z,0.95,15-30s,10,0,49,7
2026-01-08T09:02:56.192Z,0.95,30-60s,6,3,9,5
2026-01-08T09:02:56.192Z,0.95,60-300s,64,0,1996,58
2026-01-08T09:02:56.192Z,0.95,5-15m,77,0,8995,152
2026-01-08T09:02:56.192Z,0.95,15-60m,6,6,6,1
2026-01-08T09:02:56.192Z,0.98,0-5s,13,2,25,6
2026-01-08T09:02:56.192Z,0.98,5-15s,190,2,548,3
2026-01-08T09:02:56.192Z,0.98,15-30s,20,0,76,21
2026-01-08T09:02:56.192Z,0.98,30-60s,16,0,152,39
2026-01-08T09:02:56.192Z,0.98,60-300s,28,0,1996,393
2026-01-08T09:02:56.192Z,0.98,5-15m,37,0,16739,1079
2026-01-08T09:02:56.192Z,0.98,15-60m,12,2,35,8
2026-01-08T09:02:56.192Z,0.985,0-5s,13,2,25,6
2026-01-08T09:02:56.192Z,0.985,5-15s,312,2,677,4
2026-01-08T09:02:56.192Z,0.985,15-30s,20,0,76,21
2026-01-08T09:02:56.192Z,0.985,30-60s,15,0,152,41
2026-01-08T09:02:56.192Z,0.985,60-300s,29,0,1996,399
2026-01-08T09:02:56.192Z,0.985,5-15m,37,0,16739,1090
2026-01-08T09:02:56.192Z,0.985,15-60m,12,2,35,8
2026-01-08T09:02:56.192Z,0.99,0-5s,13,2,25,7
2026-01-08T09:02:56.192Z,0.99,5-15s,258,2,677,5
2026-01-08T09:02:56.192Z,0.99,15-30s,18,0,76,24
2026-01-08T09:02:56.192Z,0.99,30-60s,17,0,152,55
2026-01-08T09:02:56.192Z,0.99,60-300s,56,0,12230,871
2026-01-08T09:02:56.192Z,0.99,5-15m,31,0,16739,2638
2026-01-08T09:02:56.192Z,0.99,15-60m,13,0,60,25
2026-01-08T09:02:56.192Z,0.995,0-5s,31,2,155,8
2026-01-08T09:02:56.192Z,0.995,5-15s,429,2,1461,7
2026-01-08T09:02:56.192Z,0.995,15-30s,209,0,4787,25
2026-01-08T09:02:56.192Z,0.995,30-60s,100,0,4679,56
2026-01-08T09:02:56.192Z,0.995,60-300s,65,0,12230,875
2026-01-08T09:02:56.192Z,0.995,5-15m,31,0,16739,2638
2026-01-08T09:02:56.192Z,0.995,15-60m,13,0,60,25
