timestamp,target_threshold,count,avg_duration_s,min_duration_s,max_duration_s,avg_expiry_s,avg_start_price,avg_end_price
2026-01-07T21:12:40.925Z,0.8,3,79.1,70.9,85.8,155,0.470,0.860
2026-01-07T21:12:40.925Z,0.9,2,75.7,70.9,80.5,145,0.460,0.900
2026-01-07T21:13:40.926Z,0.8,3,79.1,70.9,85.8,155,0.470,0.860
2026-01-07T21:13:40.926Z,0.9,2,75.7,70.9,80.5,145,0.460,0.900
2026-01-07T21:14:40.927Z,0.8,3,79.1,70.9,85.8,155,0.470,0.860
2026-01-07T21:14:40.927Z,0.9,2,75.7,70.9,80.5,145,0.460,0.900
2026-01-07T21:15:40.928Z,0.8,3,79.1,70.9,85.8,155,0.470,0.860
2026-01-07T21:15:40.928Z,0.9,2,75.7,70.9,80.5,145,0.460,0.900
2026-01-07T21:16:40.928Z,0.8,3,79.1,70.9,85.8,155,0.470,0.860
2026-01-07T21:16:40.928Z,0.9,2,75.7,70.9,80.5,145,0.460,0.900
2026-01-07T21:17:40.928Z,0.8,3,79.1,70.9,85.8,155,0.470,0.860
2026-01-07T21:17:40.928Z,0.9,2,75.7,70.9,80.5,145,0.460,0.900
2026-01-07T21:18:40.929Z,0.8,3,79.1,70.9,85.8,155,0.470,0.860
2026-01-07T21:18:40.929Z,0.9,2,75.7,70.9,80.5,145,0.460,0.900
2026-01-07T21:19:40.929Z,0.8,3,79.1,70.9,85.8,155,0.470,0.860
2026-01-07T21:19:40.929Z,0.9,2,75.7,70.9,80.5,145,0.460,0.900
2026-01-07T21:20:40.929Z,0.8,3,79.1,70.9,85.8,155,0.470,0.860
2026-01-07T21:20:40.929Z,0.9,2,75.7,70.9,80.5,145,0.460,0.900
2026-01-07T21:21:40.929Z,0.8,3,79.1,70.9,85.8,155,0.470,0.860
2026-01-07T21:21:40.929Z,0.9,2,75.7,70.9,80.5,145,0.460,0.900
2026-01-07T21:22:40.930Z,0.8,3,79.1,70.9,85.8,155,0.470,0.860
2026-01-07T21:22:40.930Z,0.9,2,75.7,70.9,80.5,145,0.460,0.900
2026-01-07T21:23:40.927Z,0.8,3,79.1,70.9,85.8,155,0.470,0.860
2026-01-07T21:23:40.927Z,0.9,2,75.7,70.9,80.5,145,0.460,0.900
2026-01-07T21:24:40.927Z,0.8,3,79.1,70.9,85.8,155,0.470,0.860
2026-01-07T21:24:40.927Z,0.9,2,75.7,70.9,80.5,145,0.460,0.900
2026-01-07T21:25:40.928Z,0.8,3,79.1,70.9,85.8,155,0.470,0.860
2026-01-07T21:25:40.928Z,0.9,2,75.7,70.9,80.5,145,0.460,0.900
2026-01-07T21:26:40.928Z,0.8,3,79.1,70.9,85.8,155,0.470,0.860
2026-01-07T21:26:40.928Z,0.9,2,75.7,70.9,80.5,145,0.460,0.900
2026-01-07T21:27:40.929Z,0.8,3,79.1,70.9,85.8,155,0.470,0.860
2026-01-07T21:27:40.929Z,0.9,2,75.7,70.9,80.5,145,0.460,0.900
2026-01-07T21:28:40.929Z,0.8,3,79.1,70.9,85.8,155,0.470,0.860
2026-01-07T21:28:40.929Z,0.9,2,75.7,70.9,80.5,145,0.460,0.900
2026-01-07T21:29:40.929Z,0.8,3,79.1,70.9,85.8,155,0.470,0.860
2026-01-07T21:29:40.929Z,0.9,2,75.7,70.9,80.5,145,0.460,0.900
2026-01-07T21:30:40.930Z,0.8,3,79.1,70.9,85.8,155,0.470,0.860
2026-01-07T21:30:40.930Z,0.9,2,75.7,70.9,80.5,145,0.460,0.900
2026-01-07T21:31:40.931Z,0.8,3,79.1,70.9,85.8,155,0.470,0.860
2026-01-07T21:31:40.931Z,0.9,2,75.7,70.9,80.5,145,0.460,0.900
2026-01-07T21:32:40.933Z,0.8,3,79.1,70.9,85.8,155,0.470,0.860
2026-01-07T21:32:40.933Z,0.9,2,75.7,70.9,80.5,145,0.460,0.900
2026-01-07T21:33:40.934Z,0.8,3,79.1,70.9,85.8,155,0.470,0.860
2026-01-07T21:33:40.934Z,0.9,2,75.7,70.9,80.5,145,0.460,0.900
2026-01-07T21:34:40.934Z,0.8,3,79.1,70.9,85.8,155,0.470,0.860
2026-01-07T21:34:40.934Z,0.9,2,75.7,70.9,80.5,145,0.460,0.900
2026-01-07T21:35:40.935Z,0.8,3,79.1,70.9,85.8,155,0.470,0.860
2026-01-07T21:35:40.935Z,0.9,2,75.7,70.9,80.5,145,0.460,0.900
2026-01-07T21:36:40.935Z,0.8,3,79.1,70.9,85.8,155,0.470,0.860
2026-01-07T21:36:40.935Z,0.9,2,75.7,70.9,80.5,145,0.460,0.900
2026-01-07T21:37:40.937Z,0.8,3,79.1,70.9,85.8,155,0.470,0.860
2026-01-07T21:37:40.937Z,0.9,2,75.7,70.9,80.5,145,0.460,0.900
2026-01-07T21:38:40.939Z,0.8,3,79.1,70.9,85.8,155,0.470,0.860
2026-01-07T21:38:40.939Z,0.9,2,75.7,70.9,80.5,145,0.460,0.900
2026-01-07T21:39:40.941Z,0.8,3,79.1,70.9,85.8,155,0.470,0.860
2026-01-07T21:39:40.941Z,0.9,2,75.7,70.9,80.5,145,0.460,0.900
2026-01-07T21:40:40.943Z,0.8,3,79.1,70.9,85.8,155,0.470,0.860
2026-01-07T21:40:40.943Z,0.9,2,75.7,70.9,80.5,145,0.460,0.900
2026-01-07T21:41:40.943Z,0.8,3,79.1,70.9,85.8,155,0.470,0.860
2026-01-07T21:41:40.943Z,0.9,2,75.7,70.9,80.5,145,0.460,0.900
2026-01-07T21:42:40.944Z,0.8,3,79.1,70.9,85.8,155,0.470,0.860
2026-01-07T21:42:40.944Z,0.9,2,75.7,70.9,80.5,145,0.460,0.900
2026-01-07T21:43:40.945Z,0.8,3,79.1,70.9,85.8,155,0.470,0.860
2026-01-07T21:43:40.945Z,0.9,2,75.7,70.9,80.5,145,0.460,0.900
2026-01-07T21:44:40.948Z,0.8,7,72.7,48.5,86.1,92,0.464,0.847
2026-01-07T21:44:40.948Z,0.9,3,78.4,70.9,83.7,107,0.450,0.903
2026-01-07T21:45:40.949Z,0.8,7,72.7,48.5,86.1,92,0.464,0.847
2026-01-07T21:45:40.949Z,0.9,3,78.4,70.9,83.7,107,0.450,0.903
2026-01-07T21:46:40.949Z,0.8,7,72.7,48.5,86.1,92,0.464,0.847
2026-01-07T21:46:40.949Z,0.9,3,78.4,70.9,83.7,107,0.450,0.903
2026-01-07T21:47:40.950Z,0.8,7,72.7,48.5,86.1,92,0.464,0.847
2026-01-07T21:47:40.950Z,0.9,3,78.4,70.9,83.7,107,0.450,0.903
2026-01-07T21:48:40.953Z,0.8,7,72.7,48.5,86.1,92,0.464,0.847
2026-01-07T21:48:40.953Z,0.9,3,78.4,70.9,83.7,107,0.450,0.903
2026-01-07T21:49:40.954Z,0.8,7,72.7,48.5,86.1,92,0.464,0.847
2026-01-07T21:49:40.954Z,0.9,3,78.4,70.9,83.7,107,0.450,0.903
2026-01-07T21:50:40.955Z,0.8,7,72.7,48.5,86.1,92,0.464,0.847
2026-01-07T21:50:40.955Z,0.9,3,78.4,70.9,83.7,107,0.450,0.903
2026-01-07T21:51:40.956Z,0.8,7,72.7,48.5,86.1,92,0.464,0.847
2026-01-07T21:51:40.956Z,0.9,3,78.4,70.9,83.7,107,0.450,0.903
2026-01-07T21:52:40.957Z,0.8,7,72.7,48.5,86.1,92,0.464,0.847
2026-01-07T21:52:40.957Z,0.9,3,78.4,70.9,83.7,107,0.450,0.903
2026-01-07T21:53:40.959Z,0.8,7,72.7,48.5,86.1,92,0.464,0.847
2026-01-07T21:53:40.959Z,0.9,3,78.4,70.9,83.7,107,0.450,0.903
2026-01-07T21:54:40.959Z,0.8,7,72.7,48.5,86.1,92,0.464,0.847
2026-01-07T21:54:40.959Z,0.9,3,78.4,70.9,83.7,107,0.450,0.903
2026-01-07T21:55:40.959Z,0.8,7,72.7,48.5,86.1,92,0.464,0.847
2026-01-07T21:55:40.959Z,0.9,3,78.4,70.9,83.7,107,0.450,0.903
2026-01-07T21:56:40.961Z,0.8,7,72.7,48.5,86.1,92,0.464,0.847
2026-01-07T21:56:40.961Z,0.9,3,78.4,70.9,83.7,107,0.450,0.903
2026-01-07T21:57:40.962Z,0.8,7,72.7,48.5,86.1,92,0.464,0.847
2026-01-07T21:57:40.962Z,0.9,3,78.4,70.9,83.7,107,0.450,0.903
2026-01-07T21:58:40.962Z,0.8,12,65.3,43.7,86.1,96,0.460,0.855
2026-01-07T21:58:40.962Z,0.9,6,69.4,55.1,83.7,100,0.443,0.910
2026-01-07T21:59:40.964Z,0.8,13,65.7,43.7,86.1,94,0.455,0.861
2026-01-07T21:59:40.964Z,0.9,7,69.7,55.1,83.7,97,0.437,0.913
2026-01-07T21:59:40.964Z,0.95,1,74.6,74.6,74.6,71,0.390,0.950
2026-01-07T22:00:40.965Z,0.8,17,51.7,0.2,86.1,74,0.456,0.864
2026-01-07T22:00:40.965Z,0.9,10,51.0,0.8,83.7,70,0.440,0.921
2026-01-07T22:00:40.965Z,0.95,4,21.6,0.8,74.6,21,0.430,0.965
2026-01-07T22:01:40.965Z,0.8,19,55.2,0.2,88.0,155,0.459,0.857
2026-01-07T22:01:40.965Z,0.9,10,51.0,0.8,83.7,70,0.440,0.921
2026-01-07T22:01:40.965Z,0.95,4,21.6,0.8,74.6,21,0.430,0.965
2026-01-07T22:02:40.967Z,0.8,19,55.2,0.2,88.0,155,0.459,0.857
2026-01-07T22:02:40.967Z,0.9,10,51.0,0.8,83.7,70,0.440,0.921
2026-01-07T22:02:40.967Z,0.95,4,21.6,0.8,74.6,21,0.430,0.965
2026-01-07T22:03:40.969Z,0.8,19,55.2,0.2,88.0,155,0.459,0.857
2026-01-07T22:03:40.969Z,0.9,10,51.0,0.8,83.7,70,0.440,0.921
2026-01-07T22:03:40.969Z,0.95,4,21.6,0.8,74.6,21,0.430,0.965
2026-01-07T22:04:40.971Z,0.8,19,55.2,0.2,88.0,155,0.459,0.857
2026-01-07T22:04:40.971Z,0.9,10,51.0,0.8,83.7,70,0.440,0.921
2026-01-07T22:04:40.971Z,0.95,4,21.6,0.8,74.6,21,0.430,0.965
2026-01-07T22:05:40.971Z,0.8,19,55.2,0.2,88.0,155,0.459,0.857
2026-01-07T22:05:40.971Z,0.9,10,51.0,0.8,83.7,70,0.440,0.921
2026-01-07T22:05:40.971Z,0.95,4,21.6,0.8,74.6,21,0.430,0.965
2026-01-07T22:06:40.971Z,0.8,19,55.2,0.2,88.0,155,0.459,0.857
2026-01-07T22:06:40.971Z,0.9,10,51.0,0.8,83.7,70,0.440,0.921
2026-01-07T22:06:40.971Z,0.95,4,21.6,0.8,74.6,21,0.430,0.965
2026-01-07T22:07:40.972Z,0.8,19,55.2,0.2,88.0,155,0.459,0.857
2026-01-07T22:07:40.972Z,0.9,10,51.0,0.8,83.7,70,0.440,0.921
2026-01-07T22:07:40.972Z,0.95,4,21.6,0.8,74.6,21,0.430,0.965
2026-01-07T22:08:40.974Z,0.8,19,55.2,0.2,88.0,155,0.459,0.857
2026-01-07T22:08:40.974Z,0.9,10,51.0,0.8,83.7,70,0.440,0.921
2026-01-07T22:08:40.974Z,0.95,4,21.6,0.8,74.6,21,0.430,0.965
2026-01-07T22:09:40.976Z,0.8,19,55.2,0.2,88.0,155,0.459,0.857
2026-01-07T22:09:40.976Z,0.9,10,51.0,0.8,83.7,70,0.440,0.921
2026-01-07T22:09:40.976Z,0.95,4,21.6,0.8,74.6,21,0.430,0.965
2026-01-07T22:10:40.975Z,0.8,19,55.2,0.2,88.0,155,0.459,0.857
2026-01-07T22:10:40.975Z,0.9,10,51.0,0.8,83.7,70,0.440,0.921
2026-01-07T22:10:40.975Z,0.95,4,21.6,0.8,74.6,21,0.430,0.965
2026-01-07T22:11:40.975Z,0.8,19,55.2,0.2,88.0,155,0.459,0.857
2026-01-07T22:11:40.975Z,0.9,10,51.0,0.8,83.7,70,0.440,0.921
2026-01-07T22:11:40.975Z,0.95,4,21.6,0.8,74.6,21,0.430,0.965
2026-01-07T22:12:40.977Z,0.8,19,55.2,0.2,88.0,155,0.459,0.857
2026-01-07T22:12:40.977Z,0.9,10,51.0,0.8,83.7,70,0.440,0.921
2026-01-07T22:12:40.977Z,0.95,4,21.6,0.8,74.6,21,0.430,0.965
2026-01-07T22:13:40.978Z,0.8,19,55.2,0.2,88.0,155,0.459,0.857
2026-01-07T22:13:40.978Z,0.9,10,51.0,0.8,83.7,70,0.440,0.921
2026-01-07T22:13:40.978Z,0.95,4,21.6,0.8,74.6,21,0.430,0.965
2026-01-07T22:14:40.979Z,0.8,19,55.2,0.2,88.0,155,0.459,0.857
2026-01-07T22:14:40.979Z,0.9,10,51.0,0.8,83.7,70,0.440,0.921
2026-01-07T22:14:40.979Z,0.95,4,21.6,0.8,74.6,21,0.430,0.965
2026-01-07T22:15:40.981Z,0.8,19,55.2,0.2,88.0,155,0.459,0.857
2026-01-07T22:15:40.981Z,0.9,10,51.0,0.8,83.7,70,0.440,0.921
2026-01-07T22:15:40.981Z,0.95,4,21.6,0.8,74.6,21,0.430,0.965
2026-01-07T22:16:40.982Z,0.8,19,55.2,0.2,88.0,155,0.459,0.857
2026-01-07T22:16:40.982Z,0.9,10,51.0,0.8,83.7,70,0.440,0.921
2026-01-07T22:16:40.982Z,0.95,4,21.6,0.8,74.6,21,0.430,0.965
2026-01-07T22:17:40.984Z,0.8,19,55.2,0.2,88.0,155,0.459,0.857
2026-01-07T22:17:40.984Z,0.9,10,51.0,0.8,83.7,70,0.440,0.921
2026-01-07T22:17:40.984Z,0.95,4,21.6,0.8,74.6,21,0.430,0.965
2026-01-07T22:18:40.986Z,0.8,19,55.2,0.2,88.0,155,0.459,0.857
2026-01-07T22:18:40.986Z,0.9,10,51.0,0.8,83.7,70,0.440,0.921
2026-01-07T22:18:40.986Z,0.95,4,21.6,0.8,74.6,21,0.430,0.965
2026-01-07T22:19:40.988Z,0.8,19,55.2,0.2,88.0,155,0.459,0.857
2026-01-07T22:19:40.988Z,0.9,10,51.0,0.8,83.7,70,0.440,0.921
2026-01-07T22:19:40.988Z,0.95,4,21.6,0.8,74.6,21,0.430,0.965
2026-01-07T22:20:40.986Z,0.8,19,55.2,0.2,88.0,155,0.459,0.857
2026-01-07T22:20:40.986Z,0.9,10,51.0,0.8,83.7,70,0.440,0.921
2026-01-07T22:20:40.986Z,0.95,4,21.6,0.8,74.6,21,0.430,0.965
2026-01-07T22:21:40.988Z,0.8,19,55.2,0.2,88.0,155,0.459,0.857
2026-01-07T22:21:40.988Z,0.9,10,51.0,0.8,83.7,70,0.440,0.921
2026-01-07T22:21:40.988Z,0.95,4,21.6,0.8,74.6,21,0.430,0.965
2026-01-07T22:22:40.988Z,0.8,19,55.2,0.2,88.0,155,0.459,0.857
2026-01-07T22:22:40.988Z,0.9,10,51.0,0.8,83.7,70,0.440,0.921
2026-01-07T22:22:40.988Z,0.95,4,21.6,0.8,74.6,21,0.430,0.965
2026-01-07T22:23:40.988Z,0.8,19,55.2,0.2,88.0,155,0.459,0.857
2026-01-07T22:23:40.988Z,0.9,10,51.0,0.8,83.7,70,0.440,0.921
2026-01-07T22:23:40.988Z,0.95,4,21.6,0.8,74.6,21,0.430,0.965
2026-01-07T22:24:40.991Z,0.8,19,55.2,0.2,88.0,155,0.459,0.857
2026-01-07T22:24:40.991Z,0.9,10,51.0,0.8,83.7,70,0.440,0.921
2026-01-07T22:24:40.991Z,0.95,4,21.6,0.8,74.6,21,0.430,0.965
2026-01-07T22:25:40.992Z,0.8,19,55.2,0.2,88.0,155,0.459,0.857
2026-01-07T22:25:40.992Z,0.9,10,51.0,0.8,83.7,70,0.440,0.921
2026-01-07T22:25:40.992Z,0.95,4,21.6,0.8,74.6,21,0.430,0.965
2026-01-07T22:26:40.995Z,0.8,19,55.2,0.2,88.0,155,0.459,0.857
2026-01-07T22:26:40.995Z,0.9,10,51.0,0.8,83.7,70,0.440,0.921
2026-01-07T22:26:40.995Z,0.95,4,21.6,0.8,74.6,21,0.430,0.965
2026-01-07T22:27:40.995Z,0.8,19,55.2,0.2,88.0,155,0.459,0.857
2026-01-07T22:27:40.995Z,0.9,10,51.0,0.8,83.7,70,0.440,0.921
2026-01-07T22:27:40.995Z,0.95,4,21.6,0.8,74.6,21,0.430,0.965
2026-01-07T22:28:40.997Z,0.8,20,55.4,0.2,88.0,154,0.461,0.855
2026-01-07T22:28:40.997Z,0.9,10,51.0,0.8,83.7,70,0.440,0.921
2026-01-07T22:28:40.997Z,0.95,4,21.6,0.8,74.6,21,0.430,0.965
2026-01-07T22:29:41.000Z,0.8,20,55.4,0.2,88.0,154,0.461,0.855
2026-01-07T22:29:41.000Z,0.9,10,51.0,0.8,83.7,70,0.440,0.921
2026-01-07T22:29:41.000Z,0.95,4,21.6,0.8,74.6,21,0.430,0.965
2026-01-07T22:30:41.002Z,0.8,20,55.4,0.2,88.0,154,0.461,0.855
2026-01-07T22:30:41.002Z,0.9,10,51.0,0.8,83.7,70,0.440,0.921
2026-01-07T22:30:41.002Z,0.95,4,21.6,0.8,74.6,21,0.430,0.965
2026-01-07T22:31:41.002Z,0.8,23,58.6,0.2,88.0,243,0.464,0.850
2026-01-07T22:31:41.002Z,0.9,10,51.0,0.8,83.7,70,0.440,0.921
2026-01-07T22:31:41.002Z,0.95,4,21.6,0.8,74.6,21,0.430,0.965
2026-01-07T22:32:41.003Z,0.8,23,58.6,0.2,88.0,243,0.464,0.850
2026-01-07T22:32:41.003Z,0.9,10,51.0,0.8,83.7,70,0.440,0.921
2026-01-07T22:32:41.003Z,0.95,4,21.6,0.8,74.6,21,0.430,0.965
2026-01-07T22:33:41.004Z,0.8,23,58.6,0.2,88.0,243,0.464,0.850
2026-01-07T22:33:41.004Z,0.9,10,51.0,0.8,83.7,70,0.440,0.921
2026-01-07T22:33:41.004Z,0.95,4,21.6,0.8,74.6,21,0.430,0.965
2026-01-07T22:34:41.015Z,0.8,23,58.6,0.2,88.0,243,0.464,0.850
2026-01-07T22:34:41.015Z,0.9,10,51.0,0.8,83.7,70,0.440,0.921
2026-01-07T22:34:41.015Z,0.95,4,21.6,0.8,74.6,21,0.430,0.965
2026-01-07T22:35:41.005Z,0.8,23,58.6,0.2,88.0,243,0.464,0.850
2026-01-07T22:35:41.005Z,0.9,10,51.0,0.8,83.7,70,0.440,0.921
2026-01-07T22:35:41.005Z,0.95,4,21.6,0.8,74.6,21,0.430,0.965
2026-01-07T22:36:41.005Z,0.8,23,58.6,0.2,88.0,243,0.464,0.850
2026-01-07T22:36:41.005Z,0.9,10,51.0,0.8,83.7,70,0.440,0.921
2026-01-07T22:36:41.005Z,0.95,4,21.6,0.8,74.6,21,0.430,0.965
2026-01-07T22:37:41.005Z,0.8,23,58.6,0.2,88.0,243,0.464,0.850
2026-01-07T22:37:41.005Z,0.9,10,51.0,0.8,83.7,70,0.440,0.921
2026-01-07T22:37:41.005Z,0.95,4,21.6,0.8,74.6,21,0.430,0.965
2026-01-07T22:38:41.006Z,0.8,23,58.6,0.2,88.0,243,0.464,0.850
2026-01-07T22:38:41.006Z,0.9,10,51.0,0.8,83.7,70,0.440,0.921
2026-01-07T22:38:41.006Z,0.95,4,21.6,0.8,74.6,21,0.430,0.965
2026-01-07T22:39:41.006Z,0.8,23,58.6,0.2,88.0,243,0.464,0.850
2026-01-07T22:39:41.006Z,0.9,10,51.0,0.8,83.7,70,0.440,0.921
2026-01-07T22:39:41.006Z,0.95,4,21.6,0.8,74.6,21,0.430,0.965
2026-01-07T22:40:41.007Z,0.8,23,58.6,0.2,88.0,243,0.464,0.850
2026-01-07T22:40:41.007Z,0.9,10,51.0,0.8,83.7,70,0.440,0.921
2026-01-07T22:40:41.007Z,0.95,4,21.6,0.8,74.6,21,0.430,0.965
2026-01-07T22:41:41.006Z,0.8,23,58.6,0.2,88.0,243,0.464,0.850
2026-01-07T22:41:41.006Z,0.9,10,51.0,0.8,83.7,70,0.440,0.921
2026-01-07T22:41:41.006Z,0.95,4,21.6,0.8,74.6,21,0.430,0.965
2026-01-07T22:42:41.006Z,0.8,23,58.6,0.2,88.0,243,0.464,0.850
2026-01-07T22:42:41.006Z,0.9,10,51.0,0.8,83.7,70,0.440,0.921
2026-01-07T22:42:41.006Z,0.95,4,21.6,0.8,74.6,21,0.430,0.965
2026-01-07T22:43:41.006Z,0.8,23,58.6,0.2,88.0,243,0.464,0.850
2026-01-07T22:43:41.006Z,0.9,10,51.0,0.8,83.7,70,0.440,0.921
2026-01-07T22:43:41.006Z,0.95,4,21.6,0.8,74.6,21,0.430,0.965
2026-01-07T22:44:41.006Z,0.8,23,58.6,0.2,88.0,243,0.464,0.850
2026-01-07T22:44:41.006Z,0.9,10,51.0,0.8,83.7,70,0.440,0.921
2026-01-07T22:44:41.006Z,0.95,4,21.6,0.8,74.6,21,0.430,0.965
2026-01-07T22:45:41.008Z,0.8,23,58.6,0.2,88.0,243,0.464,0.850
2026-01-07T22:45:41.008Z,0.9,10,51.0,0.8,83.7,70,0.440,0.921
2026-01-07T22:45:41.008Z,0.95,4,21.6,0.8,74.6,21,0.430,0.965
2026-01-07T22:46:41.008Z,0.8,23,58.6,0.2,88.0,243,0.464,0.850
2026-01-07T22:46:41.008Z,0.9,10,51.0,0.8,83.7,70,0.440,0.921
2026-01-07T22:46:41.008Z,0.95,4,21.6,0.8,74.6,21,0.430,0.965
2026-01-07T22:47:41.009Z,0.8,23,58.6,0.2,88.0,243,0.464,0.850
2026-01-07T22:47:41.009Z,0.9,10,51.0,0.8,83.7,70,0.440,0.921
2026-01-07T22:47:41.009Z,0.95,4,21.6,0.8,74.6,21,0.430,0.965
2026-01-07T22:48:41.011Z,0.8,23,58.6,0.2,88.0,243,0.464,0.850
2026-01-07T22:48:41.011Z,0.9,10,51.0,0.8,83.7,70,0.440,0.921
2026-01-07T22:48:41.011Z,0.95,4,21.6,0.8,74.6,21,0.430,0.965
2026-01-07T22:49:41.011Z,0.8,23,58.6,0.2,88.0,243,0.464,0.850
2026-01-07T22:49:41.011Z,0.9,10,51.0,0.8,83.7,70,0.440,0.921
2026-01-07T22:49:41.011Z,0.95,4,21.6,0.8,74.6,21,0.430,0.965
2026-01-07T22:50:41.011Z,0.8,25,55.7,0.2,88.0,268,0.464,0.846
2026-01-07T22:50:41.011Z,0.9,10,51.0,0.8,83.7,70,0.440,0.921
2026-01-07T22:50:41.011Z,0.95,4,21.6,0.8,74.6,21,0.430,0.965
2026-01-07T22:51:41.013Z,0.8,25,55.7,0.2,88.0,268,0.464,0.846
2026-01-07T22:51:41.013Z,0.9,10,51.0,0.8,83.7,70,0.440,0.921
2026-01-07T22:51:41.013Z,0.95,4,21.6,0.8,74.6,21,0.430,0.965
2026-01-07T22:52:41.013Z,0.8,25,55.7,0.2,88.0,268,0.464,0.846
2026-01-07T22:52:41.013Z,0.9,10,51.0,0.8,83.7,70,0.440,0.921
2026-01-07T22:52:41.013Z,0.95,4,21.6,0.8,74.6,21,0.430,0.965
2026-01-07T22:53:41.013Z,0.8,25,55.7,0.2,88.0,268,0.464,0.846
2026-01-07T22:53:41.013Z,0.9,10,51.0,0.8,83.7,70,0.440,0.921
2026-01-07T22:53:41.013Z,0.95,4,21.6,0.8,74.6,21,0.430,0.965
2026-01-07T22:54:41.015Z,0.8,25,55.7,0.2,88.0,268,0.464,0.846
2026-01-07T22:54:41.015Z,0.9,10,51.0,0.8,83.7,70,0.440,0.921
2026-01-07T22:54:41.015Z,0.95,4,21.6,0.8,74.6,21,0.430,0.965
2026-01-07T22:55:41.017Z,0.8,25,55.7,0.2,88.0,268,0.464,0.846
2026-01-07T22:55:41.017Z,0.9,10,51.0,0.8,83.7,70,0.440,0.921
2026-01-07T22:55:41.017Z,0.95,4,21.6,0.8,74.6,21,0.430,0.965
2026-01-07T22:56:41.017Z,0.8,25,55.7,0.2,88.0,268,0.464,0.846
2026-01-07T22:56:41.017Z,0.9,10,51.0,0.8,83.7,70,0.440,0.921
2026-01-07T22:56:41.017Z,0.95,4,21.6,0.8,74.6,21,0.430,0.965
2026-01-07T22:57:41.019Z,0.8,25,55.7,0.2,88.0,268,0.464,0.846
2026-01-07T22:57:41.019Z,0.9,10,51.0,0.8,83.7,70,0.440,0.921
2026-01-07T22:57:41.019Z,0.95,4,21.6,0.8,74.6,21,0.430,0.965
2026-01-07T22:58:41.019Z,0.8,25,55.7,0.2,88.0,268,0.464,0.846
2026-01-07T22:58:41.019Z,0.9,10,51.0,0.8,83.7,70,0.440,0.921
2026-01-07T22:58:41.019Z,0.95,4,21.6,0.8,74.6,21,0.430,0.965
2026-01-07T22:59:41.021Z,0.8,25,55.7,0.2,88.0,268,0.464,0.846
2026-01-07T22:59:41.021Z,0.9,10,51.0,0.8,83.7,70,0.440,0.921
2026-01-07T22:59:41.021Z,0.95,4,21.6,0.8,74.6,21,0.430,0.965
2026-01-07T23:00:41.024Z,0.8,25,55.7,0.2,88.0,268,0.464,0.846
2026-01-07T23:00:41.024Z,0.9,10,51.0,0.8,83.7,70,0.440,0.921
2026-01-07T23:00:41.024Z,0.95,4,21.6,0.8,74.6,21,0.430,0.965
2026-01-07T23:01:41.025Z,0.8,25,55.7,0.2,88.0,268,0.464,0.846
2026-01-07T23:01:41.025Z,0.9,10,51.0,0.8,83.7,70,0.440,0.921
2026-01-07T23:01:41.025Z,0.95,4,21.6,0.8,74.6,21,0.430,0.965
2026-01-07T23:02:41.027Z,0.8,25,55.7,0.2,88.0,268,0.464,0.846
2026-01-07T23:02:41.027Z,0.9,10,51.0,0.8,83.7,70,0.440,0.921
2026-01-07T23:02:41.027Z,0.95,4,21.6,0.8,74.6,21,0.430,0.965
2026-01-07T23:03:41.027Z,0.8,25,55.7,0.2,88.0,268,0.464,0.846
2026-01-07T23:03:41.027Z,0.9,10,51.0,0.8,83.7,70,0.440,0.921
2026-01-07T23:03:41.027Z,0.95,4,21.6,0.8,74.6,21,0.430,0.965
2026-01-07T23:04:41.027Z,0.8,25,55.7,0.2,88.0,268,0.464,0.846
2026-01-07T23:04:41.027Z,0.9,10,51.0,0.8,83.7,70,0.440,0.921
2026-01-07T23:04:41.027Z,0.95,4,21.6,0.8,74.6,21,0.430,0.965
2026-01-07T23:05:41.028Z,0.8,25,55.7,0.2,88.0,268,0.464,0.846
2026-01-07T23:05:41.028Z,0.9,10,51.0,0.8,83.7,70,0.440,0.921
2026-01-07T23:05:41.028Z,0.95,4,21.6,0.8,74.6,21,0.430,0.965
2026-01-07T23:06:41.029Z,0.8,25,55.7,0.2,88.0,268,0.464,0.846
2026-01-07T23:06:41.029Z,0.9,10,51.0,0.8,83.7,70,0.440,0.921
2026-01-07T23:06:41.029Z,0.95,4,21.6,0.8,74.6,21,0.430,0.965
2026-01-07T23:07:41.031Z,0.8,25,55.7,0.2,88.0,268,0.464,0.846
2026-01-07T23:07:41.031Z,0.9,10,51.0,0.8,83.7,70,0.440,0.921
2026-01-07T23:07:41.031Z,0.95,4,21.6,0.8,74.6,21,0.430,0.965
2026-01-07T23:08:41.035Z,0.8,25,55.7,0.2,88.0,268,0.464,0.846
2026-01-07T23:08:41.035Z,0.9,10,51.0,0.8,83.7,70,0.440,0.921
2026-01-07T23:08:41.035Z,0.95,4,21.6,0.8,74.6,21,0.430,0.965
2026-01-07T23:09:41.036Z,0.8,25,55.7,0.2,88.0,268,0.464,0.846
2026-01-07T23:09:41.036Z,0.9,10,51.0,0.8,83.7,70,0.440,0.921
2026-01-07T23:09:41.036Z,0.95,4,21.6,0.8,74.6,21,0.430,0.965
2026-01-07T23:10:41.037Z,0.8,25,55.7,0.2,88.0,268,0.464,0.846
2026-01-07T23:10:41.037Z,0.9,10,51.0,0.8,83.7,70,0.440,0.921
2026-01-07T23:10:41.037Z,0.95,4,21.6,0.8,74.6,21,0.430,0.965
2026-01-07T23:11:41.039Z,0.8,25,55.7,0.2,88.0,268,0.464,0.846
2026-01-07T23:11:41.039Z,0.9,10,51.0,0.8,83.7,70,0.440,0.921
2026-01-07T23:11:41.039Z,0.95,4,21.6,0.8,74.6,21,0.430,0.965
2026-01-07T23:12:41.040Z,0.8,25,55.7,0.2,88.0,268,0.464,0.846
2026-01-07T23:12:41.040Z,0.9,10,51.0,0.8,83.7,70,0.440,0.921
2026-01-07T23:12:41.040Z,0.95,4,21.6,0.8,74.6,21,0.430,0.965
2026-01-07T23:13:41.042Z,0.8,25,55.7,0.2,88.0,268,0.464,0.846
2026-01-07T23:13:41.042Z,0.9,10,51.0,0.8,83.7,70,0.440,0.921
2026-01-07T23:13:41.042Z,0.95,4,21.6,0.8,74.6,21,0.430,0.965
2026-01-07T23:14:41.042Z,0.8,25,55.7,0.2,88.0,268,0.464,0.846
2026-01-07T23:14:41.042Z,0.9,11,51.2,0.8,83.7,65,0.445,0.919
2026-01-07T23:14:41.042Z,0.95,4,21.6,0.8,74.6,21,0.430,0.965
2026-01-07T23:15:41.043Z,0.8,28,56.4,0.2,88.0,240,0.445,0.850
2026-01-07T23:15:41.043Z,0.9,15,50.9,0.4,88.5,48,0.404,0.925
2026-01-07T23:15:41.043Z,0.95,6,38.1,0.8,88.5,14,0.358,0.965
2026-01-07T23:16:41.044Z,0.8,28,56.4,0.2,88.0,240,0.445,0.850
2026-01-07T23:16:41.044Z,0.9,15,50.9,0.4,88.5,48,0.404,0.925
2026-01-07T23:16:41.044Z,0.95,6,38.1,0.8,88.5,14,0.358,0.965
2026-01-07T23:17:41.044Z,0.8,28,56.4,0.2,88.0,240,0.445,0.850
2026-01-07T23:17:41.044Z,0.9,15,50.9,0.4,88.5,48,0.404,0.925
2026-01-07T23:17:41.044Z,0.95,6,38.1,0.8,88.5,14,0.358,0.965
2026-01-07T23:18:41.044Z,0.8,28,56.4,0.2,88.0,240,0.445,0.850
2026-01-07T23:18:41.044Z,0.9,15,50.9,0.4,88.5,48,0.404,0.925
2026-01-07T23:18:41.044Z,0.95,6,38.1,0.8,88.5,14,0.358,0.965
2026-01-07T23:19:41.047Z,0.8,28,56.4,0.2,88.0,240,0.445,0.850
2026-01-07T23:19:41.047Z,0.9,15,50.9,0.4,88.5,48,0.404,0.925
2026-01-07T23:19:41.047Z,0.95,6,38.1,0.8,88.5,14,0.358,0.965
2026-01-07T23:20:41.047Z,0.8,28,56.4,0.2,88.0,240,0.445,0.850
2026-01-07T23:20:41.047Z,0.9,15,50.9,0.4,88.5,48,0.404,0.925
2026-01-07T23:20:41.047Z,0.95,6,38.1,0.8,88.5,14,0.358,0.965
2026-01-07T23:21:41.047Z,0.8,28,56.4,0.2,88.0,240,0.445,0.850
2026-01-07T23:21:41.047Z,0.9,15,50.9,0.4,88.5,48,0.404,0.925
2026-01-07T23:21:41.047Z,0.95,6,38.1,0.8,88.5,14,0.358,0.965
2026-01-07T23:22:41.046Z,0.8,28,56.4,0.2,88.0,240,0.445,0.850
2026-01-07T23:22:41.046Z,0.9,15,50.9,0.4,88.5,48,0.404,0.925
2026-01-07T23:22:41.046Z,0.95,6,38.1,0.8,88.5,14,0.358,0.965
2026-01-07T23:23:41.048Z,0.8,28,56.4,0.2,88.0,240,0.445,0.850
2026-01-07T23:23:41.048Z,0.9,15,50.9,0.4,88.5,48,0.404,0.925
2026-01-07T23:23:41.048Z,0.95,6,38.1,0.8,88.5,14,0.358,0.965
2026-01-07T23:24:41.049Z,0.8,28,56.4,0.2,88.0,240,0.445,0.850
2026-01-07T23:24:41.049Z,0.9,15,50.9,0.4,88.5,48,0.404,0.925
2026-01-07T23:24:41.049Z,0.95,6,38.1,0.8,88.5,14,0.358,0.965
2026-01-07T23:25:41.052Z,0.8,28,56.4,0.2,88.0,240,0.445,0.850
2026-01-07T23:25:41.052Z,0.9,15,50.9,0.4,88.5,48,0.404,0.925
2026-01-07T23:25:41.052Z,0.95,6,38.1,0.8,88.5,14,0.358,0.965
2026-01-07T23:26:41.051Z,0.8,28,56.4,0.2,88.0,240,0.445,0.850
2026-01-07T23:26:41.051Z,0.9,15,50.9,0.4,88.5,48,0.404,0.925
2026-01-07T23:26:41.051Z,0.95,6,38.1,0.8,88.5,14,0.358,0.965
2026-01-07T23:27:41.051Z,0.8,28,56.4,0.2,88.0,240,0.445,0.850
2026-01-07T23:27:41.051Z,0.9,15,50.9,0.4,88.5,48,0.404,0.925
2026-01-07T23:27:41.051Z,0.95,6,38.1,0.8,88.5,14,0.358,0.965
2026-01-07T23:28:41.051Z,0.8,28,56.4,0.2,88.0,240,0.445,0.850
2026-01-07T23:28:41.051Z,0.9,15,50.9,0.4,88.5,48,0.404,0.925
2026-01-07T23:28:41.051Z,0.95,6,38.1,0.8,88.5,14,0.358,0.965
2026-01-07T23:29:41.053Z,0.8,28,56.4,0.2,88.0,240,0.445,0.850
2026-01-07T23:29:41.053Z,0.9,15,50.9,0.4,88.5,48,0.404,0.925
2026-01-07T23:29:41.053Z,0.95,6,38.1,0.8,88.5,14,0.358,0.965
2026-01-07T23:30:41.052Z,0.8,28,56.4,0.2,88.0,240,0.445,0.850
2026-01-07T23:30:41.052Z,0.9,15,50.9,0.4,88.5,48,0.404,0.925
2026-01-07T23:30:41.052Z,0.95,6,38.1,0.8,88.5,14,0.358,0.965
2026-01-07T23:31:41.054Z,0.8,28,56.4,0.2,88.0,240,0.445,0.850
2026-01-07T23:31:41.054Z,0.9,15,50.9,0.4,88.5,48,0.404,0.925
2026-01-07T23:31:41.054Z,0.95,6,38.1,0.8,88.5,14,0.358,0.965
2026-01-07T23:32:41.056Z,0.8,28,56.4,0.2,88.0,240,0.445,0.850
2026-01-07T23:32:41.056Z,0.9,15,50.9,0.4,88.5,48,0.404,0.925
2026-01-07T23:32:41.056Z,0.95,6,38.1,0.8,88.5,14,0.358,0.965
2026-01-07T23:33:41.057Z,0.8,28,56.4,0.2,88.0,240,0.445,0.850
2026-01-07T23:33:41.057Z,0.9,15,50.9,0.4,88.5,48,0.404,0.925
2026-01-07T23:33:41.057Z,0.95,6,38.1,0.8,88.5,14,0.358,0.965
2026-01-07T23:34:41.057Z,0.8,28,56.4,0.2,88.0,240,0.445,0.850
2026-01-07T23:34:41.057Z,0.9,15,50.9,0.4,88.5,48,0.404,0.925
2026-01-07T23:34:41.057Z,0.95,6,38.1,0.8,88.5,14,0.358,0.965
2026-01-07T23:35:41.058Z,0.8,28,56.4,0.2,88.0,240,0.445,0.850
2026-01-07T23:35:41.058Z,0.9,15,50.9,0.4,88.5,48,0.404,0.925
2026-01-07T23:35:41.058Z,0.95,6,38.1,0.8,88.5,14,0.358,0.965
2026-01-07T23:36:41.059Z,0.8,28,56.4,0.2,88.0,240,0.445,0.850
2026-01-07T23:36:41.059Z,0.9,15,50.9,0.4,88.5,48,0.404,0.925
2026-01-07T23:36:41.059Z,0.95,6,38.1,0.8,88.5,14,0.358,0.965
2026-01-07T23:37:41.060Z,0.8,28,56.4,0.2,88.0,240,0.445,0.850
2026-01-07T23:37:41.060Z,0.9,15,50.9,0.4,88.5,48,0.404,0.925
2026-01-07T23:37:41.060Z,0.95,6,38.1,0.8,88.5,14,0.358,0.965
2026-01-07T23:38:41.061Z,0.8,28,56.4,0.2,88.0,240,0.445,0.850
2026-01-07T23:38:41.061Z,0.9,15,50.9,0.4,88.5,48,0.404,0.925
2026-01-07T23:38:41.061Z,0.95,6,38.1,0.8,88.5,14,0.358,0.965
2026-01-07T23:39:41.063Z,0.8,28,56.4,0.2,88.0,240,0.445,0.850
2026-01-07T23:39:41.063Z,0.9,15,50.9,0.4,88.5,48,0.404,0.925
2026-01-07T23:39:41.063Z,0.95,6,38.1,0.8,88.5,14,0.358,0.965
2026-01-07T23:40:41.064Z,0.8,28,56.4,0.2,88.0,240,0.445,0.850
2026-01-07T23:40:41.064Z,0.9,15,50.9,0.4,88.5,48,0.404,0.925
2026-01-07T23:40:41.064Z,0.95,6,38.1,0.8,88.5,14,0.358,0.965
2026-01-07T23:41:41.065Z,0.8,28,56.4,0.2,88.0,240,0.445,0.850
2026-01-07T23:41:41.065Z,0.9,15,50.9,0.4,88.5,48,0.404,0.925
2026-01-07T23:41:41.065Z,0.95,6,38.1,0.8,88.5,14,0.358,0.965
2026-01-07T23:42:08.537Z,0.8,28,56.4,0.2,88.0,240,0.445,0.850
2026-01-07T23:42:08.537Z,0.9,15,50.9,0.4,88.5,48,0.404,0.925
2026-01-07T23:42:08.537Z,0.95,6,38.1,0.8,88.5,14,0.358,0.965
2026-01-08T00:00:11.904Z,0.8,7,57.5,32.7,85.4,24,0.439,0.964
2026-01-08T00:00:11.904Z,0.9,6,60.0,32.7,85.4,21,0.437,0.978
2026-01-08T00:00:11.904Z,0.95,6,60.1,32.7,86.2,20,0.437,0.983
2026-01-08T00:01:11.904Z,0.8,7,57.5,32.7,85.4,24,0.439,0.964
2026-01-08T00:01:11.904Z,0.9,6,60.0,32.7,85.4,21,0.437,0.978
2026-01-08T00:01:11.904Z,0.95,6,60.1,32.7,86.2,20,0.437,0.983
2026-01-08T00:02:11.905Z,0.8,7,57.5,32.7,85.4,24,0.439,0.964
2026-01-08T00:02:11.905Z,0.9,6,60.0,32.7,85.4,21,0.437,0.978
2026-01-08T00:02:11.905Z,0.95,6,60.1,32.7,86.2,20,0.437,0.983
2026-01-08T00:03:11.904Z,0.8,8,61.3,32.7,88.2,109,0.432,0.944
2026-01-08T00:03:11.904Z,0.9,6,60.0,32.7,85.4,21,0.437,0.978
2026-01-08T00:03:11.904Z,0.95,6,60.1,32.7,86.2,20,0.437,0.983
2026-01-08T00:04:11.905Z,0.8,8,61.3,32.7,88.2,109,0.432,0.944
2026-01-08T00:04:11.905Z,0.9,6,60.0,32.7,85.4,21,0.437,0.978
2026-01-08T00:04:11.905Z,0.95,6,60.1,32.7,86.2,20,0.437,0.983
2026-01-08T00:05:11.907Z,0.8,9,64.2,32.7,88.2,166,0.423,0.928
2026-01-08T00:05:11.907Z,0.9,6,60.0,32.7,85.4,21,0.437,0.978
2026-01-08T00:05:11.907Z,0.95,6,60.1,32.7,86.2,20,0.437,0.983
2026-01-08T00:06:11.907Z,0.8,9,64.2,32.7,88.2,166,0.423,0.928
2026-01-08T00:06:11.907Z,0.9,6,60.0,32.7,85.4,21,0.437,0.978
2026-01-08T00:06:11.907Z,0.95,6,60.1,32.7,86.2,20,0.437,0.983
2026-01-08T00:07:11.907Z,0.8,9,64.2,32.7,88.2,166,0.423,0.928
2026-01-08T00:07:11.907Z,0.9,6,60.0,32.7,85.4,21,0.437,0.978
2026-01-08T00:07:11.907Z,0.95,6,60.1,32.7,86.2,20,0.437,0.983
2026-01-08T00:08:11.907Z,0.8,9,64.2,32.7,88.2,166,0.423,0.928
2026-01-08T00:08:11.907Z,0.9,6,60.0,32.7,85.4,21,0.437,0.978
2026-01-08T00:08:11.907Z,0.95,6,60.1,32.7,86.2,20,0.437,0.983
2026-01-08T00:09:11.907Z,0.8,9,64.2,32.7,88.2,166,0.423,0.928
2026-01-08T00:09:11.907Z,0.9,6,60.0,32.7,85.4,21,0.437,0.978
2026-01-08T00:09:11.907Z,0.95,6,60.1,32.7,86.2,20,0.437,0.983
2026-01-08T00:10:11.909Z,0.8,9,64.2,32.7,88.2,166,0.423,0.928
2026-01-08T00:10:11.909Z,0.9,6,60.0,32.7,85.4,21,0.437,0.978
2026-01-08T00:10:11.909Z,0.95,6,60.1,32.7,86.2,20,0.437,0.983
2026-01-08T00:11:11.910Z,0.8,9,64.2,32.7,88.2,166,0.423,0.928
2026-01-08T00:11:11.910Z,0.9,6,60.0,32.7,85.4,21,0.437,0.978
2026-01-08T00:11:11.910Z,0.95,6,60.1,32.7,86.2,20,0.437,0.983
2026-01-08T00:12:11.910Z,0.8,9,64.2,32.7,88.2,166,0.423,0.928
2026-01-08T00:12:11.910Z,0.9,6,60.0,32.7,85.4,21,0.437,0.978
2026-01-08T00:12:11.910Z,0.95,6,60.1,32.7,86.2,20,0.437,0.983
2026-01-08T00:13:11.911Z,0.8,10,65.0,32.7,88.2,161,0.427,0.915
2026-01-08T00:13:11.911Z,0.9,6,60.0,32.7,85.4,21,0.437,0.978
2026-01-08T00:13:11.911Z,0.95,6,60.1,32.7,86.2,20,0.437,0.983
2026-01-08T00:14:11.911Z,0.8,13,69.2,32.7,88.5,147,0.435,0.913
2026-01-08T00:14:11.911Z,0.9,9,67.3,32.7,87.2,47,0.444,0.956
2026-01-08T00:14:11.911Z,0.95,6,60.1,32.7,86.2,20,0.437,0.983
2026-01-08T00:15:11.912Z,0.8,13,69.2,32.7,88.5,147,0.435,0.913
2026-01-08T00:15:11.912Z,0.9,9,67.3,32.7,87.2,47,0.444,0.956
2026-01-08T00:15:11.912Z,0.95,6,60.1,32.7,86.2,20,0.437,0.983
2026-01-08T00:16:11.914Z,0.8,13,69.2,32.7,88.5,147,0.435,0.913
2026-01-08T00:16:11.914Z,0.9,9,67.3,32.7,87.2,47,0.444,0.956
2026-01-08T00:16:11.914Z,0.95,6,60.1,32.7,86.2,20,0.437,0.983
2026-01-08T00:17:11.916Z,0.8,13,69.2,32.7,88.5,147,0.435,0.913
2026-01-08T00:17:11.916Z,0.9,9,67.3,32.7,87.2,47,0.444,0.956
2026-01-08T00:17:11.916Z,0.95,6,60.1,32.7,86.2,20,0.437,0.983
2026-01-08T00:18:11.916Z,0.8,13,69.2,32.7,88.5,147,0.435,0.913
2026-01-08T00:18:11.916Z,0.9,9,67.3,32.7,87.2,47,0.444,0.956
2026-01-08T00:18:11.916Z,0.95,6,60.1,32.7,86.2,20,0.437,0.983
2026-01-08T00:19:11.916Z,0.8,13,69.2,32.7,88.5,147,0.435,0.913
2026-01-08T00:19:11.916Z,0.9,9,67.3,32.7,87.2,47,0.444,0.956
2026-01-08T00:19:11.916Z,0.95,6,60.1,32.7,86.2,20,0.437,0.983
2026-01-08T00:20:11.917Z,0.8,13,69.2,32.7,88.5,147,0.435,0.913
2026-01-08T00:20:11.917Z,0.9,9,67.3,32.7,87.2,47,0.444,0.956
2026-01-08T00:20:11.917Z,0.95,6,60.1,32.7,86.2,20,0.437,0.983
2026-01-08T00:21:11.917Z,0.8,13,69.2,32.7,88.5,147,0.435,0.913
2026-01-08T00:21:11.917Z,0.9,9,67.3,32.7,87.2,47,0.444,0.956
2026-01-08T00:21:11.917Z,0.95,6,60.1,32.7,86.2,20,0.437,0.983
2026-01-08T00:22:11.918Z,0.8,13,69.2,32.7,88.5,147,0.435,0.913
2026-01-08T00:22:11.918Z,0.9,9,67.3,32.7,87.2,47,0.444,0.956
2026-01-08T00:22:11.918Z,0.95,6,60.1,32.7,86.2,20,0.437,0.983
2026-01-08T00:23:11.918Z,0.8,13,69.2,32.7,88.5,147,0.435,0.913
2026-01-08T00:23:11.918Z,0.9,9,67.3,32.7,87.2,47,0.444,0.956
2026-01-08T00:23:11.918Z,0.95,6,60.1,32.7,86.2,20,0.437,0.983
2026-01-08T00:24:11.919Z,0.8,13,69.2,32.7,88.5,147,0.435,0.913
2026-01-08T00:24:11.919Z,0.9,9,67.3,32.7,87.2,47,0.444,0.956
2026-01-08T00:24:11.919Z,0.95,6,60.1,32.7,86.2,20,0.437,0.983
2026-01-08T00:25:11.919Z,0.8,13,69.2,32.7,88.5,147,0.435,0.913
2026-01-08T00:25:11.919Z,0.9,9,67.3,32.7,87.2,47,0.444,0.956
2026-01-08T00:25:11.919Z,0.95,6,60.1,32.7,86.2,20,0.437,0.983
2026-01-08T00:26:11.919Z,0.8,13,69.2,32.7,88.5,147,0.435,0.913
2026-01-08T00:26:11.919Z,0.9,9,67.3,32.7,87.2,47,0.444,0.956
2026-01-08T00:26:11.919Z,0.95,6,60.1,32.7,86.2,20,0.437,0.983
2026-01-08T00:27:11.919Z,0.8,13,69.2,32.7,88.5,147,0.435,0.913
2026-01-08T00:27:11.919Z,0.9,9,67.3,32.7,87.2,47,0.444,0.956
2026-01-08T00:27:11.919Z,0.95,6,60.1,32.7,86.2,20,0.437,0.983
2026-01-08T00:27:52.025Z,0.8,13,69.2,32.7,88.5,147,0.435,0.913
2026-01-08T00:27:52.025Z,0.9,9,67.3,32.7,87.2,47,0.444,0.956
2026-01-08T00:27:52.025Z,0.95,6,60.1,32.7,86.2,20,0.437,0.983
2026-01-08T00:29:55.739Z,0.8,2,36.2,33.6,38.7,25,0.490,0.885
2026-01-08T00:29:55.739Z,0.9,2,40.0,37.5,42.6,21,0.490,0.935
2026-01-08T00:29:55.739Z,0.95,1,38.7,38.7,38.7,23,0.490,0.950
2026-01-08T00:30:55.739Z,0.8,2,36.2,33.6,38.7,25,0.490,0.885
2026-01-08T00:30:55.739Z,0.9,2,40.0,37.5,42.6,21,0.490,0.935
2026-01-08T00:30:55.739Z,0.95,1,38.7,38.7,38.7,23,0.490,0.950
2026-01-08T00:31:55.739Z,0.8,2,36.2,33.6,38.7,25,0.490,0.885
2026-01-08T00:31:55.739Z,0.9,2,40.0,37.5,42.6,21,0.490,0.935
2026-01-08T00:31:55.739Z,0.95,1,38.7,38.7,38.7,23,0.490,0.950
2026-01-08T00:32:55.739Z,0.8,2,36.2,33.6,38.7,25,0.490,0.885
2026-01-08T00:32:55.739Z,0.9,2,40.0,37.5,42.6,21,0.490,0.935
2026-01-08T00:32:55.739Z,0.95,1,38.7,38.7,38.7,23,0.490,0.950
2026-01-08T00:33:55.740Z,0.8,2,36.2,33.6,38.7,25,0.490,0.885
2026-01-08T00:33:55.740Z,0.9,2,40.0,37.5,42.6,21,0.490,0.935
2026-01-08T00:33:55.740Z,0.95,1,38.7,38.7,38.7,23,0.490,0.950
2026-01-08T00:34:55.741Z,0.8,2,36.2,33.6,38.7,25,0.490,0.885
2026-01-08T00:34:55.741Z,0.9,2,40.0,37.5,42.6,21,0.490,0.935
2026-01-08T00:34:55.741Z,0.95,1,38.7,38.7,38.7,23,0.490,0.950
2026-01-08T00:35:55.741Z,0.8,2,36.2,33.6,38.7,25,0.490,0.885
2026-01-08T00:35:55.741Z,0.9,2,40.0,37.5,42.6,21,0.490,0.935
2026-01-08T00:35:55.741Z,0.95,1,38.7,38.7,38.7,23,0.490,0.950
2026-01-08T00:36:55.742Z,0.8,2,36.2,33.6,38.7,25,0.490,0.885
2026-01-08T00:36:55.742Z,0.9,2,40.0,37.5,42.6,21,0.490,0.935
2026-01-08T00:36:55.742Z,0.95,1,38.7,38.7,38.7,23,0.490,0.950
2026-01-08T00:37:55.742Z,0.8,2,36.2,33.6,38.7,25,0.490,0.885
2026-01-08T00:37:55.742Z,0.9,2,40.0,37.5,42.6,21,0.490,0.935
2026-01-08T00:37:55.742Z,0.95,1,38.7,38.7,38.7,23,0.490,0.950
2026-01-08T00:38:55.743Z,0.8,2,36.2,33.6,38.7,25,0.490,0.885
2026-01-08T00:38:55.743Z,0.9,2,40.0,37.5,42.6,21,0.490,0.935
2026-01-08T00:38:55.743Z,0.95,1,38.7,38.7,38.7,23,0.490,0.950
2026-01-08T00:39:55.744Z,0.8,2,36.2,33.6,38.7,25,0.490,0.885
2026-01-08T00:39:55.744Z,0.9,2,40.0,37.5,42.6,21,0.490,0.935
2026-01-08T00:39:55.744Z,0.95,1,38.7,38.7,38.7,23,0.490,0.950
2026-01-08T00:40:55.745Z,0.8,2,36.2,33.6,38.7,25,0.490,0.885
2026-01-08T00:40:55.745Z,0.9,2,40.0,37.5,42.6,21,0.490,0.935
2026-01-08T00:40:55.745Z,0.95,1,38.7,38.7,38.7,23,0.490,0.950
2026-01-08T00:41:55.745Z,0.8,2,36.2,33.6,38.7,25,0.490,0.885
2026-01-08T00:41:55.745Z,0.9,2,40.0,37.5,42.6,21,0.490,0.935
2026-01-08T00:41:55.745Z,0.95,1,38.7,38.7,38.7,23,0.490,0.950
2026-01-08T00:42:55.745Z,0.8,2,36.2,33.6,38.7,25,0.490,0.885
2026-01-08T00:42:55.745Z,0.9,2,40.0,37.5,42.6,21,0.490,0.935
2026-01-08T00:42:55.745Z,0.95,1,38.7,38.7,38.7,23,0.490,0.950
2026-01-08T00:43:55.745Z,0.8,2,36.2,33.6,38.7,25,0.490,0.885
2026-01-08T00:43:55.745Z,0.9,2,40.0,37.5,42.6,21,0.490,0.935
2026-01-08T00:43:55.745Z,0.95,1,38.7,38.7,38.7,23,0.490,0.950
2026-01-08T00:44:55.745Z,0.8,2,36.2,33.6,38.7,25,0.490,0.885
2026-01-08T00:44:55.745Z,0.9,2,40.0,37.5,42.6,21,0.490,0.935
2026-01-08T00:44:55.745Z,0.95,1,38.7,38.7,38.7,23,0.490,0.950
2026-01-08T00:45:55.745Z,0.8,4,43.7,33.6,55.9,437,0.490,0.850
2026-01-08T00:45:55.745Z,0.9,2,40.0,37.5,42.6,21,0.490,0.935
2026-01-08T00:45:55.745Z,0.95,1,38.7,38.7,38.7,23,0.490,0.950
2026-01-08T00:46:55.745Z,0.8,9,60.1,33.6,84.2,654,0.490,0.843
2026-01-08T00:46:55.745Z,0.9,2,40.0,37.5,42.6,21,0.490,0.935
2026-01-08T00:46:55.745Z,0.95,1,38.7,38.7,38.7,23,0.490,0.950
2026-01-08T00:47:55.745Z,0.8,9,60.1,33.6,84.2,654,0.490,0.843
2026-01-08T00:47:55.745Z,0.9,2,40.0,37.5,42.6,21,0.490,0.935
2026-01-08T00:47:55.745Z,0.95,1,38.7,38.7,38.7,23,0.490,0.950
2026-01-08T00:48:55.745Z,0.8,9,60.1,33.6,84.2,654,0.490,0.843
2026-01-08T00:48:55.745Z,0.9,2,40.0,37.5,42.6,21,0.490,0.935
2026-01-08T00:48:55.745Z,0.95,1,38.7,38.7,38.7,23,0.490,0.950
2026-01-08T00:49:55.745Z,0.8,9,60.1,33.6,84.2,654,0.490,0.843
2026-01-08T00:49:55.745Z,0.9,2,40.0,37.5,42.6,21,0.490,0.935
2026-01-08T00:49:55.745Z,0.95,1,38.7,38.7,38.7,23,0.490,0.950
2026-01-08T00:50:55.747Z,0.8,9,60.1,33.6,84.2,654,0.490,0.843
2026-01-08T00:50:55.747Z,0.9,2,40.0,37.5,42.6,21,0.490,0.935
2026-01-08T00:50:55.747Z,0.95,1,38.7,38.7,38.7,23,0.490,0.950
2026-01-08T00:51:55.745Z,0.8,9,60.1,33.6,84.2,654,0.490,0.843
2026-01-08T00:51:55.745Z,0.9,2,40.0,37.5,42.6,21,0.490,0.935
2026-01-08T00:51:55.745Z,0.95,1,38.7,38.7,38.7,23,0.490,0.950
2026-01-08T00:52:55.746Z,0.8,9,60.1,33.6,84.2,654,0.490,0.843
2026-01-08T00:52:55.746Z,0.9,2,40.0,37.5,42.6,21,0.490,0.935
2026-01-08T00:52:55.746Z,0.95,1,38.7,38.7,38.7,23,0.490,0.950
2026-01-08T00:53:55.746Z,0.8,9,60.1,33.6,84.2,654,0.490,0.843
2026-01-08T00:53:55.746Z,0.9,2,40.0,37.5,42.6,21,0.490,0.935
2026-01-08T00:53:55.746Z,0.95,1,38.7,38.7,38.7,23,0.490,0.950
2026-01-08T00:54:55.746Z,0.8,9,60.1,33.6,84.2,654,0.490,0.843
2026-01-08T00:54:55.746Z,0.9,2,40.0,37.5,42.6,21,0.490,0.935
2026-01-08T00:54:55.746Z,0.95,1,38.7,38.7,38.7,23,0.490,0.950
2026-01-08T00:55:55.746Z,0.8,9,60.1,33.6,84.2,654,0.490,0.843
2026-01-08T00:55:55.746Z,0.9,2,40.0,37.5,42.6,21,0.490,0.935
2026-01-08T00:55:55.746Z,0.95,1,38.7,38.7,38.7,23,0.490,0.950
2026-01-08T00:56:55.746Z,0.8,9,60.1,33.6,84.2,654,0.490,0.843
2026-01-08T00:56:55.746Z,0.9,2,40.0,37.5,42.6,21,0.490,0.935
2026-01-08T00:56:55.746Z,0.95,1,38.7,38.7,38.7,23,0.490,0.950
2026-01-08T00:57:55.746Z,0.8,9,60.1,33.6,84.2,654,0.490,0.843
2026-01-08T00:57:55.746Z,0.9,2,40.0,37.5,42.6,21,0.490,0.935
2026-01-08T00:57:55.746Z,0.95,1,38.7,38.7,38.7,23,0.490,0.950
2026-01-08T00:58:55.747Z,0.8,9,60.1,33.6,84.2,654,0.490,0.843
2026-01-08T00:58:55.747Z,0.9,2,40.0,37.5,42.6,21,0.490,0.935
2026-01-08T00:58:55.747Z,0.95,1,38.7,38.7,38.7,23,0.490,0.950
2026-01-08T00:59:55.747Z,0.8,9,60.1,33.6,84.2,654,0.490,0.843
2026-01-08T00:59:55.747Z,0.9,2,40.0,37.5,42.6,21,0.490,0.935
2026-01-08T00:59:55.747Z,0.95,1,38.7,38.7,38.7,23,0.490,0.950
2026-01-08T01:00:55.748Z,0.8,9,60.1,33.6,84.2,654,0.490,0.843
2026-01-08T01:00:55.748Z,0.9,2,40.0,37.5,42.6,21,0.490,0.935
2026-01-08T01:00:55.748Z,0.95,1,38.7,38.7,38.7,23,0.490,0.950
2026-01-08T01:01:55.749Z,0.8,9,60.1,33.6,84.2,654,0.490,0.843
2026-01-08T01:01:55.749Z,0.9,2,40.0,37.5,42.6,21,0.490,0.935
2026-01-08T01:01:55.749Z,0.95,1,38.7,38.7,38.7,23,0.490,0.950
2026-01-08T01:02:55.749Z,0.8,9,60.1,33.6,84.2,654,0.490,0.843
2026-01-08T01:02:55.749Z,0.9,2,40.0,37.5,42.6,21,0.490,0.935
2026-01-08T01:02:55.749Z,0.95,1,38.7,38.7,38.7,23,0.490,0.950
2026-01-08T01:03:55.749Z,0.8,9,60.1,33.6,84.2,654,0.490,0.843
2026-01-08T01:03:55.749Z,0.9,2,40.0,37.5,42.6,21,0.490,0.935
2026-01-08T01:03:55.749Z,0.95,1,38.7,38.7,38.7,23,0.490,0.950
2026-01-08T01:04:55.750Z,0.8,9,60.1,33.6,84.2,654,0.490,0.843
2026-01-08T01:04:55.750Z,0.9,2,40.0,37.5,42.6,21,0.490,0.935
2026-01-08T01:04:55.750Z,0.95,1,38.7,38.7,38.7,23,0.490,0.950
2026-01-08T01:05:55.751Z,0.8,9,60.1,33.6,84.2,654,0.490,0.843
2026-01-08T01:05:55.751Z,0.9,2,40.0,37.5,42.6,21,0.490,0.935
2026-01-08T01:05:55.751Z,0.95,1,38.7,38.7,38.7,23,0.490,0.950
2026-01-08T01:06:55.751Z,0.8,9,60.1,33.6,84.2,654,0.490,0.843
2026-01-08T01:06:55.751Z,0.9,2,40.0,37.5,42.6,21,0.490,0.935
2026-01-08T01:06:55.751Z,0.95,1,38.7,38.7,38.7,23,0.490,0.950
2026-01-08T01:07:55.751Z,0.8,9,60.1,33.6,84.2,654,0.490,0.843
2026-01-08T01:07:55.751Z,0.9,2,40.0,37.5,42.6,21,0.490,0.935
2026-01-08T01:07:55.751Z,0.95,1,38.7,38.7,38.7,23,0.490,0.950
2026-01-08T01:08:55.753Z,0.8,9,60.1,33.6,84.2,654,0.490,0.843
2026-01-08T01:08:55.753Z,0.9,2,40.0,37.5,42.6,21,0.490,0.935
2026-01-08T01:08:55.753Z,0.95,1,38.7,38.7,38.7,23,0.490,0.950
2026-01-08T01:09:55.753Z,0.8,9,60.1,33.6,84.2,654,0.490,0.843
2026-01-08T01:09:55.753Z,0.9,2,40.0,37.5,42.6,21,0.490,0.935
2026-01-08T01:09:55.753Z,0.95,1,38.7,38.7,38.7,23,0.490,0.950
2026-01-08T01:10:55.755Z,0.8,9,60.1,33.6,84.2,654,0.490,0.843
2026-01-08T01:10:55.755Z,0.9,2,40.0,37.5,42.6,21,0.490,0.935
2026-01-08T01:10:55.755Z,0.95,1,38.7,38.7,38.7,23,0.490,0.950
2026-01-08T01:11:55.755Z,0.8,15,51.8,25.2,84.2,484,0.475,0.826
2026-01-08T01:11:55.755Z,0.9,2,40.0,37.5,42.6,21,0.490,0.935
2026-01-08T01:11:55.755Z,0.95,1,38.7,38.7,38.7,23,0.490,0.950
2026-01-08T01:12:55.757Z,0.8,15,51.8,25.2,84.2,484,0.475,0.826
2026-01-08T01:12:55.757Z,0.9,2,40.0,37.5,42.6,21,0.490,0.935
2026-01-08T01:12:55.757Z,0.95,1,38.7,38.7,38.7,23,0.490,0.950
2026-01-08T01:13:55.757Z,0.8,15,51.8,25.2,84.2,484,0.475,0.826
2026-01-08T01:13:55.757Z,0.9,2,40.0,37.5,42.6,21,0.490,0.935
2026-01-08T01:13:55.757Z,0.95,1,38.7,38.7,38.7,23,0.490,0.950
2026-01-08T01:14:55.757Z,0.8,15,51.8,25.2,84.2,484,0.475,0.826
2026-01-08T01:14:55.757Z,0.9,2,40.0,37.5,42.6,21,0.490,0.935
2026-01-08T01:14:55.757Z,0.95,1,38.7,38.7,38.7,23,0.490,0.950
2026-01-08T01:15:55.758Z,0.8,15,51.8,25.2,84.2,484,0.475,0.826
2026-01-08T01:15:55.758Z,0.9,2,40.0,37.5,42.6,21,0.490,0.935
2026-01-08T01:15:55.758Z,0.95,1,38.7,38.7,38.7,23,0.490,0.950
2026-01-08T01:16:55.758Z,0.8,15,51.8,25.2,84.2,484,0.475,0.826
2026-01-08T01:16:55.758Z,0.9,2,40.0,37.5,42.6,21,0.490,0.935
2026-01-08T01:16:55.758Z,0.95,1,38.7,38.7,38.7,23,0.490,0.950
2026-01-08T01:17:55.760Z,0.8,15,51.8,25.2,84.2,484,0.475,0.826
2026-01-08T01:17:55.760Z,0.9,2,40.0,37.5,42.6,21,0.490,0.935
2026-01-08T01:17:55.760Z,0.95,1,38.7,38.7,38.7,23,0.490,0.950
2026-01-08T01:18:55.761Z,0.8,15,51.8,25.2,84.2,484,0.475,0.826
2026-01-08T01:18:55.761Z,0.9,2,40.0,37.5,42.6,21,0.490,0.935
2026-01-08T01:18:55.761Z,0.95,1,38.7,38.7,38.7,23,0.490,0.950
2026-01-08T01:19:55.763Z,0.8,15,51.8,25.2,84.2,484,0.475,0.826
2026-01-08T01:19:55.763Z,0.9,2,40.0,37.5,42.6,21,0.490,0.935
2026-01-08T01:19:55.763Z,0.95,1,38.7,38.7,38.7,23,0.490,0.950
2026-01-08T01:20:55.764Z,0.8,15,51.8,25.2,84.2,484,0.475,0.826
2026-01-08T01:20:55.764Z,0.9,2,40.0,37.5,42.6,21,0.490,0.935
2026-01-08T01:20:55.764Z,0.95,1,38.7,38.7,38.7,23,0.490,0.950
2026-01-08T01:21:55.766Z,0.8,15,51.8,25.2,84.2,484,0.475,0.826
2026-01-08T01:21:55.766Z,0.9,2,40.0,37.5,42.6,21,0.490,0.935
2026-01-08T01:21:55.766Z,0.95,1,38.7,38.7,38.7,23,0.490,0.950
2026-01-08T01:22:55.766Z,0.8,15,51.8,25.2,84.2,484,0.475,0.826
2026-01-08T01:22:55.766Z,0.9,2,40.0,37.5,42.6,21,0.490,0.935
2026-01-08T01:22:55.766Z,0.95,1,38.7,38.7,38.7,23,0.490,0.950
2026-01-08T01:23:55.768Z,0.8,15,51.8,25.2,84.2,484,0.475,0.826
2026-01-08T01:23:55.768Z,0.9,2,40.0,37.5,42.6,21,0.490,0.935
2026-01-08T01:23:55.768Z,0.95,1,38.7,38.7,38.7,23,0.490,0.950
2026-01-08T01:24:55.768Z,0.8,17,46.8,3.6,84.2,464,0.474,0.824
2026-01-08T01:24:55.768Z,0.9,2,40.0,37.5,42.6,21,0.490,0.935
2026-01-08T01:24:55.768Z,0.95,1,38.7,38.7,38.7,23,0.490,0.950
2026-01-08T01:25:55.769Z,0.8,20,44.4,3.6,84.2,439,0.469,0.821
2026-01-08T01:25:55.769Z,0.9,2,40.0,37.5,42.6,21,0.490,0.935
2026-01-08T01:25:55.769Z,0.95,1,38.7,38.7,38.7,23,0.490,0.950
2026-01-08T01:26:55.771Z,0.8,23,48.2,3.6,84.2,407,0.467,0.822
2026-01-08T01:26:55.771Z,0.9,2,40.0,37.5,42.6,21,0.490,0.935
2026-01-08T01:26:55.771Z,0.95,1,38.7,38.7,38.7,23,0.490,0.950
2026-01-08T01:27:55.780Z,0.8,24,49.9,3.6,88.8,398,0.464,0.823
2026-01-08T01:27:55.780Z,0.9,2,40.0,37.5,42.6,21,0.490,0.935
2026-01-08T01:27:55.780Z,0.95,1,38.7,38.7,38.7,23,0.490,0.950
2026-01-08T01:28:55.776Z,0.8,24,49.9,3.6,88.8,398,0.464,0.823
2026-01-08T01:28:55.776Z,0.9,2,40.0,37.5,42.6,21,0.490,0.935
2026-01-08T01:28:55.776Z,0.95,1,38.7,38.7,38.7,23,0.490,0.950
2026-01-08T01:29:55.778Z,0.8,24,49.9,3.6,88.8,398,0.464,0.823
2026-01-08T01:29:55.778Z,0.9,2,40.0,37.5,42.6,21,0.490,0.935
2026-01-08T01:29:55.778Z,0.95,1,38.7,38.7,38.7,23,0.490,0.950
2026-01-08T01:30:55.780Z,0.8,24,49.9,3.6,88.8,398,0.464,0.823
2026-01-08T01:30:55.780Z,0.9,2,40.0,37.5,42.6,21,0.490,0.935
2026-01-08T01:30:55.780Z,0.95,1,38.7,38.7,38.7,23,0.490,0.950
2026-01-08T01:31:55.780Z,0.8,24,49.9,3.6,88.8,398,0.464,0.823
2026-01-08T01:31:55.780Z,0.9,2,40.0,37.5,42.6,21,0.490,0.935
2026-01-08T01:31:55.780Z,0.95,1,38.7,38.7,38.7,23,0.490,0.950
2026-01-08T01:32:55.781Z,0.8,24,49.9,3.6,88.8,398,0.464,0.823
2026-01-08T01:32:55.781Z,0.9,2,40.0,37.5,42.6,21,0.490,0.935
2026-01-08T01:32:55.781Z,0.95,1,38.7,38.7,38.7,23,0.490,0.950
2026-01-08T01:33:55.780Z,0.8,24,49.9,3.6,88.8,398,0.464,0.823
2026-01-08T01:33:55.780Z,0.9,2,40.0,37.5,42.6,21,0.490,0.935
2026-01-08T01:33:55.780Z,0.95,1,38.7,38.7,38.7,23,0.490,0.950
2026-01-08T01:34:55.782Z,0.8,24,49.9,3.6,88.8,398,0.464,0.823
2026-01-08T01:34:55.782Z,0.9,2,40.0,37.5,42.6,21,0.490,0.935
2026-01-08T01:34:55.782Z,0.95,1,38.7,38.7,38.7,23,0.490,0.950
2026-01-08T01:35:55.783Z,0.8,24,49.9,3.6,88.8,398,0.464,0.823
2026-01-08T01:35:55.783Z,0.9,2,40.0,37.5,42.6,21,0.490,0.935
2026-01-08T01:35:55.783Z,0.95,1,38.7,38.7,38.7,23,0.490,0.950
2026-01-08T01:36:55.783Z,0.8,24,49.9,3.6,88.8,398,0.464,0.823
2026-01-08T01:36:55.783Z,0.9,2,40.0,37.5,42.6,21,0.490,0.935
2026-01-08T01:36:55.783Z,0.95,1,38.7,38.7,38.7,23,0.490,0.950
2026-01-08T01:37:55.786Z,0.8,24,49.9,3.6,88.8,398,0.464,0.823
2026-01-08T01:37:55.786Z,0.9,2,40.0,37.5,42.6,21,0.490,0.935
2026-01-08T01:37:55.786Z,0.95,1,38.7,38.7,38.7,23,0.490,0.950
2026-01-08T01:38:55.787Z,0.8,24,49.9,3.6,88.8,398,0.464,0.823
2026-01-08T01:38:55.787Z,0.9,2,40.0,37.5,42.6,21,0.490,0.935
2026-01-08T01:38:55.787Z,0.95,1,38.7,38.7,38.7,23,0.490,0.950
2026-01-08T01:39:55.791Z,0.8,24,49.9,3.6,88.8,398,0.464,0.823
2026-01-08T01:39:55.791Z,0.9,2,40.0,37.5,42.6,21,0.490,0.935
2026-01-08T01:39:55.791Z,0.95,1,38.7,38.7,38.7,23,0.490,0.950
2026-01-08T01:40:55.794Z,0.8,24,49.9,3.6,88.8,398,0.464,0.823
2026-01-08T01:40:55.794Z,0.9,2,40.0,37.5,42.6,21,0.490,0.935
2026-01-08T01:40:55.794Z,0.95,1,38.7,38.7,38.7,23,0.490,0.950
2026-01-08T01:41:55.793Z,0.8,24,49.9,3.6,88.8,398,0.464,0.823
2026-01-08T01:41:55.793Z,0.9,2,40.0,37.5,42.6,21,0.490,0.935
2026-01-08T01:41:55.793Z,0.95,1,38.7,38.7,38.7,23,0.490,0.950
2026-01-08T01:42:55.791Z,0.8,24,49.9,3.6,88.8,398,0.464,0.823
2026-01-08T01:42:55.791Z,0.9,2,40.0,37.5,42.6,21,0.490,0.935
2026-01-08T01:42:55.791Z,0.95,1,38.7,38.7,38.7,23,0.490,0.950
2026-01-08T01:43:55.791Z,0.8,24,49.9,3.6,88.8,398,0.464,0.823
2026-01-08T01:43:55.791Z,0.9,2,40.0,37.5,42.6,21,0.490,0.935
2026-01-08T01:43:55.791Z,0.95,1,38.7,38.7,38.7,23,0.490,0.950
2026-01-08T01:44:55.793Z,0.8,24,49.9,3.6,88.8,398,0.464,0.823
2026-01-08T01:44:55.793Z,0.9,2,40.0,37.5,42.6,21,0.490,0.935
2026-01-08T01:44:55.793Z,0.95,1,38.7,38.7,38.7,23,0.490,0.950
2026-01-08T01:45:55.796Z,0.8,24,49.9,3.6,88.8,398,0.464,0.823
2026-01-08T01:45:55.796Z,0.9,2,40.0,37.5,42.6,21,0.490,0.935
2026-01-08T01:45:55.796Z,0.95,1,38.7,38.7,38.7,23,0.490,0.950
2026-01-08T01:46:55.800Z,0.8,24,49.9,3.6,88.8,398,0.464,0.823
2026-01-08T01:46:55.800Z,0.9,2,40.0,37.5,42.6,21,0.490,0.935
2026-01-08T01:46:55.800Z,0.95,1,38.7,38.7,38.7,23,0.490,0.950
2026-01-08T01:47:55.802Z,0.8,24,49.9,3.6,88.8,398,0.464,0.823
2026-01-08T01:47:55.802Z,0.9,2,40.0,37.5,42.6,21,0.490,0.935
2026-01-08T01:47:55.802Z,0.95,1,38.7,38.7,38.7,23,0.490,0.950
2026-01-08T01:48:55.799Z,0.8,24,49.9,3.6,88.8,398,0.464,0.823
2026-01-08T01:48:55.799Z,0.9,2,40.0,37.5,42.6,21,0.490,0.935
2026-01-08T01:48:55.799Z,0.95,1,38.7,38.7,38.7,23,0.490,0.950
2026-01-08T01:49:55.816Z,0.8,24,49.9,3.6,88.8,398,0.464,0.823
2026-01-08T01:49:55.816Z,0.9,2,40.0,37.5,42.6,21,0.490,0.935
2026-01-08T01:49:55.816Z,0.95,1,38.7,38.7,38.7,23,0.490,0.950
2026-01-08T01:50:55.820Z,0.8,24,49.9,3.6,88.8,398,0.464,0.823
2026-01-08T01:50:55.820Z,0.9,2,40.0,37.5,42.6,21,0.490,0.935
2026-01-08T01:50:55.820Z,0.95,1,38.7,38.7,38.7,23,0.490,0.950
2026-01-08T01:51:55.822Z,0.8,24,49.9,3.6,88.8,398,0.464,0.823
2026-01-08T01:51:55.822Z,0.9,2,40.0,37.5,42.6,21,0.490,0.935
2026-01-08T01:51:55.822Z,0.95,1,38.7,38.7,38.7,23,0.490,0.950
2026-01-08T01:52:55.820Z,0.8,24,49.9,3.6,88.8,398,0.464,0.823
2026-01-08T01:52:55.820Z,0.9,2,40.0,37.5,42.6,21,0.490,0.935
2026-01-08T01:52:55.820Z,0.95,1,38.7,38.7,38.7,23,0.490,0.950
2026-01-08T01:53:55.822Z,0.8,24,49.9,3.6,88.8,398,0.464,0.823
2026-01-08T01:53:55.822Z,0.9,2,40.0,37.5,42.6,21,0.490,0.935
2026-01-08T01:53:55.822Z,0.95,1,38.7,38.7,38.7,23,0.490,0.950
2026-01-08T01:54:55.824Z,0.8,24,49.9,3.6,88.8,398,0.464,0.823
2026-01-08T01:54:55.824Z,0.9,2,40.0,37.5,42.6,21,0.490,0.935
2026-01-08T01:54:55.824Z,0.95,1,38.7,38.7,38.7,23,0.490,0.950
2026-01-08T01:55:55.823Z,0.8,24,49.9,3.6,88.8,398,0.464,0.823
2026-01-08T01:55:55.823Z,0.9,2,40.0,37.5,42.6,21,0.490,0.935
2026-01-08T01:55:55.823Z,0.95,1,38.7,38.7,38.7,23,0.490,0.950
2026-01-08T01:56:55.822Z,0.8,24,49.9,3.6,88.8,398,0.464,0.823
2026-01-08T01:56:55.822Z,0.9,2,40.0,37.5,42.6,21,0.490,0.935
2026-01-08T01:56:55.822Z,0.95,1,38.7,38.7,38.7,23,0.490,0.950
2026-01-08T01:57:55.824Z,0.8,24,49.9,3.6,88.8,398,0.464,0.823
2026-01-08T01:57:55.824Z,0.9,2,40.0,37.5,42.6,21,0.490,0.935
2026-01-08T01:57:55.824Z,0.95,1,38.7,38.7,38.7,23,0.490,0.950
2026-01-08T01:58:55.825Z,0.8,24,49.9,3.6,88.8,398,0.464,0.823
2026-01-08T01:58:55.825Z,0.9,2,40.0,37.5,42.6,21,0.490,0.935
2026-01-08T01:58:55.825Z,0.95,1,38.7,38.7,38.7,23,0.490,0.950
2026-01-08T01:59:55.824Z,0.8,24,49.9,3.6,88.8,398,0.464,0.823
2026-01-08T01:59:55.824Z,0.9,2,40.0,37.5,42.6,21,0.490,0.935
2026-01-08T01:59:55.824Z,0.95,1,38.7,38.7,38.7,23,0.490,0.950
2026-01-08T02:00:55.832Z,0.8,24,49.9,3.6,88.8,398,0.464,0.823
2026-01-08T02:00:55.832Z,0.9,2,40.0,37.5,42.6,21,0.490,0.935
2026-01-08T02:00:55.832Z,0.95,1,38.7,38.7,38.7,23,0.490,0.950
2026-01-08T02:01:55.834Z,0.8,25,50.3,3.6,88.8,414,0.465,0.822
2026-01-08T02:01:55.834Z,0.9,2,40.0,37.5,42.6,21,0.490,0.935
2026-01-08T02:01:55.834Z,0.95,1,38.7,38.7,38.7,23,0.490,0.950
2026-01-08T02:02:55.836Z,0.8,25,50.3,3.6,88.8,414,0.465,0.822
2026-01-08T02:02:55.836Z,0.9,2,40.0,37.5,42.6,21,0.490,0.935
2026-01-08T02:02:55.836Z,0.95,1,38.7,38.7,38.7,23,0.490,0.950
2026-01-08T02:03:55.837Z,0.8,25,50.3,3.6,88.8,414,0.465,0.822
2026-01-08T02:03:55.837Z,0.9,2,40.0,37.5,42.6,21,0.490,0.935
2026-01-08T02:03:55.837Z,0.95,1,38.7,38.7,38.7,23,0.490,0.950
2026-01-08T02:04:55.842Z,0.8,25,50.3,3.6,88.8,414,0.465,0.822
2026-01-08T02:04:55.842Z,0.9,2,40.0,37.5,42.6,21,0.490,0.935
2026-01-08T02:04:55.842Z,0.95,1,38.7,38.7,38.7,23,0.490,0.950
2026-01-08T02:05:55.838Z,0.8,25,50.3,3.6,88.8,414,0.465,0.822
2026-01-08T02:05:55.838Z,0.9,2,40.0,37.5,42.6,21,0.490,0.935
2026-01-08T02:05:55.838Z,0.95,1,38.7,38.7,38.7,23,0.490,0.950
2026-01-08T02:06:55.841Z,0.8,25,50.3,3.6,88.8,414,0.465,0.822
2026-01-08T02:06:55.841Z,0.9,2,40.0,37.5,42.6,21,0.490,0.935
2026-01-08T02:06:55.841Z,0.95,1,38.7,38.7,38.7,23,0.490,0.950
2026-01-08T02:07:55.842Z,0.8,25,50.3,3.6,88.8,414,0.465,0.822
2026-01-08T02:07:55.842Z,0.9,2,40.0,37.5,42.6,21,0.490,0.935
2026-01-08T02:07:55.842Z,0.95,1,38.7,38.7,38.7,23,0.490,0.950
2026-01-08T02:08:55.841Z,0.8,29,54.1,3.6,89.5,410,0.461,0.831
2026-01-08T02:08:55.841Z,0.9,6,64.8,37.5,88.7,259,0.440,0.942
2026-01-08T02:08:55.841Z,0.95,5,69.4,38.7,88.5,307,0.428,0.956
2026-01-08T02:09:55.842Z,0.8,29,54.1,3.6,89.5,410,0.461,0.831
2026-01-08T02:09:55.842Z,0.9,6,64.8,37.5,88.7,259,0.440,0.942
2026-01-08T02:09:55.842Z,0.95,5,69.4,38.7,88.5,307,0.428,0.956
2026-01-08T02:10:55.842Z,0.8,29,54.1,3.6,89.5,410,0.461,0.831
2026-01-08T02:10:55.842Z,0.9,6,64.8,37.5,88.7,259,0.440,0.942
2026-01-08T02:10:55.842Z,0.95,5,69.4,38.7,88.5,307,0.428,0.956
2026-01-08T02:11:55.846Z,0.8,29,54.1,3.6,89.5,410,0.461,0.831
2026-01-08T02:11:55.846Z,0.9,6,64.8,37.5,88.7,259,0.440,0.942
2026-01-08T02:11:55.846Z,0.95,5,69.4,38.7,88.5,307,0.428,0.956
2026-01-08T02:12:55.845Z,0.8,29,54.1,3.6,89.5,410,0.461,0.831
2026-01-08T02:12:55.845Z,0.9,6,64.8,37.5,88.7,259,0.440,0.942
2026-01-08T02:12:55.845Z,0.95,5,69.4,38.7,88.5,307,0.428,0.956
2026-01-08T02:13:55.846Z,0.8,29,54.1,3.6,89.5,410,0.461,0.831
2026-01-08T02:13:55.846Z,0.9,6,64.8,37.5,88.7,259,0.440,0.942
2026-01-08T02:13:55.846Z,0.95,5,69.4,38.7,88.5,307,0.428,0.956
2026-01-08T02:14:55.848Z,0.8,34,48.8,3.0,89.5,353,0.461,0.839
2026-01-08T02:14:55.848Z,0.9,8,51.8,3.0,88.7,201,0.450,0.944
2026-01-08T02:14:55.848Z,0.95,6,58.3,3.0,88.5,262,0.437,0.962
2026-01-08T02:15:55.847Z,0.8,35,49.0,3.0,89.5,343,0.449,0.842
2026-01-08T02:15:55.847Z,0.9,9,52.3,3.0,88.7,179,0.406,0.944
2026-01-08T02:15:55.847Z,0.95,7,58.1,3.0,88.5,224,0.381,0.960
2026-01-08T02:16:55.850Z,0.8,35,49.0,3.0,89.5,343,0.449,0.842
2026-01-08T02:16:55.850Z,0.9,9,52.3,3.0,88.7,179,0.406,0.944
2026-01-08T02:16:55.850Z,0.95,7,58.1,3.0,88.5,224,0.381,0.960
2026-01-08T02:17:55.850Z,0.8,38,49.7,3.0,89.5,374,0.453,0.841
2026-01-08T02:17:55.850Z,0.9,9,52.3,3.0,88.7,179,0.406,0.944
2026-01-08T02:17:55.850Z,0.95,7,58.1,3.0,88.5,224,0.381,0.960
2026-01-08T02:18:55.850Z,0.8,40,51.1,3.0,89.5,391,0.455,0.840
2026-01-08T02:18:55.850Z,0.9,9,52.3,3.0,88.7,179,0.406,0.944
2026-01-08T02:18:55.850Z,0.95,7,58.1,3.0,88.5,224,0.381,0.960
2026-01-08T02:19:55.851Z,0.8,40,51.1,3.0,89.5,391,0.455,0.840
2026-01-08T02:19:55.851Z,0.9,9,52.3,3.0,88.7,179,0.406,0.944
2026-01-08T02:19:55.851Z,0.95,7,58.1,3.0,88.5,224,0.381,0.960
2026-01-08T02:20:55.852Z,0.8,40,51.1,3.0,89.5,391,0.455,0.840
2026-01-08T02:20:55.852Z,0.9,9,52.3,3.0,88.7,179,0.406,0.944
2026-01-08T02:20:55.852Z,0.95,7,58.1,3.0,88.5,224,0.381,0.960
2026-01-08T02:21:55.853Z,0.8,40,51.1,3.0,89.5,391,0.455,0.840
2026-01-08T02:21:55.853Z,0.9,9,52.3,3.0,88.7,179,0.406,0.944
2026-01-08T02:21:55.853Z,0.95,7,58.1,3.0,88.5,224,0.381,0.960
2026-01-08T02:22:55.854Z,0.8,40,51.1,3.0,89.5,391,0.455,0.840
2026-01-08T02:22:55.854Z,0.9,9,52.3,3.0,88.7,179,0.406,0.944
2026-01-08T02:22:55.854Z,0.95,7,58.1,3.0,88.5,224,0.381,0.960
2026-01-08T02:23:55.852Z,0.8,40,51.1,3.0,89.5,391,0.455,0.840
2026-01-08T02:23:55.852Z,0.9,9,52.3,3.0,88.7,179,0.406,0.944
2026-01-08T02:23:55.852Z,0.95,7,58.1,3.0,88.5,224,0.381,0.960
2026-01-08T02:24:55.856Z,0.8,46,53.2,3.0,89.6,384,0.443,0.842
2026-01-08T02:24:55.856Z,0.9,15,57.3,3.0,88.7,237,0.392,0.928
2026-01-08T02:24:55.856Z,0.95,7,58.1,3.0,88.5,224,0.381,0.960
2026-01-08T02:25:55.855Z,0.8,46,53.2,3.0,89.6,384,0.443,0.842
2026-01-08T02:25:55.855Z,0.9,15,57.3,3.0,88.7,237,0.392,0.928
2026-01-08T02:25:55.855Z,0.95,7,58.1,3.0,88.5,224,0.381,0.960
2026-01-08T02:26:55.859Z,0.8,46,53.2,3.0,89.6,384,0.443,0.842
2026-01-08T02:26:55.859Z,0.9,15,57.3,3.0,88.7,237,0.392,0.928
2026-01-08T02:26:55.859Z,0.95,7,58.1,3.0,88.5,224,0.381,0.960
2026-01-08T02:27:55.859Z,0.8,46,53.2,3.0,89.6,384,0.443,0.842
2026-01-08T02:27:55.859Z,0.9,15,57.3,3.0,88.7,237,0.392,0.928
2026-01-08T02:27:55.859Z,0.95,7,58.1,3.0,88.5,224,0.381,0.960
2026-01-08T02:28:55.857Z,0.8,46,53.2,3.0,89.6,384,0.443,0.842
2026-01-08T02:28:55.857Z,0.9,15,57.3,3.0,88.7,237,0.392,0.928
2026-01-08T02:28:55.857Z,0.95,7,58.1,3.0,88.5,224,0.381,0.960
2026-01-08T02:29:55.858Z,0.8,46,53.2,3.0,89.6,384,0.443,0.842
2026-01-08T02:29:55.858Z,0.9,15,57.3,3.0,88.7,237,0.392,0.928
2026-01-08T02:29:55.858Z,0.95,7,58.1,3.0,88.5,224,0.381,0.960
2026-01-08T02:30:55.855Z,0.8,47,52.5,3.0,89.6,375,0.433,0.844
2026-01-08T02:30:55.855Z,0.9,16,55.0,3.0,88.7,222,0.368,0.929
2026-01-08T02:30:55.855Z,0.95,8,53.5,3.0,88.5,196,0.335,0.959
2026-01-08T02:31:55.858Z,0.8,47,52.5,3.0,89.6,375,0.433,0.844
2026-01-08T02:31:55.858Z,0.9,16,55.0,3.0,88.7,222,0.368,0.929
2026-01-08T02:31:55.858Z,0.95,8,53.5,3.0,88.5,196,0.335,0.959
2026-01-08T02:32:55.858Z,0.8,47,52.5,3.0,89.6,375,0.433,0.844
2026-01-08T02:32:55.858Z,0.9,16,55.0,3.0,88.7,222,0.368,0.929
2026-01-08T02:32:55.858Z,0.95,8,53.5,3.0,88.5,196,0.335,0.959
2026-01-08T02:33:55.861Z,0.8,47,52.5,3.0,89.6,375,0.433,0.844
2026-01-08T02:33:55.861Z,0.9,16,55.0,3.0,88.7,222,0.368,0.929
2026-01-08T02:33:55.861Z,0.95,8,53.5,3.0,88.5,196,0.335,0.959
2026-01-08T02:34:55.863Z,0.8,47,52.5,3.0,89.6,375,0.433,0.844
2026-01-08T02:34:55.863Z,0.9,16,55.0,3.0,88.7,222,0.368,0.929
2026-01-08T02:34:55.863Z,0.95,8,53.5,3.0,88.5,196,0.335,0.959
2026-01-08T02:35:55.863Z,0.8,47,52.5,3.0,89.6,375,0.433,0.844
2026-01-08T02:35:55.863Z,0.9,16,55.0,3.0,88.7,222,0.368,0.929
2026-01-08T02:35:55.863Z,0.95,8,53.5,3.0,88.5,196,0.335,0.959
2026-01-08T02:36:55.862Z,0.8,47,52.5,3.0,89.6,375,0.433,0.844
2026-01-08T02:36:55.862Z,0.9,16,55.0,3.0,88.7,222,0.368,0.929
2026-01-08T02:36:55.862Z,0.95,8,53.5,3.0,88.5,196,0.335,0.959
2026-01-08T02:37:55.864Z,0.8,47,52.5,3.0,89.6,375,0.433,0.844
2026-01-08T02:37:55.864Z,0.9,16,55.0,3.0,88.7,222,0.368,0.929
2026-01-08T02:37:55.864Z,0.95,8,53.5,3.0,88.5,196,0.335,0.959
2026-01-08T02:38:55.865Z,0.8,47,52.5,3.0,89.6,375,0.433,0.844
2026-01-08T02:38:55.865Z,0.9,16,55.0,3.0,88.7,222,0.368,0.929
2026-01-08T02:38:55.865Z,0.95,8,53.5,3.0,88.5,196,0.335,0.959
2026-01-08T02:39:55.867Z,0.8,47,52.5,3.0,89.6,375,0.433,0.844
2026-01-08T02:39:55.867Z,0.9,16,55.0,3.0,88.7,222,0.368,0.929
2026-01-08T02:39:55.867Z,0.95,8,53.5,3.0,88.5,196,0.335,0.959
2026-01-08T02:40:55.871Z,0.8,47,52.5,3.0,89.6,375,0.433,0.844
2026-01-08T02:40:55.871Z,0.9,16,55.0,3.0,88.7,222,0.368,0.929
2026-01-08T02:40:55.871Z,0.95,8,53.5,3.0,88.5,196,0.335,0.959
2026-01-08T02:41:55.869Z,0.8,47,52.5,3.0,89.6,375,0.433,0.844
2026-01-08T02:41:55.869Z,0.9,16,55.0,3.0,88.7,222,0.368,0.929
2026-01-08T02:41:55.869Z,0.95,8,53.5,3.0,88.5,196,0.335,0.959
2026-01-08T02:42:55.869Z,0.8,47,52.5,3.0,89.6,375,0.433,0.844
2026-01-08T02:42:55.869Z,0.9,16,55.0,3.0,88.7,222,0.368,0.929
2026-01-08T02:42:55.869Z,0.95,8,53.5,3.0,88.5,196,0.335,0.959
2026-01-08T02:43:55.867Z,0.8,47,52.5,3.0,89.6,375,0.433,0.844
2026-01-08T02:43:55.867Z,0.9,16,55.0,3.0,88.7,222,0.368,0.929
2026-01-08T02:43:55.867Z,0.95,8,53.5,3.0,88.5,196,0.335,0.959
2026-01-08T02:44:55.870Z,0.8,47,52.5,3.0,89.6,375,0.433,0.844
2026-01-08T02:44:55.870Z,0.9,16,55.0,3.0,88.7,222,0.368,0.929
2026-01-08T02:44:55.870Z,0.95,8,53.5,3.0,88.5,196,0.335,0.959
2026-01-08T02:45:55.873Z,0.8,47,52.5,3.0,89.6,375,0.433,0.844
2026-01-08T02:45:55.873Z,0.9,16,55.0,3.0,88.7,222,0.368,0.929
2026-01-08T02:45:55.873Z,0.95,8,53.5,3.0,88.5,196,0.335,0.959
2026-01-08T02:46:55.877Z,0.8,48,53.3,3.0,89.6,384,0.435,0.843
2026-01-08T02:46:55.877Z,0.9,16,55.0,3.0,88.7,222,0.368,0.929
2026-01-08T02:46:55.877Z,0.95,8,53.5,3.0,88.5,196,0.335,0.959
2026-01-08T02:47:55.880Z,0.8,48,53.3,3.0,89.6,384,0.435,0.843
2026-01-08T02:47:55.880Z,0.9,16,55.0,3.0,88.7,222,0.368,0.929
2026-01-08T02:47:55.880Z,0.95,8,53.5,3.0,88.5,196,0.335,0.959
2026-01-08T02:48:55.882Z,0.8,48,53.3,3.0,89.6,384,0.435,0.843
2026-01-08T02:48:55.882Z,0.9,16,55.0,3.0,88.7,222,0.368,0.929
2026-01-08T02:48:55.882Z,0.95,8,53.5,3.0,88.5,196,0.335,0.959
2026-01-08T02:49:55.882Z,0.8,48,53.3,3.0,89.6,384,0.435,0.843
2026-01-08T02:49:55.882Z,0.9,16,55.0,3.0,88.7,222,0.368,0.929
2026-01-08T02:49:55.882Z,0.95,8,53.5,3.0,88.5,196,0.335,0.959
2026-01-08T02:50:55.882Z,0.8,48,53.3,3.0,89.6,384,0.435,0.843
2026-01-08T02:50:55.882Z,0.9,16,55.0,3.0,88.7,222,0.368,0.929
2026-01-08T02:50:55.882Z,0.95,8,53.5,3.0,88.5,196,0.335,0.959
2026-01-08T02:51:55.886Z,0.8,48,53.3,3.0,89.6,384,0.435,0.843
2026-01-08T02:51:55.886Z,0.9,16,55.0,3.0,88.7,222,0.368,0.929
2026-01-08T02:51:55.886Z,0.95,8,53.5,3.0,88.5,196,0.335,0.959
2026-01-08T02:52:55.886Z,0.8,48,53.3,3.0,89.6,384,0.435,0.843
2026-01-08T02:52:55.886Z,0.9,16,55.0,3.0,88.7,222,0.368,0.929
2026-01-08T02:52:55.886Z,0.95,8,53.5,3.0,88.5,196,0.335,0.959
2026-01-08T02:53:55.883Z,0.8,48,53.3,3.0,89.6,384,0.435,0.843
2026-01-08T02:53:55.883Z,0.9,16,55.0,3.0,88.7,222,0.368,0.929
2026-01-08T02:53:55.883Z,0.95,8,53.5,3.0,88.5,196,0.335,0.959
2026-01-08T02:54:55.889Z,0.8,48,53.3,3.0,89.6,384,0.435,0.843
2026-01-08T02:54:55.889Z,0.9,16,55.0,3.0,88.7,222,0.368,0.929
2026-01-08T02:54:55.889Z,0.95,8,53.5,3.0,88.5,196,0.335,0.959
2026-01-08T02:55:55.884Z,0.8,48,53.3,3.0,89.6,384,0.435,0.843
2026-01-08T02:55:55.884Z,0.9,16,55.0,3.0,88.7,222,0.368,0.929
2026-01-08T02:55:55.884Z,0.95,8,53.5,3.0,88.5,196,0.335,0.959
2026-01-08T02:56:55.888Z,0.8,48,53.3,3.0,89.6,384,0.435,0.843
2026-01-08T02:56:55.888Z,0.9,16,55.0,3.0,88.7,222,0.368,0.929
2026-01-08T02:56:55.888Z,0.95,8,53.5,3.0,88.5,196,0.335,0.959
2026-01-08T02:57:55.891Z,0.8,48,53.3,3.0,89.6,384,0.435,0.843
2026-01-08T02:57:55.891Z,0.9,16,55.0,3.0,88.7,222,0.368,0.929
2026-01-08T02:57:55.891Z,0.95,8,53.5,3.0,88.5,196,0.335,0.959
2026-01-08T02:58:55.889Z,0.8,48,53.3,3.0,89.6,384,0.435,0.843
2026-01-08T02:58:55.889Z,0.9,16,55.0,3.0,88.7,222,0.368,0.929
2026-01-08T02:58:55.889Z,0.95,8,53.5,3.0,88.5,196,0.335,0.959
2026-01-08T02:59:55.893Z,0.8,50,53.2,3.0,89.6,370,0.433,0.847
2026-01-08T02:59:55.893Z,0.9,18,54.7,3.0,88.7,200,0.372,0.931
2026-01-08T02:59:55.893Z,0.95,10,53.3,3.0,89.7,162,0.311,0.961
2026-01-08T03:00:55.893Z,0.8,50,53.2,3.0,89.6,370,0.433,0.847
2026-01-08T03:00:55.893Z,0.9,18,54.7,3.0,88.7,200,0.372,0.931
2026-01-08T03:00:55.893Z,0.95,10,53.3,3.0,89.7,162,0.311,0.961
2026-01-08T03:01:55.894Z,0.8,50,53.2,3.0,89.6,370,0.433,0.847
2026-01-08T03:01:55.894Z,0.9,18,54.7,3.0,88.7,200,0.372,0.931
2026-01-08T03:01:55.894Z,0.95,10,53.3,3.0,89.7,162,0.311,0.961
2026-01-08T03:02:55.895Z,0.8,50,53.2,3.0,89.6,370,0.433,0.847
2026-01-08T03:02:55.895Z,0.9,18,54.7,3.0,88.7,200,0.372,0.931
2026-01-08T03:02:55.895Z,0.95,10,53.3,3.0,89.7,162,0.311,0.961
2026-01-08T03:03:55.896Z,0.8,50,53.2,3.0,89.6,370,0.433,0.847
2026-01-08T03:03:55.896Z,0.9,18,54.7,3.0,88.7,200,0.372,0.931
2026-01-08T03:03:55.896Z,0.95,10,53.3,3.0,89.7,162,0.311,0.961
2026-01-08T03:04:55.898Z,0.8,50,53.2,3.0,89.6,370,0.433,0.847
2026-01-08T03:04:55.898Z,0.9,18,54.7,3.0,88.7,200,0.372,0.931
2026-01-08T03:04:55.898Z,0.95,10,53.3,3.0,89.7,162,0.311,0.961
2026-01-08T03:05:55.899Z,0.8,51,53.5,3.0,89.6,373,0.434,0.847
2026-01-08T03:05:55.899Z,0.9,18,54.7,3.0,88.7,200,0.372,0.931
2026-01-08T03:05:55.899Z,0.95,10,53.3,3.0,89.7,162,0.311,0.961
2026-01-08T03:06:55.901Z,0.8,51,53.5,3.0,89.6,373,0.434,0.847
2026-01-08T03:06:55.901Z,0.9,18,54.7,3.0,88.7,200,0.372,0.931
2026-01-08T03:06:55.901Z,0.95,10,53.3,3.0,89.7,162,0.311,0.961
2026-01-08T03:07:55.903Z,0.8,51,53.5,3.0,89.6,373,0.434,0.847
2026-01-08T03:07:55.903Z,0.9,18,54.7,3.0,88.7,200,0.372,0.931
2026-01-08T03:07:55.903Z,0.95,10,53.3,3.0,89.7,162,0.311,0.961
2026-01-08T03:08:55.901Z,0.8,51,53.5,3.0,89.6,373,0.434,0.847
2026-01-08T03:08:55.901Z,0.9,18,54.7,3.0,88.7,200,0.372,0.931
2026-01-08T03:08:55.901Z,0.95,10,53.3,3.0,89.7,162,0.311,0.961
2026-01-08T03:09:55.903Z,0.8,51,53.5,3.0,89.6,373,0.434,0.847
2026-01-08T03:09:55.903Z,0.9,18,54.7,3.0,88.7,200,0.372,0.931
2026-01-08T03:09:55.903Z,0.95,10,53.3,3.0,89.7,162,0.311,0.961
2026-01-08T03:10:55.904Z,0.8,51,53.5,3.0,89.6,373,0.434,0.847
2026-01-08T03:10:55.904Z,0.9,18,54.7,3.0,88.7,200,0.372,0.931
2026-01-08T03:10:55.904Z,0.95,10,53.3,3.0,89.7,162,0.311,0.961
2026-01-08T03:11:55.907Z,0.8,51,53.5,3.0,89.6,373,0.434,0.847
2026-01-08T03:11:55.907Z,0.9,18,54.7,3.0,88.7,200,0.372,0.931
2026-01-08T03:11:55.907Z,0.95,10,53.3,3.0,89.7,162,0.311,0.961
2026-01-08T03:12:55.906Z,0.8,52,54.1,3.0,89.6,370,0.427,0.849
2026-01-08T03:12:55.906Z,0.9,19,56.4,3.0,88.7,199,0.357,0.934
2026-01-08T03:12:55.906Z,0.95,11,56.4,3.0,89.7,163,0.290,0.964
2026-01-08T03:13:55.906Z,0.8,52,54.1,3.0,89.6,370,0.427,0.849
2026-01-08T03:13:55.906Z,0.9,19,56.4,3.0,88.7,199,0.357,0.934
2026-01-08T03:13:55.906Z,0.95,11,56.4,3.0,89.7,163,0.290,0.964
2026-01-08T03:14:55.908Z,0.8,52,54.1,3.0,89.6,370,0.427,0.849
2026-01-08T03:14:55.908Z,0.9,19,56.4,3.0,88.7,199,0.357,0.934
2026-01-08T03:14:55.908Z,0.95,11,56.4,3.0,89.7,163,0.290,0.964
2026-01-08T03:15:55.907Z,0.8,52,54.1,3.0,89.6,370,0.427,0.849
2026-01-08T03:15:55.907Z,0.9,19,56.4,3.0,88.7,199,0.357,0.934
2026-01-08T03:15:55.907Z,0.95,11,56.4,3.0,89.7,163,0.290,0.964
2026-01-08T03:16:55.912Z,0.8,52,54.1,3.0,89.6,370,0.427,0.849
2026-01-08T03:16:55.912Z,0.9,19,56.4,3.0,88.7,199,0.357,0.934
2026-01-08T03:16:55.912Z,0.95,11,56.4,3.0,89.7,163,0.290,0.964
2026-01-08T03:17:55.911Z,0.8,52,54.1,3.0,89.6,370,0.427,0.849
2026-01-08T03:17:55.911Z,0.9,19,56.4,3.0,88.7,199,0.357,0.934
2026-01-08T03:17:55.911Z,0.95,11,56.4,3.0,89.7,163,0.290,0.964
2026-01-08T03:18:55.913Z,0.8,52,54.1,3.0,89.6,370,0.427,0.849
2026-01-08T03:18:55.913Z,0.9,19,56.4,3.0,88.7,199,0.357,0.934
2026-01-08T03:18:55.913Z,0.95,11,56.4,3.0,89.7,163,0.290,0.964
2026-01-08T03:19:55.916Z,0.8,52,54.1,3.0,89.6,370,0.427,0.849
2026-01-08T03:19:55.916Z,0.9,19,56.4,3.0,88.7,199,0.357,0.934
2026-01-08T03:19:55.916Z,0.95,11,56.4,3.0,89.7,163,0.290,0.964
2026-01-08T03:20:55.912Z,0.8,52,54.1,3.0,89.6,370,0.427,0.849
2026-01-08T03:20:55.912Z,0.9,19,56.4,3.0,88.7,199,0.357,0.934
2026-01-08T03:20:55.912Z,0.95,11,56.4,3.0,89.7,163,0.290,0.964
2026-01-08T03:21:55.915Z,0.8,52,54.1,3.0,89.6,370,0.427,0.849
2026-01-08T03:21:55.915Z,0.9,19,56.4,3.0,88.7,199,0.357,0.934
2026-01-08T03:21:55.915Z,0.95,11,56.4,3.0,89.7,163,0.290,0.964
2026-01-08T03:22:55.915Z,0.8,52,54.1,3.0,89.6,370,0.427,0.849
2026-01-08T03:22:55.915Z,0.9,19,56.4,3.0,88.7,199,0.357,0.934
2026-01-08T03:22:55.915Z,0.95,11,56.4,3.0,89.7,163,0.290,0.964
2026-01-08T03:23:55.915Z,0.8,52,54.1,3.0,89.6,370,0.427,0.849
2026-01-08T03:23:55.915Z,0.9,19,56.4,3.0,88.7,199,0.357,0.934
2026-01-08T03:23:55.915Z,0.95,11,56.4,3.0,89.7,163,0.290,0.964
2026-01-08T03:24:55.921Z,0.8,52,54.1,3.0,89.6,370,0.427,0.849
2026-01-08T03:24:55.921Z,0.9,19,56.4,3.0,88.7,199,0.357,0.934
2026-01-08T03:24:55.921Z,0.95,11,56.4,3.0,89.7,163,0.290,0.964
2026-01-08T03:25:55.923Z,0.8,52,54.1,3.0,89.6,370,0.427,0.849
2026-01-08T03:25:55.923Z,0.9,19,56.4,3.0,88.7,199,0.357,0.934
2026-01-08T03:25:55.923Z,0.95,11,56.4,3.0,89.7,163,0.290,0.964
2026-01-08T03:26:55.923Z,0.8,52,54.1,3.0,89.6,370,0.427,0.849
2026-01-08T03:26:55.923Z,0.9,19,56.4,3.0,88.7,199,0.357,0.934
2026-01-08T03:26:55.923Z,0.95,11,56.4,3.0,89.7,163,0.290,0.964
2026-01-08T03:27:55.925Z,0.8,52,54.1,3.0,89.6,370,0.427,0.849
2026-01-08T03:27:55.925Z,0.9,19,56.4,3.0,88.7,199,0.357,0.934
2026-01-08T03:27:55.925Z,0.95,11,56.4,3.0,89.7,163,0.290,0.964
2026-01-08T03:28:55.923Z,0.8,52,54.1,3.0,89.6,370,0.427,0.849
2026-01-08T03:28:55.923Z,0.9,19,56.4,3.0,88.7,199,0.357,0.934
2026-01-08T03:28:55.923Z,0.95,11,56.4,3.0,89.7,163,0.290,0.964
2026-01-08T03:29:55.928Z,0.8,52,54.1,3.0,89.6,370,0.427,0.849
2026-01-08T03:29:55.928Z,0.9,19,56.4,3.0,88.7,199,0.357,0.934
2026-01-08T03:29:55.928Z,0.95,11,56.4,3.0,89.7,163,0.290,0.964
2026-01-08T03:30:55.924Z,0.8,52,54.1,3.0,89.6,370,0.427,0.849
2026-01-08T03:30:55.924Z,0.9,19,56.4,3.0,88.7,199,0.357,0.934
2026-01-08T03:30:55.924Z,0.95,11,56.4,3.0,89.7,163,0.290,0.964
2026-01-08T03:31:55.930Z,0.8,52,54.1,3.0,89.6,370,0.427,0.849
2026-01-08T03:31:55.930Z,0.9,19,56.4,3.0,88.7,199,0.357,0.934
2026-01-08T03:31:55.930Z,0.95,11,56.4,3.0,89.7,163,0.290,0.964
2026-01-08T03:32:55.929Z,0.8,52,54.1,3.0,89.6,370,0.427,0.849
2026-01-08T03:32:55.929Z,0.9,19,56.4,3.0,88.7,199,0.357,0.934
2026-01-08T03:32:55.929Z,0.95,11,56.4,3.0,89.7,163,0.290,0.964
2026-01-08T03:33:55.931Z,0.8,52,54.1,3.0,89.6,370,0.427,0.849
2026-01-08T03:33:55.931Z,0.9,19,56.4,3.0,88.7,199,0.357,0.934
2026-01-08T03:33:55.931Z,0.95,11,56.4,3.0,89.7,163,0.290,0.964
2026-01-08T03:34:55.933Z,0.8,52,54.1,3.0,89.6,370,0.427,0.849
2026-01-08T03:34:55.933Z,0.9,19,56.4,3.0,88.7,199,0.357,0.934
2026-01-08T03:34:55.933Z,0.95,11,56.4,3.0,89.7,163,0.290,0.964
2026-01-08T03:35:55.937Z,0.8,52,54.1,3.0,89.6,370,0.427,0.849
2026-01-08T03:35:55.937Z,0.9,19,56.4,3.0,88.7,199,0.357,0.934
2026-01-08T03:35:55.937Z,0.95,11,56.4,3.0,89.7,163,0.290,0.964
2026-01-08T03:36:55.937Z,0.8,52,54.1,3.0,89.6,370,0.427,0.849
2026-01-08T03:36:55.937Z,0.9,19,56.4,3.0,88.7,199,0.357,0.934
2026-01-08T03:36:55.937Z,0.95,11,56.4,3.0,89.7,163,0.290,0.964
2026-01-08T03:37:55.934Z,0.8,52,54.1,3.0,89.6,370,0.427,0.849
2026-01-08T03:37:55.934Z,0.9,19,56.4,3.0,88.7,199,0.357,0.934
2026-01-08T03:37:55.934Z,0.95,11,56.4,3.0,89.7,163,0.290,0.964
2026-01-08T03:38:55.939Z,0.8,52,54.1,3.0,89.6,370,0.427,0.849
2026-01-08T03:38:55.939Z,0.9,19,56.4,3.0,88.7,199,0.357,0.934
2026-01-08T03:38:55.939Z,0.95,11,56.4,3.0,89.7,163,0.290,0.964
2026-01-08T03:39:55.938Z,0.8,52,54.1,3.0,89.6,370,0.427,0.849
2026-01-08T03:39:55.938Z,0.9,19,56.4,3.0,88.7,199,0.357,0.934
2026-01-08T03:39:55.938Z,0.95,11,56.4,3.0,89.7,163,0.290,0.964
2026-01-08T03:40:55.940Z,0.8,52,54.1,3.0,89.6,370,0.427,0.849
2026-01-08T03:40:55.940Z,0.9,19,56.4,3.0,88.7,199,0.357,0.934
2026-01-08T03:40:55.940Z,0.95,11,56.4,3.0,89.7,163,0.290,0.964
2026-01-08T03:41:55.942Z,0.8,52,54.1,3.0,89.6,370,0.427,0.849
2026-01-08T03:41:55.942Z,0.9,19,56.4,3.0,88.7,199,0.357,0.934
2026-01-08T03:41:55.942Z,0.95,11,56.4,3.0,89.7,163,0.290,0.964
2026-01-08T03:42:55.943Z,0.8,55,54.5,3.0,89.6,357,0.427,0.848
2026-01-08T03:42:55.943Z,0.9,19,56.4,3.0,88.7,199,0.357,0.934
2026-01-08T03:42:55.943Z,0.95,11,56.4,3.0,89.7,163,0.290,0.964
2026-01-08T03:43:55.944Z,0.8,56,54.8,3.0,89.6,352,0.428,0.848
2026-01-08T03:43:55.944Z,0.9,20,56.8,3.0,88.7,195,0.359,0.932
2026-01-08T03:43:55.944Z,0.95,11,56.4,3.0,89.7,163,0.290,0.964
2026-01-08T03:44:55.943Z,0.8,57,54.0,3.0,89.6,347,0.429,0.850
2026-01-08T03:44:55.943Z,0.9,21,54.6,3.0,88.7,188,0.364,0.934
2026-01-08T03:44:55.943Z,0.95,13,50.1,3.0,89.7,147,0.311,0.962
2026-01-08T03:45:55.946Z,0.8,57,54.0,3.0,89.6,347,0.429,0.850
2026-01-08T03:45:55.946Z,0.9,21,54.6,3.0,88.7,188,0.364,0.934
2026-01-08T03:45:55.946Z,0.95,13,50.1,3.0,89.7,147,0.311,0.962
2026-01-08T03:46:55.946Z,0.8,57,54.0,3.0,89.6,347,0.429,0.850
2026-01-08T03:46:55.946Z,0.9,21,54.6,3.0,88.7,188,0.364,0.934
2026-01-08T03:46:55.946Z,0.95,13,50.1,3.0,89.7,147,0.311,0.962
2026-01-08T03:47:55.949Z,0.8,57,54.0,3.0,89.6,347,0.429,0.850
2026-01-08T03:47:55.949Z,0.9,21,54.6,3.0,88.7,188,0.364,0.934
2026-01-08T03:47:55.949Z,0.95,13,50.1,3.0,89.7,147,0.311,0.962
2026-01-08T03:48:55.950Z,0.8,57,54.0,3.0,89.6,347,0.429,0.850
2026-01-08T03:48:55.950Z,0.9,21,54.6,3.0,88.7,188,0.364,0.934
2026-01-08T03:48:55.950Z,0.95,13,50.1,3.0,89.7,147,0.311,0.962
2026-01-08T03:49:55.951Z,0.8,57,54.0,3.0,89.6,347,0.429,0.850
2026-01-08T03:49:55.951Z,0.9,21,54.6,3.0,88.7,188,0.364,0.934
2026-01-08T03:49:55.951Z,0.95,13,50.1,3.0,89.7,147,0.311,0.962
2026-01-08T03:50:55.953Z,0.8,57,54.0,3.0,89.6,347,0.429,0.850
2026-01-08T03:50:55.953Z,0.9,21,54.6,3.0,88.7,188,0.364,0.934
2026-01-08T03:50:55.953Z,0.95,13,50.1,3.0,89.7,147,0.311,0.962
2026-01-08T03:51:55.955Z,0.8,57,54.0,3.0,89.6,347,0.429,0.850
2026-01-08T03:51:55.955Z,0.9,21,54.6,3.0,88.7,188,0.364,0.934
2026-01-08T03:51:55.955Z,0.95,13,50.1,3.0,89.7,147,0.311,0.962
2026-01-08T03:52:55.956Z,0.8,57,54.0,3.0,89.6,347,0.429,0.850
2026-01-08T03:52:55.956Z,0.9,21,54.6,3.0,88.7,188,0.364,0.934
2026-01-08T03:52:55.956Z,0.95,13,50.1,3.0,89.7,147,0.311,0.962
2026-01-08T03:53:55.957Z,0.8,57,54.0,3.0,89.6,347,0.429,0.850
2026-01-08T03:53:55.957Z,0.9,21,54.6,3.0,88.7,188,0.364,0.934
2026-01-08T03:53:55.957Z,0.95,13,50.1,3.0,89.7,147,0.311,0.962
2026-01-08T03:54:55.958Z,0.8,57,54.0,3.0,89.6,347,0.429,0.850
2026-01-08T03:54:55.958Z,0.9,21,54.6,3.0,88.7,188,0.364,0.934
2026-01-08T03:54:55.958Z,0.95,13,50.1,3.0,89.7,147,0.311,0.962
2026-01-08T03:55:55.955Z,0.8,57,54.0,3.0,89.6,347,0.429,0.850
2026-01-08T03:55:55.955Z,0.9,21,54.6,3.0,88.7,188,0.364,0.934
2026-01-08T03:55:55.955Z,0.95,13,50.1,3.0,89.7,147,0.311,0.962
2026-01-08T03:56:55.957Z,0.8,57,54.0,3.0,89.6,347,0.429,0.850
2026-01-08T03:56:55.957Z,0.9,21,54.6,3.0,88.7,188,0.364,0.934
2026-01-08T03:56:55.957Z,0.95,13,50.1,3.0,89.7,147,0.311,0.962
2026-01-08T03:57:55.958Z,0.8,57,54.0,3.0,89.6,347,0.429,0.850
2026-01-08T03:57:55.958Z,0.9,21,54.6,3.0,88.7,188,0.364,0.934
2026-01-08T03:57:55.958Z,0.95,13,50.1,3.0,89.7,147,0.311,0.962
2026-01-08T03:58:55.957Z,0.8,57,54.0,3.0,89.6,347,0.429,0.850
2026-01-08T03:58:55.957Z,0.9,21,54.6,3.0,88.7,188,0.364,0.934
2026-01-08T03:58:55.957Z,0.95,13,50.1,3.0,89.7,147,0.311,0.962
2026-01-08T03:59:55.961Z,0.8,58,54.6,3.0,89.6,341,0.426,0.851
2026-01-08T03:59:55.961Z,0.9,22,56.2,3.0,88.9,180,0.360,0.933
2026-01-08T03:59:55.961Z,0.95,13,50.1,3.0,89.7,147,0.311,0.962
2026-01-08T04:00:55.961Z,0.8,58,54.6,3.0,89.6,341,0.426,0.851
2026-01-08T04:00:55.961Z,0.9,22,56.2,3.0,88.9,180,0.360,0.933
2026-01-08T04:00:55.961Z,0.95,13,50.1,3.0,89.7,147,0.311,0.962
2026-01-08T04:01:55.963Z,0.8,58,54.6,3.0,89.6,341,0.426,0.851
2026-01-08T04:01:55.963Z,0.9,22,56.2,3.0,88.9,180,0.360,0.933
2026-01-08T04:01:55.963Z,0.95,13,50.1,3.0,89.7,147,0.311,0.962
2026-01-08T04:02:55.964Z,0.8,58,54.6,3.0,89.6,341,0.426,0.851
2026-01-08T04:02:55.964Z,0.9,22,56.2,3.0,88.9,180,0.360,0.933
2026-01-08T04:02:55.964Z,0.95,13,50.1,3.0,89.7,147,0.311,0.962
2026-01-08T04:03:55.962Z,0.8,58,54.6,3.0,89.6,341,0.426,0.851
2026-01-08T04:03:55.962Z,0.9,22,56.2,3.0,88.9,180,0.360,0.933
2026-01-08T04:03:55.962Z,0.95,13,50.1,3.0,89.7,147,0.311,0.962
2026-01-08T04:04:55.965Z,0.8,58,54.6,3.0,89.6,341,0.426,0.851
2026-01-08T04:04:55.965Z,0.9,22,56.2,3.0,88.9,180,0.360,0.933
2026-01-08T04:04:55.965Z,0.95,13,50.1,3.0,89.7,147,0.311,0.962
2026-01-08T04:05:55.967Z,0.8,58,54.6,3.0,89.6,341,0.426,0.851
2026-01-08T04:05:55.967Z,0.9,22,56.2,3.0,88.9,180,0.360,0.933
2026-01-08T04:05:55.967Z,0.95,13,50.1,3.0,89.7,147,0.311,0.962
2026-01-08T04:06:55.968Z,0.8,58,54.6,3.0,89.6,341,0.426,0.851
2026-01-08T04:06:55.968Z,0.9,22,56.2,3.0,88.9,180,0.360,0.933
2026-01-08T04:06:55.968Z,0.95,13,50.1,3.0,89.7,147,0.311,0.962
2026-01-08T04:07:55.969Z,0.8,58,54.6,3.0,89.6,341,0.426,0.851
2026-01-08T04:07:55.969Z,0.9,22,56.2,3.0,88.9,180,0.360,0.933
2026-01-08T04:07:55.969Z,0.95,13,50.1,3.0,89.7,147,0.311,0.962
2026-01-08T04:08:55.969Z,0.8,58,54.6,3.0,89.6,341,0.426,0.851
2026-01-08T04:08:55.969Z,0.9,22,56.2,3.0,88.9,180,0.360,0.933
2026-01-08T04:08:55.969Z,0.95,13,50.1,3.0,89.7,147,0.311,0.962
2026-01-08T04:09:55.968Z,0.8,59,55.1,3.0,89.6,341,0.426,0.852
2026-01-08T04:09:55.968Z,0.9,23,57.2,3.0,88.9,185,0.365,0.932
2026-01-08T04:09:55.968Z,0.95,13,50.1,3.0,89.7,147,0.311,0.962
2026-01-08T04:10:55.970Z,0.8,59,55.1,3.0,89.6,341,0.426,0.852
2026-01-08T04:10:55.970Z,0.9,23,57.2,3.0,88.9,185,0.365,0.932
2026-01-08T04:10:55.970Z,0.95,13,50.1,3.0,89.7,147,0.311,0.962
2026-01-08T04:11:55.970Z,0.8,59,55.1,3.0,89.6,341,0.426,0.852
2026-01-08T04:11:55.970Z,0.9,23,57.2,3.0,88.9,185,0.365,0.932
2026-01-08T04:11:55.970Z,0.95,13,50.1,3.0,89.7,147,0.311,0.962
2026-01-08T04:12:55.973Z,0.8,60,55.5,3.0,89.6,338,0.427,0.851
2026-01-08T04:12:55.973Z,0.9,23,57.2,3.0,88.9,185,0.365,0.932
2026-01-08T04:12:55.973Z,0.95,13,50.1,3.0,89.7,147,0.311,0.962
2026-01-08T04:13:55.974Z,0.8,60,55.5,3.0,89.6,338,0.427,0.851
2026-01-08T04:13:55.974Z,0.9,23,57.2,3.0,88.9,185,0.365,0.932
2026-01-08T04:13:55.974Z,0.95,13,50.1,3.0,89.7,147,0.311,0.962
2026-01-08T04:14:55.977Z,0.8,60,55.5,3.0,89.6,338,0.427,0.851
2026-01-08T04:14:55.977Z,0.9,23,57.2,3.0,88.9,185,0.365,0.932
2026-01-08T04:14:55.977Z,0.95,13,50.1,3.0,89.7,147,0.311,0.962
2026-01-08T04:15:55.976Z,0.8,60,55.5,3.0,89.6,338,0.427,0.851
2026-01-08T04:15:55.976Z,0.9,23,57.2,3.0,88.9,185,0.365,0.932
2026-01-08T04:15:55.976Z,0.95,13,50.1,3.0,89.7,147,0.311,0.962
2026-01-08T04:16:55.974Z,0.8,60,55.5,3.0,89.6,338,0.427,0.851
2026-01-08T04:16:55.974Z,0.9,23,57.2,3.0,88.9,185,0.365,0.932
2026-01-08T04:16:55.974Z,0.95,13,50.1,3.0,89.7,147,0.311,0.962
2026-01-08T04:17:55.977Z,0.8,60,55.5,3.0,89.6,338,0.427,0.851
2026-01-08T04:17:55.977Z,0.9,23,57.2,3.0,88.9,185,0.365,0.932
2026-01-08T04:17:55.977Z,0.95,13,50.1,3.0,89.7,147,0.311,0.962
2026-01-08T04:18:55.979Z,0.8,60,55.5,3.0,89.6,338,0.427,0.851
2026-01-08T04:18:55.979Z,0.9,23,57.2,3.0,88.9,185,0.365,0.932
2026-01-08T04:18:55.979Z,0.95,13,50.1,3.0,89.7,147,0.311,0.962
2026-01-08T04:19:55.980Z,0.8,60,55.5,3.0,89.6,338,0.427,0.851
2026-01-08T04:19:55.980Z,0.9,23,57.2,3.0,88.9,185,0.365,0.932
2026-01-08T04:19:55.980Z,0.95,13,50.1,3.0,89.7,147,0.311,0.962
2026-01-08T04:20:55.982Z,0.8,60,55.5,3.0,89.6,338,0.427,0.851
2026-01-08T04:20:55.982Z,0.9,23,57.2,3.0,88.9,185,0.365,0.932
2026-01-08T04:20:55.982Z,0.95,13,50.1,3.0,89.7,147,0.311,0.962
2026-01-08T04:21:55.984Z,0.8,60,55.5,3.0,89.6,338,0.427,0.851
2026-01-08T04:21:55.984Z,0.9,23,57.2,3.0,88.9,185,0.365,0.932
2026-01-08T04:21:55.984Z,0.95,13,50.1,3.0,89.7,147,0.311,0.962
2026-01-08T04:22:55.981Z,0.8,60,55.5,3.0,89.6,338,0.427,0.851
2026-01-08T04:22:55.981Z,0.9,23,57.2,3.0,88.9,185,0.365,0.932
2026-01-08T04:22:55.981Z,0.95,13,50.1,3.0,89.7,147,0.311,0.962
2026-01-08T04:23:55.985Z,0.8,60,55.5,3.0,89.6,338,0.427,0.851
2026-01-08T04:23:55.985Z,0.9,23,57.2,3.0,88.9,185,0.365,0.932
2026-01-08T04:23:55.985Z,0.95,13,50.1,3.0,89.7,147,0.311,0.962
2026-01-08T04:24:55.984Z,0.8,60,55.5,3.0,89.6,338,0.427,0.851
2026-01-08T04:24:55.984Z,0.9,23,57.2,3.0,88.9,185,0.365,0.932
2026-01-08T04:24:55.984Z,0.95,13,50.1,3.0,89.7,147,0.311,0.962
2026-01-08T04:25:55.982Z,0.8,60,55.5,3.0,89.6,338,0.427,0.851
2026-01-08T04:25:55.982Z,0.9,23,57.2,3.0,88.9,185,0.365,0.932
2026-01-08T04:25:55.982Z,0.95,13,50.1,3.0,89.7,147,0.311,0.962
2026-01-08T04:26:55.986Z,0.8,60,55.5,3.0,89.6,338,0.427,0.851
2026-01-08T04:26:55.986Z,0.9,23,57.2,3.0,88.9,185,0.365,0.932
2026-01-08T04:26:55.986Z,0.95,13,50.1,3.0,89.7,147,0.311,0.962
2026-01-08T04:27:55.986Z,0.8,60,55.5,3.0,89.6,338,0.427,0.851
2026-01-08T04:27:55.986Z,0.9,23,57.2,3.0,88.9,185,0.365,0.932
2026-01-08T04:27:55.986Z,0.95,13,50.1,3.0,89.7,147,0.311,0.962
2026-01-08T04:28:55.984Z,0.8,60,55.5,3.0,89.6,338,0.427,0.851
2026-01-08T04:28:55.984Z,0.9,23,57.2,3.0,88.9,185,0.365,0.932
2026-01-08T04:28:55.984Z,0.95,13,50.1,3.0,89.7,147,0.311,0.962
2026-01-08T04:29:55.986Z,0.8,60,55.5,3.0,89.6,338,0.427,0.851
2026-01-08T04:29:55.986Z,0.9,23,57.2,3.0,88.9,185,0.365,0.932
2026-01-08T04:29:55.986Z,0.95,13,50.1,3.0,89.7,147,0.311,0.962
2026-01-08T04:30:55.988Z,0.8,60,55.5,3.0,89.6,338,0.427,0.851
2026-01-08T04:30:55.988Z,0.9,23,57.2,3.0,88.9,185,0.365,0.932
2026-01-08T04:30:55.988Z,0.95,13,50.1,3.0,89.7,147,0.311,0.962
2026-01-08T04:31:55.987Z,0.8,60,55.5,3.0,89.6,338,0.427,0.851
2026-01-08T04:31:55.987Z,0.9,23,57.2,3.0,88.9,185,0.365,0.932
2026-01-08T04:31:55.987Z,0.95,13,50.1,3.0,89.7,147,0.311,0.962
2026-01-08T04:32:55.991Z,0.8,60,55.5,3.0,89.6,338,0.427,0.851
2026-01-08T04:32:55.991Z,0.9,23,57.2,3.0,88.9,185,0.365,0.932
2026-01-08T04:32:55.991Z,0.95,13,50.1,3.0,89.7,147,0.311,0.962
2026-01-08T04:33:55.992Z,0.8,60,55.5,3.0,89.6,338,0.427,0.851
2026-01-08T04:33:55.992Z,0.9,23,57.2,3.0,88.9,185,0.365,0.932
2026-01-08T04:33:55.992Z,0.95,13,50.1,3.0,89.7,147,0.311,0.962
2026-01-08T04:34:55.993Z,0.8,60,55.5,3.0,89.6,338,0.427,0.851
2026-01-08T04:34:55.993Z,0.9,23,57.2,3.0,88.9,185,0.365,0.932
2026-01-08T04:34:55.993Z,0.95,13,50.1,3.0,89.7,147,0.311,0.962
2026-01-08T04:35:55.993Z,0.8,60,55.5,3.0,89.6,338,0.427,0.851
2026-01-08T04:35:55.993Z,0.9,23,57.2,3.0,88.9,185,0.365,0.932
2026-01-08T04:35:55.993Z,0.95,13,50.1,3.0,89.7,147,0.311,0.962
2026-01-08T04:36:55.995Z,0.8,60,55.5,3.0,89.6,338,0.427,0.851
2026-01-08T04:36:55.995Z,0.9,23,57.2,3.0,88.9,185,0.365,0.932
2026-01-08T04:36:55.995Z,0.95,13,50.1,3.0,89.7,147,0.311,0.962
2026-01-08T04:37:55.994Z,0.8,60,55.5,3.0,89.6,338,0.427,0.851
2026-01-08T04:37:55.994Z,0.9,23,57.2,3.0,88.9,185,0.365,0.932
2026-01-08T04:37:55.994Z,0.95,13,50.1,3.0,89.7,147,0.311,0.962
2026-01-08T04:38:55.994Z,0.8,60,55.5,3.0,89.6,338,0.427,0.851
2026-01-08T04:38:55.994Z,0.9,23,57.2,3.0,88.9,185,0.365,0.932
2026-01-08T04:38:55.994Z,0.95,13,50.1,3.0,89.7,147,0.311,0.962
2026-01-08T04:39:55.995Z,0.8,60,55.5,3.0,89.6,338,0.427,0.851
2026-01-08T04:39:55.995Z,0.9,23,57.2,3.0,88.9,185,0.365,0.932
2026-01-08T04:39:55.995Z,0.95,13,50.1,3.0,89.7,147,0.311,0.962
2026-01-08T04:40:55.997Z,0.8,60,55.5,3.0,89.6,338,0.427,0.851
2026-01-08T04:40:55.997Z,0.9,23,57.2,3.0,88.9,185,0.365,0.932
2026-01-08T04:40:55.997Z,0.95,13,50.1,3.0,89.7,147,0.311,0.962
2026-01-08T04:41:56.005Z,0.8,60,55.5,3.0,89.6,338,0.427,0.851
2026-01-08T04:41:56.005Z,0.9,23,57.2,3.0,88.9,185,0.365,0.932
2026-01-08T04:41:56.005Z,0.95,13,50.1,3.0,89.7,147,0.311,0.962
2026-01-08T04:42:56.005Z,0.8,60,55.5,3.0,89.6,338,0.427,0.851
2026-01-08T04:42:56.005Z,0.9,23,57.2,3.0,88.9,185,0.365,0.932
2026-01-08T04:42:56.005Z,0.95,13,50.1,3.0,89.7,147,0.311,0.962
2026-01-08T04:43:56.006Z,0.8,60,55.5,3.0,89.6,338,0.427,0.851
2026-01-08T04:43:56.006Z,0.9,23,57.2,3.0,88.9,185,0.365,0.932
2026-01-08T04:43:56.006Z,0.95,13,50.1,3.0,89.7,147,0.311,0.962
2026-01-08T04:44:56.009Z,0.8,63,55.0,3.0,89.6,324,0.410,0.852
2026-01-08T04:44:56.009Z,0.9,26,54.5,3.0,88.9,167,0.360,0.931
2026-01-08T04:44:56.009Z,0.95,14,48.6,3.0,89.7,138,0.314,0.961
2026-01-08T04:45:56.009Z,0.8,63,55.0,3.0,89.6,324,0.410,0.852
2026-01-08T04:45:56.009Z,0.9,26,54.5,3.0,88.9,167,0.360,0.931
2026-01-08T04:45:56.009Z,0.95,14,48.6,3.0,89.7,138,0.314,0.961
2026-01-08T04:46:56.012Z,0.8,63,55.0,3.0,89.6,324,0.410,0.852
2026-01-08T04:46:56.012Z,0.9,26,54.5,3.0,88.9,167,0.360,0.931
2026-01-08T04:46:56.012Z,0.95,14,48.6,3.0,89.7,138,0.314,0.961
2026-01-08T04:47:56.014Z,0.8,63,55.0,3.0,89.6,324,0.410,0.852
2026-01-08T04:47:56.014Z,0.9,26,54.5,3.0,88.9,167,0.360,0.931
2026-01-08T04:47:56.014Z,0.95,14,48.6,3.0,89.7,138,0.314,0.961
2026-01-08T04:48:56.017Z,0.8,63,55.0,3.0,89.6,324,0.410,0.852
2026-01-08T04:48:56.017Z,0.9,26,54.5,3.0,88.9,167,0.360,0.931
2026-01-08T04:48:56.017Z,0.95,14,48.6,3.0,89.7,138,0.314,0.961
2026-01-08T04:49:56.014Z,0.8,63,55.0,3.0,89.6,324,0.410,0.852
2026-01-08T04:49:56.014Z,0.9,26,54.5,3.0,88.9,167,0.360,0.931
2026-01-08T04:49:56.014Z,0.95,14,48.6,3.0,89.7,138,0.314,0.961
2026-01-08T04:50:56.016Z,0.8,63,55.0,3.0,89.6,324,0.410,0.852
2026-01-08T04:50:56.016Z,0.9,26,54.5,3.0,88.9,167,0.360,0.931
2026-01-08T04:50:56.016Z,0.95,14,48.6,3.0,89.7,138,0.314,0.961
2026-01-08T04:51:56.016Z,0.8,63,55.0,3.0,89.6,324,0.410,0.852
2026-01-08T04:51:56.016Z,0.9,26,54.5,3.0,88.9,167,0.360,0.931
2026-01-08T04:51:56.016Z,0.95,14,48.6,3.0,89.7,138,0.314,0.961
2026-01-08T04:52:56.020Z,0.8,63,55.0,3.0,89.6,324,0.410,0.852
2026-01-08T04:52:56.020Z,0.9,26,54.5,3.0,88.9,167,0.360,0.931
2026-01-08T04:52:56.020Z,0.95,14,48.6,3.0,89.7,138,0.314,0.961
2026-01-08T04:53:56.022Z,0.8,63,55.0,3.0,89.6,324,0.410,0.852
2026-01-08T04:53:56.022Z,0.9,26,54.5,3.0,88.9,167,0.360,0.931
2026-01-08T04:53:56.022Z,0.95,14,48.6,3.0,89.7,138,0.314,0.961
2026-01-08T04:54:56.022Z,0.8,63,55.0,3.0,89.6,324,0.410,0.852
2026-01-08T04:54:56.022Z,0.9,26,54.5,3.0,88.9,167,0.360,0.931
2026-01-08T04:54:56.022Z,0.95,14,48.6,3.0,89.7,138,0.314,0.961
2026-01-08T04:55:56.024Z,0.8,63,55.0,3.0,89.6,324,0.410,0.852
2026-01-08T04:55:56.024Z,0.9,26,54.5,3.0,88.9,167,0.360,0.931
2026-01-08T04:55:56.024Z,0.95,14,48.6,3.0,89.7,138,0.314,0.961
2026-01-08T04:56:56.025Z,0.8,63,55.0,3.0,89.6,324,0.410,0.852
2026-01-08T04:56:56.025Z,0.9,27,55.8,3.0,89.5,167,0.364,0.930
2026-01-08T04:56:56.025Z,0.95,14,48.6,3.0,89.7,138,0.314,0.961
2026-01-08T04:57:56.026Z,0.8,63,55.0,3.0,89.6,324,0.410,0.852
2026-01-08T04:57:56.026Z,0.9,27,55.8,3.0,89.5,167,0.364,0.930
2026-01-08T04:57:56.026Z,0.95,14,48.6,3.0,89.7,138,0.314,0.961
2026-01-08T04:58:56.024Z,0.8,63,55.0,3.0,89.6,324,0.410,0.852
2026-01-08T04:58:56.024Z,0.9,27,55.8,3.0,89.5,167,0.364,0.930
2026-01-08T04:58:56.024Z,0.95,14,48.6,3.0,89.7,138,0.314,0.961
2026-01-08T04:59:56.027Z,0.8,63,55.0,3.0,89.6,324,0.410,0.852
2026-01-08T04:59:56.027Z,0.9,27,55.8,3.0,89.5,167,0.364,0.930
2026-01-08T04:59:56.027Z,0.95,14,48.6,3.0,89.7,138,0.314,0.961
2026-01-08T05:00:56.029Z,0.8,63,55.0,3.0,89.6,324,0.410,0.852
2026-01-08T05:00:56.029Z,0.9,27,55.8,3.0,89.5,167,0.364,0.930
2026-01-08T05:00:56.029Z,0.95,14,48.6,3.0,89.7,138,0.314,0.961
2026-01-08T05:01:56.029Z,0.8,63,55.0,3.0,89.6,324,0.410,0.852
2026-01-08T05:01:56.029Z,0.9,27,55.8,3.0,89.5,167,0.364,0.930
2026-01-08T05:01:56.029Z,0.95,14,48.6,3.0,89.7,138,0.314,0.961
2026-01-08T05:02:56.030Z,0.8,63,55.0,3.0,89.6,324,0.410,0.852
2026-01-08T05:02:56.030Z,0.9,27,55.8,3.0,89.5,167,0.364,0.930
2026-01-08T05:02:56.030Z,0.95,14,48.6,3.0,89.7,138,0.314,0.961
2026-01-08T05:03:56.029Z,0.8,64,55.6,3.0,89.6,329,0.411,0.851
2026-01-08T05:03:56.029Z,0.9,27,55.8,3.0,89.5,167,0.364,0.930
2026-01-08T05:03:56.029Z,0.95,14,48.6,3.0,89.7,138,0.314,0.961
2026-01-08T05:04:56.028Z,0.8,65,55.8,3.0,89.6,334,0.411,0.851
2026-01-08T05:04:56.028Z,0.9,27,55.8,3.0,89.5,167,0.364,0.930
2026-01-08T05:04:56.028Z,0.95,14,48.6,3.0,89.7,138,0.314,0.961
2026-01-08T05:05:56.033Z,0.8,65,55.8,3.0,89.6,334,0.411,0.851
2026-01-08T05:05:56.033Z,0.9,27,55.8,3.0,89.5,167,0.364,0.930
2026-01-08T05:05:56.033Z,0.95,14,48.6,3.0,89.7,138,0.314,0.961
2026-01-08T05:06:56.033Z,0.8,65,55.8,3.0,89.6,334,0.411,0.851
2026-01-08T05:06:56.033Z,0.9,27,55.8,3.0,89.5,167,0.364,0.930
2026-01-08T05:06:56.033Z,0.95,14,48.6,3.0,89.7,138,0.314,0.961
2026-01-08T05:07:56.033Z,0.8,65,55.8,3.0,89.6,334,0.411,0.851
2026-01-08T05:07:56.033Z,0.9,27,55.8,3.0,89.5,167,0.364,0.930
2026-01-08T05:07:56.033Z,0.95,14,48.6,3.0,89.7,138,0.314,0.961
2026-01-08T05:08:56.039Z,0.8,65,55.8,3.0,89.6,334,0.411,0.851
2026-01-08T05:08:56.039Z,0.9,27,55.8,3.0,89.5,167,0.364,0.930
2026-01-08T05:08:56.039Z,0.95,14,48.6,3.0,89.7,138,0.314,0.961
2026-01-08T05:09:56.035Z,0.8,65,55.8,3.0,89.6,334,0.411,0.851
2026-01-08T05:09:56.035Z,0.9,27,55.8,3.0,89.5,167,0.364,0.930
2026-01-08T05:09:56.035Z,0.95,14,48.6,3.0,89.7,138,0.314,0.961
2026-01-08T05:10:56.043Z,0.8,65,55.8,3.0,89.6,334,0.411,0.851
2026-01-08T05:10:56.043Z,0.9,27,55.8,3.0,89.5,167,0.364,0.930
2026-01-08T05:10:56.043Z,0.95,14,48.6,3.0,89.7,138,0.314,0.961
2026-01-08T05:11:56.041Z,0.8,65,55.8,3.0,89.6,334,0.411,0.851
2026-01-08T05:11:56.041Z,0.9,27,55.8,3.0,89.5,167,0.364,0.930
2026-01-08T05:11:56.041Z,0.95,14,48.6,3.0,89.7,138,0.314,0.961
2026-01-08T05:12:56.046Z,0.8,65,55.8,3.0,89.6,334,0.411,0.851
2026-01-08T05:12:56.046Z,0.9,27,55.8,3.0,89.5,167,0.364,0.930
2026-01-08T05:12:56.046Z,0.95,14,48.6,3.0,89.7,138,0.314,0.961
2026-01-08T05:13:56.042Z,0.8,65,55.8,3.0,89.6,334,0.411,0.851
2026-01-08T05:13:56.042Z,0.9,27,55.8,3.0,89.5,167,0.364,0.930
2026-01-08T05:13:56.042Z,0.95,14,48.6,3.0,89.7,138,0.314,0.961
2026-01-08T05:14:56.045Z,0.8,65,55.8,3.0,89.6,334,0.411,0.851
2026-01-08T05:14:56.045Z,0.9,27,55.8,3.0,89.5,167,0.364,0.930
2026-01-08T05:14:56.045Z,0.95,15,51.2,3.0,89.7,129,0.325,0.961
2026-01-08T05:15:56.048Z,0.8,66,56.0,3.0,89.6,329,0.412,0.852
2026-01-08T05:15:56.048Z,0.9,28,56.1,3.0,89.5,161,0.366,0.931
2026-01-08T05:15:56.048Z,0.95,16,52.0,3.0,89.7,121,0.331,0.961
2026-01-08T05:16:56.049Z,0.8,66,56.0,3.0,89.6,329,0.412,0.852
2026-01-08T05:16:56.049Z,0.9,28,56.1,3.0,89.5,161,0.366,0.931
2026-01-08T05:16:56.049Z,0.95,16,52.0,3.0,89.7,121,0.331,0.961
2026-01-08T05:17:56.058Z,0.8,66,56.0,3.0,89.6,329,0.412,0.852
2026-01-08T05:17:56.058Z,0.9,28,56.1,3.0,89.5,161,0.366,0.931
2026-01-08T05:17:56.058Z,0.95,16,52.0,3.0,89.7,121,0.331,0.961
2026-01-08T05:18:56.049Z,0.8,66,56.0,3.0,89.6,329,0.412,0.852
2026-01-08T05:18:56.049Z,0.9,28,56.1,3.0,89.5,161,0.366,0.931
2026-01-08T05:18:56.049Z,0.95,16,52.0,3.0,89.7,121,0.331,0.961
2026-01-08T05:19:56.053Z,0.8,66,56.0,3.0,89.6,329,0.412,0.852
2026-01-08T05:19:56.053Z,0.9,28,56.1,3.0,89.5,161,0.366,0.931
2026-01-08T05:19:56.053Z,0.95,16,52.0,3.0,89.7,121,0.331,0.961
2026-01-08T05:20:56.054Z,0.8,66,56.0,3.0,89.6,329,0.412,0.852
2026-01-08T05:20:56.054Z,0.9,28,56.1,3.0,89.5,161,0.366,0.931
2026-01-08T05:20:56.054Z,0.95,16,52.0,3.0,89.7,121,0.331,0.961
2026-01-08T05:21:56.052Z,0.8,66,56.0,3.0,89.6,329,0.412,0.852
2026-01-08T05:21:56.052Z,0.9,28,56.1,3.0,89.5,161,0.366,0.931
2026-01-08T05:21:56.052Z,0.95,16,52.0,3.0,89.7,121,0.331,0.961
2026-01-08T05:22:56.057Z,0.8,66,56.0,3.0,89.6,329,0.412,0.852
2026-01-08T05:22:56.057Z,0.9,28,56.1,3.0,89.5,161,0.366,0.931
2026-01-08T05:22:56.057Z,0.95,16,52.0,3.0,89.7,121,0.331,0.961
2026-01-08T05:23:56.057Z,0.8,66,56.0,3.0,89.6,329,0.412,0.852
2026-01-08T05:23:56.057Z,0.9,28,56.1,3.0,89.5,161,0.366,0.931
2026-01-08T05:23:56.057Z,0.95,16,52.0,3.0,89.7,121,0.331,0.961
2026-01-08T05:24:56.052Z,0.8,66,56.0,3.0,89.6,329,0.412,0.852
2026-01-08T05:24:56.052Z,0.9,28,56.1,3.0,89.5,161,0.366,0.931
2026-01-08T05:24:56.052Z,0.95,16,52.0,3.0,89.7,121,0.331,0.961
2026-01-08T05:25:56.057Z,0.8,66,56.0,3.0,89.6,329,0.412,0.852
2026-01-08T05:25:56.057Z,0.9,28,56.1,3.0,89.5,161,0.366,0.931
2026-01-08T05:25:56.057Z,0.95,16,52.0,3.0,89.7,121,0.331,0.961
2026-01-08T05:26:56.057Z,0.8,66,56.0,3.0,89.6,329,0.412,0.852
2026-01-08T05:26:56.057Z,0.9,28,56.1,3.0,89.5,161,0.366,0.931
2026-01-08T05:26:56.057Z,0.95,16,52.0,3.0,89.7,121,0.331,0.961
2026-01-08T05:27:56.058Z,0.8,66,56.0,3.0,89.6,329,0.412,0.852
2026-01-08T05:27:56.058Z,0.9,28,56.1,3.0,89.5,161,0.366,0.931
2026-01-08T05:27:56.058Z,0.95,16,52.0,3.0,89.7,121,0.331,0.961
2026-01-08T05:28:56.059Z,0.8,66,56.0,3.0,89.6,329,0.412,0.852
2026-01-08T05:28:56.059Z,0.9,28,56.1,3.0,89.5,161,0.366,0.931
2026-01-08T05:28:56.059Z,0.95,16,52.0,3.0,89.7,121,0.331,0.961
2026-01-08T05:29:56.060Z,0.8,66,56.0,3.0,89.6,329,0.412,0.852
2026-01-08T05:29:56.060Z,0.9,28,56.1,3.0,89.5,161,0.366,0.931
2026-01-08T05:29:56.060Z,0.95,16,52.0,3.0,89.7,121,0.331,0.961
2026-01-08T05:30:56.064Z,0.8,66,56.0,3.0,89.6,329,0.412,0.852
2026-01-08T05:30:56.064Z,0.9,28,56.1,3.0,89.5,161,0.366,0.931
2026-01-08T05:30:56.064Z,0.95,16,52.0,3.0,89.7,121,0.331,0.961
2026-01-08T05:31:56.064Z,0.8,66,56.0,3.0,89.6,329,0.412,0.852
2026-01-08T05:31:56.064Z,0.9,28,56.1,3.0,89.5,161,0.366,0.931
2026-01-08T05:31:56.064Z,0.95,16,52.0,3.0,89.7,121,0.331,0.961
2026-01-08T05:32:56.066Z,0.8,66,56.0,3.0,89.6,329,0.412,0.852
2026-01-08T05:32:56.066Z,0.9,28,56.1,3.0,89.5,161,0.366,0.931
2026-01-08T05:32:56.066Z,0.95,16,52.0,3.0,89.7,121,0.331,0.961
2026-01-08T05:33:56.069Z,0.8,66,56.0,3.0,89.6,329,0.412,0.852
2026-01-08T05:33:56.069Z,0.9,28,56.1,3.0,89.5,161,0.366,0.931
2026-01-08T05:33:56.069Z,0.95,16,52.0,3.0,89.7,121,0.331,0.961
2026-01-08T05:34:56.070Z,0.8,66,56.0,3.0,89.6,329,0.412,0.852
2026-01-08T05:34:56.070Z,0.9,28,56.1,3.0,89.5,161,0.366,0.931
2026-01-08T05:34:56.070Z,0.95,16,52.0,3.0,89.7,121,0.331,0.961
2026-01-08T05:35:56.069Z,0.8,66,56.0,3.0,89.6,329,0.412,0.852
2026-01-08T05:35:56.069Z,0.9,28,56.1,3.0,89.5,161,0.366,0.931
2026-01-08T05:35:56.069Z,0.95,16,52.0,3.0,89.7,121,0.331,0.961
2026-01-08T05:36:56.071Z,0.8,66,56.0,3.0,89.6,329,0.412,0.852
2026-01-08T05:36:56.071Z,0.9,28,56.1,3.0,89.5,161,0.366,0.931
2026-01-08T05:36:56.071Z,0.95,16,52.0,3.0,89.7,121,0.331,0.961
2026-01-08T05:37:56.073Z,0.8,66,56.0,3.0,89.6,329,0.412,0.852
2026-01-08T05:37:56.073Z,0.9,28,56.1,3.0,89.5,161,0.366,0.931
2026-01-08T05:37:56.073Z,0.95,16,52.0,3.0,89.7,121,0.331,0.961
2026-01-08T05:38:56.073Z,0.8,66,56.0,3.0,89.6,329,0.412,0.852
2026-01-08T05:38:56.073Z,0.9,28,56.1,3.0,89.5,161,0.366,0.931
2026-01-08T05:38:56.073Z,0.95,16,52.0,3.0,89.7,121,0.331,0.961
2026-01-08T05:39:56.073Z,0.8,66,56.0,3.0,89.6,329,0.412,0.852
2026-01-08T05:39:56.073Z,0.9,28,56.1,3.0,89.5,161,0.366,0.931
2026-01-08T05:39:56.073Z,0.95,16,52.0,3.0,89.7,121,0.331,0.961
2026-01-08T05:40:56.075Z,0.8,66,56.0,3.0,89.6,329,0.412,0.852
2026-01-08T05:40:56.075Z,0.9,28,56.1,3.0,89.5,161,0.366,0.931
2026-01-08T05:40:56.075Z,0.95,16,52.0,3.0,89.7,121,0.331,0.961
2026-01-08T05:41:56.076Z,0.8,66,56.0,3.0,89.6,329,0.412,0.852
2026-01-08T05:41:56.076Z,0.9,28,56.1,3.0,89.5,161,0.366,0.931
2026-01-08T05:41:56.076Z,0.95,16,52.0,3.0,89.7,121,0.331,0.961
2026-01-08T05:42:56.077Z,0.8,67,55.5,3.0,89.6,327,0.412,0.851
2026-01-08T05:42:56.077Z,0.9,28,56.1,3.0,89.5,161,0.366,0.931
2026-01-08T05:42:56.077Z,0.95,16,52.0,3.0,89.7,121,0.331,0.961
2026-01-08T05:43:56.076Z,0.8,67,55.5,3.0,89.6,327,0.412,0.851
2026-01-08T05:43:56.076Z,0.9,28,56.1,3.0,89.5,161,0.366,0.931
2026-01-08T05:43:56.076Z,0.95,16,52.0,3.0,89.7,121,0.331,0.961
2026-01-08T05:44:56.079Z,0.8,67,55.5,3.0,89.6,327,0.412,0.851
2026-01-08T05:44:56.079Z,0.9,28,56.1,3.0,89.5,161,0.366,0.931
2026-01-08T05:44:56.079Z,0.95,16,52.0,3.0,89.7,121,0.331,0.961
2026-01-08T05:45:56.078Z,0.8,67,55.5,3.0,89.6,327,0.412,0.851
2026-01-08T05:45:56.078Z,0.9,28,56.1,3.0,89.5,161,0.366,0.931
2026-01-08T05:45:56.078Z,0.95,16,52.0,3.0,89.7,121,0.331,0.961
2026-01-08T05:46:56.080Z,0.8,67,55.5,3.0,89.6,327,0.412,0.851
2026-01-08T05:46:56.080Z,0.9,28,56.1,3.0,89.5,161,0.366,0.931
2026-01-08T05:46:56.080Z,0.95,16,52.0,3.0,89.7,121,0.331,0.961
2026-01-08T05:47:56.080Z,0.8,67,55.5,3.0,89.6,327,0.412,0.851
2026-01-08T05:47:56.080Z,0.9,28,56.1,3.0,89.5,161,0.366,0.931
2026-01-08T05:47:56.080Z,0.95,16,52.0,3.0,89.7,121,0.331,0.961
2026-01-08T05:48:56.079Z,0.8,67,55.5,3.0,89.6,327,0.412,0.851
2026-01-08T05:48:56.079Z,0.9,28,56.1,3.0,89.5,161,0.366,0.931
2026-01-08T05:48:56.079Z,0.95,16,52.0,3.0,89.7,121,0.331,0.961
2026-01-08T05:49:56.083Z,0.8,67,55.5,3.0,89.6,327,0.412,0.851
2026-01-08T05:49:56.083Z,0.9,28,56.1,3.0,89.5,161,0.366,0.931
2026-01-08T05:49:56.083Z,0.95,16,52.0,3.0,89.7,121,0.331,0.961
2026-01-08T05:50:56.084Z,0.8,67,55.5,3.0,89.6,327,0.412,0.851
2026-01-08T05:50:56.084Z,0.9,28,56.1,3.0,89.5,161,0.366,0.931
2026-01-08T05:50:56.084Z,0.95,16,52.0,3.0,89.7,121,0.331,0.961
2026-01-08T05:51:56.085Z,0.8,67,55.5,3.0,89.6,327,0.412,0.851
2026-01-08T05:51:56.085Z,0.9,28,56.1,3.0,89.5,161,0.366,0.931
2026-01-08T05:51:56.085Z,0.95,16,52.0,3.0,89.7,121,0.331,0.961
2026-01-08T05:52:56.088Z,0.8,69,56.4,3.0,89.6,330,0.412,0.850
2026-01-08T05:52:56.088Z,0.9,29,57.0,3.0,89.5,171,0.369,0.930
2026-01-08T05:52:56.088Z,0.95,16,52.0,3.0,89.7,121,0.331,0.961
2026-01-08T05:53:56.093Z,0.8,69,56.4,3.0,89.6,330,0.412,0.850
2026-01-08T05:53:56.093Z,0.9,30,57.9,3.0,89.5,179,0.371,0.930
2026-01-08T05:53:56.093Z,0.95,16,52.0,3.0,89.7,121,0.331,0.961
2026-01-08T05:54:56.091Z,0.8,69,56.4,3.0,89.6,330,0.412,0.850
2026-01-08T05:54:56.091Z,0.9,30,57.9,3.0,89.5,179,0.371,0.930
2026-01-08T05:54:56.091Z,0.95,16,52.0,3.0,89.7,121,0.331,0.961
2026-01-08T05:55:56.093Z,0.8,69,56.4,3.0,89.6,330,0.412,0.850
2026-01-08T05:55:56.093Z,0.9,30,57.9,3.0,89.5,179,0.371,0.930
2026-01-08T05:55:56.093Z,0.95,16,52.0,3.0,89.7,121,0.331,0.961
2026-01-08T05:56:56.095Z,0.8,69,56.4,3.0,89.6,330,0.412,0.850
2026-01-08T05:56:56.095Z,0.9,30,57.9,3.0,89.5,179,0.371,0.930
2026-01-08T05:56:56.095Z,0.95,16,52.0,3.0,89.7,121,0.331,0.961
2026-01-08T05:57:56.094Z,0.8,69,56.4,3.0,89.6,330,0.412,0.850
2026-01-08T05:57:56.094Z,0.9,30,57.9,3.0,89.5,179,0.371,0.930
2026-01-08T05:57:56.094Z,0.95,16,52.0,3.0,89.7,121,0.331,0.961
2026-01-08T05:58:56.096Z,0.8,69,56.4,3.0,89.6,330,0.412,0.850
2026-01-08T05:58:56.096Z,0.9,30,57.9,3.0,89.5,179,0.371,0.930
2026-01-08T05:58:56.096Z,0.95,16,52.0,3.0,89.7,121,0.331,0.961
2026-01-08T05:59:56.097Z,0.8,69,56.4,3.0,89.6,330,0.412,0.850
2026-01-08T05:59:56.097Z,0.9,30,57.9,3.0,89.5,179,0.371,0.930
2026-01-08T05:59:56.097Z,0.95,16,52.0,3.0,89.7,121,0.331,0.961
2026-01-08T06:00:56.096Z,0.8,69,56.4,3.0,89.6,330,0.412,0.850
2026-01-08T06:00:56.096Z,0.9,30,57.9,3.0,89.5,179,0.371,0.930
2026-01-08T06:00:56.096Z,0.95,16,52.0,3.0,89.7,121,0.331,0.961
2026-01-08T06:01:56.097Z,0.8,69,56.4,3.0,89.6,330,0.412,0.850
2026-01-08T06:01:56.097Z,0.9,30,57.9,3.0,89.5,179,0.371,0.930
2026-01-08T06:01:56.097Z,0.95,16,52.0,3.0,89.7,121,0.331,0.961
2026-01-08T06:02:56.098Z,0.8,69,56.4,3.0,89.6,330,0.412,0.850
2026-01-08T06:02:56.098Z,0.9,30,57.9,3.0,89.5,179,0.371,0.930
2026-01-08T06:02:56.098Z,0.95,16,52.0,3.0,89.7,121,0.331,0.961
2026-01-08T06:03:56.096Z,0.8,69,56.4,3.0,89.6,330,0.412,0.850
2026-01-08T06:03:56.096Z,0.9,30,57.9,3.0,89.5,179,0.371,0.930
2026-01-08T06:03:56.096Z,0.95,16,52.0,3.0,89.7,121,0.331,0.961
2026-01-08T06:04:56.098Z,0.8,69,56.4,3.0,89.6,330,0.412,0.850
2026-01-08T06:04:56.098Z,0.9,30,57.9,3.0,89.5,179,0.371,0.930
2026-01-08T06:04:56.098Z,0.95,16,52.0,3.0,89.7,121,0.331,0.961
2026-01-08T06:05:56.100Z,0.8,69,56.4,3.0,89.6,330,0.412,0.850
2026-01-08T06:05:56.100Z,0.9,30,57.9,3.0,89.5,179,0.371,0.930
2026-01-08T06:05:56.100Z,0.95,16,52.0,3.0,89.7,121,0.331,0.961
2026-01-08T06:06:56.103Z,0.8,69,56.4,3.0,89.6,330,0.412,0.850
2026-01-08T06:06:56.103Z,0.9,30,57.9,3.0,89.5,179,0.371,0.930
2026-01-08T06:06:56.103Z,0.95,16,52.0,3.0,89.7,121,0.331,0.961
2026-01-08T06:07:56.100Z,0.8,69,56.4,3.0,89.6,330,0.412,0.850
2026-01-08T06:07:56.100Z,0.9,30,57.9,3.0,89.5,179,0.371,0.930
2026-01-08T06:07:56.100Z,0.95,16,52.0,3.0,89.7,121,0.331,0.961
2026-01-08T06:08:56.103Z,0.8,69,56.4,3.0,89.6,330,0.412,0.850
2026-01-08T06:08:56.103Z,0.9,30,57.9,3.0,89.5,179,0.371,0.930
2026-01-08T06:08:56.103Z,0.95,16,52.0,3.0,89.7,121,0.331,0.961
2026-01-08T06:09:56.106Z,0.8,69,56.4,3.0,89.6,330,0.412,0.850
2026-01-08T06:09:56.106Z,0.9,30,57.9,3.0,89.5,179,0.371,0.930
2026-01-08T06:09:56.106Z,0.95,16,52.0,3.0,89.7,121,0.331,0.961
2026-01-08T06:10:56.106Z,0.8,69,56.4,3.0,89.6,330,0.412,0.850
2026-01-08T06:10:56.106Z,0.9,30,57.9,3.0,89.5,179,0.371,0.930
2026-01-08T06:10:56.106Z,0.95,16,52.0,3.0,89.7,121,0.331,0.961
2026-01-08T06:11:56.108Z,0.8,69,56.4,3.0,89.6,330,0.412,0.850
2026-01-08T06:11:56.108Z,0.9,30,57.9,3.0,89.5,179,0.371,0.930
2026-01-08T06:11:56.108Z,0.95,16,52.0,3.0,89.7,121,0.331,0.961
2026-01-08T06:12:56.107Z,0.8,69,56.4,3.0,89.6,330,0.412,0.850
2026-01-08T06:12:56.107Z,0.9,30,57.9,3.0,89.5,179,0.371,0.930
2026-01-08T06:12:56.107Z,0.95,16,52.0,3.0,89.7,121,0.331,0.961
2026-01-08T06:13:56.112Z,0.8,69,56.4,3.0,89.6,330,0.412,0.850
2026-01-08T06:13:56.112Z,0.9,30,57.9,3.0,89.5,179,0.371,0.930
2026-01-08T06:13:56.112Z,0.95,16,52.0,3.0,89.7,121,0.331,0.961
2026-01-08T06:14:56.113Z,0.8,69,56.4,3.0,89.6,330,0.412,0.850
2026-01-08T06:14:56.113Z,0.9,30,57.9,3.0,89.5,179,0.371,0.930
2026-01-08T06:14:56.113Z,0.95,16,52.0,3.0,89.7,121,0.331,0.961
2026-01-08T06:15:56.112Z,0.8,69,56.4,3.0,89.6,330,0.412,0.850
2026-01-08T06:15:56.112Z,0.9,30,57.9,3.0,89.5,179,0.371,0.930
2026-01-08T06:15:56.112Z,0.95,16,52.0,3.0,89.7,121,0.331,0.961
2026-01-08T06:16:56.115Z,0.8,69,56.4,3.0,89.6,330,0.412,0.850
2026-01-08T06:16:56.115Z,0.9,30,57.9,3.0,89.5,179,0.371,0.930
2026-01-08T06:16:56.115Z,0.95,16,52.0,3.0,89.7,121,0.331,0.961
2026-01-08T06:17:56.115Z,0.8,69,56.4,3.0,89.6,330,0.412,0.850
2026-01-08T06:17:56.115Z,0.9,30,57.9,3.0,89.5,179,0.371,0.930
2026-01-08T06:17:56.115Z,0.95,16,52.0,3.0,89.7,121,0.331,0.961
2026-01-08T06:18:56.120Z,0.8,69,56.4,3.0,89.6,330,0.412,0.850
2026-01-08T06:18:56.120Z,0.9,30,57.9,3.0,89.5,179,0.371,0.930
2026-01-08T06:18:56.120Z,0.95,16,52.0,3.0,89.7,121,0.331,0.961
2026-01-08T06:19:56.118Z,0.8,69,56.4,3.0,89.6,330,0.412,0.850
2026-01-08T06:19:56.118Z,0.9,30,57.9,3.0,89.5,179,0.371,0.930
2026-01-08T06:19:56.118Z,0.95,16,52.0,3.0,89.7,121,0.331,0.961
2026-01-08T06:20:56.118Z,0.8,69,56.4,3.0,89.6,330,0.412,0.850
2026-01-08T06:20:56.118Z,0.9,30,57.9,3.0,89.5,179,0.371,0.930
2026-01-08T06:20:56.118Z,0.95,16,52.0,3.0,89.7,121,0.331,0.961
2026-01-08T06:21:56.118Z,0.8,69,56.4,3.0,89.6,330,0.412,0.850
2026-01-08T06:21:56.118Z,0.9,30,57.9,3.0,89.5,179,0.371,0.930
2026-01-08T06:21:56.118Z,0.95,16,52.0,3.0,89.7,121,0.331,0.961
2026-01-08T06:22:56.119Z,0.8,69,56.4,3.0,89.6,330,0.412,0.850
2026-01-08T06:22:56.119Z,0.9,30,57.9,3.0,89.5,179,0.371,0.930
2026-01-08T06:22:56.119Z,0.95,16,52.0,3.0,89.7,121,0.331,0.961
2026-01-08T06:23:56.119Z,0.8,69,56.4,3.0,89.6,330,0.412,0.850
2026-01-08T06:23:56.119Z,0.9,30,57.9,3.0,89.5,179,0.371,0.930
2026-01-08T06:23:56.119Z,0.95,16,52.0,3.0,89.7,121,0.331,0.961
2026-01-08T06:24:56.119Z,0.8,69,56.4,3.0,89.6,330,0.412,0.850
2026-01-08T06:24:56.119Z,0.9,30,57.9,3.0,89.5,179,0.371,0.930
2026-01-08T06:24:56.119Z,0.95,16,52.0,3.0,89.7,121,0.331,0.961
2026-01-08T06:25:56.123Z,0.8,69,56.4,3.0,89.6,330,0.412,0.850
2026-01-08T06:25:56.123Z,0.9,30,57.9,3.0,89.5,179,0.371,0.930
2026-01-08T06:25:56.123Z,0.95,16,52.0,3.0,89.7,121,0.331,0.961
2026-01-08T06:26:56.124Z,0.8,69,56.4,3.0,89.6,330,0.412,0.850
2026-01-08T06:26:56.124Z,0.9,30,57.9,3.0,89.5,179,0.371,0.930
2026-01-08T06:26:56.124Z,0.95,16,52.0,3.0,89.7,121,0.331,0.961
2026-01-08T06:27:56.126Z,0.8,69,56.4,3.0,89.6,330,0.412,0.850
2026-01-08T06:27:56.126Z,0.9,30,57.9,3.0,89.5,179,0.371,0.930
2026-01-08T06:27:56.126Z,0.95,16,52.0,3.0,89.7,121,0.331,0.961
2026-01-08T06:28:56.124Z,0.8,69,56.4,3.0,89.6,330,0.412,0.850
2026-01-08T06:28:56.124Z,0.9,30,57.9,3.0,89.5,179,0.371,0.930
2026-01-08T06:28:56.124Z,0.95,16,52.0,3.0,89.7,121,0.331,0.961
2026-01-08T06:29:56.127Z,0.8,69,56.4,3.0,89.6,330,0.412,0.850
2026-01-08T06:29:56.127Z,0.9,30,57.9,3.0,89.5,179,0.371,0.930
2026-01-08T06:29:56.127Z,0.95,16,52.0,3.0,89.7,121,0.331,0.961
2026-01-08T06:30:56.127Z,0.8,69,56.4,3.0,89.6,330,0.412,0.850
2026-01-08T06:30:56.127Z,0.9,30,57.9,3.0,89.5,179,0.371,0.930
2026-01-08T06:30:56.127Z,0.95,16,52.0,3.0,89.7,121,0.331,0.961
2026-01-08T06:31:56.130Z,0.8,69,56.4,3.0,89.6,330,0.412,0.850
2026-01-08T06:31:56.130Z,0.9,30,57.9,3.0,89.5,179,0.371,0.930
2026-01-08T06:31:56.130Z,0.95,16,52.0,3.0,89.7,121,0.331,0.961
2026-01-08T06:32:56.134Z,0.8,69,56.4,3.0,89.6,330,0.412,0.850
2026-01-08T06:32:56.134Z,0.9,30,57.9,3.0,89.5,179,0.371,0.930
2026-01-08T06:32:56.134Z,0.95,16,52.0,3.0,89.7,121,0.331,0.961
2026-01-08T06:33:56.133Z,0.8,69,56.4,3.0,89.6,330,0.412,0.850
2026-01-08T06:33:56.133Z,0.9,30,57.9,3.0,89.5,179,0.371,0.930
2026-01-08T06:33:56.133Z,0.95,16,52.0,3.0,89.7,121,0.331,0.961
2026-01-08T06:34:56.133Z,0.8,69,56.4,3.0,89.6,330,0.412,0.850
2026-01-08T06:34:56.133Z,0.9,30,57.9,3.0,89.5,179,0.371,0.930
2026-01-08T06:34:56.133Z,0.95,16,52.0,3.0,89.7,121,0.331,0.961
2026-01-08T06:35:56.134Z,0.8,69,56.4,3.0,89.6,330,0.412,0.850
2026-01-08T06:35:56.134Z,0.9,30,57.9,3.0,89.5,179,0.371,0.930
2026-01-08T06:35:56.134Z,0.95,16,52.0,3.0,89.7,121,0.331,0.961
2026-01-08T06:36:56.132Z,0.8,69,56.4,3.0,89.6,330,0.412,0.850
2026-01-08T06:36:56.132Z,0.9,30,57.9,3.0,89.5,179,0.371,0.930
2026-01-08T06:36:56.132Z,0.95,16,52.0,3.0,89.7,121,0.331,0.961
2026-01-08T06:37:56.134Z,0.8,70,56.0,3.0,89.6,332,0.413,0.850
2026-01-08T06:37:56.134Z,0.9,30,57.9,3.0,89.5,179,0.371,0.930
2026-01-08T06:37:56.134Z,0.95,16,52.0,3.0,89.7,121,0.331,0.961
2026-01-08T06:38:56.137Z,0.8,70,56.0,3.0,89.6,332,0.413,0.850
2026-01-08T06:38:56.137Z,0.9,30,57.9,3.0,89.5,179,0.371,0.930
2026-01-08T06:38:56.137Z,0.95,16,52.0,3.0,89.7,121,0.331,0.961
2026-01-08T06:39:56.137Z,0.8,70,56.0,3.0,89.6,332,0.413,0.850
2026-01-08T06:39:56.137Z,0.9,30,57.9,3.0,89.5,179,0.371,0.930
2026-01-08T06:39:56.137Z,0.95,16,52.0,3.0,89.7,121,0.331,0.961
2026-01-08T06:40:56.136Z,0.8,70,56.0,3.0,89.6,332,0.413,0.850
2026-01-08T06:40:56.136Z,0.9,30,57.9,3.0,89.5,179,0.371,0.930
2026-01-08T06:40:56.136Z,0.95,16,52.0,3.0,89.7,121,0.331,0.961
2026-01-08T06:41:56.135Z,0.8,70,56.0,3.0,89.6,332,0.413,0.850
2026-01-08T06:41:56.135Z,0.9,30,57.9,3.0,89.5,179,0.371,0.930
2026-01-08T06:41:56.135Z,0.95,16,52.0,3.0,89.7,121,0.331,0.961
2026-01-08T06:42:56.135Z,0.8,70,56.0,3.0,89.6,332,0.413,0.850
2026-01-08T06:42:56.135Z,0.9,30,57.9,3.0,89.5,179,0.371,0.930
2026-01-08T06:42:56.135Z,0.95,16,52.0,3.0,89.7,121,0.331,0.961
2026-01-08T06:43:56.137Z,0.8,70,56.0,3.0,89.6,332,0.413,0.850
2026-01-08T06:43:56.137Z,0.9,30,57.9,3.0,89.5,179,0.371,0.930
2026-01-08T06:43:56.137Z,0.95,16,52.0,3.0,89.7,121,0.331,0.961
2026-01-08T06:44:56.137Z,0.8,70,56.0,3.0,89.6,332,0.413,0.850
2026-01-08T06:44:56.137Z,0.9,30,57.9,3.0,89.5,179,0.371,0.930
2026-01-08T06:44:56.137Z,0.95,16,52.0,3.0,89.7,121,0.331,0.961
2026-01-08T06:45:56.136Z,0.8,70,56.0,3.0,89.6,332,0.413,0.850
2026-01-08T06:45:56.136Z,0.9,30,57.9,3.0,89.5,179,0.371,0.930
2026-01-08T06:45:56.136Z,0.95,16,52.0,3.0,89.7,121,0.331,0.961
2026-01-08T06:46:56.137Z,0.8,70,56.0,3.0,89.6,332,0.413,0.850
2026-01-08T06:46:56.137Z,0.9,30,57.9,3.0,89.5,179,0.371,0.930
2026-01-08T06:46:56.137Z,0.95,16,52.0,3.0,89.7,121,0.331,0.961
2026-01-08T06:47:56.135Z,0.8,70,56.0,3.0,89.6,332,0.413,0.850
2026-01-08T06:47:56.135Z,0.9,30,57.9,3.0,89.5,179,0.371,0.930
2026-01-08T06:47:56.135Z,0.95,16,52.0,3.0,89.7,121,0.331,0.961
2026-01-08T06:48:56.136Z,0.8,70,56.0,3.0,89.6,332,0.413,0.850
2026-01-08T06:48:56.136Z,0.9,30,57.9,3.0,89.5,179,0.371,0.930
2026-01-08T06:48:56.136Z,0.95,16,52.0,3.0,89.7,121,0.331,0.961
2026-01-08T06:49:56.136Z,0.8,70,56.0,3.0,89.6,332,0.413,0.850
2026-01-08T06:49:56.136Z,0.9,30,57.9,3.0,89.5,179,0.371,0.930
2026-01-08T06:49:56.136Z,0.95,16,52.0,3.0,89.7,121,0.331,0.961
2026-01-08T06:50:56.138Z,0.8,71,56.5,3.0,89.6,335,0.414,0.849
2026-01-08T06:50:56.138Z,0.9,30,57.9,3.0,89.5,179,0.371,0.930
2026-01-08T06:50:56.138Z,0.95,16,52.0,3.0,89.7,121,0.331,0.961
2026-01-08T06:51:56.135Z,0.8,72,56.3,3.0,89.6,338,0.415,0.849
2026-01-08T06:51:56.135Z,0.9,30,57.9,3.0,89.5,179,0.371,0.930
2026-01-08T06:51:56.135Z,0.95,16,52.0,3.0,89.7,121,0.331,0.961
2026-01-08T06:52:56.133Z,0.8,72,56.3,3.0,89.6,338,0.415,0.849
2026-01-08T06:52:56.133Z,0.9,30,57.9,3.0,89.5,179,0.371,0.930
2026-01-08T06:52:56.133Z,0.95,16,52.0,3.0,89.7,121,0.331,0.961
2026-01-08T06:53:56.134Z,0.8,72,56.3,3.0,89.6,338,0.415,0.849
2026-01-08T06:53:56.134Z,0.9,30,57.9,3.0,89.5,179,0.371,0.930
2026-01-08T06:53:56.134Z,0.95,16,52.0,3.0,89.7,121,0.331,0.961
2026-01-08T06:54:56.135Z,0.8,72,56.3,3.0,89.6,338,0.415,0.849
2026-01-08T06:54:56.135Z,0.9,30,57.9,3.0,89.5,179,0.371,0.930
2026-01-08T06:54:56.135Z,0.95,16,52.0,3.0,89.7,121,0.331,0.961
2026-01-08T06:55:56.135Z,0.8,72,56.3,3.0,89.6,338,0.415,0.849
2026-01-08T06:55:56.135Z,0.9,30,57.9,3.0,89.5,179,0.371,0.930
2026-01-08T06:55:56.135Z,0.95,16,52.0,3.0,89.7,121,0.331,0.961
2026-01-08T06:56:56.134Z,0.8,72,56.3,3.0,89.6,338,0.415,0.849
2026-01-08T06:56:56.134Z,0.9,30,57.9,3.0,89.5,179,0.371,0.930
2026-01-08T06:56:56.134Z,0.95,16,52.0,3.0,89.7,121,0.331,0.961
2026-01-08T06:57:56.135Z,0.8,72,56.3,3.0,89.6,338,0.415,0.849
2026-01-08T06:57:56.135Z,0.9,30,57.9,3.0,89.5,179,0.371,0.930
2026-01-08T06:57:56.135Z,0.95,16,52.0,3.0,89.7,121,0.331,0.961
2026-01-08T06:58:56.134Z,0.8,72,56.3,3.0,89.6,338,0.415,0.849
2026-01-08T06:58:56.134Z,0.9,30,57.9,3.0,89.5,179,0.371,0.930
2026-01-08T06:58:56.134Z,0.95,16,52.0,3.0,89.7,121,0.331,0.961
2026-01-08T06:59:56.135Z,0.8,72,56.3,3.0,89.6,338,0.415,0.849
2026-01-08T06:59:56.135Z,0.9,30,57.9,3.0,89.5,179,0.371,0.930
2026-01-08T06:59:56.135Z,0.95,16,52.0,3.0,89.7,121,0.331,0.961
2026-01-08T07:00:56.130Z,0.8,72,56.3,3.0,89.6,338,0.415,0.849
2026-01-08T07:00:56.130Z,0.9,30,57.9,3.0,89.5,179,0.371,0.930
2026-01-08T07:00:56.130Z,0.95,16,52.0,3.0,89.7,121,0.331,0.961
2026-01-08T07:01:56.133Z,0.8,76,57.0,3.0,89.6,362,0.414,0.851
2026-01-08T07:01:56.133Z,0.9,35,59.2,3.0,89.5,267,0.377,0.926
2026-01-08T07:01:56.133Z,0.95,16,52.0,3.0,89.7,121,0.331,0.961
2026-01-08T07:02:56.131Z,0.8,76,57.0,3.0,89.6,362,0.414,0.851
2026-01-08T07:02:56.131Z,0.9,35,59.2,3.0,89.5,267,0.377,0.926
2026-01-08T07:02:56.131Z,0.95,16,52.0,3.0,89.7,121,0.331,0.961
2026-01-08T07:03:56.136Z,0.8,76,57.0,3.0,89.6,362,0.414,0.851
2026-01-08T07:03:56.136Z,0.9,35,59.2,3.0,89.5,267,0.377,0.926
2026-01-08T07:03:56.136Z,0.95,16,52.0,3.0,89.7,121,0.331,0.961
2026-01-08T07:04:56.138Z,0.8,76,57.0,3.0,89.6,362,0.414,0.851
2026-01-08T07:04:56.138Z,0.9,35,59.2,3.0,89.5,267,0.377,0.926
2026-01-08T07:04:56.138Z,0.95,16,52.0,3.0,89.7,121,0.331,0.961
2026-01-08T07:05:56.140Z,0.8,76,57.0,3.0,89.6,362,0.414,0.851
2026-01-08T07:05:56.140Z,0.9,35,59.2,3.0,89.5,267,0.377,0.926
2026-01-08T07:05:56.140Z,0.95,16,52.0,3.0,89.7,121,0.331,0.961
2026-01-08T07:06:56.141Z,0.8,76,57.0,3.0,89.6,362,0.414,0.851
2026-01-08T07:06:56.141Z,0.9,35,59.2,3.0,89.5,267,0.377,0.926
2026-01-08T07:06:56.141Z,0.95,16,52.0,3.0,89.7,121,0.331,0.961
2026-01-08T07:07:56.139Z,0.8,76,57.0,3.0,89.6,362,0.414,0.851
2026-01-08T07:07:56.139Z,0.9,35,59.2,3.0,89.5,267,0.377,0.926
2026-01-08T07:07:56.139Z,0.95,16,52.0,3.0,89.7,121,0.331,0.961
2026-01-08T07:08:56.143Z,0.8,76,57.0,3.0,89.6,362,0.414,0.851
2026-01-08T07:08:56.143Z,0.9,35,59.2,3.0,89.5,267,0.377,0.926
2026-01-08T07:08:56.143Z,0.95,16,52.0,3.0,89.7,121,0.331,0.961
2026-01-08T07:09:56.140Z,0.8,76,57.0,3.0,89.6,362,0.414,0.851
2026-01-08T07:09:56.140Z,0.9,35,59.2,3.0,89.5,267,0.377,0.926
2026-01-08T07:09:56.140Z,0.95,16,52.0,3.0,89.7,121,0.331,0.961
2026-01-08T07:10:56.138Z,0.8,76,57.0,3.0,89.6,362,0.414,0.851
2026-01-08T07:10:56.138Z,0.9,35,59.2,3.0,89.5,267,0.377,0.926
2026-01-08T07:10:56.138Z,0.95,16,52.0,3.0,89.7,121,0.331,0.961
2026-01-08T07:11:56.137Z,0.8,76,57.0,3.0,89.6,362,0.414,0.851
2026-01-08T07:11:56.137Z,0.9,35,59.2,3.0,89.5,267,0.377,0.926
2026-01-08T07:11:56.137Z,0.95,16,52.0,3.0,89.7,121,0.331,0.961
2026-01-08T07:12:56.139Z,0.8,76,57.0,3.0,89.6,362,0.414,0.851
2026-01-08T07:12:56.139Z,0.9,35,59.2,3.0,89.5,267,0.377,0.926
2026-01-08T07:12:56.139Z,0.95,16,52.0,3.0,89.7,121,0.331,0.961
2026-01-08T07:13:56.143Z,0.8,76,57.0,3.0,89.6,362,0.414,0.851
2026-01-08T07:13:56.143Z,0.9,35,59.2,3.0,89.5,267,0.377,0.926
2026-01-08T07:13:56.143Z,0.95,16,52.0,3.0,89.7,121,0.331,0.961
2026-01-08T07:14:56.145Z,0.8,76,57.0,3.0,89.6,362,0.414,0.851
2026-01-08T07:14:56.145Z,0.9,35,59.2,3.0,89.5,267,0.377,0.926
2026-01-08T07:14:56.145Z,0.95,16,52.0,3.0,89.7,121,0.331,0.961
2026-01-08T07:15:56.143Z,0.8,76,57.0,3.0,89.6,362,0.414,0.851
2026-01-08T07:15:56.143Z,0.9,35,59.2,3.0,89.5,267,0.377,0.926
2026-01-08T07:15:56.143Z,0.95,16,52.0,3.0,89.7,121,0.331,0.961
2026-01-08T07:16:56.147Z,0.8,76,57.0,3.0,89.6,362,0.414,0.851
2026-01-08T07:16:56.147Z,0.9,35,59.2,3.0,89.5,267,0.377,0.926
2026-01-08T07:16:56.147Z,0.95,16,52.0,3.0,89.7,121,0.331,0.961
2026-01-08T07:17:56.146Z,0.8,76,57.0,3.0,89.6,362,0.414,0.851
2026-01-08T07:17:56.146Z,0.9,35,59.2,3.0,89.5,267,0.377,0.926
2026-01-08T07:17:56.146Z,0.95,16,52.0,3.0,89.7,121,0.331,0.961
2026-01-08T07:18:56.154Z,0.8,76,57.0,3.0,89.6,362,0.414,0.851
2026-01-08T07:18:56.154Z,0.9,35,59.2,3.0,89.5,267,0.377,0.926
2026-01-08T07:18:56.154Z,0.95,16,52.0,3.0,89.7,121,0.331,0.961
2026-01-08T07:19:56.158Z,0.8,76,57.0,3.0,89.6,362,0.414,0.851
2026-01-08T07:19:56.158Z,0.9,35,59.2,3.0,89.5,267,0.377,0.926
2026-01-08T07:19:56.158Z,0.95,16,52.0,3.0,89.7,121,0.331,0.961
2026-01-08T07:20:56.155Z,0.8,76,57.0,3.0,89.6,362,0.414,0.851
2026-01-08T07:20:56.155Z,0.9,35,59.2,3.0,89.5,267,0.377,0.926
2026-01-08T07:20:56.155Z,0.95,16,52.0,3.0,89.7,121,0.331,0.961
2026-01-08T07:21:56.155Z,0.8,76,57.0,3.0,89.6,362,0.414,0.851
2026-01-08T07:21:56.155Z,0.9,35,59.2,3.0,89.5,267,0.377,0.926
2026-01-08T07:21:56.155Z,0.95,16,52.0,3.0,89.7,121,0.331,0.961
2026-01-08T07:22:56.157Z,0.8,76,57.0,3.0,89.6,362,0.414,0.851
2026-01-08T07:22:56.157Z,0.9,35,59.2,3.0,89.5,267,0.377,0.926
2026-01-08T07:22:56.157Z,0.95,16,52.0,3.0,89.7,121,0.331,0.961
2026-01-08T07:23:56.158Z,0.8,77,56.5,3.0,89.6,362,0.415,0.851
2026-01-08T07:23:56.158Z,0.9,35,59.2,3.0,89.5,267,0.377,0.926
2026-01-08T07:23:56.158Z,0.95,16,52.0,3.0,89.7,121,0.331,0.961
2026-01-08T07:24:56.194Z,0.8,77,56.5,3.0,89.6,362,0.415,0.851
2026-01-08T07:24:56.194Z,0.9,35,59.2,3.0,89.5,267,0.377,0.926
2026-01-08T07:24:56.194Z,0.95,16,52.0,3.0,89.7,121,0.331,0.961
2026-01-08T07:25:56.162Z,0.8,77,56.5,3.0,89.6,362,0.415,0.851
2026-01-08T07:25:56.162Z,0.9,35,59.2,3.0,89.5,267,0.377,0.926
2026-01-08T07:25:56.162Z,0.95,16,52.0,3.0,89.7,121,0.331,0.961
2026-01-08T07:26:56.162Z,0.8,77,56.5,3.0,89.6,362,0.415,0.851
2026-01-08T07:26:56.162Z,0.9,35,59.2,3.0,89.5,267,0.377,0.926
2026-01-08T07:26:56.162Z,0.95,16,52.0,3.0,89.7,121,0.331,0.961
2026-01-08T07:27:56.163Z,0.8,77,56.5,3.0,89.6,362,0.415,0.851
2026-01-08T07:27:56.163Z,0.9,35,59.2,3.0,89.5,267,0.377,0.926
2026-01-08T07:27:56.163Z,0.95,16,52.0,3.0,89.7,121,0.331,0.961
2026-01-08T07:28:56.166Z,0.8,77,56.5,3.0,89.6,362,0.415,0.851
2026-01-08T07:28:56.166Z,0.9,35,59.2,3.0,89.5,267,0.377,0.926
2026-01-08T07:28:56.166Z,0.95,16,52.0,3.0,89.7,121,0.331,0.961
2026-01-08T07:29:56.167Z,0.8,80,56.9,3.0,89.6,350,0.414,0.854
2026-01-08T07:29:56.167Z,0.9,37,60.2,3.0,89.5,255,0.376,0.926
2026-01-08T07:29:56.167Z,0.95,18,52.7,3.0,89.7,111,0.348,0.961
2026-01-08T07:30:56.169Z,0.8,80,56.9,3.0,89.6,350,0.414,0.854
2026-01-08T07:30:56.169Z,0.9,37,60.2,3.0,89.5,255,0.376,0.926
2026-01-08T07:30:56.169Z,0.95,18,52.7,3.0,89.7,111,0.348,0.961
2026-01-08T07:31:56.170Z,0.8,80,56.9,3.0,89.6,350,0.414,0.854
2026-01-08T07:31:56.170Z,0.9,37,60.2,3.0,89.5,255,0.376,0.926
2026-01-08T07:31:56.170Z,0.95,18,52.7,3.0,89.7,111,0.348,0.961
2026-01-08T07:32:56.172Z,0.8,80,56.9,3.0,89.6,350,0.414,0.854
2026-01-08T07:32:56.172Z,0.9,37,60.2,3.0,89.5,255,0.376,0.926
2026-01-08T07:32:56.172Z,0.95,18,52.7,3.0,89.7,111,0.348,0.961
2026-01-08T07:33:56.173Z,0.8,80,56.9,3.0,89.6,350,0.414,0.854
2026-01-08T07:33:56.173Z,0.9,37,60.2,3.0,89.5,255,0.376,0.926
2026-01-08T07:33:56.173Z,0.95,18,52.7,3.0,89.7,111,0.348,0.961
2026-01-08T07:34:56.173Z,0.8,80,56.9,3.0,89.6,350,0.414,0.854
2026-01-08T07:34:56.173Z,0.9,37,60.2,3.0,89.5,255,0.376,0.926
2026-01-08T07:34:56.173Z,0.95,18,52.7,3.0,89.7,111,0.348,0.961
2026-01-08T07:35:56.173Z,0.8,80,56.9,3.0,89.6,350,0.414,0.854
2026-01-08T07:35:56.173Z,0.9,37,60.2,3.0,89.5,255,0.376,0.926
2026-01-08T07:35:56.173Z,0.95,18,52.7,3.0,89.7,111,0.348,0.961
2026-01-08T07:36:56.171Z,0.8,80,56.9,3.0,89.6,350,0.414,0.854
2026-01-08T07:36:56.171Z,0.9,37,60.2,3.0,89.5,255,0.376,0.926
2026-01-08T07:36:56.171Z,0.95,18,52.7,3.0,89.7,111,0.348,0.961
2026-01-08T07:37:56.172Z,0.8,80,56.9,3.0,89.6,350,0.414,0.854
2026-01-08T07:37:56.172Z,0.9,37,60.2,3.0,89.5,255,0.376,0.926
2026-01-08T07:37:56.172Z,0.95,18,52.7,3.0,89.7,111,0.348,0.961
2026-01-08T07:38:56.173Z,0.8,80,56.9,3.0,89.6,350,0.414,0.854
2026-01-08T07:38:56.173Z,0.9,37,60.2,3.0,89.5,255,0.376,0.926
2026-01-08T07:38:56.173Z,0.95,18,52.7,3.0,89.7,111,0.348,0.961
2026-01-08T07:39:56.173Z,0.8,80,56.9,3.0,89.6,350,0.414,0.854
2026-01-08T07:39:56.173Z,0.9,37,60.2,3.0,89.5,255,0.376,0.926
2026-01-08T07:39:56.173Z,0.95,18,52.7,3.0,89.7,111,0.348,0.961
2026-01-08T07:40:56.172Z,0.8,80,56.9,3.0,89.6,350,0.414,0.854
2026-01-08T07:40:56.172Z,0.9,37,60.2,3.0,89.5,255,0.376,0.926
2026-01-08T07:40:56.172Z,0.95,18,52.7,3.0,89.7,111,0.348,0.961
2026-01-08T07:41:56.173Z,0.8,80,56.9,3.0,89.6,350,0.414,0.854
2026-01-08T07:41:56.173Z,0.9,37,60.2,3.0,89.5,255,0.376,0.926
2026-01-08T07:41:56.173Z,0.95,18,52.7,3.0,89.7,111,0.348,0.961
2026-01-08T07:42:56.174Z,0.8,80,56.9,3.0,89.6,350,0.414,0.854
2026-01-08T07:42:56.174Z,0.9,37,60.2,3.0,89.5,255,0.376,0.926
2026-01-08T07:42:56.174Z,0.95,18,52.7,3.0,89.7,111,0.348,0.961
2026-01-08T07:43:56.174Z,0.8,81,57.3,3.0,89.6,347,0.414,0.854
2026-01-08T07:43:56.174Z,0.9,37,60.2,3.0,89.5,255,0.376,0.926
2026-01-08T07:43:56.174Z,0.95,18,52.7,3.0,89.7,111,0.348,0.961
2026-01-08T07:44:56.173Z,0.8,82,57.6,3.0,89.6,343,0.415,0.854
2026-01-08T07:44:56.173Z,0.9,37,60.2,3.0,89.5,255,0.376,0.926
2026-01-08T07:44:56.173Z,0.95,18,52.7,3.0,89.7,111,0.348,0.961
2026-01-08T07:45:56.175Z,0.8,82,57.6,3.0,89.6,343,0.415,0.854
2026-01-08T07:45:56.175Z,0.9,37,60.2,3.0,89.5,255,0.376,0.926
2026-01-08T07:45:56.175Z,0.95,18,52.7,3.0,89.7,111,0.348,0.961
2026-01-08T07:46:56.175Z,0.8,82,57.6,3.0,89.6,343,0.415,0.854
2026-01-08T07:46:56.175Z,0.9,37,60.2,3.0,89.5,255,0.376,0.926
2026-01-08T07:46:56.175Z,0.95,18,52.7,3.0,89.7,111,0.348,0.961
2026-01-08T07:47:56.174Z,0.8,82,57.6,3.0,89.6,343,0.415,0.854
2026-01-08T07:47:56.174Z,0.9,37,60.2,3.0,89.5,255,0.376,0.926
2026-01-08T07:47:56.174Z,0.95,18,52.7,3.0,89.7,111,0.348,0.961
2026-01-08T07:48:56.175Z,0.8,82,57.6,3.0,89.6,343,0.415,0.854
2026-01-08T07:48:56.175Z,0.9,37,60.2,3.0,89.5,255,0.376,0.926
2026-01-08T07:48:56.175Z,0.95,18,52.7,3.0,89.7,111,0.348,0.961
2026-01-08T07:49:56.174Z,0.8,82,57.6,3.0,89.6,343,0.415,0.854
2026-01-08T07:49:56.174Z,0.9,37,60.2,3.0,89.5,255,0.376,0.926
2026-01-08T07:49:56.174Z,0.95,18,52.7,3.0,89.7,111,0.348,0.961
2026-01-08T07:50:56.174Z,0.8,82,57.6,3.0,89.6,343,0.415,0.854
2026-01-08T07:50:56.174Z,0.9,37,60.2,3.0,89.5,255,0.376,0.926
2026-01-08T07:50:56.174Z,0.95,18,52.7,3.0,89.7,111,0.348,0.961
2026-01-08T07:51:56.172Z,0.8,82,57.6,3.0,89.6,343,0.415,0.854
2026-01-08T07:51:56.172Z,0.9,37,60.2,3.0,89.5,255,0.376,0.926
2026-01-08T07:51:56.172Z,0.95,18,52.7,3.0,89.7,111,0.348,0.961
2026-01-08T07:52:56.174Z,0.8,82,57.6,3.0,89.6,343,0.415,0.854
2026-01-08T07:52:56.174Z,0.9,37,60.2,3.0,89.5,255,0.376,0.926
2026-01-08T07:52:56.174Z,0.95,18,52.7,3.0,89.7,111,0.348,0.961
2026-01-08T07:53:56.174Z,0.8,82,57.6,3.0,89.6,343,0.415,0.854
2026-01-08T07:53:56.174Z,0.9,37,60.2,3.0,89.5,255,0.376,0.926
2026-01-08T07:53:56.174Z,0.95,18,52.7,3.0,89.7,111,0.348,0.961
2026-01-08T07:54:56.174Z,0.8,82,57.6,3.0,89.6,343,0.415,0.854
2026-01-08T07:54:56.174Z,0.9,37,60.2,3.0,89.5,255,0.376,0.926
2026-01-08T07:54:56.174Z,0.95,18,52.7,3.0,89.7,111,0.348,0.961
2026-01-08T07:55:56.177Z,0.8,82,57.6,3.0,89.6,343,0.415,0.854
2026-01-08T07:55:56.177Z,0.9,37,60.2,3.0,89.5,255,0.376,0.926
2026-01-08T07:55:56.177Z,0.95,18,52.7,3.0,89.7,111,0.348,0.961
2026-01-08T07:56:56.174Z,0.8,82,57.6,3.0,89.6,343,0.415,0.854
2026-01-08T07:56:56.174Z,0.9,37,60.2,3.0,89.5,255,0.376,0.926
2026-01-08T07:56:56.174Z,0.95,18,52.7,3.0,89.7,111,0.348,0.961
2026-01-08T07:57:56.173Z,0.8,82,57.6,3.0,89.6,343,0.415,0.854
2026-01-08T07:57:56.173Z,0.9,37,60.2,3.0,89.5,255,0.376,0.926
2026-01-08T07:57:56.173Z,0.95,18,52.7,3.0,89.7,111,0.348,0.961
2026-01-08T07:58:56.173Z,0.8,82,57.6,3.0,89.6,343,0.415,0.854
2026-01-08T07:58:56.173Z,0.9,37,60.2,3.0,89.5,255,0.376,0.926
2026-01-08T07:58:56.173Z,0.95,18,52.7,3.0,89.7,111,0.348,0.961
2026-01-08T07:59:56.174Z,0.8,82,57.6,3.0,89.6,343,0.415,0.854
2026-01-08T07:59:56.174Z,0.9,37,60.2,3.0,89.5,255,0.376,0.926
2026-01-08T07:59:56.174Z,0.95,18,52.7,3.0,89.7,111,0.348,0.961
2026-01-08T08:00:56.175Z,0.8,82,57.6,3.0,89.6,343,0.415,0.854
2026-01-08T08:00:56.175Z,0.9,37,60.2,3.0,89.5,255,0.376,0.926
2026-01-08T08:00:56.175Z,0.95,18,52.7,3.0,89.7,111,0.348,0.961
2026-01-08T08:01:56.174Z,0.8,82,57.6,3.0,89.6,343,0.415,0.854
2026-01-08T08:01:56.174Z,0.9,37,60.2,3.0,89.5,255,0.376,0.926
2026-01-08T08:01:56.174Z,0.95,18,52.7,3.0,89.7,111,0.348,0.961
2026-01-08T08:02:56.174Z,0.8,82,57.6,3.0,89.6,343,0.415,0.854
2026-01-08T08:02:56.174Z,0.9,37,60.2,3.0,89.5,255,0.376,0.926
2026-01-08T08:02:56.174Z,0.95,18,52.7,3.0,89.7,111,0.348,0.961
2026-01-08T08:03:56.172Z,0.8,82,57.6,3.0,89.6,343,0.415,0.854
2026-01-08T08:03:56.172Z,0.9,37,60.2,3.0,89.5,255,0.376,0.926
2026-01-08T08:03:56.172Z,0.95,18,52.7,3.0,89.7,111,0.348,0.961
2026-01-08T08:04:56.174Z,0.8,82,57.6,3.0,89.6,343,0.415,0.854
2026-01-08T08:04:56.174Z,0.9,37,60.2,3.0,89.5,255,0.376,0.926
2026-01-08T08:04:56.174Z,0.95,18,52.7,3.0,89.7,111,0.348,0.961
2026-01-08T08:05:56.171Z,0.8,82,57.6,3.0,89.6,343,0.415,0.854
2026-01-08T08:05:56.171Z,0.9,37,60.2,3.0,89.5,255,0.376,0.926
2026-01-08T08:05:56.171Z,0.95,18,52.7,3.0,89.7,111,0.348,0.961
2026-01-08T08:06:56.173Z,0.8,82,57.6,3.0,89.6,343,0.415,0.854
2026-01-08T08:06:56.173Z,0.9,37,60.2,3.0,89.5,255,0.376,0.926
2026-01-08T08:06:56.173Z,0.95,18,52.7,3.0,89.7,111,0.348,0.961
2026-01-08T08:07:56.174Z,0.8,82,57.6,3.0,89.6,343,0.415,0.854
2026-01-08T08:07:56.174Z,0.9,37,60.2,3.0,89.5,255,0.376,0.926
2026-01-08T08:07:56.174Z,0.95,18,52.7,3.0,89.7,111,0.348,0.961
2026-01-08T08:08:56.174Z,0.8,82,57.6,3.0,89.6,343,0.415,0.854
2026-01-08T08:08:56.174Z,0.9,37,60.2,3.0,89.5,255,0.376,0.926
2026-01-08T08:08:56.174Z,0.95,18,52.7,3.0,89.7,111,0.348,0.961
2026-01-08T08:09:56.177Z,0.8,82,57.6,3.0,89.6,343,0.415,0.854
2026-01-08T08:09:56.177Z,0.9,37,60.2,3.0,89.5,255,0.376,0.926
2026-01-08T08:09:56.177Z,0.95,18,52.7,3.0,89.7,111,0.348,0.961
2026-01-08T08:10:56.174Z,0.8,82,57.6,3.0,89.6,343,0.415,0.854
2026-01-08T08:10:56.174Z,0.9,37,60.2,3.0,89.5,255,0.376,0.926
2026-01-08T08:10:56.174Z,0.95,18,52.7,3.0,89.7,111,0.348,0.961
2026-01-08T08:11:56.175Z,0.8,83,57.7,3.0,89.6,342,0.416,0.853
2026-01-08T08:11:56.175Z,0.9,37,60.2,3.0,89.5,255,0.376,0.926
2026-01-08T08:11:56.175Z,0.95,18,52.7,3.0,89.7,111,0.348,0.961
2026-01-08T08:12:56.175Z,0.8,83,57.7,3.0,89.6,342,0.416,0.853
2026-01-08T08:12:56.175Z,0.9,37,60.2,3.0,89.5,255,0.376,0.926
2026-01-08T08:12:56.175Z,0.95,18,52.7,3.0,89.7,111,0.348,0.961
2026-01-08T08:13:56.175Z,0.8,84,57.8,3.0,89.6,339,0.415,0.853
2026-01-08T08:13:56.175Z,0.9,37,60.2,3.0,89.5,255,0.376,0.926
2026-01-08T08:13:56.175Z,0.95,18,52.7,3.0,89.7,111,0.348,0.961
2026-01-08T08:14:56.176Z,0.8,84,57.8,3.0,89.6,339,0.415,0.853
2026-01-08T08:14:56.176Z,0.9,37,60.2,3.0,89.5,255,0.376,0.926
2026-01-08T08:14:56.176Z,0.95,18,52.7,3.0,89.7,111,0.348,0.961
2026-01-08T08:15:56.176Z,0.8,84,57.8,3.0,89.6,339,0.415,0.853
2026-01-08T08:15:56.176Z,0.9,37,60.2,3.0,89.5,255,0.376,0.926
2026-01-08T08:15:56.176Z,0.95,18,52.7,3.0,89.7,111,0.348,0.961
2026-01-08T08:16:56.174Z,0.8,84,57.8,3.0,89.6,339,0.415,0.853
2026-01-08T08:16:56.174Z,0.9,37,60.2,3.0,89.5,255,0.376,0.926
2026-01-08T08:16:56.174Z,0.95,18,52.7,3.0,89.7,111,0.348,0.961
2026-01-08T08:17:56.176Z,0.8,84,57.8,3.0,89.6,339,0.415,0.853
2026-01-08T08:17:56.176Z,0.9,37,60.2,3.0,89.5,255,0.376,0.926
2026-01-08T08:17:56.176Z,0.95,18,52.7,3.0,89.7,111,0.348,0.961
2026-01-08T08:18:56.175Z,0.8,84,57.8,3.0,89.6,339,0.415,0.853
2026-01-08T08:18:56.175Z,0.9,37,60.2,3.0,89.5,255,0.376,0.926
2026-01-08T08:18:56.175Z,0.95,18,52.7,3.0,89.7,111,0.348,0.961
2026-01-08T08:19:56.175Z,0.8,84,57.8,3.0,89.6,339,0.415,0.853
2026-01-08T08:19:56.175Z,0.9,37,60.2,3.0,89.5,255,0.376,0.926
2026-01-08T08:19:56.175Z,0.95,18,52.7,3.0,89.7,111,0.348,0.961
2026-01-08T08:20:56.176Z,0.8,84,57.8,3.0,89.6,339,0.415,0.853
2026-01-08T08:20:56.176Z,0.9,37,60.2,3.0,89.5,255,0.376,0.926
2026-01-08T08:20:56.176Z,0.95,18,52.7,3.0,89.7,111,0.348,0.961
2026-01-08T08:21:56.174Z,0.8,84,57.8,3.0,89.6,339,0.415,0.853
2026-01-08T08:21:56.174Z,0.9,37,60.2,3.0,89.5,255,0.376,0.926
2026-01-08T08:21:56.174Z,0.95,18,52.7,3.0,89.7,111,0.348,0.961
2026-01-08T08:22:56.178Z,0.8,84,57.8,3.0,89.6,339,0.415,0.853
2026-01-08T08:22:56.178Z,0.9,37,60.2,3.0,89.5,255,0.376,0.926
2026-01-08T08:22:56.178Z,0.95,18,52.7,3.0,89.7,111,0.348,0.961
2026-01-08T08:23:56.171Z,0.8,84,57.8,3.0,89.6,339,0.415,0.853
2026-01-08T08:23:56.171Z,0.9,37,60.2,3.0,89.5,255,0.376,0.926
2026-01-08T08:23:56.171Z,0.95,18,52.7,3.0,89.7,111,0.348,0.961
2026-01-08T08:24:56.177Z,0.8,84,57.8,3.0,89.6,339,0.415,0.853
2026-01-08T08:24:56.177Z,0.9,37,60.2,3.0,89.5,255,0.376,0.926
2026-01-08T08:24:56.177Z,0.95,18,52.7,3.0,89.7,111,0.348,0.961
2026-01-08T08:25:56.175Z,0.8,84,57.8,3.0,89.6,339,0.415,0.853
2026-01-08T08:25:56.175Z,0.9,37,60.2,3.0,89.5,255,0.376,0.926
2026-01-08T08:25:56.175Z,0.95,18,52.7,3.0,89.7,111,0.348,0.961
2026-01-08T08:26:56.174Z,0.8,84,57.8,3.0,89.6,339,0.415,0.853
2026-01-08T08:26:56.174Z,0.9,37,60.2,3.0,89.5,255,0.376,0.926
2026-01-08T08:26:56.174Z,0.95,18,52.7,3.0,89.7,111,0.348,0.961
2026-01-08T08:27:56.175Z,0.8,84,57.8,3.0,89.6,339,0.415,0.853
2026-01-08T08:27:56.175Z,0.9,37,60.2,3.0,89.5,255,0.376,0.926
2026-01-08T08:27:56.175Z,0.95,18,52.7,3.0,89.7,111,0.348,0.961
2026-01-08T08:28:56.174Z,0.8,84,57.8,3.0,89.6,339,0.415,0.853
2026-01-08T08:28:56.174Z,0.9,37,60.2,3.0,89.5,255,0.376,0.926
2026-01-08T08:28:56.174Z,0.95,18,52.7,3.0,89.7,111,0.348,0.961
2026-01-08T08:29:56.175Z,0.8,84,57.8,3.0,89.6,339,0.415,0.853
2026-01-08T08:29:56.175Z,0.9,37,60.2,3.0,89.5,255,0.376,0.926
2026-01-08T08:29:56.175Z,0.95,18,52.7,3.0,89.7,111,0.348,0.961
2026-01-08T08:30:56.176Z,0.8,84,57.8,3.0,89.6,339,0.415,0.853
2026-01-08T08:30:56.176Z,0.9,37,60.2,3.0,89.5,255,0.376,0.926
2026-01-08T08:30:56.176Z,0.95,18,52.7,3.0,89.7,111,0.348,0.961
2026-01-08T08:31:56.175Z,0.8,84,57.8,3.0,89.6,339,0.415,0.853
2026-01-08T08:31:56.175Z,0.9,37,60.2,3.0,89.5,255,0.376,0.926
2026-01-08T08:31:56.175Z,0.95,18,52.7,3.0,89.7,111,0.348,0.961
2026-01-08T08:32:56.176Z,0.8,84,57.8,3.0,89.6,339,0.415,0.853
2026-01-08T08:32:56.176Z,0.9,37,60.2,3.0,89.5,255,0.376,0.926
2026-01-08T08:32:56.176Z,0.95,18,52.7,3.0,89.7,111,0.348,0.961
2026-01-08T08:33:56.177Z,0.8,84,57.8,3.0,89.6,339,0.415,0.853
2026-01-08T08:33:56.177Z,0.9,37,60.2,3.0,89.5,255,0.376,0.926
2026-01-08T08:33:56.177Z,0.95,18,52.7,3.0,89.7,111,0.348,0.961
2026-01-08T08:34:56.178Z,0.8,84,57.8,3.0,89.6,339,0.415,0.853
2026-01-08T08:34:56.178Z,0.9,37,60.2,3.0,89.5,255,0.376,0.926
2026-01-08T08:34:56.178Z,0.95,18,52.7,3.0,89.7,111,0.348,0.961
2026-01-08T08:35:56.189Z,0.8,84,57.8,3.0,89.6,339,0.415,0.853
2026-01-08T08:35:56.189Z,0.9,37,60.2,3.0,89.5,255,0.376,0.926
2026-01-08T08:35:56.189Z,0.95,18,52.7,3.0,89.7,111,0.348,0.961
2026-01-08T08:36:56.176Z,0.8,84,57.8,3.0,89.6,339,0.415,0.853
2026-01-08T08:36:56.176Z,0.9,37,60.2,3.0,89.5,255,0.376,0.926
2026-01-08T08:36:56.176Z,0.95,18,52.7,3.0,89.7,111,0.348,0.961
2026-01-08T08:37:56.174Z,0.8,84,57.8,3.0,89.6,339,0.415,0.853
2026-01-08T08:37:56.174Z,0.9,37,60.2,3.0,89.5,255,0.376,0.926
2026-01-08T08:37:56.174Z,0.95,18,52.7,3.0,89.7,111,0.348,0.961
2026-01-08T08:38:56.176Z,0.8,84,57.8,3.0,89.6,339,0.415,0.853
2026-01-08T08:38:56.176Z,0.9,37,60.2,3.0,89.5,255,0.376,0.926
2026-01-08T08:38:56.176Z,0.95,18,52.7,3.0,89.7,111,0.348,0.961
2026-01-08T08:39:56.177Z,0.8,84,57.8,3.0,89.6,339,0.415,0.853
2026-01-08T08:39:56.177Z,0.9,37,60.2,3.0,89.5,255,0.376,0.926
2026-01-08T08:39:56.177Z,0.95,18,52.7,3.0,89.7,111,0.348,0.961
2026-01-08T08:40:56.179Z,0.8,84,57.8,3.0,89.6,339,0.415,0.853
2026-01-08T08:40:56.179Z,0.9,37,60.2,3.0,89.5,255,0.376,0.926
2026-01-08T08:40:56.179Z,0.95,18,52.7,3.0,89.7,111,0.348,0.961
2026-01-08T08:41:56.179Z,0.8,84,57.8,3.0,89.6,339,0.415,0.853
2026-01-08T08:41:56.179Z,0.9,37,60.2,3.0,89.5,255,0.376,0.926
2026-01-08T08:41:56.179Z,0.95,18,52.7,3.0,89.7,111,0.348,0.961
2026-01-08T08:42:56.178Z,0.8,84,57.8,3.0,89.6,339,0.415,0.853
2026-01-08T08:42:56.178Z,0.9,37,60.2,3.0,89.5,255,0.376,0.926
2026-01-08T08:42:56.178Z,0.95,18,52.7,3.0,89.7,111,0.348,0.961
2026-01-08T08:43:56.178Z,0.8,84,57.8,3.0,89.6,339,0.415,0.853
2026-01-08T08:43:56.178Z,0.9,37,60.2,3.0,89.5,255,0.376,0.926
2026-01-08T08:43:56.178Z,0.95,18,52.7,3.0,89.7,111,0.348,0.961
2026-01-08T08:44:56.180Z,0.8,84,57.8,3.0,89.6,339,0.415,0.853
2026-01-08T08:44:56.180Z,0.9,37,60.2,3.0,89.5,255,0.376,0.926
2026-01-08T08:44:56.180Z,0.95,18,52.7,3.0,89.7,111,0.348,0.961
2026-01-08T08:45:56.180Z,0.8,84,57.8,3.0,89.6,339,0.415,0.853
2026-01-08T08:45:56.180Z,0.9,37,60.2,3.0,89.5,255,0.376,0.926
2026-01-08T08:45:56.180Z,0.95,18,52.7,3.0,89.7,111,0.348,0.961
2026-01-08T08:46:56.181Z,0.8,84,57.8,3.0,89.6,339,0.415,0.853
2026-01-08T08:46:56.181Z,0.9,37,60.2,3.0,89.5,255,0.376,0.926
2026-01-08T08:46:56.181Z,0.95,18,52.7,3.0,89.7,111,0.348,0.961
2026-01-08T08:47:56.183Z,0.8,84,57.8,3.0,89.6,339,0.415,0.853
2026-01-08T08:47:56.183Z,0.9,37,60.2,3.0,89.5,255,0.376,0.926
2026-01-08T08:47:56.183Z,0.95,18,52.7,3.0,89.7,111,0.348,0.961
2026-01-08T08:48:56.192Z,0.8,84,57.8,3.0,89.6,339,0.415,0.853
2026-01-08T08:48:56.192Z,0.9,37,60.2,3.0,89.5,255,0.376,0.926
2026-01-08T08:48:56.192Z,0.95,18,52.7,3.0,89.7,111,0.348,0.961
2026-01-08T08:49:56.190Z,0.8,84,57.8,3.0,89.6,339,0.415,0.853
2026-01-08T08:49:56.190Z,0.9,37,60.2,3.0,89.5,255,0.376,0.926
2026-01-08T08:49:56.190Z,0.95,18,52.7,3.0,89.7,111,0.348,0.961
2026-01-08T08:50:56.188Z,0.8,84,57.8,3.0,89.6,339,0.415,0.853
2026-01-08T08:50:56.188Z,0.9,37,60.2,3.0,89.5,255,0.376,0.926
2026-01-08T08:50:56.188Z,0.95,18,52.7,3.0,89.7,111,0.348,0.961
2026-01-08T08:51:56.189Z,0.8,84,57.8,3.0,89.6,339,0.415,0.853
2026-01-08T08:51:56.189Z,0.9,37,60.2,3.0,89.5,255,0.376,0.926
2026-01-08T08:51:56.189Z,0.95,18,52.7,3.0,89.7,111,0.348,0.961
2026-01-08T08:52:56.190Z,0.8,84,57.8,3.0,89.6,339,0.415,0.853
2026-01-08T08:52:56.190Z,0.9,37,60.2,3.0,89.5,255,0.376,0.926
2026-01-08T08:52:56.190Z,0.95,18,52.7,3.0,89.7,111,0.348,0.961
2026-01-08T08:53:56.185Z,0.8,84,57.8,3.0,89.6,339,0.415,0.853
2026-01-08T08:53:56.185Z,0.9,37,60.2,3.0,89.5,255,0.376,0.926
2026-01-08T08:53:56.185Z,0.95,18,52.7,3.0,89.7,111,0.348,0.961
2026-01-08T08:54:56.187Z,0.8,84,57.8,3.0,89.6,339,0.415,0.853
2026-01-08T08:54:56.187Z,0.9,37,60.2,3.0,89.5,255,0.376,0.926
2026-01-08T08:54:56.187Z,0.95,18,52.7,3.0,89.7,111,0.348,0.961
2026-01-08T08:55:56.188Z,0.8,84,57.8,3.0,89.6,339,0.415,0.853
2026-01-08T08:55:56.188Z,0.9,37,60.2,3.0,89.5,255,0.376,0.926
2026-01-08T08:55:56.188Z,0.95,18,52.7,3.0,89.7,111,0.348,0.961
2026-01-08T08:56:56.185Z,0.8,84,57.8,3.0,89.6,339,0.415,0.853
2026-01-08T08:56:56.185Z,0.9,37,60.2,3.0,89.5,255,0.376,0.926
2026-01-08T08:56:56.185Z,0.95,18,52.7,3.0,89.7,111,0.348,0.961
2026-01-08T08:57:56.189Z,0.8,84,57.8,3.0,89.6,339,0.415,0.853
2026-01-08T08:57:56.189Z,0.9,37,60.2,3.0,89.5,255,0.376,0.926
2026-01-08T08:57:56.189Z,0.95,18,52.7,3.0,89.7,111,0.348,0.961
2026-01-08T08:58:56.189Z,0.8,84,57.8,3.0,89.6,339,0.415,0.853
2026-01-08T08:58:56.189Z,0.9,37,60.2,3.0,89.5,255,0.376,0.926
2026-01-08T08:58:56.189Z,0.95,18,52.7,3.0,89.7,111,0.348,0.961
2026-01-08T08:59:56.188Z,0.8,84,57.8,3.0,89.6,339,0.415,0.853
2026-01-08T08:59:56.188Z,0.9,37,60.2,3.0,89.5,255,0.376,0.926
2026-01-08T08:59:56.188Z,0.95,18,52.7,3.0,89.7,111,0.348,0.961
2026-01-08T09:00:56.187Z,0.8,84,57.8,3.0,89.6,339,0.415,0.853
2026-01-08T09:00:56.187Z,0.9,37,60.2,3.0,89.5,255,0.376,0.926
2026-01-08T09:00:56.187Z,0.95,18,52.7,3.0,89.7,111,0.348,0.961
2026-01-08T09:01:56.189Z,0.8,84,57.8,3.0,89.6,339,0.415,0.853
2026-01-08T09:01:56.189Z,0.9,37,60.2,3.0,89.5,255,0.376,0.926
2026-01-08T09:01:56.189Z,0.95,18,52.7,3.0,89.7,111,0.348,0.961
2026-01-08T09:02:56.191Z,0.8,84,57.8,3.0,89.6,339,0.415,0.853
2026-01-08T09:02:56.191Z,0.9,37,60.2,3.0,89.5,255,0.376,0.926
2026-01-08T09:02:56.191Z,0.95,18,52.7,3.0,89.7,111,0.348,0.961
2026-01-08T09:03:56.186Z,0.8,84,57.8,3.0,89.6,339,0.415,0.853
2026-01-08T09:03:56.186Z,0.9,37,60.2,3.0,89.5,255,0.376,0.926
2026-01-08T09:03:56.186Z,0.95,18,52.7,3.0,89.7,111,0.348,0.961
2026-01-08T09:04:56.193Z,0.8,84,57.8,3.0,89.6,339,0.415,0.853
2026-01-08T09:04:56.193Z,0.9,37,60.2,3.0,89.5,255,0.376,0.926
2026-01-08T09:04:56.193Z,0.95,18,52.7,3.0,89.7,111,0.348,0.961
2026-01-08T09:05:56.192Z,0.8,84,57.8,3.0,89.6,339,0.415,0.853
2026-01-08T09:05:56.192Z,0.9,37,60.2,3.0,89.5,255,0.376,0.926
2026-01-08T09:05:56.192Z,0.95,18,52.7,3.0,89.7,111,0.348,0.961
2026-01-08T09:06:56.193Z,0.8,85,57.6,3.0,89.6,341,0.416,0.852
2026-01-08T09:06:56.193Z,0.9,37,60.2,3.0,89.5,255,0.376,0.926
2026-01-08T09:06:56.193Z,0.95,18,52.7,3.0,89.7,111,0.348,0.961
2026-01-08T09:07:56.194Z,0.8,86,57.6,3.0,89.6,342,0.417,0.852
2026-01-08T09:07:56.194Z,0.9,37,60.2,3.0,89.5,255,0.376,0.926
2026-01-08T09:07:56.194Z,0.95,18,52.7,3.0,89.7,111,0.348,0.961
2026-01-08T09:08:56.195Z,0.8,86,57.6,3.0,89.6,342,0.417,0.852
2026-01-08T09:08:56.195Z,0.9,37,60.2,3.0,89.5,255,0.376,0.926
2026-01-08T09:08:56.195Z,0.95,18,52.7,3.0,89.7,111,0.348,0.961
2026-01-08T09:09:56.196Z,0.8,86,57.6,3.0,89.6,342,0.417,0.852
2026-01-08T09:09:56.196Z,0.9,37,60.2,3.0,89.5,255,0.376,0.926
2026-01-08T09:09:56.196Z,0.95,18,52.7,3.0,89.7,111,0.348,0.961
2026-01-08T09:10:56.192Z,0.8,86,57.6,3.0,89.6,342,0.417,0.852
2026-01-08T09:10:56.192Z,0.9,37,60.2,3.0,89.5,255,0.376,0.926
2026-01-08T09:10:56.192Z,0.95,18,52.7,3.0,89.7,111,0.348,0.961
2026-01-08T09:11:22.410Z,0.8,86,57.6,3.0,89.6,342,0.417,0.852
2026-01-08T09:11:22.410Z,0.9,37,60.2,3.0,89.5,255,0.376,0.926
2026-01-08T09:11:22.410Z,0.95,18,52.7,3.0,89.7,111,0.348,0.961
2026-01-08T21:59:51.625Z,0.8,1,8.1,8.1,8.1,11,0.490,0.810
2026-01-08T22:00:51.626Z,0.8,2,7.6,7.1,8.1,8,0.385,0.880
2026-01-08T22:00:51.626Z,0.9,2,5.4,3.7,7.1,2,0.170,0.925
2026-01-08T22:00:51.626Z,0.95,2,5.4,3.7,7.1,2,0.170,0.950
2026-01-08T22:01:51.627Z,0.8,2,7.6,7.1,8.1,8,0.385,0.880
2026-01-08T22:01:51.627Z,0.9,2,5.4,3.7,7.1,2,0.170,0.925
2026-01-08T22:01:51.627Z,0.95,2,5.4,3.7,7.1,2,0.170,0.950
2026-01-08T22:02:51.626Z,0.8,2,7.6,7.1,8.1,8,0.385,0.880
2026-01-08T22:02:51.626Z,0.9,2,5.4,3.7,7.1,2,0.170,0.925
2026-01-08T22:02:51.626Z,0.95,2,5.4,3.7,7.1,2,0.170,0.950
2026-01-08T22:03:51.627Z,0.8,2,7.6,7.1,8.1,8,0.385,0.880
2026-01-08T22:03:51.627Z,0.9,2,5.4,3.7,7.1,2,0.170,0.925
2026-01-08T22:03:51.627Z,0.95,2,5.4,3.7,7.1,2,0.170,0.950
2026-01-08T22:04:51.627Z,0.8,2,7.6,7.1,8.1,8,0.385,0.880
2026-01-08T22:04:51.627Z,0.9,2,5.4,3.7,7.1,2,0.170,0.925
2026-01-08T22:04:51.627Z,0.95,2,5.4,3.7,7.1,2,0.170,0.950
2026-01-08T22:05:51.628Z,0.8,3,14.9,7.1,29.5,189,0.420,0.857
2026-01-08T22:05:51.628Z,0.9,2,5.4,3.7,7.1,2,0.170,0.925
2026-01-08T22:05:51.628Z,0.95,2,5.4,3.7,7.1,2,0.170,0.950
2026-01-08T22:06:51.630Z,0.8,3,14.9,7.1,29.5,189,0.420,0.857
2026-01-08T22:06:51.630Z,0.9,2,5.4,3.7,7.1,2,0.170,0.925
2026-01-08T22:06:51.630Z,0.95,2,5.4,3.7,7.1,2,0.170,0.950
2026-01-08T22:07:51.631Z,0.8,3,14.9,7.1,29.5,189,0.420,0.857
2026-01-08T22:07:51.631Z,0.9,2,5.4,3.7,7.1,2,0.170,0.925
2026-01-08T22:07:51.631Z,0.95,2,5.4,3.7,7.1,2,0.170,0.950
2026-01-08T22:08:51.632Z,0.8,3,14.9,7.1,29.5,189,0.420,0.857
2026-01-08T22:08:51.632Z,0.9,2,5.4,3.7,7.1,2,0.170,0.925
2026-01-08T22:08:51.632Z,0.95,2,5.4,3.7,7.1,2,0.170,0.950
2026-01-08T22:09:51.634Z,0.8,3,14.9,7.1,29.5,189,0.420,0.857
2026-01-08T22:09:51.634Z,0.9,2,5.4,3.7,7.1,2,0.170,0.925
2026-01-08T22:09:51.634Z,0.95,2,5.4,3.7,7.1,2,0.170,0.950
2026-01-08T22:10:51.633Z,0.8,3,14.9,7.1,29.5,189,0.420,0.857
2026-01-08T22:10:51.633Z,0.9,2,5.4,3.7,7.1,2,0.170,0.925
2026-01-08T22:10:51.633Z,0.95,2,5.4,3.7,7.1,2,0.170,0.950
2026-01-08T22:11:51.634Z,0.8,3,14.9,7.1,29.5,189,0.420,0.857
2026-01-08T22:11:51.634Z,0.9,2,5.4,3.7,7.1,2,0.170,0.925
2026-01-08T22:11:51.634Z,0.95,2,5.4,3.7,7.1,2,0.170,0.950
2026-01-08T22:12:51.635Z,0.8,3,14.9,7.1,29.5,189,0.420,0.857
2026-01-08T22:12:51.635Z,0.9,2,5.4,3.7,7.1,2,0.170,0.925
2026-01-08T22:12:51.635Z,0.95,2,5.4,3.7,7.1,2,0.170,0.950
2026-01-08T22:13:51.636Z,0.8,8,51.0,7.1,88.8,141,0.326,0.880
2026-01-08T22:13:51.636Z,0.9,6,46.1,3.7,76.4,72,0.255,0.952
2026-01-08T22:13:51.636Z,0.95,6,46.1,3.7,76.4,72,0.255,0.960
2026-01-08T22:14:51.638Z,0.8,8,51.0,7.1,88.8,141,0.326,0.880
2026-01-08T22:14:51.638Z,0.9,6,46.1,3.7,76.4,72,0.255,0.952
2026-01-08T22:14:51.638Z,0.95,6,46.1,3.7,76.4,72,0.255,0.960
2026-01-08T22:15:51.640Z,0.8,8,51.0,7.1,88.8,141,0.326,0.880
2026-01-08T22:15:51.640Z,0.9,6,46.1,3.7,76.4,72,0.255,0.952
2026-01-08T22:15:51.640Z,0.95,6,46.1,3.7,76.4,72,0.255,0.960
2026-01-08T22:16:51.641Z,0.8,8,51.0,7.1,88.8,141,0.326,0.880
2026-01-08T22:16:51.641Z,0.9,6,46.1,3.7,76.4,72,0.255,0.952
2026-01-08T22:16:51.641Z,0.95,6,46.1,3.7,76.4,72,0.255,0.960
2026-01-08T22:17:51.642Z,0.8,8,51.0,7.1,88.8,141,0.326,0.880
2026-01-08T22:17:51.642Z,0.9,6,46.1,3.7,76.4,72,0.255,0.952
2026-01-08T22:17:51.642Z,0.95,6,46.1,3.7,76.4,72,0.255,0.960
2026-01-08T22:18:51.642Z,0.8,8,51.0,7.1,88.8,141,0.326,0.880
2026-01-08T22:18:51.642Z,0.9,6,46.1,3.7,76.4,72,0.255,0.952
2026-01-08T22:18:51.642Z,0.95,6,46.1,3.7,76.4,72,0.255,0.960
2026-01-08T22:19:51.644Z,0.8,8,51.0,7.1,88.8,141,0.326,0.880
2026-01-08T22:19:51.644Z,0.9,6,46.1,3.7,76.4,72,0.255,0.952
2026-01-08T22:19:51.644Z,0.95,6,46.1,3.7,76.4,72,0.255,0.960
2026-01-08T22:20:51.642Z,0.8,8,51.0,7.1,88.8,141,0.326,0.880
2026-01-08T22:20:51.642Z,0.9,6,46.1,3.7,76.4,72,0.255,0.952
2026-01-08T22:20:51.642Z,0.95,6,46.1,3.7,76.4,72,0.255,0.960
2026-01-08T22:21:51.644Z,0.8,8,51.0,7.1,88.8,141,0.326,0.880
2026-01-08T22:21:51.644Z,0.9,6,46.1,3.7,76.4,72,0.255,0.952
2026-01-08T22:21:51.644Z,0.95,6,46.1,3.7,76.4,72,0.255,0.960
2026-01-08T22:22:51.644Z,0.8,8,51.0,7.1,88.8,141,0.326,0.880
2026-01-08T22:22:51.644Z,0.9,6,46.1,3.7,76.4,72,0.255,0.952
2026-01-08T22:22:51.644Z,0.95,6,46.1,3.7,76.4,72,0.255,0.960
2026-01-08T22:23:51.646Z,0.8,8,51.0,7.1,88.8,141,0.326,0.880
2026-01-08T22:23:51.646Z,0.9,6,46.1,3.7,76.4,72,0.255,0.952
2026-01-08T22:23:51.646Z,0.95,6,46.1,3.7,76.4,72,0.255,0.960
2026-01-08T22:24:51.646Z,0.8,8,51.0,7.1,88.8,141,0.326,0.880
2026-01-08T22:24:51.646Z,0.9,6,46.1,3.7,76.4,72,0.255,0.952
2026-01-08T22:24:51.646Z,0.95,6,46.1,3.7,76.4,72,0.255,0.960
2026-01-08T22:25:51.647Z,0.8,8,51.0,7.1,88.8,141,0.326,0.880
2026-01-08T22:25:51.647Z,0.9,6,46.1,3.7,76.4,72,0.255,0.952
2026-01-08T22:25:51.647Z,0.95,6,46.1,3.7,76.4,72,0.255,0.960
2026-01-08T22:26:51.647Z,0.8,8,51.0,7.1,88.8,141,0.326,0.880
2026-01-08T22:26:51.647Z,0.9,6,46.1,3.7,76.4,72,0.255,0.952
2026-01-08T22:26:51.647Z,0.95,6,46.1,3.7,76.4,72,0.255,0.960
2026-01-08T22:27:51.648Z,0.8,8,51.0,7.1,88.8,141,0.326,0.880
2026-01-08T22:27:51.648Z,0.9,6,46.1,3.7,76.4,72,0.255,0.952
2026-01-08T22:27:51.648Z,0.95,6,46.1,3.7,76.4,72,0.255,0.960
2026-01-08T22:28:51.649Z,0.8,8,51.0,7.1,88.8,141,0.326,0.880
2026-01-08T22:28:51.649Z,0.9,6,46.1,3.7,76.4,72,0.255,0.952
2026-01-08T22:28:51.649Z,0.95,6,46.1,3.7,76.4,72,0.255,0.960
2026-01-08T22:29:51.650Z,0.8,8,51.0,7.1,88.8,141,0.326,0.880
2026-01-08T22:29:51.650Z,0.9,6,46.1,3.7,76.4,72,0.255,0.952
2026-01-08T22:29:51.650Z,0.95,6,46.1,3.7,76.4,72,0.255,0.960
2026-01-08T22:30:51.650Z,0.8,8,51.0,7.1,88.8,141,0.326,0.880
2026-01-08T22:30:51.650Z,0.9,6,46.1,3.7,76.4,72,0.255,0.952
2026-01-08T22:30:51.650Z,0.95,6,46.1,3.7,76.4,72,0.255,0.960
2026-01-08T22:31:51.652Z,0.8,8,51.0,7.1,88.8,141,0.326,0.880
2026-01-08T22:31:51.652Z,0.9,6,46.1,3.7,76.4,72,0.255,0.952
2026-01-08T22:31:51.652Z,0.95,6,46.1,3.7,76.4,72,0.255,0.960
2026-01-08T22:32:51.654Z,0.8,8,51.0,7.1,88.8,141,0.326,0.880
2026-01-08T22:32:51.654Z,0.9,6,46.1,3.7,76.4,72,0.255,0.952
2026-01-08T22:32:51.654Z,0.95,6,46.1,3.7,76.4,72,0.255,0.960
2026-01-08T22:33:51.656Z,0.8,8,51.0,7.1,88.8,141,0.326,0.880
2026-01-08T22:33:51.656Z,0.9,6,46.1,3.7,76.4,72,0.255,0.952
2026-01-08T22:33:51.656Z,0.95,6,46.1,3.7,76.4,72,0.255,0.960
2026-01-08T22:34:51.655Z,0.8,8,51.0,7.1,88.8,141,0.326,0.880
2026-01-08T22:34:51.655Z,0.9,6,46.1,3.7,76.4,72,0.255,0.952
2026-01-08T22:34:51.655Z,0.95,6,46.1,3.7,76.4,72,0.255,0.960
2026-01-08T22:35:51.656Z,0.8,8,51.0,7.1,88.8,141,0.326,0.880
2026-01-08T22:35:51.656Z,0.9,6,46.1,3.7,76.4,72,0.255,0.952
2026-01-08T22:35:51.656Z,0.95,6,46.1,3.7,76.4,72,0.255,0.960
2026-01-08T22:36:51.660Z,0.8,8,51.0,7.1,88.8,141,0.326,0.880
2026-01-08T22:36:51.660Z,0.9,6,46.1,3.7,76.4,72,0.255,0.952
2026-01-08T22:36:51.660Z,0.95,6,46.1,3.7,76.4,72,0.255,0.960
2026-01-08T22:37:51.660Z,0.8,8,51.0,7.1,88.8,141,0.326,0.880
2026-01-08T22:37:51.660Z,0.9,6,46.1,3.7,76.4,72,0.255,0.952
2026-01-08T22:37:51.660Z,0.95,6,46.1,3.7,76.4,72,0.255,0.960
2026-01-08T22:38:51.660Z,0.8,8,51.0,7.1,88.8,141,0.326,0.880
2026-01-08T22:38:51.660Z,0.9,6,46.1,3.7,76.4,72,0.255,0.952
2026-01-08T22:38:51.660Z,0.95,6,46.1,3.7,76.4,72,0.255,0.960
2026-01-08T22:39:51.663Z,0.8,8,51.0,7.1,88.8,141,0.326,0.880
2026-01-08T22:39:51.663Z,0.9,6,46.1,3.7,76.4,72,0.255,0.952
2026-01-08T22:39:51.663Z,0.95,6,46.1,3.7,76.4,72,0.255,0.960
2026-01-08T22:40:51.663Z,0.8,8,51.0,7.1,88.8,141,0.326,0.880
2026-01-08T22:40:51.663Z,0.9,6,46.1,3.7,76.4,72,0.255,0.952
2026-01-08T22:40:51.663Z,0.95,6,46.1,3.7,76.4,72,0.255,0.960
2026-01-08T22:41:51.665Z,0.8,8,51.0,7.1,88.8,141,0.326,0.880
2026-01-08T22:41:51.665Z,0.9,6,46.1,3.7,76.4,72,0.255,0.952
2026-01-08T22:41:51.665Z,0.95,6,46.1,3.7,76.4,72,0.255,0.960
2026-01-08T22:42:51.664Z,0.8,8,51.0,7.1,88.8,141,0.326,0.880
2026-01-08T22:42:51.664Z,0.9,6,46.1,3.7,76.4,72,0.255,0.952
2026-01-08T22:42:51.664Z,0.95,6,46.1,3.7,76.4,72,0.255,0.960
2026-01-08T22:43:51.664Z,0.8,8,51.0,7.1,88.8,141,0.326,0.880
2026-01-08T22:43:51.664Z,0.9,6,46.1,3.7,76.4,72,0.255,0.952
2026-01-08T22:43:51.664Z,0.95,6,46.1,3.7,76.4,72,0.255,0.960
2026-01-08T22:44:51.666Z,0.8,8,51.0,7.1,88.8,141,0.326,0.880
2026-01-08T22:44:51.666Z,0.9,6,46.1,3.7,76.4,72,0.255,0.952
2026-01-08T22:44:51.666Z,0.95,6,46.1,3.7,76.4,72,0.255,0.960
2026-01-08T22:45:51.665Z,0.8,8,51.0,7.1,88.8,141,0.326,0.880
2026-01-08T22:45:51.665Z,0.9,6,46.1,3.7,76.4,72,0.255,0.952
2026-01-08T22:45:51.665Z,0.95,6,46.1,3.7,76.4,72,0.255,0.960
2026-01-08T22:46:51.668Z,0.8,8,51.0,7.1,88.8,141,0.326,0.880
2026-01-08T22:46:51.668Z,0.9,6,46.1,3.7,76.4,72,0.255,0.952
2026-01-08T22:46:51.668Z,0.95,6,46.1,3.7,76.4,72,0.255,0.960
2026-01-08T22:47:51.667Z,0.8,8,51.0,7.1,88.8,141,0.326,0.880
2026-01-08T22:47:51.667Z,0.9,6,46.1,3.7,76.4,72,0.255,0.952
2026-01-08T22:47:51.667Z,0.95,6,46.1,3.7,76.4,72,0.255,0.960
2026-01-08T22:48:51.668Z,0.8,8,51.0,7.1,88.8,141,0.326,0.880
2026-01-08T22:48:51.668Z,0.9,6,46.1,3.7,76.4,72,0.255,0.952
2026-01-08T22:48:51.668Z,0.95,6,46.1,3.7,76.4,72,0.255,0.960
2026-01-08T22:49:51.669Z,0.8,8,51.0,7.1,88.8,141,0.326,0.880
2026-01-08T22:49:51.669Z,0.9,6,46.1,3.7,76.4,72,0.255,0.952
2026-01-08T22:49:51.669Z,0.95,6,46.1,3.7,76.4,72,0.255,0.960
2026-01-08T22:50:51.670Z,0.8,8,51.0,7.1,88.8,141,0.326,0.880
2026-01-08T22:50:51.670Z,0.9,6,46.1,3.7,76.4,72,0.255,0.952
2026-01-08T22:50:51.670Z,0.95,6,46.1,3.7,76.4,72,0.255,0.960
2026-01-08T22:51:51.671Z,0.8,8,51.0,7.1,88.8,141,0.326,0.880
2026-01-08T22:51:51.671Z,0.9,6,46.1,3.7,76.4,72,0.255,0.952
2026-01-08T22:51:51.671Z,0.95,6,46.1,3.7,76.4,72,0.255,0.960
2026-01-08T22:52:51.671Z,0.8,8,51.0,7.1,88.8,141,0.326,0.880
2026-01-08T22:52:51.671Z,0.9,6,46.1,3.7,76.4,72,0.255,0.952
2026-01-08T22:52:51.671Z,0.95,6,46.1,3.7,76.4,72,0.255,0.960
2026-01-08T22:53:51.673Z,0.8,8,51.0,7.1,88.8,141,0.326,0.880
2026-01-08T22:53:51.673Z,0.9,6,46.1,3.7,76.4,72,0.255,0.952
2026-01-08T22:53:51.673Z,0.95,6,46.1,3.7,76.4,72,0.255,0.960
2026-01-08T22:54:51.672Z,0.8,8,51.0,7.1,88.8,141,0.326,0.880
2026-01-08T22:54:51.672Z,0.9,6,46.1,3.7,76.4,72,0.255,0.952
2026-01-08T22:54:51.672Z,0.95,6,46.1,3.7,76.4,72,0.255,0.960
2026-01-08T22:55:51.672Z,0.8,8,51.0,7.1,88.8,141,0.326,0.880
2026-01-08T22:55:51.672Z,0.9,6,46.1,3.7,76.4,72,0.255,0.952
2026-01-08T22:55:51.672Z,0.95,6,46.1,3.7,76.4,72,0.255,0.960
2026-01-08T22:56:51.673Z,0.8,8,51.0,7.1,88.8,141,0.326,0.880
2026-01-08T22:56:51.673Z,0.9,6,46.1,3.7,76.4,72,0.255,0.952
2026-01-08T22:56:51.673Z,0.95,6,46.1,3.7,76.4,72,0.255,0.960
2026-01-08T22:57:51.674Z,0.8,8,51.0,7.1,88.8,141,0.326,0.880
2026-01-08T22:57:51.674Z,0.9,6,46.1,3.7,76.4,72,0.255,0.952
2026-01-08T22:57:51.674Z,0.95,6,46.1,3.7,76.4,72,0.255,0.960
2026-01-08T22:58:51.674Z,0.8,8,51.0,7.1,88.8,141,0.326,0.880
2026-01-08T22:58:51.674Z,0.9,6,46.1,3.7,76.4,72,0.255,0.952
2026-01-08T22:58:51.674Z,0.95,6,46.1,3.7,76.4,72,0.255,0.960
2026-01-08T22:59:51.674Z,0.8,8,51.0,7.1,88.8,141,0.326,0.880
2026-01-08T22:59:51.674Z,0.9,6,46.1,3.7,76.4,72,0.255,0.952
2026-01-08T22:59:51.674Z,0.95,6,46.1,3.7,76.4,72,0.255,0.960
2026-01-08T23:00:51.676Z,0.8,8,51.0,7.1,88.8,141,0.326,0.880
2026-01-08T23:00:51.676Z,0.9,6,46.1,3.7,76.4,72,0.255,0.952
2026-01-08T23:00:51.676Z,0.95,6,46.1,3.7,76.4,72,0.255,0.960
2026-01-08T23:01:51.675Z,0.8,8,51.0,7.1,88.8,141,0.326,0.880
2026-01-08T23:01:51.675Z,0.9,6,46.1,3.7,76.4,72,0.255,0.952
2026-01-08T23:01:51.675Z,0.95,6,46.1,3.7,76.4,72,0.255,0.960
2026-01-08T23:02:51.675Z,0.8,8,51.0,7.1,88.8,141,0.326,0.880
2026-01-08T23:02:51.675Z,0.9,6,46.1,3.7,76.4,72,0.255,0.952
2026-01-08T23:02:51.675Z,0.95,6,46.1,3.7,76.4,72,0.255,0.960
2026-01-08T23:03:51.677Z,0.8,8,51.0,7.1,88.8,141,0.326,0.880
2026-01-08T23:03:51.677Z,0.9,6,46.1,3.7,76.4,72,0.255,0.952
2026-01-08T23:03:51.677Z,0.95,6,46.1,3.7,76.4,72,0.255,0.960
2026-01-08T23:04:51.679Z,0.8,8,51.0,7.1,88.8,141,0.326,0.880
2026-01-08T23:04:51.679Z,0.9,6,46.1,3.7,76.4,72,0.255,0.952
2026-01-08T23:04:51.679Z,0.95,6,46.1,3.7,76.4,72,0.255,0.960
2026-01-08T23:05:51.679Z,0.8,8,51.0,7.1,88.8,141,0.326,0.880
2026-01-08T23:05:51.679Z,0.9,6,46.1,3.7,76.4,72,0.255,0.952
2026-01-08T23:05:51.679Z,0.95,6,46.1,3.7,76.4,72,0.255,0.960
2026-01-08T23:06:51.679Z,0.8,9,55.0,7.1,88.8,182,0.334,0.871
2026-01-08T23:06:51.679Z,0.9,6,46.1,3.7,76.4,72,0.255,0.952
2026-01-08T23:06:51.679Z,0.95,6,46.1,3.7,76.4,72,0.255,0.960
2026-01-08T23:07:51.680Z,0.8,9,55.0,7.1,88.8,182,0.334,0.871
2026-01-08T23:07:51.680Z,0.9,6,46.1,3.7,76.4,72,0.255,0.952
2026-01-08T23:07:51.680Z,0.95,6,46.1,3.7,76.4,72,0.255,0.960
2026-01-08T23:08:51.682Z,0.8,9,55.0,7.1,88.8,182,0.334,0.871
2026-01-08T23:08:51.682Z,0.9,6,46.1,3.7,76.4,72,0.255,0.952
2026-01-08T23:08:51.682Z,0.95,6,46.1,3.7,76.4,72,0.255,0.960
2026-01-08T23:09:51.683Z,0.8,9,55.0,7.1,88.8,182,0.334,0.871
2026-01-08T23:09:51.683Z,0.9,6,46.1,3.7,76.4,72,0.255,0.952
2026-01-08T23:09:51.683Z,0.95,6,46.1,3.7,76.4,72,0.255,0.960
2026-01-08T23:10:51.684Z,0.8,9,55.0,7.1,88.8,182,0.334,0.871
2026-01-08T23:10:51.684Z,0.9,6,46.1,3.7,76.4,72,0.255,0.952
2026-01-08T23:10:51.684Z,0.95,6,46.1,3.7,76.4,72,0.255,0.960
2026-01-08T23:11:51.687Z,0.8,9,55.0,7.1,88.8,182,0.334,0.871
2026-01-08T23:11:51.687Z,0.9,6,46.1,3.7,76.4,72,0.255,0.952
2026-01-08T23:11:51.687Z,0.95,6,46.1,3.7,76.4,72,0.255,0.960
2026-01-08T23:12:51.686Z,0.8,9,55.0,7.1,88.8,182,0.334,0.871
2026-01-08T23:12:51.686Z,0.9,6,46.1,3.7,76.4,72,0.255,0.952
2026-01-08T23:12:51.686Z,0.95,6,46.1,3.7,76.4,72,0.255,0.960
2026-01-08T23:13:51.687Z,0.8,9,55.0,7.1,88.8,182,0.334,0.871
2026-01-08T23:13:51.687Z,0.9,6,46.1,3.7,76.4,72,0.255,0.952
2026-01-08T23:13:51.687Z,0.95,6,46.1,3.7,76.4,72,0.255,0.960
2026-01-08T23:14:51.689Z,0.8,9,55.0,7.1,88.8,182,0.334,0.871
2026-01-08T23:14:51.689Z,0.9,6,46.1,3.7,76.4,72,0.255,0.952
2026-01-08T23:14:51.689Z,0.95,6,46.1,3.7,76.4,72,0.255,0.960
2026-01-08T23:15:51.691Z,0.8,9,55.0,7.1,88.8,182,0.334,0.871
2026-01-08T23:15:51.691Z,0.9,6,46.1,3.7,76.4,72,0.255,0.952
2026-01-08T23:15:51.691Z,0.95,6,46.1,3.7,76.4,72,0.255,0.960
2026-01-08T23:16:51.690Z,0.8,9,55.0,7.1,88.8,182,0.334,0.871
2026-01-08T23:16:51.690Z,0.9,6,46.1,3.7,76.4,72,0.255,0.952
2026-01-08T23:16:51.690Z,0.95,6,46.1,3.7,76.4,72,0.255,0.960
2026-01-08T23:17:51.692Z,0.8,9,55.0,7.1,88.8,182,0.334,0.871
2026-01-08T23:17:51.692Z,0.9,6,46.1,3.7,76.4,72,0.255,0.952
2026-01-08T23:17:51.692Z,0.95,6,46.1,3.7,76.4,72,0.255,0.960
2026-01-08T23:18:51.692Z,0.8,9,55.0,7.1,88.8,182,0.334,0.871
2026-01-08T23:18:51.692Z,0.9,6,46.1,3.7,76.4,72,0.255,0.952
2026-01-08T23:18:51.692Z,0.95,6,46.1,3.7,76.4,72,0.255,0.960
2026-01-08T23:19:51.696Z,0.8,9,55.0,7.1,88.8,182,0.334,0.871
2026-01-08T23:19:51.696Z,0.9,6,46.1,3.7,76.4,72,0.255,0.952
2026-01-08T23:19:51.696Z,0.95,6,46.1,3.7,76.4,72,0.255,0.960
2026-01-08T23:20:51.696Z,0.8,9,55.0,7.1,88.8,182,0.334,0.871
2026-01-08T23:20:51.696Z,0.9,6,46.1,3.7,76.4,72,0.255,0.952
2026-01-08T23:20:51.696Z,0.95,6,46.1,3.7,76.4,72,0.255,0.960
2026-01-08T23:21:51.697Z,0.8,9,55.0,7.1,88.8,182,0.334,0.871
2026-01-08T23:21:51.697Z,0.9,6,46.1,3.7,76.4,72,0.255,0.952
2026-01-08T23:21:51.697Z,0.95,6,46.1,3.7,76.4,72,0.255,0.960
2026-01-08T23:22:51.696Z,0.8,9,55.0,7.1,88.8,182,0.334,0.871
2026-01-08T23:22:51.696Z,0.9,6,46.1,3.7,76.4,72,0.255,0.952
2026-01-08T23:22:51.696Z,0.95,6,46.1,3.7,76.4,72,0.255,0.960
2026-01-08T23:23:51.696Z,0.8,9,55.0,7.1,88.8,182,0.334,0.871
2026-01-08T23:23:51.696Z,0.9,6,46.1,3.7,76.4,72,0.255,0.952
2026-01-08T23:23:51.696Z,0.95,6,46.1,3.7,76.4,72,0.255,0.960
2026-01-08T23:24:51.696Z,0.8,9,55.0,7.1,88.8,182,0.334,0.871
2026-01-08T23:24:51.696Z,0.9,6,46.1,3.7,76.4,72,0.255,0.952
2026-01-08T23:24:51.696Z,0.95,6,46.1,3.7,76.4,72,0.255,0.960
2026-01-08T23:25:51.696Z,0.8,10,58.4,7.1,88.8,192,0.347,0.865
2026-01-08T23:25:51.696Z,0.9,6,46.1,3.7,76.4,72,0.255,0.952
2026-01-08T23:25:51.696Z,0.95,6,46.1,3.7,76.4,72,0.255,0.960
2026-01-08T23:26:51.696Z,0.8,10,58.4,7.1,88.8,192,0.347,0.865
2026-01-08T23:26:51.696Z,0.9,6,46.1,3.7,76.4,72,0.255,0.952
2026-01-08T23:26:51.696Z,0.95,6,46.1,3.7,76.4,72,0.255,0.960
2026-01-08T23:27:51.697Z,0.8,10,58.4,7.1,88.8,192,0.347,0.865
2026-01-08T23:27:51.697Z,0.9,6,46.1,3.7,76.4,72,0.255,0.952
2026-01-08T23:27:51.697Z,0.95,6,46.1,3.7,76.4,72,0.255,0.960
2026-01-08T23:28:51.697Z,0.8,10,58.4,7.1,88.8,192,0.347,0.865
2026-01-08T23:28:51.697Z,0.9,6,46.1,3.7,76.4,72,0.255,0.952
2026-01-08T23:28:51.697Z,0.95,6,46.1,3.7,76.4,72,0.255,0.960
2026-01-08T23:29:51.698Z,0.8,10,58.4,7.1,88.8,192,0.347,0.865
2026-01-08T23:29:51.698Z,0.9,6,46.1,3.7,76.4,72,0.255,0.952
2026-01-08T23:29:51.698Z,0.95,6,46.1,3.7,76.4,72,0.255,0.960
2026-01-08T23:30:51.701Z,0.8,10,58.4,7.1,88.8,192,0.347,0.865
2026-01-08T23:30:51.701Z,0.9,7,40.8,3.7,76.4,62,0.284,0.956
2026-01-08T23:30:51.701Z,0.95,7,40.8,3.7,76.4,62,0.284,0.963
2026-01-08T23:31:51.699Z,0.8,10,58.4,7.1,88.8,192,0.347,0.865
2026-01-08T23:31:51.699Z,0.9,7,40.8,3.7,76.4,62,0.284,0.956
2026-01-08T23:31:51.699Z,0.95,7,40.8,3.7,76.4,62,0.284,0.963
2026-01-08T23:32:51.699Z,0.8,10,58.4,7.1,88.8,192,0.347,0.865
2026-01-08T23:32:51.699Z,0.9,7,40.8,3.7,76.4,62,0.284,0.956
2026-01-08T23:32:51.699Z,0.95,7,40.8,3.7,76.4,62,0.284,0.963
2026-01-08T23:33:51.700Z,0.8,12,54.7,7.1,88.8,276,0.351,0.857
2026-01-08T23:33:51.700Z,0.9,7,40.8,3.7,76.4,62,0.284,0.956
2026-01-08T23:33:51.700Z,0.95,7,40.8,3.7,76.4,62,0.284,0.963
2026-01-08T23:34:51.700Z,0.8,15,59.5,7.1,88.8,351,0.355,0.848
2026-01-08T23:34:51.700Z,0.9,7,40.8,3.7,76.4,62,0.284,0.956
2026-01-08T23:34:51.700Z,0.95,7,40.8,3.7,76.4,62,0.284,0.963
2026-01-08T23:35:51.701Z,0.8,15,59.5,7.1,88.8,351,0.355,0.848
2026-01-08T23:35:51.701Z,0.9,7,40.8,3.7,76.4,62,0.284,0.956
2026-01-08T23:35:51.701Z,0.95,7,40.8,3.7,76.4,62,0.284,0.963
2026-01-08T23:36:51.701Z,0.8,15,59.5,7.1,88.8,351,0.355,0.848
2026-01-08T23:36:51.701Z,0.9,7,40.8,3.7,76.4,62,0.284,0.956
2026-01-08T23:36:51.701Z,0.95,7,40.8,3.7,76.4,62,0.284,0.963
2026-01-08T23:37:51.702Z,0.8,16,60.7,7.1,88.8,357,0.363,0.845
2026-01-08T23:37:51.702Z,0.9,7,40.8,3.7,76.4,62,0.284,0.956
2026-01-08T23:37:51.702Z,0.95,7,40.8,3.7,76.4,62,0.284,0.963
2026-01-08T23:38:51.704Z,0.8,16,60.7,7.1,88.8,357,0.363,0.845
2026-01-08T23:38:51.704Z,0.9,7,40.8,3.7,76.4,62,0.284,0.956
2026-01-08T23:38:51.704Z,0.95,7,40.8,3.7,76.4,62,0.284,0.963
2026-01-08T23:39:51.704Z,0.8,16,60.7,7.1,88.8,357,0.363,0.845
2026-01-08T23:39:51.704Z,0.9,7,40.8,3.7,76.4,62,0.284,0.956
2026-01-08T23:39:51.704Z,0.95,7,40.8,3.7,76.4,62,0.284,0.963
2026-01-08T23:40:51.704Z,0.8,16,60.7,7.1,88.8,357,0.363,0.845
2026-01-08T23:40:51.704Z,0.9,7,40.8,3.7,76.4,62,0.284,0.956
2026-01-08T23:40:51.704Z,0.95,7,40.8,3.7,76.4,62,0.284,0.963
2026-01-08T23:41:51.704Z,0.8,16,60.7,7.1,88.8,357,0.363,0.845
2026-01-08T23:41:51.704Z,0.9,7,40.8,3.7,76.4,62,0.284,0.956
2026-01-08T23:41:51.704Z,0.95,7,40.8,3.7,76.4,62,0.284,0.963
2026-01-08T23:42:51.705Z,0.8,16,60.7,7.1,88.8,357,0.363,0.845
2026-01-08T23:42:51.705Z,0.9,7,40.8,3.7,76.4,62,0.284,0.956
2026-01-08T23:42:51.705Z,0.95,7,40.8,3.7,76.4,62,0.284,0.963
2026-01-08T23:43:51.706Z,0.8,16,60.7,7.1,88.8,357,0.363,0.845
2026-01-08T23:43:51.706Z,0.9,7,40.8,3.7,76.4,62,0.284,0.956
2026-01-08T23:43:51.706Z,0.95,7,40.8,3.7,76.4,62,0.284,0.963
2026-01-08T23:44:51.708Z,0.8,16,60.7,7.1,88.8,357,0.363,0.845
2026-01-08T23:44:51.708Z,0.9,7,40.8,3.7,76.4,62,0.284,0.956
2026-01-08T23:44:51.708Z,0.95,7,40.8,3.7,76.4,62,0.284,0.963
2026-01-08T23:45:51.709Z,0.8,16,60.7,7.1,88.8,357,0.363,0.845
2026-01-08T23:45:51.709Z,0.9,7,40.8,3.7,76.4,62,0.284,0.956
2026-01-08T23:45:51.709Z,0.95,7,40.8,3.7,76.4,62,0.284,0.963
2026-01-08T23:46:51.710Z,0.8,16,60.7,7.1,88.8,357,0.363,0.845
2026-01-08T23:46:51.710Z,0.9,7,40.8,3.7,76.4,62,0.284,0.956
2026-01-08T23:46:51.710Z,0.95,7,40.8,3.7,76.4,62,0.284,0.963
2026-01-08T23:47:51.710Z,0.8,16,60.7,7.1,88.8,357,0.363,0.845
2026-01-08T23:47:51.710Z,0.9,7,40.8,3.7,76.4,62,0.284,0.956
2026-01-08T23:47:51.710Z,0.95,7,40.8,3.7,76.4,62,0.284,0.963
2026-01-08T23:48:51.713Z,0.8,16,60.7,7.1,88.8,357,0.363,0.845
2026-01-08T23:48:51.713Z,0.9,7,40.8,3.7,76.4,62,0.284,0.956
2026-01-08T23:48:51.713Z,0.95,7,40.8,3.7,76.4,62,0.284,0.963
2026-01-08T23:49:51.715Z,0.8,16,60.7,7.1,88.8,357,0.363,0.845
2026-01-08T23:49:51.715Z,0.9,7,40.8,3.7,76.4,62,0.284,0.956
2026-01-08T23:49:51.715Z,0.95,7,40.8,3.7,76.4,62,0.284,0.963
2026-01-08T23:50:51.716Z,0.8,16,60.7,7.1,88.8,357,0.363,0.845
2026-01-08T23:50:51.716Z,0.9,7,40.8,3.7,76.4,62,0.284,0.956
2026-01-08T23:50:51.716Z,0.95,7,40.8,3.7,76.4,62,0.284,0.963
2026-01-08T23:51:51.717Z,0.8,16,60.7,7.1,88.8,357,0.363,0.845
2026-01-08T23:51:51.717Z,0.9,7,40.8,3.7,76.4,62,0.284,0.956
2026-01-08T23:51:51.717Z,0.95,7,40.8,3.7,76.4,62,0.284,0.963
2026-01-08T23:52:51.718Z,0.8,16,60.7,7.1,88.8,357,0.363,0.845
2026-01-08T23:52:51.718Z,0.9,7,40.8,3.7,76.4,62,0.284,0.956
2026-01-08T23:52:51.718Z,0.95,7,40.8,3.7,76.4,62,0.284,0.963
2026-01-08T23:53:51.720Z,0.8,16,60.7,7.1,88.8,357,0.363,0.845
2026-01-08T23:53:51.720Z,0.9,7,40.8,3.7,76.4,62,0.284,0.956
2026-01-08T23:53:51.720Z,0.95,7,40.8,3.7,76.4,62,0.284,0.963
2026-01-08T23:54:51.720Z,0.8,16,60.7,7.1,88.8,357,0.363,0.845
2026-01-08T23:54:51.720Z,0.9,7,40.8,3.7,76.4,62,0.284,0.956
2026-01-08T23:54:51.720Z,0.95,7,40.8,3.7,76.4,62,0.284,0.963
2026-01-08T23:55:51.722Z,0.8,16,60.7,7.1,88.8,357,0.363,0.845
2026-01-08T23:55:51.722Z,0.9,7,40.8,3.7,76.4,62,0.284,0.956
2026-01-08T23:55:51.722Z,0.95,7,40.8,3.7,76.4,62,0.284,0.963
2026-01-08T23:56:51.724Z,0.8,16,60.7,7.1,88.8,357,0.363,0.845
2026-01-08T23:56:51.724Z,0.9,7,40.8,3.7,76.4,62,0.284,0.956
2026-01-08T23:56:51.724Z,0.95,7,40.8,3.7,76.4,62,0.284,0.963
2026-01-08T23:57:51.723Z,0.8,16,60.7,7.1,88.8,357,0.363,0.845
2026-01-08T23:57:51.723Z,0.9,7,40.8,3.7,76.4,62,0.284,0.956
2026-01-08T23:57:51.723Z,0.95,7,40.8,3.7,76.4,62,0.284,0.963
2026-01-08T23:58:51.724Z,0.8,16,60.7,7.1,88.8,357,0.363,0.845
2026-01-08T23:58:51.724Z,0.9,7,40.8,3.7,76.4,62,0.284,0.956
2026-01-08T23:58:51.724Z,0.95,7,40.8,3.7,76.4,62,0.284,0.963
2026-01-08T23:59:51.726Z,0.8,16,60.7,7.1,88.8,357,0.363,0.845
2026-01-08T23:59:51.726Z,0.9,7,40.8,3.7,76.4,62,0.284,0.956
2026-01-08T23:59:51.726Z,0.95,7,40.8,3.7,76.4,62,0.284,0.963
2026-01-09T00:00:51.727Z,0.8,16,60.7,7.1,88.8,357,0.363,0.845
2026-01-09T00:00:51.727Z,0.9,7,40.8,3.7,76.4,62,0.284,0.956
2026-01-09T00:00:51.727Z,0.95,7,40.8,3.7,76.4,62,0.284,0.963
2026-01-09T00:01:51.728Z,0.8,16,60.7,7.1,88.8,357,0.363,0.845
2026-01-09T00:01:51.728Z,0.9,7,40.8,3.7,76.4,62,0.284,0.956
2026-01-09T00:01:51.728Z,0.95,7,40.8,3.7,76.4,62,0.284,0.963
2026-01-09T00:02:51.728Z,0.8,16,60.7,7.1,88.8,357,0.363,0.845
2026-01-09T00:02:51.728Z,0.9,7,40.8,3.7,76.4,62,0.284,0.956
2026-01-09T00:02:51.728Z,0.95,7,40.8,3.7,76.4,62,0.284,0.963
2026-01-09T00:03:51.729Z,0.8,16,60.7,7.1,88.8,357,0.363,0.845
2026-01-09T00:03:51.729Z,0.9,7,40.8,3.7,76.4,62,0.284,0.956
2026-01-09T00:03:51.729Z,0.95,7,40.8,3.7,76.4,62,0.284,0.963
2026-01-09T00:04:51.732Z,0.8,16,60.7,7.1,88.8,357,0.363,0.845
2026-01-09T00:04:51.732Z,0.9,7,40.8,3.7,76.4,62,0.284,0.956
2026-01-09T00:04:51.732Z,0.95,7,40.8,3.7,76.4,62,0.284,0.963
2026-01-09T00:05:51.732Z,0.8,16,60.7,7.1,88.8,357,0.363,0.845
2026-01-09T00:05:51.732Z,0.9,7,40.8,3.7,76.4,62,0.284,0.956
2026-01-09T00:05:51.732Z,0.95,7,40.8,3.7,76.4,62,0.284,0.963
2026-01-09T00:06:51.734Z,0.8,16,60.7,7.1,88.8,357,0.363,0.845
2026-01-09T00:06:51.734Z,0.9,7,40.8,3.7,76.4,62,0.284,0.956
2026-01-09T00:06:51.734Z,0.95,7,40.8,3.7,76.4,62,0.284,0.963
2026-01-09T00:07:51.735Z,0.8,16,60.7,7.1,88.8,357,0.363,0.845
2026-01-09T00:07:51.735Z,0.9,7,40.8,3.7,76.4,62,0.284,0.956
2026-01-09T00:07:51.735Z,0.95,7,40.8,3.7,76.4,62,0.284,0.963
2026-01-09T00:08:51.735Z,0.8,16,60.7,7.1,88.8,357,0.363,0.845
2026-01-09T00:08:51.735Z,0.9,7,40.8,3.7,76.4,62,0.284,0.956
2026-01-09T00:08:51.735Z,0.95,7,40.8,3.7,76.4,62,0.284,0.963
2026-01-09T00:09:51.736Z,0.8,16,60.7,7.1,88.8,357,0.363,0.845
2026-01-09T00:09:51.736Z,0.9,7,40.8,3.7,76.4,62,0.284,0.956
2026-01-09T00:09:51.736Z,0.95,7,40.8,3.7,76.4,62,0.284,0.963
2026-01-09T00:10:51.733Z,0.8,16,60.7,7.1,88.8,357,0.363,0.845
2026-01-09T00:10:51.733Z,0.9,7,40.8,3.7,76.4,62,0.284,0.956
2026-01-09T00:10:51.733Z,0.95,7,40.8,3.7,76.4,62,0.284,0.963
2026-01-09T00:11:51.735Z,0.8,16,60.7,7.1,88.8,357,0.363,0.845
2026-01-09T00:11:51.735Z,0.9,7,40.8,3.7,76.4,62,0.284,0.956
2026-01-09T00:11:51.735Z,0.95,7,40.8,3.7,76.4,62,0.284,0.963
2026-01-09T00:12:51.735Z,0.8,16,60.7,7.1,88.8,357,0.363,0.845
2026-01-09T00:12:51.735Z,0.9,7,40.8,3.7,76.4,62,0.284,0.956
2026-01-09T00:12:51.735Z,0.95,7,40.8,3.7,76.4,62,0.284,0.963
2026-01-09T00:13:51.736Z,0.8,16,60.7,7.1,88.8,357,0.363,0.845
2026-01-09T00:13:51.736Z,0.9,7,40.8,3.7,76.4,62,0.284,0.956
2026-01-09T00:13:51.736Z,0.95,7,40.8,3.7,76.4,62,0.284,0.963
2026-01-09T00:14:51.737Z,0.8,16,60.7,7.1,88.8,357,0.363,0.845
2026-01-09T00:14:51.737Z,0.9,7,40.8,3.7,76.4,62,0.284,0.956
2026-01-09T00:14:51.737Z,0.95,7,40.8,3.7,76.4,62,0.284,0.963
2026-01-09T00:15:51.737Z,0.8,16,60.7,7.1,88.8,357,0.363,0.845
2026-01-09T00:15:51.737Z,0.9,7,40.8,3.7,76.4,62,0.284,0.956
2026-01-09T00:15:51.737Z,0.95,7,40.8,3.7,76.4,62,0.284,0.963
2026-01-09T00:16:51.738Z,0.8,16,60.7,7.1,88.8,357,0.363,0.845
2026-01-09T00:16:51.738Z,0.9,7,40.8,3.7,76.4,62,0.284,0.956
2026-01-09T00:16:51.738Z,0.95,7,40.8,3.7,76.4,62,0.284,0.963
2026-01-09T00:17:51.739Z,0.8,16,60.7,7.1,88.8,357,0.363,0.845
2026-01-09T00:17:51.739Z,0.9,7,40.8,3.7,76.4,62,0.284,0.956
2026-01-09T00:17:51.739Z,0.95,7,40.8,3.7,76.4,62,0.284,0.963
2026-01-09T00:18:51.740Z,0.8,16,60.7,7.1,88.8,357,0.363,0.845
2026-01-09T00:18:51.740Z,0.9,7,40.8,3.7,76.4,62,0.284,0.956
2026-01-09T00:18:51.740Z,0.95,7,40.8,3.7,76.4,62,0.284,0.963
2026-01-09T00:19:51.742Z,0.8,16,60.7,7.1,88.8,357,0.363,0.845
2026-01-09T00:19:51.742Z,0.9,7,40.8,3.7,76.4,62,0.284,0.956
2026-01-09T00:19:51.742Z,0.95,7,40.8,3.7,76.4,62,0.284,0.963
2026-01-09T00:20:51.744Z,0.8,16,60.7,7.1,88.8,357,0.363,0.845
2026-01-09T00:20:51.744Z,0.9,7,40.8,3.7,76.4,62,0.284,0.956
2026-01-09T00:20:51.744Z,0.95,7,40.8,3.7,76.4,62,0.284,0.963
2026-01-09T00:21:51.745Z,0.8,16,60.7,7.1,88.8,357,0.363,0.845
2026-01-09T00:21:51.745Z,0.9,7,40.8,3.7,76.4,62,0.284,0.956
2026-01-09T00:21:51.745Z,0.95,7,40.8,3.7,76.4,62,0.284,0.963
2026-01-09T00:22:51.746Z,0.8,16,60.7,7.1,88.8,357,0.363,0.845
2026-01-09T00:22:51.746Z,0.9,7,40.8,3.7,76.4,62,0.284,0.956
2026-01-09T00:22:51.746Z,0.95,7,40.8,3.7,76.4,62,0.284,0.963
2026-01-09T00:23:51.747Z,0.8,19,63.1,7.1,88.8,362,0.383,0.840
2026-01-09T00:23:51.747Z,0.9,7,40.8,3.7,76.4,62,0.284,0.956
2026-01-09T00:23:51.747Z,0.95,7,40.8,3.7,76.4,62,0.284,0.963
2026-01-09T00:24:51.749Z,0.8,19,63.1,7.1,88.8,362,0.383,0.840
2026-01-09T00:24:51.749Z,0.9,7,40.8,3.7,76.4,62,0.284,0.956
2026-01-09T00:24:51.749Z,0.95,7,40.8,3.7,76.4,62,0.284,0.963
2026-01-09T00:25:51.751Z,0.8,19,63.1,7.1,88.8,362,0.383,0.840
2026-01-09T00:25:51.751Z,0.9,7,40.8,3.7,76.4,62,0.284,0.956
2026-01-09T00:25:51.751Z,0.95,7,40.8,3.7,76.4,62,0.284,0.963
2026-01-09T00:26:51.751Z,0.8,19,63.1,7.1,88.8,362,0.383,0.840
2026-01-09T00:26:51.751Z,0.9,7,40.8,3.7,76.4,62,0.284,0.956
2026-01-09T00:26:51.751Z,0.95,7,40.8,3.7,76.4,62,0.284,0.963
2026-01-09T00:27:51.753Z,0.8,19,63.1,7.1,88.8,362,0.383,0.840
2026-01-09T00:27:51.753Z,0.9,7,40.8,3.7,76.4,62,0.284,0.956
2026-01-09T00:27:51.753Z,0.95,7,40.8,3.7,76.4,62,0.284,0.963
2026-01-09T00:28:51.754Z,0.8,19,63.1,7.1,88.8,362,0.383,0.840
2026-01-09T00:28:51.754Z,0.9,7,40.8,3.7,76.4,62,0.284,0.956
2026-01-09T00:28:51.754Z,0.95,7,40.8,3.7,76.4,62,0.284,0.963
2026-01-09T00:29:51.754Z,0.8,19,63.1,7.1,88.8,362,0.383,0.840
2026-01-09T00:29:51.754Z,0.9,7,40.8,3.7,76.4,62,0.284,0.956
2026-01-09T00:29:51.754Z,0.95,7,40.8,3.7,76.4,62,0.284,0.963
2026-01-09T00:30:51.757Z,0.8,19,63.1,7.1,88.8,362,0.383,0.840
2026-01-09T00:30:51.757Z,0.9,7,40.8,3.7,76.4,62,0.284,0.956
2026-01-09T00:30:51.757Z,0.95,7,40.8,3.7,76.4,62,0.284,0.963
2026-01-09T00:31:51.758Z,0.8,19,63.1,7.1,88.8,362,0.383,0.840
2026-01-09T00:31:51.758Z,0.9,7,40.8,3.7,76.4,62,0.284,0.956
2026-01-09T00:31:51.758Z,0.95,7,40.8,3.7,76.4,62,0.284,0.963
2026-01-09T00:32:51.760Z,0.8,19,63.1,7.1,88.8,362,0.383,0.840
2026-01-09T00:32:51.760Z,0.9,7,40.8,3.7,76.4,62,0.284,0.956
2026-01-09T00:32:51.760Z,0.95,7,40.8,3.7,76.4,62,0.284,0.963
2026-01-09T00:33:51.760Z,0.8,19,63.1,7.1,88.8,362,0.383,0.840
2026-01-09T00:33:51.760Z,0.9,7,40.8,3.7,76.4,62,0.284,0.956
2026-01-09T00:33:51.760Z,0.95,7,40.8,3.7,76.4,62,0.284,0.963
2026-01-09T00:34:51.761Z,0.8,19,63.1,7.1,88.8,362,0.383,0.840
2026-01-09T00:34:51.761Z,0.9,7,40.8,3.7,76.4,62,0.284,0.956
2026-01-09T00:34:51.761Z,0.95,7,40.8,3.7,76.4,62,0.284,0.963
2026-01-09T00:35:51.762Z,0.8,19,63.1,7.1,88.8,362,0.383,0.840
2026-01-09T00:35:51.762Z,0.9,7,40.8,3.7,76.4,62,0.284,0.956
2026-01-09T00:35:51.762Z,0.95,7,40.8,3.7,76.4,62,0.284,0.963
2026-01-09T00:36:51.763Z,0.8,19,63.1,7.1,88.8,362,0.383,0.840
2026-01-09T00:36:51.763Z,0.9,7,40.8,3.7,76.4,62,0.284,0.956
2026-01-09T00:36:51.763Z,0.95,7,40.8,3.7,76.4,62,0.284,0.963
2026-01-09T00:37:51.766Z,0.8,19,63.1,7.1,88.8,362,0.383,0.840
2026-01-09T00:37:51.766Z,0.9,7,40.8,3.7,76.4,62,0.284,0.956
2026-01-09T00:37:51.766Z,0.95,7,40.8,3.7,76.4,62,0.284,0.963
2026-01-09T00:38:51.767Z,0.8,19,63.1,7.1,88.8,362,0.383,0.840
2026-01-09T00:38:51.767Z,0.9,7,40.8,3.7,76.4,62,0.284,0.956
2026-01-09T00:38:51.767Z,0.95,7,40.8,3.7,76.4,62,0.284,0.963
2026-01-09T00:39:51.768Z,0.8,19,63.1,7.1,88.8,362,0.383,0.840
2026-01-09T00:39:51.768Z,0.9,7,40.8,3.7,76.4,62,0.284,0.956
2026-01-09T00:39:51.768Z,0.95,7,40.8,3.7,76.4,62,0.284,0.963
2026-01-09T00:40:51.768Z,0.8,19,63.1,7.1,88.8,362,0.383,0.840
2026-01-09T00:40:51.768Z,0.9,7,40.8,3.7,76.4,62,0.284,0.956
2026-01-09T00:40:51.768Z,0.95,7,40.8,3.7,76.4,62,0.284,0.963
2026-01-09T00:41:51.769Z,0.8,19,63.1,7.1,88.8,362,0.383,0.840
2026-01-09T00:41:51.769Z,0.9,7,40.8,3.7,76.4,62,0.284,0.956
2026-01-09T00:41:51.769Z,0.95,7,40.8,3.7,76.4,62,0.284,0.963
2026-01-09T00:42:51.770Z,0.8,19,63.1,7.1,88.8,362,0.383,0.840
2026-01-09T00:42:51.770Z,0.9,7,40.8,3.7,76.4,62,0.284,0.956
2026-01-09T00:42:51.770Z,0.95,7,40.8,3.7,76.4,62,0.284,0.963
2026-01-09T00:43:51.771Z,0.8,19,63.1,7.1,88.8,362,0.383,0.840
2026-01-09T00:43:51.771Z,0.9,7,40.8,3.7,76.4,62,0.284,0.956
2026-01-09T00:43:51.771Z,0.95,7,40.8,3.7,76.4,62,0.284,0.963
2026-01-09T00:44:51.771Z,0.8,19,63.1,7.1,88.8,362,0.383,0.840
2026-01-09T00:44:51.771Z,0.9,7,40.8,3.7,76.4,62,0.284,0.956
2026-01-09T00:44:51.771Z,0.95,7,40.8,3.7,76.4,62,0.284,0.963
2026-01-09T00:45:51.772Z,0.8,19,63.1,7.1,88.8,362,0.383,0.840
2026-01-09T00:45:51.772Z,0.9,7,40.8,3.7,76.4,62,0.284,0.956
2026-01-09T00:45:51.772Z,0.95,7,40.8,3.7,76.4,62,0.284,0.963
2026-01-09T00:46:51.774Z,0.8,19,63.1,7.1,88.8,362,0.383,0.840
2026-01-09T00:46:51.774Z,0.9,7,40.8,3.7,76.4,62,0.284,0.956
2026-01-09T00:46:51.774Z,0.95,7,40.8,3.7,76.4,62,0.284,0.963
2026-01-09T00:47:51.775Z,0.8,19,63.1,7.1,88.8,362,0.383,0.840
2026-01-09T00:47:51.775Z,0.9,7,40.8,3.7,76.4,62,0.284,0.956
2026-01-09T00:47:51.775Z,0.95,7,40.8,3.7,76.4,62,0.284,0.963
2026-01-09T00:48:51.775Z,0.8,19,63.1,7.1,88.8,362,0.383,0.840
2026-01-09T00:48:51.775Z,0.9,7,40.8,3.7,76.4,62,0.284,0.956
2026-01-09T00:48:51.775Z,0.95,7,40.8,3.7,76.4,62,0.284,0.963
2026-01-09T00:49:51.781Z,0.8,19,63.1,7.1,88.8,362,0.383,0.840
2026-01-09T00:49:51.781Z,0.9,7,40.8,3.7,76.4,62,0.284,0.956
2026-01-09T00:49:51.781Z,0.95,7,40.8,3.7,76.4,62,0.284,0.963
2026-01-09T00:50:51.785Z,0.8,19,63.1,7.1,88.8,362,0.383,0.840
2026-01-09T00:50:51.785Z,0.9,7,40.8,3.7,76.4,62,0.284,0.956
2026-01-09T00:50:51.785Z,0.95,7,40.8,3.7,76.4,62,0.284,0.963
2026-01-09T00:51:51.783Z,0.8,19,63.1,7.1,88.8,362,0.383,0.840
2026-01-09T00:51:51.783Z,0.9,7,40.8,3.7,76.4,62,0.284,0.956
2026-01-09T00:51:51.783Z,0.95,7,40.8,3.7,76.4,62,0.284,0.963
2026-01-09T00:52:51.786Z,0.8,19,63.1,7.1,88.8,362,0.383,0.840
2026-01-09T00:52:51.786Z,0.9,7,40.8,3.7,76.4,62,0.284,0.956
2026-01-09T00:52:51.786Z,0.95,7,40.8,3.7,76.4,62,0.284,0.963
2026-01-09T00:53:51.792Z,0.8,19,63.1,7.1,88.8,362,0.383,0.840
2026-01-09T00:53:51.792Z,0.9,7,40.8,3.7,76.4,62,0.284,0.956
2026-01-09T00:53:51.792Z,0.95,7,40.8,3.7,76.4,62,0.284,0.963
2026-01-09T00:54:51.793Z,0.8,19,63.1,7.1,88.8,362,0.383,0.840
2026-01-09T00:54:51.793Z,0.9,7,40.8,3.7,76.4,62,0.284,0.956
2026-01-09T00:54:51.793Z,0.95,7,40.8,3.7,76.4,62,0.284,0.963
2026-01-09T00:55:51.794Z,0.8,19,63.1,7.1,88.8,362,0.383,0.840
2026-01-09T00:55:51.794Z,0.9,7,40.8,3.7,76.4,62,0.284,0.956
2026-01-09T00:55:51.794Z,0.95,7,40.8,3.7,76.4,62,0.284,0.963
2026-01-09T00:56:51.796Z,0.8,19,63.1,7.1,88.8,362,0.383,0.840
2026-01-09T00:56:51.796Z,0.9,7,40.8,3.7,76.4,62,0.284,0.956
2026-01-09T00:56:51.796Z,0.95,7,40.8,3.7,76.4,62,0.284,0.963
2026-01-09T00:57:51.795Z,0.8,19,63.1,7.1,88.8,362,0.383,0.840
2026-01-09T00:57:51.795Z,0.9,7,40.8,3.7,76.4,62,0.284,0.956
2026-01-09T00:57:51.795Z,0.95,7,40.8,3.7,76.4,62,0.284,0.963
2026-01-09T00:58:51.797Z,0.8,19,63.1,7.1,88.8,362,0.383,0.840
2026-01-09T00:58:51.797Z,0.9,7,40.8,3.7,76.4,62,0.284,0.956
2026-01-09T00:58:51.797Z,0.95,7,40.8,3.7,76.4,62,0.284,0.963
2026-01-09T00:59:51.799Z,0.8,19,63.1,7.1,88.8,362,0.383,0.840
2026-01-09T00:59:51.799Z,0.9,7,40.8,3.7,76.4,62,0.284,0.956
2026-01-09T00:59:51.799Z,0.95,7,40.8,3.7,76.4,62,0.284,0.963
2026-01-09T01:00:51.801Z,0.8,19,63.1,7.1,88.8,362,0.383,0.840
2026-01-09T01:00:51.801Z,0.9,7,40.8,3.7,76.4,62,0.284,0.956
2026-01-09T01:00:51.801Z,0.95,7,40.8,3.7,76.4,62,0.284,0.963
2026-01-09T01:01:51.803Z,0.8,19,63.1,7.1,88.8,362,0.383,0.840
2026-01-09T01:01:51.803Z,0.9,7,40.8,3.7,76.4,62,0.284,0.956
2026-01-09T01:01:51.803Z,0.95,7,40.8,3.7,76.4,62,0.284,0.963
2026-01-09T01:02:51.804Z,0.8,19,63.1,7.1,88.8,362,0.383,0.840
2026-01-09T01:02:51.804Z,0.9,7,40.8,3.7,76.4,62,0.284,0.956
2026-01-09T01:02:51.804Z,0.95,7,40.8,3.7,76.4,62,0.284,0.963
2026-01-09T01:03:51.805Z,0.8,19,63.1,7.1,88.8,362,0.383,0.840
2026-01-09T01:03:51.805Z,0.9,7,40.8,3.7,76.4,62,0.284,0.956
2026-01-09T01:03:51.805Z,0.95,7,40.8,3.7,76.4,62,0.284,0.963
2026-01-09T01:04:51.805Z,0.8,19,63.1,7.1,88.8,362,0.383,0.840
2026-01-09T01:04:51.805Z,0.9,7,40.8,3.7,76.4,62,0.284,0.956
2026-01-09T01:04:51.805Z,0.95,7,40.8,3.7,76.4,62,0.284,0.963
2026-01-09T01:05:51.807Z,0.8,19,63.1,7.1,88.8,362,0.383,0.840
2026-01-09T01:05:51.807Z,0.9,7,40.8,3.7,76.4,62,0.284,0.956
2026-01-09T01:05:51.807Z,0.95,7,40.8,3.7,76.4,62,0.284,0.963
2026-01-09T01:06:51.807Z,0.8,19,63.1,7.1,88.8,362,0.383,0.840
2026-01-09T01:06:51.807Z,0.9,7,40.8,3.7,76.4,62,0.284,0.956
2026-01-09T01:06:51.807Z,0.95,7,40.8,3.7,76.4,62,0.284,0.963
2026-01-09T01:07:51.809Z,0.8,19,63.1,7.1,88.8,362,0.383,0.840
2026-01-09T01:07:51.809Z,0.9,7,40.8,3.7,76.4,62,0.284,0.956
2026-01-09T01:07:51.809Z,0.95,7,40.8,3.7,76.4,62,0.284,0.963
2026-01-09T01:08:51.811Z,0.8,19,63.1,7.1,88.8,362,0.383,0.840
2026-01-09T01:08:51.811Z,0.9,7,40.8,3.7,76.4,62,0.284,0.956
2026-01-09T01:08:51.811Z,0.95,7,40.8,3.7,76.4,62,0.284,0.963
2026-01-09T01:09:51.811Z,0.8,19,63.1,7.1,88.8,362,0.383,0.840
2026-01-09T01:09:51.811Z,0.9,7,40.8,3.7,76.4,62,0.284,0.956
2026-01-09T01:09:51.811Z,0.95,7,40.8,3.7,76.4,62,0.284,0.963
2026-01-09T01:10:51.812Z,0.8,19,63.1,7.1,88.8,362,0.383,0.840
2026-01-09T01:10:51.812Z,0.9,7,40.8,3.7,76.4,62,0.284,0.956
2026-01-09T01:10:51.812Z,0.95,7,40.8,3.7,76.4,62,0.284,0.963
2026-01-09T01:11:51.812Z,0.8,22,63.2,7.1,89.9,339,0.385,0.838
2026-01-09T01:11:51.812Z,0.9,7,40.8,3.7,76.4,62,0.284,0.956
2026-01-09T01:11:51.812Z,0.95,7,40.8,3.7,76.4,62,0.284,0.963
2026-01-09T01:12:51.813Z,0.8,25,65.0,7.1,89.9,320,0.394,0.836
2026-01-09T01:12:51.813Z,0.9,7,40.8,3.7,76.4,62,0.284,0.956
2026-01-09T01:12:51.813Z,0.95,7,40.8,3.7,76.4,62,0.284,0.963
2026-01-09T01:13:51.814Z,0.8,25,65.0,7.1,89.9,320,0.394,0.836
2026-01-09T01:13:51.814Z,0.9,7,40.8,3.7,76.4,62,0.284,0.956
2026-01-09T01:13:51.814Z,0.95,7,40.8,3.7,76.4,62,0.284,0.963
2026-01-09T01:14:51.815Z,0.8,27,61.7,7.1,89.9,299,0.400,0.839
2026-01-09T01:14:51.815Z,0.9,9,36.4,3.7,76.4,55,0.326,0.948
2026-01-09T01:14:51.815Z,0.95,8,38.4,3.7,76.4,58,0.309,0.961
2026-01-09T01:15:51.816Z,0.8,27,61.7,7.1,89.9,299,0.400,0.839
2026-01-09T01:15:51.816Z,0.9,9,36.4,3.7,76.4,55,0.326,0.948
2026-01-09T01:15:51.816Z,0.95,8,38.4,3.7,76.4,58,0.309,0.961
2026-01-09T01:16:51.818Z,0.8,27,61.7,7.1,89.9,299,0.400,0.839
2026-01-09T01:16:51.818Z,0.9,9,36.4,3.7,76.4,55,0.326,0.948
2026-01-09T01:16:51.818Z,0.95,8,38.4,3.7,76.4,58,0.309,0.961
2026-01-09T01:17:51.817Z,0.8,27,61.7,7.1,89.9,299,0.400,0.839
2026-01-09T01:17:51.817Z,0.9,9,36.4,3.7,76.4,55,0.326,0.948
2026-01-09T01:17:51.817Z,0.95,8,38.4,3.7,76.4,58,0.309,0.961
2026-01-09T01:18:51.824Z,0.8,27,61.7,7.1,89.9,299,0.400,0.839
2026-01-09T01:18:51.824Z,0.9,9,36.4,3.7,76.4,55,0.326,0.948
2026-01-09T01:18:51.824Z,0.95,8,38.4,3.7,76.4,58,0.309,0.961
2026-01-09T01:19:51.828Z,0.8,27,61.7,7.1,89.9,299,0.400,0.839
2026-01-09T01:19:51.828Z,0.9,9,36.4,3.7,76.4,55,0.326,0.948
2026-01-09T01:19:51.828Z,0.95,8,38.4,3.7,76.4,58,0.309,0.961
2026-01-09T01:20:51.829Z,0.8,27,61.7,7.1,89.9,299,0.400,0.839
2026-01-09T01:20:51.829Z,0.9,9,36.4,3.7,76.4,55,0.326,0.948
2026-01-09T01:20:51.829Z,0.95,8,38.4,3.7,76.4,58,0.309,0.961
2026-01-09T01:21:51.828Z,0.8,27,61.7,7.1,89.9,299,0.400,0.839
2026-01-09T01:21:51.828Z,0.9,9,36.4,3.7,76.4,55,0.326,0.948
2026-01-09T01:21:51.828Z,0.95,8,38.4,3.7,76.4,58,0.309,0.961
2026-01-09T01:22:51.830Z,0.8,29,63.4,7.1,89.9,310,0.404,0.840
2026-01-09T01:22:51.830Z,0.9,11,45.5,3.7,89.2,128,0.353,0.939
2026-01-09T01:22:51.830Z,0.95,8,38.4,3.7,76.4,58,0.309,0.961
2026-01-09T01:23:51.832Z,0.8,29,63.4,7.1,89.9,310,0.404,0.840
2026-01-09T01:23:51.832Z,0.9,11,45.5,3.7,89.2,128,0.353,0.939
2026-01-09T01:23:51.832Z,0.95,8,38.4,3.7,76.4,58,0.309,0.961
2026-01-09T01:24:51.833Z,0.8,29,63.4,7.1,89.9,310,0.404,0.840
2026-01-09T01:24:51.833Z,0.9,11,45.5,3.7,89.2,128,0.353,0.939
2026-01-09T01:24:51.833Z,0.95,8,38.4,3.7,76.4,58,0.309,0.961
2026-01-09T01:25:51.836Z,0.8,29,63.4,7.1,89.9,310,0.404,0.840
2026-01-09T01:25:51.836Z,0.9,11,45.5,3.7,89.2,128,0.353,0.939
2026-01-09T01:25:51.836Z,0.95,8,38.4,3.7,76.4,58,0.309,0.961
2026-01-09T01:26:51.837Z,0.8,29,63.4,7.1,89.9,310,0.404,0.840
2026-01-09T01:26:51.837Z,0.9,11,45.5,3.7,89.2,128,0.353,0.939
2026-01-09T01:26:51.837Z,0.95,8,38.4,3.7,76.4,58,0.309,0.961
2026-01-09T01:27:51.840Z,0.8,29,63.4,7.1,89.9,310,0.404,0.840
2026-01-09T01:27:51.840Z,0.9,11,45.5,3.7,89.2,128,0.353,0.939
2026-01-09T01:27:51.840Z,0.95,8,38.4,3.7,76.4,58,0.309,0.961
2026-01-09T01:28:51.843Z,0.8,31,59.6,1.7,89.9,295,0.400,0.842
2026-01-09T01:28:51.843Z,0.9,13,39.5,3.7,89.2,120,0.351,0.936
2026-01-09T01:28:51.843Z,0.95,9,34.8,3.7,76.4,60,0.296,0.960
2026-01-09T01:29:51.845Z,0.8,36,57.6,1.7,89.9,258,0.366,0.855
2026-01-09T01:29:51.845Z,0.9,18,41.2,3.7,89.2,95,0.293,0.941
2026-01-09T01:29:51.845Z,0.95,14,35.4,3.7,76.4,53,0.291,0.962
2026-01-09T01:30:51.859Z,0.8,36,57.6,1.7,89.9,258,0.366,0.855
2026-01-09T01:30:51.859Z,0.9,18,41.2,3.7,89.2,95,0.293,0.941
2026-01-09T01:30:51.859Z,0.95,14,35.4,3.7,76.4,53,0.291,0.962
2026-01-09T01:31:51.853Z,0.8,36,57.6,1.7,89.9,258,0.366,0.855
2026-01-09T01:31:51.853Z,0.9,18,41.2,3.7,89.2,95,0.293,0.941
2026-01-09T01:31:51.853Z,0.95,14,35.4,3.7,76.4,53,0.291,0.962
2026-01-09T01:32:51.910Z,0.8,36,57.6,1.7,89.9,258,0.366,0.855
2026-01-09T01:32:51.910Z,0.9,18,41.2,3.7,89.2,95,0.293,0.941
2026-01-09T01:32:51.910Z,0.95,14,35.4,3.7,76.4,53,0.291,0.962
2026-01-09T01:33:51.854Z,0.8,36,57.6,1.7,89.9,258,0.366,0.855
2026-01-09T01:33:51.854Z,0.9,18,41.2,3.7,89.2,95,0.293,0.941
2026-01-09T01:33:51.854Z,0.95,14,35.4,3.7,76.4,53,0.291,0.962
2026-01-09T01:34:51.850Z,0.8,36,57.6,1.7,89.9,258,0.366,0.855
2026-01-09T01:34:51.850Z,0.9,18,41.2,3.7,89.2,95,0.293,0.941
2026-01-09T01:34:51.850Z,0.95,14,35.4,3.7,76.4,53,0.291,0.962
2026-01-09T01:35:51.855Z,0.8,36,57.6,1.7,89.9,258,0.366,0.855
2026-01-09T01:35:51.855Z,0.9,18,41.2,3.7,89.2,95,0.293,0.941
2026-01-09T01:35:51.855Z,0.95,14,35.4,3.7,76.4,53,0.291,0.962
2026-01-09T01:36:51.856Z,0.8,36,57.6,1.7,89.9,258,0.366,0.855
2026-01-09T01:36:51.856Z,0.9,18,41.2,3.7,89.2,95,0.293,0.941
2026-01-09T01:36:51.856Z,0.95,14,35.4,3.7,76.4,53,0.291,0.962
2026-01-09T01:37:51.856Z,0.8,36,57.6,1.7,89.9,258,0.366,0.855
2026-01-09T01:37:51.856Z,0.9,18,41.2,3.7,89.2,95,0.293,0.941
2026-01-09T01:37:51.856Z,0.95,14,35.4,3.7,76.4,53,0.291,0.962
2026-01-09T01:38:51.857Z,0.8,36,57.6,1.7,89.9,258,0.366,0.855
2026-01-09T01:38:51.857Z,0.9,18,41.2,3.7,89.2,95,0.293,0.941
2026-01-09T01:38:51.857Z,0.95,14,35.4,3.7,76.4,53,0.291,0.962
2026-01-09T01:39:51.861Z,0.8,36,57.6,1.7,89.9,258,0.366,0.855
2026-01-09T01:39:51.861Z,0.9,18,41.2,3.7,89.2,95,0.293,0.941
2026-01-09T01:39:51.861Z,0.95,14,35.4,3.7,76.4,53,0.291,0.962
2026-01-09T01:40:51.865Z,0.8,36,57.6,1.7,89.9,258,0.366,0.855
2026-01-09T01:40:51.865Z,0.9,18,41.2,3.7,89.2,95,0.293,0.941
2026-01-09T01:40:51.865Z,0.95,14,35.4,3.7,76.4,53,0.291,0.962
2026-01-09T01:41:51.863Z,0.8,36,57.6,1.7,89.9,258,0.366,0.855
2026-01-09T01:41:51.863Z,0.9,18,41.2,3.7,89.2,95,0.293,0.941
2026-01-09T01:41:51.863Z,0.95,14,35.4,3.7,76.4,53,0.291,0.962
2026-01-09T01:42:51.865Z,0.8,36,57.6,1.7,89.9,258,0.366,0.855
2026-01-09T01:42:51.865Z,0.9,18,41.2,3.7,89.2,95,0.293,0.941
2026-01-09T01:42:51.865Z,0.95,14,35.4,3.7,76.4,53,0.291,0.962
2026-01-09T01:43:51.865Z,0.8,36,57.6,1.7,89.9,258,0.366,0.855
2026-01-09T01:43:51.865Z,0.9,18,41.2,3.7,89.2,95,0.293,0.941
2026-01-09T01:43:51.865Z,0.95,14,35.4,3.7,76.4,53,0.291,0.962
2026-01-09T01:44:51.862Z,0.8,36,57.6,1.7,89.9,258,0.366,0.855
2026-01-09T01:44:51.862Z,0.9,18,41.2,3.7,89.2,95,0.293,0.941
2026-01-09T01:44:51.862Z,0.95,14,35.4,3.7,76.4,53,0.291,0.962
2026-01-09T01:45:51.867Z,0.8,36,57.6,1.7,89.9,258,0.366,0.855
2026-01-09T01:45:51.867Z,0.9,18,41.2,3.7,89.2,95,0.293,0.941
2026-01-09T01:45:51.867Z,0.95,14,35.4,3.7,76.4,53,0.291,0.962
2026-01-09T01:46:51.869Z,0.8,36,57.6,1.7,89.9,258,0.366,0.855
2026-01-09T01:46:51.869Z,0.9,18,41.2,3.7,89.2,95,0.293,0.941
2026-01-09T01:46:51.869Z,0.95,14,35.4,3.7,76.4,53,0.291,0.962
2026-01-09T01:47:51.870Z,0.8,36,57.6,1.7,89.9,258,0.366,0.855
2026-01-09T01:47:51.870Z,0.9,18,41.2,3.7,89.2,95,0.293,0.941
2026-01-09T01:47:51.870Z,0.95,14,35.4,3.7,76.4,53,0.291,0.962
2026-01-09T01:48:51.870Z,0.8,36,57.6,1.7,89.9,258,0.366,0.855
2026-01-09T01:48:51.870Z,0.9,18,41.2,3.7,89.2,95,0.293,0.941
2026-01-09T01:48:51.870Z,0.95,14,35.4,3.7,76.4,53,0.291,0.962
2026-01-09T01:49:51.873Z,0.8,36,57.6,1.7,89.9,258,0.366,0.855
2026-01-09T01:49:51.873Z,0.9,18,41.2,3.7,89.2,95,0.293,0.941
2026-01-09T01:49:51.873Z,0.95,14,35.4,3.7,76.4,53,0.291,0.962
2026-01-09T01:50:51.875Z,0.8,36,57.6,1.7,89.9,258,0.366,0.855
2026-01-09T01:50:51.875Z,0.9,18,41.2,3.7,89.2,95,0.293,0.941
2026-01-09T01:50:51.875Z,0.95,14,35.4,3.7,76.4,53,0.291,0.962
2026-01-09T01:51:51.871Z,0.8,36,57.6,1.7,89.9,258,0.366,0.855
2026-01-09T01:51:51.871Z,0.9,18,41.2,3.7,89.2,95,0.293,0.941
2026-01-09T01:51:51.871Z,0.95,14,35.4,3.7,76.4,53,0.291,0.962
2026-01-09T01:52:51.872Z,0.8,36,57.6,1.7,89.9,258,0.366,0.855
2026-01-09T01:52:51.872Z,0.9,18,41.2,3.7,89.2,95,0.293,0.941
2026-01-09T01:52:51.872Z,0.95,14,35.4,3.7,76.4,53,0.291,0.962
2026-01-09T01:53:51.880Z,0.8,36,57.6,1.7,89.9,258,0.366,0.855
2026-01-09T01:53:51.880Z,0.9,18,41.2,3.7,89.2,95,0.293,0.941
2026-01-09T01:53:51.880Z,0.95,14,35.4,3.7,76.4,53,0.291,0.962
2026-01-09T01:54:51.875Z,0.8,36,57.6,1.7,89.9,258,0.366,0.855
2026-01-09T01:54:51.875Z,0.9,18,41.2,3.7,89.2,95,0.293,0.941
2026-01-09T01:54:51.875Z,0.95,14,35.4,3.7,76.4,53,0.291,0.962
2026-01-09T01:55:51.876Z,0.8,36,57.6,1.7,89.9,258,0.366,0.855
2026-01-09T01:55:51.876Z,0.9,18,41.2,3.7,89.2,95,0.293,0.941
2026-01-09T01:55:51.876Z,0.95,14,35.4,3.7,76.4,53,0.291,0.962
2026-01-09T01:56:51.879Z,0.8,36,57.6,1.7,89.9,258,0.366,0.855
2026-01-09T01:56:51.879Z,0.9,18,41.2,3.7,89.2,95,0.293,0.941
2026-01-09T01:56:51.879Z,0.95,14,35.4,3.7,76.4,53,0.291,0.962
2026-01-09T01:57:51.879Z,0.8,36,57.6,1.7,89.9,258,0.366,0.855
2026-01-09T01:57:51.879Z,0.9,18,41.2,3.7,89.2,95,0.293,0.941
2026-01-09T01:57:51.879Z,0.95,14,35.4,3.7,76.4,53,0.291,0.962
2026-01-09T01:58:51.878Z,0.8,36,57.6,1.7,89.9,258,0.366,0.855
2026-01-09T01:58:51.878Z,0.9,18,41.2,3.7,89.2,95,0.293,0.941
2026-01-09T01:58:51.878Z,0.95,14,35.4,3.7,76.4,53,0.291,0.962
2026-01-09T01:59:51.883Z,0.8,36,57.6,1.7,89.9,258,0.366,0.855
2026-01-09T01:59:51.883Z,0.9,18,41.2,3.7,89.2,95,0.293,0.941
2026-01-09T01:59:51.883Z,0.95,14,35.4,3.7,76.4,53,0.291,0.962
2026-01-09T02:00:51.882Z,0.8,36,57.6,1.7,89.9,258,0.366,0.855
2026-01-09T02:00:51.882Z,0.9,18,41.2,3.7,89.2,95,0.293,0.941
2026-01-09T02:00:51.882Z,0.95,14,35.4,3.7,76.4,53,0.291,0.962
2026-01-09T02:01:51.885Z,0.8,36,57.6,1.7,89.9,258,0.366,0.855
2026-01-09T02:01:51.885Z,0.9,18,41.2,3.7,89.2,95,0.293,0.941
2026-01-09T02:01:51.885Z,0.95,14,35.4,3.7,76.4,53,0.291,0.962
2026-01-09T02:02:51.888Z,0.8,36,57.6,1.7,89.9,258,0.366,0.855
2026-01-09T02:02:51.888Z,0.9,18,41.2,3.7,89.2,95,0.293,0.941
2026-01-09T02:02:51.888Z,0.95,14,35.4,3.7,76.4,53,0.291,0.962
2026-01-09T02:03:51.884Z,0.8,36,57.6,1.7,89.9,258,0.366,0.855
2026-01-09T02:03:51.884Z,0.9,18,41.2,3.7,89.2,95,0.293,0.941
2026-01-09T02:03:51.884Z,0.95,14,35.4,3.7,76.4,53,0.291,0.962
2026-01-09T02:04:51.888Z,0.8,39,59.4,1.7,89.9,288,0.371,0.855
2026-01-09T02:04:51.888Z,0.9,18,41.2,3.7,89.2,95,0.293,0.941
2026-01-09T02:04:51.888Z,0.95,14,35.4,3.7,76.4,53,0.291,0.962
2026-01-09T02:05:51.889Z,0.8,39,59.4,1.7,89.9,288,0.371,0.855
2026-01-09T02:05:51.889Z,0.9,18,41.2,3.7,89.2,95,0.293,0.941
2026-01-09T02:05:51.889Z,0.95,14,35.4,3.7,76.4,53,0.291,0.962
2026-01-09T02:06:51.884Z,0.8,39,59.4,1.7,89.9,288,0.371,0.855
2026-01-09T02:06:51.884Z,0.9,18,41.2,3.7,89.2,95,0.293,0.941
2026-01-09T02:06:51.884Z,0.95,14,35.4,3.7,76.4,53,0.291,0.962
2026-01-09T02:07:51.895Z,0.8,39,59.4,1.7,89.9,288,0.371,0.855
2026-01-09T02:07:51.895Z,0.9,18,41.2,3.7,89.2,95,0.293,0.941
2026-01-09T02:07:51.895Z,0.95,14,35.4,3.7,76.4,53,0.291,0.962
2026-01-09T02:08:51.945Z,0.8,39,59.4,1.7,89.9,288,0.371,0.855
2026-01-09T02:08:51.945Z,0.9,18,41.2,3.7,89.2,95,0.293,0.941
2026-01-09T02:08:51.945Z,0.95,14,35.4,3.7,76.4,53,0.291,0.962
2026-01-09T02:09:51.950Z,0.8,39,59.4,1.7,89.9,288,0.371,0.855
2026-01-09T02:09:51.950Z,0.9,18,41.2,3.7,89.2,95,0.293,0.941
2026-01-09T02:09:51.950Z,0.95,14,35.4,3.7,76.4,53,0.291,0.962
2026-01-09T02:10:51.953Z,0.8,39,59.4,1.7,89.9,288,0.371,0.855
2026-01-09T02:10:51.953Z,0.9,18,41.2,3.7,89.2,95,0.293,0.941
2026-01-09T02:10:51.953Z,0.95,14,35.4,3.7,76.4,53,0.291,0.962
2026-01-09T02:11:51.952Z,0.8,39,59.4,1.7,89.9,288,0.371,0.855
2026-01-09T02:11:51.952Z,0.9,18,41.2,3.7,89.2,95,0.293,0.941
2026-01-09T02:11:51.952Z,0.95,14,35.4,3.7,76.4,53,0.291,0.962
2026-01-09T02:12:51.954Z,0.8,39,59.4,1.7,89.9,288,0.371,0.855
2026-01-09T02:12:51.954Z,0.9,18,41.2,3.7,89.2,95,0.293,0.941
2026-01-09T02:12:51.954Z,0.95,14,35.4,3.7,76.4,53,0.291,0.962
2026-01-09T02:13:51.957Z,0.8,39,59.4,1.7,89.9,288,0.371,0.855
2026-01-09T02:13:51.957Z,0.9,18,41.2,3.7,89.2,95,0.293,0.941
2026-01-09T02:13:51.957Z,0.95,14,35.4,3.7,76.4,53,0.291,0.962
2026-01-09T02:14:51.956Z,0.8,39,59.4,1.7,89.9,288,0.371,0.855
2026-01-09T02:14:51.956Z,0.9,18,41.2,3.7,89.2,95,0.293,0.941
2026-01-09T02:14:51.956Z,0.95,14,35.4,3.7,76.4,53,0.291,0.962
2026-01-09T02:15:51.957Z,0.8,39,59.4,1.7,89.9,288,0.371,0.855
2026-01-09T02:15:51.957Z,0.9,18,41.2,3.7,89.2,95,0.293,0.941
2026-01-09T02:15:51.957Z,0.95,14,35.4,3.7,76.4,53,0.291,0.962
2026-01-09T02:16:51.956Z,0.8,39,59.4,1.7,89.9,288,0.371,0.855
2026-01-09T02:16:51.956Z,0.9,18,41.2,3.7,89.2,95,0.293,0.941
2026-01-09T02:16:51.956Z,0.95,14,35.4,3.7,76.4,53,0.291,0.962
2026-01-09T02:17:51.961Z,0.8,39,59.4,1.7,89.9,288,0.371,0.855
2026-01-09T02:17:51.961Z,0.9,18,41.2,3.7,89.2,95,0.293,0.941
2026-01-09T02:17:51.961Z,0.95,14,35.4,3.7,76.4,53,0.291,0.962
2026-01-09T02:18:51.961Z,0.8,39,59.4,1.7,89.9,288,0.371,0.855
2026-01-09T02:18:51.961Z,0.9,18,41.2,3.7,89.2,95,0.293,0.941
2026-01-09T02:18:51.961Z,0.95,14,35.4,3.7,76.4,53,0.291,0.962
2026-01-09T02:19:51.963Z,0.8,39,59.4,1.7,89.9,288,0.371,0.855
2026-01-09T02:19:51.963Z,0.9,18,41.2,3.7,89.2,95,0.293,0.941
2026-01-09T02:19:51.963Z,0.95,14,35.4,3.7,76.4,53,0.291,0.962
2026-01-09T02:20:51.965Z,0.8,39,59.4,1.7,89.9,288,0.371,0.855
2026-01-09T02:20:51.965Z,0.9,18,41.2,3.7,89.2,95,0.293,0.941
2026-01-09T02:20:51.965Z,0.95,14,35.4,3.7,76.4,53,0.291,0.962
2026-01-09T02:21:51.966Z,0.8,39,59.4,1.7,89.9,288,0.371,0.855
2026-01-09T02:21:51.966Z,0.9,18,41.2,3.7,89.2,95,0.293,0.941
2026-01-09T02:21:51.966Z,0.95,14,35.4,3.7,76.4,53,0.291,0.962
2026-01-09T02:22:51.969Z,0.8,39,59.4,1.7,89.9,288,0.371,0.855
2026-01-09T02:22:51.969Z,0.9,18,41.2,3.7,89.2,95,0.293,0.941
2026-01-09T02:22:51.969Z,0.95,14,35.4,3.7,76.4,53,0.291,0.962
2026-01-09T02:23:51.964Z,0.8,39,59.4,1.7,89.9,288,0.371,0.855
2026-01-09T02:23:51.964Z,0.9,18,41.2,3.7,89.2,95,0.293,0.941
2026-01-09T02:23:51.964Z,0.95,14,35.4,3.7,76.4,53,0.291,0.962
2026-01-09T02:24:51.966Z,0.8,39,59.4,1.7,89.9,288,0.371,0.855
2026-01-09T02:24:51.966Z,0.9,18,41.2,3.7,89.2,95,0.293,0.941
2026-01-09T02:24:51.966Z,0.95,14,35.4,3.7,76.4,53,0.291,0.962
2026-01-09T02:25:51.971Z,0.8,39,59.4,1.7,89.9,288,0.371,0.855
2026-01-09T02:25:51.971Z,0.9,18,41.2,3.7,89.2,95,0.293,0.941
2026-01-09T02:25:51.971Z,0.95,14,35.4,3.7,76.4,53,0.291,0.962
2026-01-09T02:26:51.972Z,0.8,39,59.4,1.7,89.9,288,0.371,0.855
2026-01-09T02:26:51.972Z,0.9,18,41.2,3.7,89.2,95,0.293,0.941
2026-01-09T02:26:51.972Z,0.95,14,35.4,3.7,76.4,53,0.291,0.962
2026-01-09T02:27:51.971Z,0.8,39,59.4,1.7,89.9,288,0.371,0.855
2026-01-09T02:27:51.971Z,0.9,18,41.2,3.7,89.2,95,0.293,0.941
2026-01-09T02:27:51.971Z,0.95,14,35.4,3.7,76.4,53,0.291,0.962
2026-01-09T02:28:51.974Z,0.8,39,59.4,1.7,89.9,288,0.371,0.855
2026-01-09T02:28:51.974Z,0.9,18,41.2,3.7,89.2,95,0.293,0.941
2026-01-09T02:28:51.974Z,0.95,14,35.4,3.7,76.4,53,0.291,0.962
2026-01-09T02:29:51.975Z,0.8,39,59.4,1.7,89.9,288,0.371,0.855
2026-01-09T02:29:51.975Z,0.9,18,41.2,3.7,89.2,95,0.293,0.941
2026-01-09T02:29:51.975Z,0.95,14,35.4,3.7,76.4,53,0.291,0.962
2026-01-09T02:30:51.975Z,0.8,39,59.4,1.7,89.9,288,0.371,0.855
2026-01-09T02:30:51.975Z,0.9,18,41.2,3.7,89.2,95,0.293,0.941
2026-01-09T02:30:51.975Z,0.95,14,35.4,3.7,76.4,53,0.291,0.962
2026-01-09T02:31:51.977Z,0.8,39,59.4,1.7,89.9,288,0.371,0.855
2026-01-09T02:31:51.977Z,0.9,18,41.2,3.7,89.2,95,0.293,0.941
2026-01-09T02:31:51.977Z,0.95,14,35.4,3.7,76.4,53,0.291,0.962
2026-01-09T02:32:51.973Z,0.8,39,59.4,1.7,89.9,288,0.371,0.855
2026-01-09T02:32:51.973Z,0.9,18,41.2,3.7,89.2,95,0.293,0.941
2026-01-09T02:32:51.973Z,0.95,14,35.4,3.7,76.4,53,0.291,0.962
2026-01-09T02:33:51.979Z,0.8,39,59.4,1.7,89.9,288,0.371,0.855
2026-01-09T02:33:51.979Z,0.9,18,41.2,3.7,89.2,95,0.293,0.941
2026-01-09T02:33:51.979Z,0.95,14,35.4,3.7,76.4,53,0.291,0.962
2026-01-09T02:34:51.981Z,0.8,39,59.4,1.7,89.9,288,0.371,0.855
2026-01-09T02:34:51.981Z,0.9,18,41.2,3.7,89.2,95,0.293,0.941
2026-01-09T02:34:51.981Z,0.95,14,35.4,3.7,76.4,53,0.291,0.962
2026-01-09T02:35:51.982Z,0.8,39,59.4,1.7,89.9,288,0.371,0.855
2026-01-09T02:35:51.982Z,0.9,18,41.2,3.7,89.2,95,0.293,0.941
2026-01-09T02:35:51.982Z,0.95,14,35.4,3.7,76.4,53,0.291,0.962
2026-01-09T02:36:51.982Z,0.8,39,59.4,1.7,89.9,288,0.371,0.855
2026-01-09T02:36:51.982Z,0.9,18,41.2,3.7,89.2,95,0.293,0.941
2026-01-09T02:36:51.982Z,0.95,14,35.4,3.7,76.4,53,0.291,0.962
2026-01-09T02:37:51.983Z,0.8,39,59.4,1.7,89.9,288,0.371,0.855
2026-01-09T02:37:51.983Z,0.9,18,41.2,3.7,89.2,95,0.293,0.941
2026-01-09T02:37:51.983Z,0.95,14,35.4,3.7,76.4,53,0.291,0.962
2026-01-09T02:38:51.985Z,0.8,39,59.4,1.7,89.9,288,0.371,0.855
2026-01-09T02:38:51.985Z,0.9,18,41.2,3.7,89.2,95,0.293,0.941
2026-01-09T02:38:51.985Z,0.95,14,35.4,3.7,76.4,53,0.291,0.962
2026-01-09T02:39:51.986Z,0.8,39,59.4,1.7,89.9,288,0.371,0.855
2026-01-09T02:39:51.986Z,0.9,18,41.2,3.7,89.2,95,0.293,0.941
2026-01-09T02:39:51.986Z,0.95,14,35.4,3.7,76.4,53,0.291,0.962
2026-01-09T02:40:51.984Z,0.8,39,59.4,1.7,89.9,288,0.371,0.855
2026-01-09T02:40:51.984Z,0.9,18,41.2,3.7,89.2,95,0.293,0.941
2026-01-09T02:40:51.984Z,0.95,14,35.4,3.7,76.4,53,0.291,0.962
2026-01-09T02:41:51.989Z,0.8,39,59.4,1.7,89.9,288,0.371,0.855
2026-01-09T02:41:51.989Z,0.9,18,41.2,3.7,89.2,95,0.293,0.941
2026-01-09T02:41:51.989Z,0.95,14,35.4,3.7,76.4,53,0.291,0.962
2026-01-09T02:42:51.990Z,0.8,39,59.4,1.7,89.9,288,0.371,0.855
2026-01-09T02:42:51.990Z,0.9,18,41.2,3.7,89.2,95,0.293,0.941
2026-01-09T02:42:51.990Z,0.95,14,35.4,3.7,76.4,53,0.291,0.962
2026-01-09T02:43:51.991Z,0.8,39,59.4,1.7,89.9,288,0.371,0.855
2026-01-09T02:43:51.991Z,0.9,18,41.2,3.7,89.2,95,0.293,0.941
2026-01-09T02:43:51.991Z,0.95,14,35.4,3.7,76.4,53,0.291,0.962
2026-01-09T02:44:51.994Z,0.8,39,59.4,1.7,89.9,288,0.371,0.855
2026-01-09T02:44:51.994Z,0.9,18,41.2,3.7,89.2,95,0.293,0.941
2026-01-09T02:44:51.994Z,0.95,14,35.4,3.7,76.4,53,0.291,0.962
2026-01-09T02:45:51.997Z,0.8,39,59.4,1.7,89.9,288,0.371,0.855
2026-01-09T02:45:51.997Z,0.9,18,41.2,3.7,89.2,95,0.293,0.941
2026-01-09T02:45:51.997Z,0.95,14,35.4,3.7,76.4,53,0.291,0.962
2026-01-09T02:46:52.000Z,0.8,39,59.4,1.7,89.9,288,0.371,0.855
2026-01-09T02:46:52.000Z,0.9,18,41.2,3.7,89.2,95,0.293,0.941
2026-01-09T02:46:52.000Z,0.95,14,35.4,3.7,76.4,53,0.291,0.962
2026-01-09T02:47:51.994Z,0.8,39,59.4,1.7,89.9,288,0.371,0.855
2026-01-09T02:47:51.994Z,0.9,18,41.2,3.7,89.2,95,0.293,0.941
2026-01-09T02:47:51.994Z,0.95,14,35.4,3.7,76.4,53,0.291,0.962
2026-01-09T02:48:51.994Z,0.8,39,59.4,1.7,89.9,288,0.371,0.855
2026-01-09T02:48:51.994Z,0.9,18,41.2,3.7,89.2,95,0.293,0.941
2026-01-09T02:48:51.994Z,0.95,14,35.4,3.7,76.4,53,0.291,0.962
2026-01-09T02:49:51.994Z,0.8,39,59.4,1.7,89.9,288,0.371,0.855
2026-01-09T02:49:51.994Z,0.9,18,41.2,3.7,89.2,95,0.293,0.941
2026-01-09T02:49:51.994Z,0.95,14,35.4,3.7,76.4,53,0.291,0.962
2026-01-09T02:50:51.996Z,0.8,39,59.4,1.7,89.9,288,0.371,0.855
2026-01-09T02:50:51.996Z,0.9,18,41.2,3.7,89.2,95,0.293,0.941
2026-01-09T02:50:51.996Z,0.95,14,35.4,3.7,76.4,53,0.291,0.962
2026-01-09T02:51:51.998Z,0.8,39,59.4,1.7,89.9,288,0.371,0.855
2026-01-09T02:51:51.998Z,0.9,18,41.2,3.7,89.2,95,0.293,0.941
2026-01-09T02:51:51.998Z,0.95,14,35.4,3.7,76.4,53,0.291,0.962
2026-01-09T02:52:52.003Z,0.8,39,59.4,1.7,89.9,288,0.371,0.855
2026-01-09T02:52:52.003Z,0.9,18,41.2,3.7,89.2,95,0.293,0.941
2026-01-09T02:52:52.003Z,0.95,14,35.4,3.7,76.4,53,0.291,0.962
2026-01-09T02:53:52.004Z,0.8,39,59.4,1.7,89.9,288,0.371,0.855
2026-01-09T02:53:52.004Z,0.9,18,41.2,3.7,89.2,95,0.293,0.941
2026-01-09T02:53:52.004Z,0.95,14,35.4,3.7,76.4,53,0.291,0.962
2026-01-09T02:54:52.005Z,0.8,39,59.4,1.7,89.9,288,0.371,0.855
2026-01-09T02:54:52.005Z,0.9,18,41.2,3.7,89.2,95,0.293,0.941
2026-01-09T02:54:52.005Z,0.95,14,35.4,3.7,76.4,53,0.291,0.962
2026-01-09T02:55:52.005Z,0.8,39,59.4,1.7,89.9,288,0.371,0.855
2026-01-09T02:55:52.005Z,0.9,18,41.2,3.7,89.2,95,0.293,0.941
2026-01-09T02:55:52.005Z,0.95,14,35.4,3.7,76.4,53,0.291,0.962
2026-01-09T02:56:52.007Z,0.8,39,59.4,1.7,89.9,288,0.371,0.855
2026-01-09T02:56:52.007Z,0.9,18,41.2,3.7,89.2,95,0.293,0.941
2026-01-09T02:56:52.007Z,0.95,14,35.4,3.7,76.4,53,0.291,0.962
2026-01-09T02:57:52.009Z,0.8,39,59.4,1.7,89.9,288,0.371,0.855
2026-01-09T02:57:52.009Z,0.9,18,41.2,3.7,89.2,95,0.293,0.941
2026-01-09T02:57:52.009Z,0.95,14,35.4,3.7,76.4,53,0.291,0.962
2026-01-09T02:58:52.009Z,0.8,39,59.4,1.7,89.9,288,0.371,0.855
2026-01-09T02:58:52.009Z,0.9,18,41.2,3.7,89.2,95,0.293,0.941
2026-01-09T02:58:52.009Z,0.95,14,35.4,3.7,76.4,53,0.291,0.962
2026-01-09T02:59:52.018Z,0.8,39,59.4,1.7,89.9,288,0.371,0.855
2026-01-09T02:59:52.018Z,0.9,18,41.2,3.7,89.2,95,0.293,0.941
2026-01-09T02:59:52.018Z,0.95,14,35.4,3.7,76.4,53,0.291,0.962
2026-01-09T03:00:52.022Z,0.8,39,59.4,1.7,89.9,288,0.371,0.855
2026-01-09T03:00:52.022Z,0.9,18,41.2,3.7,89.2,95,0.293,0.941
2026-01-09T03:00:52.022Z,0.95,14,35.4,3.7,76.4,53,0.291,0.962
2026-01-09T03:01:52.026Z,0.8,39,59.4,1.7,89.9,288,0.371,0.855
2026-01-09T03:01:52.026Z,0.9,18,41.2,3.7,89.2,95,0.293,0.941
2026-01-09T03:01:52.026Z,0.95,14,35.4,3.7,76.4,53,0.291,0.962
2026-01-09T03:02:52.027Z,0.8,39,59.4,1.7,89.9,288,0.371,0.855
2026-01-09T03:02:52.027Z,0.9,18,41.2,3.7,89.2,95,0.293,0.941
2026-01-09T03:02:52.027Z,0.95,14,35.4,3.7,76.4,53,0.291,0.962
2026-01-09T03:03:52.028Z,0.8,39,59.4,1.7,89.9,288,0.371,0.855
2026-01-09T03:03:52.028Z,0.9,18,41.2,3.7,89.2,95,0.293,0.941
2026-01-09T03:03:52.028Z,0.95,14,35.4,3.7,76.4,53,0.291,0.962
2026-01-09T03:04:52.025Z,0.8,39,59.4,1.7,89.9,288,0.371,0.855
2026-01-09T03:04:52.025Z,0.9,18,41.2,3.7,89.2,95,0.293,0.941
2026-01-09T03:04:52.025Z,0.95,14,35.4,3.7,76.4,53,0.291,0.962
2026-01-09T03:05:52.027Z,0.8,39,59.4,1.7,89.9,288,0.371,0.855
2026-01-09T03:05:52.027Z,0.9,18,41.2,3.7,89.2,95,0.293,0.941
2026-01-09T03:05:52.027Z,0.95,14,35.4,3.7,76.4,53,0.291,0.962
2026-01-09T03:06:52.030Z,0.8,39,59.4,1.7,89.9,288,0.371,0.855
2026-01-09T03:06:52.030Z,0.9,18,41.2,3.7,89.2,95,0.293,0.941
2026-01-09T03:06:52.030Z,0.95,14,35.4,3.7,76.4,53,0.291,0.962
2026-01-09T03:07:52.031Z,0.8,39,59.4,1.7,89.9,288,0.371,0.855
2026-01-09T03:07:52.031Z,0.9,18,41.2,3.7,89.2,95,0.293,0.941
2026-01-09T03:07:52.031Z,0.95,14,35.4,3.7,76.4,53,0.291,0.962
2026-01-09T03:08:52.042Z,0.8,39,59.4,1.7,89.9,288,0.371,0.855
2026-01-09T03:08:52.042Z,0.9,18,41.2,3.7,89.2,95,0.293,0.941
2026-01-09T03:08:52.042Z,0.95,14,35.4,3.7,76.4,53,0.291,0.962
2026-01-09T03:09:52.049Z,0.8,39,59.4,1.7,89.9,288,0.371,0.855
2026-01-09T03:09:52.049Z,0.9,18,41.2,3.7,89.2,95,0.293,0.941
2026-01-09T03:09:52.049Z,0.95,14,35.4,3.7,76.4,53,0.291,0.962
2026-01-09T03:10:52.047Z,0.8,39,59.4,1.7,89.9,288,0.371,0.855
2026-01-09T03:10:52.047Z,0.9,18,41.2,3.7,89.2,95,0.293,0.941
2026-01-09T03:10:52.047Z,0.95,14,35.4,3.7,76.4,53,0.291,0.962
2026-01-09T03:11:52.049Z,0.8,39,59.4,1.7,89.9,288,0.371,0.855
2026-01-09T03:11:52.049Z,0.9,18,41.2,3.7,89.2,95,0.293,0.941
2026-01-09T03:11:52.049Z,0.95,14,35.4,3.7,76.4,53,0.291,0.962
2026-01-09T03:12:52.048Z,0.8,39,59.4,1.7,89.9,288,0.371,0.855
2026-01-09T03:12:52.048Z,0.9,18,41.2,3.7,89.2,95,0.293,0.941
2026-01-09T03:12:52.048Z,0.95,14,35.4,3.7,76.4,53,0.291,0.962
2026-01-09T03:13:52.049Z,0.8,39,59.4,1.7,89.9,288,0.371,0.855
2026-01-09T03:13:52.049Z,0.9,18,41.2,3.7,89.2,95,0.293,0.941
2026-01-09T03:13:52.049Z,0.95,14,35.4,3.7,76.4,53,0.291,0.962
2026-01-09T03:14:52.050Z,0.8,39,59.4,1.7,89.9,288,0.371,0.855
2026-01-09T03:14:52.050Z,0.9,18,41.2,3.7,89.2,95,0.293,0.941
2026-01-09T03:14:52.050Z,0.95,14,35.4,3.7,76.4,53,0.291,0.962
2026-01-09T03:15:52.051Z,0.8,39,59.4,1.7,89.9,288,0.371,0.855
2026-01-09T03:15:52.051Z,0.9,18,41.2,3.7,89.2,95,0.293,0.941
2026-01-09T03:15:52.051Z,0.95,14,35.4,3.7,76.4,53,0.291,0.962
2026-01-09T03:16:52.052Z,0.8,39,59.4,1.7,89.9,288,0.371,0.855
2026-01-09T03:16:52.052Z,0.9,18,41.2,3.7,89.2,95,0.293,0.941
2026-01-09T03:16:52.052Z,0.95,14,35.4,3.7,76.4,53,0.291,0.962
2026-01-09T03:17:52.053Z,0.8,39,59.4,1.7,89.9,288,0.371,0.855
2026-01-09T03:17:52.053Z,0.9,18,41.2,3.7,89.2,95,0.293,0.941
2026-01-09T03:17:52.053Z,0.95,14,35.4,3.7,76.4,53,0.291,0.962
2026-01-09T03:18:52.050Z,0.8,39,59.4,1.7,89.9,288,0.371,0.855
2026-01-09T03:18:52.050Z,0.9,18,41.2,3.7,89.2,95,0.293,0.941
2026-01-09T03:18:52.050Z,0.95,14,35.4,3.7,76.4,53,0.291,0.962
2026-01-09T03:19:52.054Z,0.8,39,59.4,1.7,89.9,288,0.371,0.855
2026-01-09T03:19:52.054Z,0.9,18,41.2,3.7,89.2,95,0.293,0.941
2026-01-09T03:19:52.054Z,0.95,14,35.4,3.7,76.4,53,0.291,0.962
2026-01-09T03:20:52.049Z,0.8,40,60.0,1.7,89.9,295,0.374,0.854
2026-01-09T03:20:52.049Z,0.9,18,41.2,3.7,89.2,95,0.293,0.941
2026-01-09T03:20:52.049Z,0.95,14,35.4,3.7,76.4,53,0.291,0.962
2026-01-09T03:21:52.054Z,0.8,40,60.0,1.7,89.9,295,0.374,0.854
2026-01-09T03:21:52.054Z,0.9,18,41.2,3.7,89.2,95,0.293,0.941
2026-01-09T03:21:52.054Z,0.95,14,35.4,3.7,76.4,53,0.291,0.962
2026-01-09T03:22:52.051Z,0.8,40,60.0,1.7,89.9,295,0.374,0.854
2026-01-09T03:22:52.051Z,0.9,18,41.2,3.7,89.2,95,0.293,0.941
2026-01-09T03:22:52.051Z,0.95,14,35.4,3.7,76.4,53,0.291,0.962
2026-01-09T03:23:52.055Z,0.8,40,60.0,1.7,89.9,295,0.374,0.854
2026-01-09T03:23:52.055Z,0.9,18,41.2,3.7,89.2,95,0.293,0.941
2026-01-09T03:23:52.055Z,0.95,14,35.4,3.7,76.4,53,0.291,0.962
2026-01-09T03:24:52.056Z,0.8,40,60.0,1.7,89.9,295,0.374,0.854
2026-01-09T03:24:52.056Z,0.9,18,41.2,3.7,89.2,95,0.293,0.941
2026-01-09T03:24:52.056Z,0.95,14,35.4,3.7,76.4,53,0.291,0.962
2026-01-09T03:25:52.058Z,0.8,40,60.0,1.7,89.9,295,0.374,0.854
2026-01-09T03:25:52.058Z,0.9,18,41.2,3.7,89.2,95,0.293,0.941
2026-01-09T03:25:52.058Z,0.95,14,35.4,3.7,76.4,53,0.291,0.962
2026-01-09T03:26:52.058Z,0.8,40,60.0,1.7,89.9,295,0.374,0.854
2026-01-09T03:26:52.058Z,0.9,18,41.2,3.7,89.2,95,0.293,0.941
2026-01-09T03:26:52.058Z,0.95,14,35.4,3.7,76.4,53,0.291,0.962
2026-01-09T03:27:52.058Z,0.8,40,60.0,1.7,89.9,295,0.374,0.854
2026-01-09T03:27:52.058Z,0.9,18,41.2,3.7,89.2,95,0.293,0.941
2026-01-09T03:27:52.058Z,0.95,14,35.4,3.7,76.4,53,0.291,0.962
2026-01-09T03:28:52.060Z,0.8,40,60.0,1.7,89.9,295,0.374,0.854
2026-01-09T03:28:52.060Z,0.9,18,41.2,3.7,89.2,95,0.293,0.941
2026-01-09T03:28:52.060Z,0.95,14,35.4,3.7,76.4,53,0.291,0.962
2026-01-09T03:29:52.056Z,0.8,40,60.0,1.7,89.9,295,0.374,0.854
2026-01-09T03:29:52.056Z,0.9,18,41.2,3.7,89.2,95,0.293,0.941
2026-01-09T03:29:52.056Z,0.95,14,35.4,3.7,76.4,53,0.291,0.962
2026-01-09T03:30:52.058Z,0.8,40,60.0,1.7,89.9,295,0.374,0.854
2026-01-09T03:30:52.058Z,0.9,18,41.2,3.7,89.2,95,0.293,0.941
2026-01-09T03:30:52.058Z,0.95,14,35.4,3.7,76.4,53,0.291,0.962
2026-01-09T03:31:52.062Z,0.8,40,60.0,1.7,89.9,295,0.374,0.854
2026-01-09T03:31:52.062Z,0.9,18,41.2,3.7,89.2,95,0.293,0.941
2026-01-09T03:31:52.062Z,0.95,14,35.4,3.7,76.4,53,0.291,0.962
2026-01-09T03:32:52.061Z,0.8,40,60.0,1.7,89.9,295,0.374,0.854
2026-01-09T03:32:52.061Z,0.9,18,41.2,3.7,89.2,95,0.293,0.941
2026-01-09T03:32:52.061Z,0.95,14,35.4,3.7,76.4,53,0.291,0.962
2026-01-09T03:33:52.060Z,0.8,40,60.0,1.7,89.9,295,0.374,0.854
2026-01-09T03:33:52.060Z,0.9,18,41.2,3.7,89.2,95,0.293,0.941
2026-01-09T03:33:52.060Z,0.95,14,35.4,3.7,76.4,53,0.291,0.962
2026-01-09T03:34:52.062Z,0.8,40,60.0,1.7,89.9,295,0.374,0.854
2026-01-09T03:34:52.062Z,0.9,18,41.2,3.7,89.2,95,0.293,0.941
2026-01-09T03:34:52.062Z,0.95,14,35.4,3.7,76.4,53,0.291,0.962
2026-01-09T03:35:52.064Z,0.8,40,60.0,1.7,89.9,295,0.374,0.854
2026-01-09T03:35:52.064Z,0.9,18,41.2,3.7,89.2,95,0.293,0.941
2026-01-09T03:35:52.064Z,0.95,14,35.4,3.7,76.4,53,0.291,0.962
2026-01-09T03:36:52.067Z,0.8,40,60.0,1.7,89.9,295,0.374,0.854
2026-01-09T03:36:52.067Z,0.9,18,41.2,3.7,89.2,95,0.293,0.941
2026-01-09T03:36:52.067Z,0.95,14,35.4,3.7,76.4,53,0.291,0.962
2026-01-09T03:37:52.068Z,0.8,40,60.0,1.7,89.9,295,0.374,0.854
2026-01-09T03:37:52.068Z,0.9,18,41.2,3.7,89.2,95,0.293,0.941
2026-01-09T03:37:52.068Z,0.95,14,35.4,3.7,76.4,53,0.291,0.962
2026-01-09T03:38:52.067Z,0.8,40,60.0,1.7,89.9,295,0.374,0.854
2026-01-09T03:38:52.067Z,0.9,18,41.2,3.7,89.2,95,0.293,0.941
2026-01-09T03:38:52.067Z,0.95,14,35.4,3.7,76.4,53,0.291,0.962
2026-01-09T03:39:52.065Z,0.8,40,60.0,1.7,89.9,295,0.374,0.854
2026-01-09T03:39:52.065Z,0.9,18,41.2,3.7,89.2,95,0.293,0.941
2026-01-09T03:39:52.065Z,0.95,14,35.4,3.7,76.4,53,0.291,0.962
2026-01-09T03:40:52.069Z,0.8,40,60.0,1.7,89.9,295,0.374,0.854
2026-01-09T03:40:52.069Z,0.9,18,41.2,3.7,89.2,95,0.293,0.941
2026-01-09T03:40:52.069Z,0.95,14,35.4,3.7,76.4,53,0.291,0.962
2026-01-09T03:41:52.071Z,0.8,40,60.0,1.7,89.9,295,0.374,0.854
2026-01-09T03:41:52.071Z,0.9,18,41.2,3.7,89.2,95,0.293,0.941
2026-01-09T03:41:52.071Z,0.95,14,35.4,3.7,76.4,53,0.291,0.962
2026-01-09T03:42:52.080Z,0.8,40,60.0,1.7,89.9,295,0.374,0.854
2026-01-09T03:42:52.080Z,0.9,18,41.2,3.7,89.2,95,0.293,0.941
2026-01-09T03:42:52.080Z,0.95,14,35.4,3.7,76.4,53,0.291,0.962
2026-01-09T03:43:52.073Z,0.8,40,60.0,1.7,89.9,295,0.374,0.854
2026-01-09T03:43:52.073Z,0.9,18,41.2,3.7,89.2,95,0.293,0.941
2026-01-09T03:43:52.073Z,0.95,14,35.4,3.7,76.4,53,0.291,0.962
2026-01-09T03:44:52.074Z,0.8,40,60.0,1.7,89.9,295,0.374,0.854
2026-01-09T03:44:52.074Z,0.9,18,41.2,3.7,89.2,95,0.293,0.941
2026-01-09T03:44:52.074Z,0.95,14,35.4,3.7,76.4,53,0.291,0.962
2026-01-09T03:45:52.076Z,0.8,40,60.0,1.7,89.9,295,0.374,0.854
2026-01-09T03:45:52.076Z,0.9,18,41.2,3.7,89.2,95,0.293,0.941
2026-01-09T03:45:52.076Z,0.95,14,35.4,3.7,76.4,53,0.291,0.962
2026-01-09T03:46:52.080Z,0.8,41,59.5,1.7,89.9,308,0.377,0.854
2026-01-09T03:46:52.080Z,0.9,18,41.2,3.7,89.2,95,0.293,0.941
2026-01-09T03:46:52.080Z,0.95,14,35.4,3.7,76.4,53,0.291,0.962
2026-01-09T03:47:52.083Z,0.8,44,59.0,1.7,89.9,341,0.383,0.852
2026-01-09T03:47:52.083Z,0.9,18,41.2,3.7,89.2,95,0.293,0.941
2026-01-09T03:47:52.083Z,0.95,14,35.4,3.7,76.4,53,0.291,0.962
2026-01-09T03:48:52.082Z,0.8,44,59.0,1.7,89.9,341,0.383,0.852
2026-01-09T03:48:52.082Z,0.9,18,41.2,3.7,89.2,95,0.293,0.941
2026-01-09T03:48:52.082Z,0.95,14,35.4,3.7,76.4,53,0.291,0.962
2026-01-09T03:49:52.083Z,0.8,44,59.0,1.7,89.9,341,0.383,0.852
2026-01-09T03:49:52.083Z,0.9,18,41.2,3.7,89.2,95,0.293,0.941
2026-01-09T03:49:52.083Z,0.95,14,35.4,3.7,76.4,53,0.291,0.962
2026-01-09T03:50:52.085Z,0.8,44,59.0,1.7,89.9,341,0.383,0.852
2026-01-09T03:50:52.085Z,0.9,18,41.2,3.7,89.2,95,0.293,0.941
2026-01-09T03:50:52.085Z,0.95,14,35.4,3.7,76.4,53,0.291,0.962
2026-01-09T03:51:52.089Z,0.8,44,59.0,1.7,89.9,341,0.383,0.852
2026-01-09T03:51:52.089Z,0.9,18,41.2,3.7,89.2,95,0.293,0.941
2026-01-09T03:51:52.089Z,0.95,14,35.4,3.7,76.4,53,0.291,0.962
2026-01-09T03:52:52.089Z,0.8,44,59.0,1.7,89.9,341,0.383,0.852
2026-01-09T03:52:52.089Z,0.9,18,41.2,3.7,89.2,95,0.293,0.941
2026-01-09T03:52:52.089Z,0.95,14,35.4,3.7,76.4,53,0.291,0.962
2026-01-09T03:53:52.091Z,0.8,44,59.0,1.7,89.9,341,0.383,0.852
2026-01-09T03:53:52.091Z,0.9,18,41.2,3.7,89.2,95,0.293,0.941
2026-01-09T03:53:52.091Z,0.95,14,35.4,3.7,76.4,53,0.291,0.962
2026-01-09T03:54:52.092Z,0.8,44,59.0,1.7,89.9,341,0.383,0.852
2026-01-09T03:54:52.092Z,0.9,18,41.2,3.7,89.2,95,0.293,0.941
2026-01-09T03:54:52.092Z,0.95,14,35.4,3.7,76.4,53,0.291,0.962
2026-01-09T03:55:52.094Z,0.8,44,59.0,1.7,89.9,341,0.383,0.852
2026-01-09T03:55:52.094Z,0.9,18,41.2,3.7,89.2,95,0.293,0.941
2026-01-09T03:55:52.094Z,0.95,14,35.4,3.7,76.4,53,0.291,0.962
2026-01-09T03:56:52.093Z,0.8,44,59.0,1.7,89.9,341,0.383,0.852
2026-01-09T03:56:52.093Z,0.9,18,41.2,3.7,89.2,95,0.293,0.941
2026-01-09T03:56:52.093Z,0.95,14,35.4,3.7,76.4,53,0.291,0.962
2026-01-09T03:57:52.095Z,0.8,44,59.0,1.7,89.9,341,0.383,0.852
2026-01-09T03:57:52.095Z,0.9,18,41.2,3.7,89.2,95,0.293,0.941
2026-01-09T03:57:52.095Z,0.95,14,35.4,3.7,76.4,53,0.291,0.962
2026-01-09T03:58:52.093Z,0.8,44,59.0,1.7,89.9,341,0.383,0.852
2026-01-09T03:58:52.093Z,0.9,18,41.2,3.7,89.2,95,0.293,0.941
2026-01-09T03:58:52.093Z,0.95,14,35.4,3.7,76.4,53,0.291,0.962
2026-01-09T03:59:52.098Z,0.8,44,59.0,1.7,89.9,341,0.383,0.852
2026-01-09T03:59:52.098Z,0.9,18,41.2,3.7,89.2,95,0.293,0.941
2026-01-09T03:59:52.098Z,0.95,14,35.4,3.7,76.4,53,0.291,0.962
2026-01-09T04:00:52.097Z,0.8,44,59.0,1.7,89.9,341,0.383,0.852
2026-01-09T04:00:52.097Z,0.9,18,41.2,3.7,89.2,95,0.293,0.941
2026-01-09T04:00:52.097Z,0.95,14,35.4,3.7,76.4,53,0.291,0.962
2026-01-09T04:01:52.100Z,0.8,44,59.0,1.7,89.9,341,0.383,0.852
2026-01-09T04:01:52.100Z,0.9,18,41.2,3.7,89.2,95,0.293,0.941
2026-01-09T04:01:52.100Z,0.95,14,35.4,3.7,76.4,53,0.291,0.962
2026-01-09T04:02:52.101Z,0.8,44,59.0,1.7,89.9,341,0.383,0.852
2026-01-09T04:02:52.101Z,0.9,18,41.2,3.7,89.2,95,0.293,0.941
2026-01-09T04:02:52.101Z,0.95,14,35.4,3.7,76.4,53,0.291,0.962
2026-01-09T04:03:52.103Z,0.8,44,59.0,1.7,89.9,341,0.383,0.852
2026-01-09T04:03:52.103Z,0.9,18,41.2,3.7,89.2,95,0.293,0.941
2026-01-09T04:03:52.103Z,0.95,14,35.4,3.7,76.4,53,0.291,0.962
2026-01-09T04:04:52.105Z,0.8,44,59.0,1.7,89.9,341,0.383,0.852
2026-01-09T04:04:52.105Z,0.9,18,41.2,3.7,89.2,95,0.293,0.941
2026-01-09T04:04:52.105Z,0.95,14,35.4,3.7,76.4,53,0.291,0.962
2026-01-09T04:05:52.105Z,0.8,44,59.0,1.7,89.9,341,0.383,0.852
2026-01-09T04:05:52.105Z,0.9,18,41.2,3.7,89.2,95,0.293,0.941
2026-01-09T04:05:52.105Z,0.95,14,35.4,3.7,76.4,53,0.291,0.962
2026-01-09T04:06:52.106Z,0.8,44,59.0,1.7,89.9,341,0.383,0.852
2026-01-09T04:06:52.106Z,0.9,18,41.2,3.7,89.2,95,0.293,0.941
2026-01-09T04:06:52.106Z,0.95,14,35.4,3.7,76.4,53,0.291,0.962
2026-01-09T04:07:52.110Z,0.8,44,59.0,1.7,89.9,341,0.383,0.852
2026-01-09T04:07:52.110Z,0.9,18,41.2,3.7,89.2,95,0.293,0.941
2026-01-09T04:07:52.110Z,0.95,14,35.4,3.7,76.4,53,0.291,0.962
2026-01-09T04:08:52.108Z,0.8,44,59.0,1.7,89.9,341,0.383,0.852
2026-01-09T04:08:52.108Z,0.9,18,41.2,3.7,89.2,95,0.293,0.941
2026-01-09T04:08:52.108Z,0.95,14,35.4,3.7,76.4,53,0.291,0.962
2026-01-09T04:09:52.107Z,0.8,44,59.0,1.7,89.9,341,0.383,0.852
2026-01-09T04:09:52.107Z,0.9,18,41.2,3.7,89.2,95,0.293,0.941
2026-01-09T04:09:52.107Z,0.95,14,35.4,3.7,76.4,53,0.291,0.962
2026-01-09T04:10:52.112Z,0.8,44,59.0,1.7,89.9,341,0.383,0.852
2026-01-09T04:10:52.112Z,0.9,18,41.2,3.7,89.2,95,0.293,0.941
2026-01-09T04:10:52.112Z,0.95,14,35.4,3.7,76.4,53,0.291,0.962
2026-01-09T04:11:52.113Z,0.8,44,59.0,1.7,89.9,341,0.383,0.852
2026-01-09T04:11:52.113Z,0.9,18,41.2,3.7,89.2,95,0.293,0.941
2026-01-09T04:11:52.113Z,0.95,14,35.4,3.7,76.4,53,0.291,0.962
2026-01-09T04:12:52.114Z,0.8,44,59.0,1.7,89.9,341,0.383,0.852
2026-01-09T04:12:52.114Z,0.9,18,41.2,3.7,89.2,95,0.293,0.941
2026-01-09T04:12:52.114Z,0.95,14,35.4,3.7,76.4,53,0.291,0.962
2026-01-09T04:13:52.117Z,0.8,44,59.0,1.7,89.9,341,0.383,0.852
2026-01-09T04:13:52.117Z,0.9,18,41.2,3.7,89.2,95,0.293,0.941
2026-01-09T04:13:52.117Z,0.95,14,35.4,3.7,76.4,53,0.291,0.962
2026-01-09T04:14:52.116Z,0.8,44,59.0,1.7,89.9,341,0.383,0.852
2026-01-09T04:14:52.116Z,0.9,18,41.2,3.7,89.2,95,0.293,0.941
2026-01-09T04:14:52.116Z,0.95,14,35.4,3.7,76.4,53,0.291,0.962
2026-01-09T04:15:52.119Z,0.8,44,59.0,1.7,89.9,341,0.383,0.852
2026-01-09T04:15:52.119Z,0.9,18,41.2,3.7,89.2,95,0.293,0.941
2026-01-09T04:15:52.119Z,0.95,14,35.4,3.7,76.4,53,0.291,0.962
2026-01-09T04:16:52.121Z,0.8,44,59.0,1.7,89.9,341,0.383,0.852
2026-01-09T04:16:52.121Z,0.9,18,41.2,3.7,89.2,95,0.293,0.941
2026-01-09T04:16:52.121Z,0.95,14,35.4,3.7,76.4,53,0.291,0.962
2026-01-09T04:17:52.119Z,0.8,44,59.0,1.7,89.9,341,0.383,0.852
2026-01-09T04:17:52.119Z,0.9,18,41.2,3.7,89.2,95,0.293,0.941
2026-01-09T04:17:52.119Z,0.95,14,35.4,3.7,76.4,53,0.291,0.962
2026-01-09T04:18:52.121Z,0.8,44,59.0,1.7,89.9,341,0.383,0.852
2026-01-09T04:18:52.121Z,0.9,18,41.2,3.7,89.2,95,0.293,0.941
2026-01-09T04:18:52.121Z,0.95,14,35.4,3.7,76.4,53,0.291,0.962
2026-01-09T04:19:52.121Z,0.8,44,59.0,1.7,89.9,341,0.383,0.852
2026-01-09T04:19:52.121Z,0.9,18,41.2,3.7,89.2,95,0.293,0.941
2026-01-09T04:19:52.121Z,0.95,14,35.4,3.7,76.4,53,0.291,0.962
2026-01-09T04:20:52.124Z,0.8,44,59.0,1.7,89.9,341,0.383,0.852
2026-01-09T04:20:52.124Z,0.9,18,41.2,3.7,89.2,95,0.293,0.941
2026-01-09T04:20:52.124Z,0.95,14,35.4,3.7,76.4,53,0.291,0.962
2026-01-09T04:21:52.124Z,0.8,44,59.0,1.7,89.9,341,0.383,0.852
2026-01-09T04:21:52.124Z,0.9,18,41.2,3.7,89.2,95,0.293,0.941
2026-01-09T04:21:52.124Z,0.95,14,35.4,3.7,76.4,53,0.291,0.962
2026-01-09T04:22:52.131Z,0.8,44,59.0,1.7,89.9,341,0.383,0.852
2026-01-09T04:22:52.131Z,0.9,18,41.2,3.7,89.2,95,0.293,0.941
2026-01-09T04:22:52.131Z,0.95,14,35.4,3.7,76.4,53,0.291,0.962
2026-01-09T04:23:52.126Z,0.8,44,59.0,1.7,89.9,341,0.383,0.852
2026-01-09T04:23:52.126Z,0.9,18,41.2,3.7,89.2,95,0.293,0.941
2026-01-09T04:23:52.126Z,0.95,14,35.4,3.7,76.4,53,0.291,0.962
2026-01-09T04:24:52.129Z,0.8,44,59.0,1.7,89.9,341,0.383,0.852
2026-01-09T04:24:52.129Z,0.9,18,41.2,3.7,89.2,95,0.293,0.941
2026-01-09T04:24:52.129Z,0.95,14,35.4,3.7,76.4,53,0.291,0.962
2026-01-09T04:25:52.127Z,0.8,44,59.0,1.7,89.9,341,0.383,0.852
2026-01-09T04:25:52.127Z,0.9,18,41.2,3.7,89.2,95,0.293,0.941
2026-01-09T04:25:52.127Z,0.95,14,35.4,3.7,76.4,53,0.291,0.962
2026-01-09T04:26:52.130Z,0.8,44,59.0,1.7,89.9,341,0.383,0.852
2026-01-09T04:26:52.130Z,0.9,18,41.2,3.7,89.2,95,0.293,0.941
2026-01-09T04:26:52.130Z,0.95,14,35.4,3.7,76.4,53,0.291,0.962
2026-01-09T04:27:52.130Z,0.8,44,59.0,1.7,89.9,341,0.383,0.852
2026-01-09T04:27:52.130Z,0.9,18,41.2,3.7,89.2,95,0.293,0.941
2026-01-09T04:27:52.130Z,0.95,14,35.4,3.7,76.4,53,0.291,0.962
2026-01-09T04:28:52.131Z,0.8,44,59.0,1.7,89.9,341,0.383,0.852
2026-01-09T04:28:52.131Z,0.9,18,41.2,3.7,89.2,95,0.293,0.941
2026-01-09T04:28:52.131Z,0.95,14,35.4,3.7,76.4,53,0.291,0.962
2026-01-09T04:29:52.132Z,0.8,44,59.0,1.7,89.9,341,0.383,0.852
2026-01-09T04:29:52.132Z,0.9,18,41.2,3.7,89.2,95,0.293,0.941
2026-01-09T04:29:52.132Z,0.95,14,35.4,3.7,76.4,53,0.291,0.962
2026-01-09T04:30:52.135Z,0.8,44,59.0,1.7,89.9,341,0.383,0.852
2026-01-09T04:30:52.135Z,0.9,18,41.2,3.7,89.2,95,0.293,0.941
2026-01-09T04:30:52.135Z,0.95,14,35.4,3.7,76.4,53,0.291,0.962
2026-01-09T04:31:52.140Z,0.8,44,59.0,1.7,89.9,341,0.383,0.852
2026-01-09T04:31:52.140Z,0.9,18,41.2,3.7,89.2,95,0.293,0.941
2026-01-09T04:31:52.140Z,0.95,14,35.4,3.7,76.4,53,0.291,0.962
2026-01-09T04:32:52.141Z,0.8,45,59.4,1.7,89.9,350,0.384,0.851
2026-01-09T04:32:52.141Z,0.9,18,41.2,3.7,89.2,95,0.293,0.941
2026-01-09T04:32:52.141Z,0.95,14,35.4,3.7,76.4,53,0.291,0.962
2026-01-09T04:33:52.141Z,0.8,45,59.4,1.7,89.9,350,0.384,0.851
2026-01-09T04:33:52.141Z,0.9,18,41.2,3.7,89.2,95,0.293,0.941
2026-01-09T04:33:52.141Z,0.95,14,35.4,3.7,76.4,53,0.291,0.962
2026-01-09T04:34:52.142Z,0.8,45,59.4,1.7,89.9,350,0.384,0.851
2026-01-09T04:34:52.142Z,0.9,18,41.2,3.7,89.2,95,0.293,0.941
2026-01-09T04:34:52.142Z,0.95,14,35.4,3.7,76.4,53,0.291,0.962
2026-01-09T04:35:52.144Z,0.8,45,59.4,1.7,89.9,350,0.384,0.851
2026-01-09T04:35:52.144Z,0.9,18,41.2,3.7,89.2,95,0.293,0.941
2026-01-09T04:35:52.144Z,0.95,14,35.4,3.7,76.4,53,0.291,0.962
2026-01-09T04:36:52.144Z,0.8,45,59.4,1.7,89.9,350,0.384,0.851
2026-01-09T04:36:52.144Z,0.9,18,41.2,3.7,89.2,95,0.293,0.941
2026-01-09T04:36:52.144Z,0.95,14,35.4,3.7,76.4,53,0.291,0.962
2026-01-09T04:37:52.145Z,0.8,45,59.4,1.7,89.9,350,0.384,0.851
2026-01-09T04:37:52.145Z,0.9,18,41.2,3.7,89.2,95,0.293,0.941
2026-01-09T04:37:52.145Z,0.95,14,35.4,3.7,76.4,53,0.291,0.962
2026-01-09T04:38:52.144Z,0.8,45,59.4,1.7,89.9,350,0.384,0.851
2026-01-09T04:38:52.144Z,0.9,18,41.2,3.7,89.2,95,0.293,0.941
2026-01-09T04:38:52.144Z,0.95,14,35.4,3.7,76.4,53,0.291,0.962
2026-01-09T04:39:52.146Z,0.8,45,59.4,1.7,89.9,350,0.384,0.851
2026-01-09T04:39:52.146Z,0.9,18,41.2,3.7,89.2,95,0.293,0.941
2026-01-09T04:39:52.146Z,0.95,14,35.4,3.7,76.4,53,0.291,0.962
2026-01-09T04:40:52.148Z,0.8,45,59.4,1.7,89.9,350,0.384,0.851
2026-01-09T04:40:52.148Z,0.9,18,41.2,3.7,89.2,95,0.293,0.941
2026-01-09T04:40:52.148Z,0.95,14,35.4,3.7,76.4,53,0.291,0.962
2026-01-09T04:41:52.150Z,0.8,45,59.4,1.7,89.9,350,0.384,0.851
2026-01-09T04:41:52.150Z,0.9,18,41.2,3.7,89.2,95,0.293,0.941
2026-01-09T04:41:52.150Z,0.95,14,35.4,3.7,76.4,53,0.291,0.962
2026-01-09T04:42:52.147Z,0.8,45,59.4,1.7,89.9,350,0.384,0.851
2026-01-09T04:42:52.147Z,0.9,18,41.2,3.7,89.2,95,0.293,0.941
2026-01-09T04:42:52.147Z,0.95,14,35.4,3.7,76.4,53,0.291,0.962
2026-01-09T04:43:52.147Z,0.8,45,59.4,1.7,89.9,350,0.384,0.851
2026-01-09T04:43:52.147Z,0.9,18,41.2,3.7,89.2,95,0.293,0.941
2026-01-09T04:43:52.147Z,0.95,14,35.4,3.7,76.4,53,0.291,0.962
2026-01-09T04:44:52.146Z,0.8,45,59.4,1.7,89.9,350,0.384,0.851
2026-01-09T04:44:52.146Z,0.9,18,41.2,3.7,89.2,95,0.293,0.941
2026-01-09T04:44:52.146Z,0.95,14,35.4,3.7,76.4,53,0.291,0.962
2026-01-09T04:45:52.150Z,0.8,45,59.4,1.7,89.9,350,0.384,0.851
2026-01-09T04:45:52.150Z,0.9,18,41.2,3.7,89.2,95,0.293,0.941
2026-01-09T04:45:52.150Z,0.95,15,37.0,3.7,76.4,49,0.281,0.963
2026-01-09T04:46:52.152Z,0.8,45,59.4,1.7,89.9,350,0.384,0.851
2026-01-09T04:46:52.152Z,0.9,18,41.2,3.7,89.2,95,0.293,0.941
2026-01-09T04:46:52.152Z,0.95,15,37.0,3.7,76.4,49,0.281,0.963
2026-01-09T04:47:52.154Z,0.8,45,59.4,1.7,89.9,350,0.384,0.851
2026-01-09T04:47:52.154Z,0.9,18,41.2,3.7,89.2,95,0.293,0.941
2026-01-09T04:47:52.154Z,0.95,15,37.0,3.7,76.4,49,0.281,0.963
2026-01-09T04:48:52.155Z,0.8,45,59.4,1.7,89.9,350,0.384,0.851
2026-01-09T04:48:52.155Z,0.9,18,41.2,3.7,89.2,95,0.293,0.941
2026-01-09T04:48:52.155Z,0.95,15,37.0,3.7,76.4,49,0.281,0.963
2026-01-09T04:49:52.156Z,0.8,45,59.4,1.7,89.9,350,0.384,0.851
2026-01-09T04:49:52.156Z,0.9,18,41.2,3.7,89.2,95,0.293,0.941
2026-01-09T04:49:52.156Z,0.95,15,37.0,3.7,76.4,49,0.281,0.963
2026-01-09T04:50:52.154Z,0.8,45,59.4,1.7,89.9,350,0.384,0.851
2026-01-09T04:50:52.154Z,0.9,18,41.2,3.7,89.2,95,0.293,0.941
2026-01-09T04:50:52.154Z,0.95,15,37.0,3.7,76.4,49,0.281,0.963
2026-01-09T04:51:52.154Z,0.8,45,59.4,1.7,89.9,350,0.384,0.851
2026-01-09T04:51:52.154Z,0.9,18,41.2,3.7,89.2,95,0.293,0.941
2026-01-09T04:51:52.154Z,0.95,15,37.0,3.7,76.4,49,0.281,0.963
2026-01-09T04:52:52.156Z,0.8,45,59.4,1.7,89.9,350,0.384,0.851
2026-01-09T04:52:52.156Z,0.9,18,41.2,3.7,89.2,95,0.293,0.941
2026-01-09T04:52:52.156Z,0.95,15,37.0,3.7,76.4,49,0.281,0.963
2026-01-09T04:53:52.157Z,0.8,47,58.5,1.7,89.9,351,0.386,0.850
2026-01-09T04:53:52.157Z,0.9,18,41.2,3.7,89.2,95,0.293,0.941
2026-01-09T04:53:52.157Z,0.95,15,37.0,3.7,76.4,49,0.281,0.963
2026-01-09T04:54:52.159Z,0.8,51,58.9,1.7,89.9,351,0.391,0.847
2026-01-09T04:54:52.159Z,0.9,18,41.2,3.7,89.2,95,0.293,0.941
2026-01-09T04:54:52.159Z,0.95,15,37.0,3.7,76.4,49,0.281,0.963
2026-01-09T04:55:52.160Z,0.8,51,58.9,1.7,89.9,351,0.391,0.847
2026-01-09T04:55:52.160Z,0.9,18,41.2,3.7,89.2,95,0.293,0.941
2026-01-09T04:55:52.160Z,0.95,15,37.0,3.7,76.4,49,0.281,0.963
2026-01-09T04:56:52.163Z,0.8,51,58.9,1.7,89.9,351,0.391,0.847
2026-01-09T04:56:52.163Z,0.9,18,41.2,3.7,89.2,95,0.293,0.941
2026-01-09T04:56:52.163Z,0.95,15,37.0,3.7,76.4,49,0.281,0.963
2026-01-09T04:57:52.165Z,0.8,51,58.9,1.7,89.9,351,0.391,0.847
2026-01-09T04:57:52.165Z,0.9,19,43.6,3.7,89.2,97,0.294,0.939
2026-01-09T04:57:52.165Z,0.95,15,37.0,3.7,76.4,49,0.281,0.963
2026-01-09T04:58:52.164Z,0.8,52,58.5,1.7,89.9,347,0.393,0.846
2026-01-09T04:58:52.164Z,0.9,19,43.6,3.7,89.2,97,0.294,0.939
2026-01-09T04:58:52.164Z,0.95,15,37.0,3.7,76.4,49,0.281,0.963
2026-01-09T04:59:52.162Z,0.8,52,58.5,1.7,89.9,347,0.393,0.846
2026-01-09T04:59:52.162Z,0.9,19,43.6,3.7,89.2,97,0.294,0.939
2026-01-09T04:59:52.162Z,0.95,15,37.0,3.7,76.4,49,0.281,0.963
2026-01-09T05:00:52.166Z,0.8,52,58.5,1.7,89.9,347,0.393,0.846
2026-01-09T05:00:52.166Z,0.9,19,43.6,3.7,89.2,97,0.294,0.939
2026-01-09T05:00:52.166Z,0.95,15,37.0,3.7,76.4,49,0.281,0.963
2026-01-09T05:01:52.167Z,0.8,52,58.5,1.7,89.9,347,0.393,0.846
2026-01-09T05:01:52.167Z,0.9,19,43.6,3.7,89.2,97,0.294,0.939
2026-01-09T05:01:52.167Z,0.95,15,37.0,3.7,76.4,49,0.281,0.963
2026-01-09T05:02:52.168Z,0.8,52,58.5,1.7,89.9,347,0.393,0.846
2026-01-09T05:02:52.168Z,0.9,19,43.6,3.7,89.2,97,0.294,0.939
2026-01-09T05:02:52.168Z,0.95,15,37.0,3.7,76.4,49,0.281,0.963
2026-01-09T05:03:52.163Z,0.8,52,58.5,1.7,89.9,347,0.393,0.846
2026-01-09T05:03:52.163Z,0.9,19,43.6,3.7,89.2,97,0.294,0.939
2026-01-09T05:03:52.163Z,0.95,15,37.0,3.7,76.4,49,0.281,0.963
2026-01-09T05:04:52.169Z,0.8,52,58.5,1.7,89.9,347,0.393,0.846
2026-01-09T05:04:52.169Z,0.9,19,43.6,3.7,89.2,97,0.294,0.939
2026-01-09T05:04:52.169Z,0.95,15,37.0,3.7,76.4,49,0.281,0.963
2026-01-09T05:05:52.173Z,0.8,52,58.5,1.7,89.9,347,0.393,0.846
2026-01-09T05:05:52.173Z,0.9,19,43.6,3.7,89.2,97,0.294,0.939
2026-01-09T05:05:52.173Z,0.95,15,37.0,3.7,76.4,49,0.281,0.963
2026-01-09T05:06:52.172Z,0.8,52,58.5,1.7,89.9,347,0.393,0.846
2026-01-09T05:06:52.172Z,0.9,19,43.6,3.7,89.2,97,0.294,0.939
2026-01-09T05:06:52.172Z,0.95,15,37.0,3.7,76.4,49,0.281,0.963
2026-01-09T05:07:52.173Z,0.8,52,58.5,1.7,89.9,347,0.393,0.846
2026-01-09T05:07:52.173Z,0.9,19,43.6,3.7,89.2,97,0.294,0.939
2026-01-09T05:07:52.173Z,0.95,15,37.0,3.7,76.4,49,0.281,0.963
2026-01-09T05:08:52.174Z,0.8,52,58.5,1.7,89.9,347,0.393,0.846
2026-01-09T05:08:52.174Z,0.9,19,43.6,3.7,89.2,97,0.294,0.939
2026-01-09T05:08:52.174Z,0.95,15,37.0,3.7,76.4,49,0.281,0.963
2026-01-09T05:09:52.175Z,0.8,52,58.5,1.7,89.9,347,0.393,0.846
2026-01-09T05:09:52.175Z,0.9,19,43.6,3.7,89.2,97,0.294,0.939
2026-01-09T05:09:52.175Z,0.95,15,37.0,3.7,76.4,49,0.281,0.963
2026-01-09T05:10:52.176Z,0.8,52,58.5,1.7,89.9,347,0.393,0.846
2026-01-09T05:10:52.176Z,0.9,19,43.6,3.7,89.2,97,0.294,0.939
2026-01-09T05:10:52.176Z,0.95,15,37.0,3.7,76.4,49,0.281,0.963
2026-01-09T05:11:52.176Z,0.8,52,58.5,1.7,89.9,347,0.393,0.846
2026-01-09T05:11:52.176Z,0.9,19,43.6,3.7,89.2,97,0.294,0.939
2026-01-09T05:11:52.176Z,0.95,15,37.0,3.7,76.4,49,0.281,0.963
2026-01-09T05:12:52.177Z,0.8,52,58.5,1.7,89.9,347,0.393,0.846
2026-01-09T05:12:52.177Z,0.9,19,43.6,3.7,89.2,97,0.294,0.939
2026-01-09T05:12:52.177Z,0.95,15,37.0,3.7,76.4,49,0.281,0.963
2026-01-09T05:13:52.177Z,0.8,52,58.5,1.7,89.9,347,0.393,0.846
2026-01-09T05:13:52.177Z,0.9,19,43.6,3.7,89.2,97,0.294,0.939
2026-01-09T05:13:52.177Z,0.95,15,37.0,3.7,76.4,49,0.281,0.963
2026-01-09T05:14:52.176Z,0.8,52,58.5,1.7,89.9,347,0.393,0.846
2026-01-09T05:14:52.176Z,0.9,19,43.6,3.7,89.2,97,0.294,0.939
2026-01-09T05:14:52.176Z,0.95,15,37.0,3.7,76.4,49,0.281,0.963
2026-01-09T05:15:52.176Z,0.8,52,58.5,1.7,89.9,347,0.393,0.846
2026-01-09T05:15:52.176Z,0.9,19,43.6,3.7,89.2,97,0.294,0.939
2026-01-09T05:15:52.176Z,0.95,15,37.0,3.7,76.4,49,0.281,0.963
2026-01-09T05:16:52.176Z,0.8,52,58.5,1.7,89.9,347,0.393,0.846
2026-01-09T05:16:52.176Z,0.9,19,43.6,3.7,89.2,97,0.294,0.939
2026-01-09T05:16:52.176Z,0.95,15,37.0,3.7,76.4,49,0.281,0.963
2026-01-09T05:17:52.178Z,0.8,52,58.5,1.7,89.9,347,0.393,0.846
2026-01-09T05:17:52.178Z,0.9,19,43.6,3.7,89.2,97,0.294,0.939
2026-01-09T05:17:52.178Z,0.95,15,37.0,3.7,76.4,49,0.281,0.963
2026-01-09T05:18:52.177Z,0.8,52,58.5,1.7,89.9,347,0.393,0.846
2026-01-09T05:18:52.177Z,0.9,19,43.6,3.7,89.2,97,0.294,0.939
2026-01-09T05:18:52.177Z,0.95,15,37.0,3.7,76.4,49,0.281,0.963
2026-01-09T05:19:52.178Z,0.8,52,58.5,1.7,89.9,347,0.393,0.846
2026-01-09T05:19:52.178Z,0.9,19,43.6,3.7,89.2,97,0.294,0.939
2026-01-09T05:19:52.178Z,0.95,15,37.0,3.7,76.4,49,0.281,0.963
2026-01-09T05:20:52.177Z,0.8,52,58.5,1.7,89.9,347,0.393,0.846
2026-01-09T05:20:52.177Z,0.9,19,43.6,3.7,89.2,97,0.294,0.939
2026-01-09T05:20:52.177Z,0.95,15,37.0,3.7,76.4,49,0.281,0.963
2026-01-09T05:21:52.177Z,0.8,52,58.5,1.7,89.9,347,0.393,0.846
2026-01-09T05:21:52.177Z,0.9,19,43.6,3.7,89.2,97,0.294,0.939
2026-01-09T05:21:52.177Z,0.95,15,37.0,3.7,76.4,49,0.281,0.963
2026-01-09T05:22:52.183Z,0.8,52,58.5,1.7,89.9,347,0.393,0.846
2026-01-09T05:22:52.183Z,0.9,19,43.6,3.7,89.2,97,0.294,0.939
2026-01-09T05:22:52.183Z,0.95,15,37.0,3.7,76.4,49,0.281,0.963
2026-01-09T05:23:52.181Z,0.8,52,58.5,1.7,89.9,347,0.393,0.846
2026-01-09T05:23:52.181Z,0.9,19,43.6,3.7,89.2,97,0.294,0.939
2026-01-09T05:23:52.181Z,0.95,15,37.0,3.7,76.4,49,0.281,0.963
2026-01-09T05:24:52.178Z,0.8,52,58.5,1.7,89.9,347,0.393,0.846
2026-01-09T05:24:52.178Z,0.9,19,43.6,3.7,89.2,97,0.294,0.939
2026-01-09T05:24:52.178Z,0.95,15,37.0,3.7,76.4,49,0.281,0.963
2026-01-09T05:25:52.180Z,0.8,52,58.5,1.7,89.9,347,0.393,0.846
2026-01-09T05:25:52.180Z,0.9,19,43.6,3.7,89.2,97,0.294,0.939
2026-01-09T05:25:52.180Z,0.95,15,37.0,3.7,76.4,49,0.281,0.963
2026-01-09T05:26:52.182Z,0.8,52,58.5,1.7,89.9,347,0.393,0.846
2026-01-09T05:26:52.182Z,0.9,19,43.6,3.7,89.2,97,0.294,0.939
2026-01-09T05:26:52.182Z,0.95,15,37.0,3.7,76.4,49,0.281,0.963
2026-01-09T05:27:52.181Z,0.8,52,58.5,1.7,89.9,347,0.393,0.846
2026-01-09T05:27:52.181Z,0.9,19,43.6,3.7,89.2,97,0.294,0.939
2026-01-09T05:27:52.181Z,0.95,15,37.0,3.7,76.4,49,0.281,0.963
2026-01-09T05:28:52.182Z,0.8,52,58.5,1.7,89.9,347,0.393,0.846
2026-01-09T05:28:52.182Z,0.9,19,43.6,3.7,89.2,97,0.294,0.939
2026-01-09T05:28:52.182Z,0.95,15,37.0,3.7,76.4,49,0.281,0.963
2026-01-09T05:29:52.182Z,0.8,52,58.5,1.7,89.9,347,0.393,0.846
2026-01-09T05:29:52.182Z,0.9,19,43.6,3.7,89.2,97,0.294,0.939
2026-01-09T05:29:52.182Z,0.95,15,37.0,3.7,76.4,49,0.281,0.963
2026-01-09T05:30:52.179Z,0.8,52,58.5,1.7,89.9,347,0.393,0.846
2026-01-09T05:30:52.179Z,0.9,19,43.6,3.7,89.2,97,0.294,0.939
2026-01-09T05:30:52.179Z,0.95,15,37.0,3.7,76.4,49,0.281,0.963
2026-01-09T05:31:52.182Z,0.8,53,59.0,1.7,89.9,355,0.395,0.846
2026-01-09T05:31:52.182Z,0.9,19,43.6,3.7,89.2,97,0.294,0.939
2026-01-09T05:31:52.182Z,0.95,15,37.0,3.7,76.4,49,0.281,0.963
2026-01-09T05:32:52.183Z,0.8,54,59.6,1.7,89.9,363,0.396,0.846
2026-01-09T05:32:52.183Z,0.9,19,43.6,3.7,89.2,97,0.294,0.939
2026-01-09T05:32:52.183Z,0.95,15,37.0,3.7,76.4,49,0.281,0.963
2026-01-09T05:33:52.181Z,0.8,54,59.6,1.7,89.9,363,0.396,0.846
2026-01-09T05:33:52.181Z,0.9,19,43.6,3.7,89.2,97,0.294,0.939
2026-01-09T05:33:52.181Z,0.95,15,37.0,3.7,76.4,49,0.281,0.963
2026-01-09T05:34:52.183Z,0.8,54,59.6,1.7,89.9,363,0.396,0.846
2026-01-09T05:34:52.183Z,0.9,19,43.6,3.7,89.2,97,0.294,0.939
2026-01-09T05:34:52.183Z,0.95,15,37.0,3.7,76.4,49,0.281,0.963
2026-01-09T05:35:52.188Z,0.8,54,59.6,1.7,89.9,363,0.396,0.846
2026-01-09T05:35:52.188Z,0.9,19,43.6,3.7,89.2,97,0.294,0.939
2026-01-09T05:35:52.188Z,0.95,15,37.0,3.7,76.4,49,0.281,0.963
2026-01-09T05:36:52.188Z,0.8,54,59.6,1.7,89.9,363,0.396,0.846
2026-01-09T05:36:52.188Z,0.9,19,43.6,3.7,89.2,97,0.294,0.939
2026-01-09T05:36:52.188Z,0.95,15,37.0,3.7,76.4,49,0.281,0.963
2026-01-09T05:37:52.187Z,0.8,54,59.6,1.7,89.9,363,0.396,0.846
2026-01-09T05:37:52.187Z,0.9,19,43.6,3.7,89.2,97,0.294,0.939
2026-01-09T05:37:52.187Z,0.95,15,37.0,3.7,76.4,49,0.281,0.963
2026-01-09T05:38:52.186Z,0.8,54,59.6,1.7,89.9,363,0.396,0.846
2026-01-09T05:38:52.186Z,0.9,19,43.6,3.7,89.2,97,0.294,0.939
2026-01-09T05:38:52.186Z,0.95,15,37.0,3.7,76.4,49,0.281,0.963
2026-01-09T05:39:52.188Z,0.8,55,60.1,1.7,89.9,362,0.398,0.845
2026-01-09T05:39:52.188Z,0.9,19,43.6,3.7,89.2,97,0.294,0.939
2026-01-09T05:39:52.188Z,0.95,15,37.0,3.7,76.4,49,0.281,0.963
2026-01-09T05:40:52.188Z,0.8,57,60.8,1.7,89.9,359,0.401,0.844
2026-01-09T05:40:52.188Z,0.9,19,43.6,3.7,89.2,97,0.294,0.939
2026-01-09T05:40:52.188Z,0.95,15,37.0,3.7,76.4,49,0.281,0.963
2026-01-09T05:41:52.191Z,0.8,58,61.3,1.7,89.9,357,0.402,0.843
2026-01-09T05:41:52.191Z,0.9,19,43.6,3.7,89.2,97,0.294,0.939
2026-01-09T05:41:52.191Z,0.95,15,37.0,3.7,76.4,49,0.281,0.963
2026-01-09T05:42:52.192Z,0.8,58,61.3,1.7,89.9,357,0.402,0.843
2026-01-09T05:42:52.192Z,0.9,19,43.6,3.7,89.2,97,0.294,0.939
2026-01-09T05:42:52.192Z,0.95,15,37.0,3.7,76.4,49,0.281,0.963
2026-01-09T05:43:52.191Z,0.8,58,61.3,1.7,89.9,357,0.402,0.843
2026-01-09T05:43:52.191Z,0.9,19,43.6,3.7,89.2,97,0.294,0.939
2026-01-09T05:43:52.191Z,0.95,15,37.0,3.7,76.4,49,0.281,0.963
2026-01-09T05:44:52.193Z,0.8,66,60.0,1.7,89.9,316,0.402,0.855
2026-01-09T05:44:52.193Z,0.9,26,46.1,3.7,89.2,76,0.324,0.943
2026-01-09T05:44:52.193Z,0.95,21,39.2,3.7,76.4,40,0.316,0.965
2026-01-09T05:45:52.193Z,0.8,66,60.0,1.7,89.9,316,0.402,0.855
2026-01-09T05:45:52.193Z,0.9,26,46.1,3.7,89.2,76,0.324,0.943
2026-01-09T05:45:52.193Z,0.95,21,39.2,3.7,76.4,40,0.316,0.965
2026-01-09T05:46:52.196Z,0.8,66,60.0,1.7,89.9,316,0.402,0.855
2026-01-09T05:46:52.196Z,0.9,26,46.1,3.7,89.2,76,0.324,0.943
2026-01-09T05:46:52.196Z,0.95,21,39.2,3.7,76.4,40,0.316,0.965
2026-01-09T05:47:52.197Z,0.8,66,60.0,1.7,89.9,316,0.402,0.855
2026-01-09T05:47:52.197Z,0.9,26,46.1,3.7,89.2,76,0.324,0.943
2026-01-09T05:47:52.197Z,0.95,21,39.2,3.7,76.4,40,0.316,0.965
2026-01-09T05:48:52.196Z,0.8,66,60.0,1.7,89.9,316,0.402,0.855
2026-01-09T05:48:52.196Z,0.9,26,46.1,3.7,89.2,76,0.324,0.943
2026-01-09T05:48:52.196Z,0.95,21,39.2,3.7,76.4,40,0.316,0.965
2026-01-09T05:49:52.197Z,0.8,66,60.0,1.7,89.9,316,0.402,0.855
2026-01-09T05:49:52.197Z,0.9,26,46.1,3.7,89.2,76,0.324,0.943
2026-01-09T05:49:52.197Z,0.95,21,39.2,3.7,76.4,40,0.316,0.965
2026-01-09T05:50:52.200Z,0.8,66,60.0,1.7,89.9,316,0.402,0.855
2026-01-09T05:50:52.200Z,0.9,26,46.1,3.7,89.2,76,0.324,0.943
2026-01-09T05:50:52.200Z,0.95,21,39.2,3.7,76.4,40,0.316,0.965
2026-01-09T05:51:52.203Z,0.8,66,60.0,1.7,89.9,316,0.402,0.855
2026-01-09T05:51:52.203Z,0.9,26,46.1,3.7,89.2,76,0.324,0.943
2026-01-09T05:51:52.203Z,0.95,21,39.2,3.7,76.4,40,0.316,0.965
2026-01-09T05:52:52.205Z,0.8,66,60.0,1.7,89.9,316,0.402,0.855
2026-01-09T05:52:52.205Z,0.9,26,46.1,3.7,89.2,76,0.324,0.943
2026-01-09T05:52:52.205Z,0.95,21,39.2,3.7,76.4,40,0.316,0.965
2026-01-09T05:53:52.206Z,0.8,66,60.0,1.7,89.9,316,0.402,0.855
2026-01-09T05:53:52.206Z,0.9,26,46.1,3.7,89.2,76,0.324,0.943
2026-01-09T05:53:52.206Z,0.95,21,39.2,3.7,76.4,40,0.316,0.965
2026-01-09T05:54:52.207Z,0.8,66,60.0,1.7,89.9,316,0.402,0.855
2026-01-09T05:54:52.207Z,0.9,26,46.1,3.7,89.2,76,0.324,0.943
2026-01-09T05:54:52.207Z,0.95,21,39.2,3.7,76.4,40,0.316,0.965
2026-01-09T05:55:52.210Z,0.8,66,60.0,1.7,89.9,316,0.402,0.855
2026-01-09T05:55:52.210Z,0.9,26,46.1,3.7,89.2,76,0.324,0.943
2026-01-09T05:55:52.210Z,0.95,21,39.2,3.7,76.4,40,0.316,0.965
2026-01-09T05:56:52.214Z,0.8,66,60.0,1.7,89.9,316,0.402,0.855
2026-01-09T05:56:52.214Z,0.9,26,46.1,3.7,89.2,76,0.324,0.943
2026-01-09T05:56:52.214Z,0.95,21,39.2,3.7,76.4,40,0.316,0.965
2026-01-09T05:57:52.213Z,0.8,66,60.0,1.7,89.9,316,0.402,0.855
2026-01-09T05:57:52.213Z,0.9,26,46.1,3.7,89.2,76,0.324,0.943
2026-01-09T05:57:52.213Z,0.95,21,39.2,3.7,76.4,40,0.316,0.965
2026-01-09T05:58:52.214Z,0.8,66,60.0,1.7,89.9,316,0.402,0.855
2026-01-09T05:58:52.214Z,0.9,26,46.1,3.7,89.2,76,0.324,0.943
2026-01-09T05:58:52.214Z,0.95,21,39.2,3.7,76.4,40,0.316,0.965
2026-01-09T05:59:52.216Z,0.8,66,60.0,1.7,89.9,316,0.402,0.855
2026-01-09T05:59:52.216Z,0.9,26,46.1,3.7,89.2,76,0.324,0.943
2026-01-09T05:59:52.216Z,0.95,21,39.2,3.7,76.4,40,0.316,0.965
2026-01-09T06:00:52.216Z,0.8,66,60.0,1.7,89.9,316,0.402,0.855
2026-01-09T06:00:52.216Z,0.9,26,46.1,3.7,89.2,76,0.324,0.943
2026-01-09T06:00:52.216Z,0.95,21,39.2,3.7,76.4,40,0.316,0.965
2026-01-09T06:01:52.216Z,0.8,66,60.0,1.7,89.9,316,0.402,0.855
2026-01-09T06:01:52.216Z,0.9,26,46.1,3.7,89.2,76,0.324,0.943
2026-01-09T06:01:52.216Z,0.95,21,39.2,3.7,76.4,40,0.316,0.965
2026-01-09T06:02:52.216Z,0.8,66,60.0,1.7,89.9,316,0.402,0.855
2026-01-09T06:02:52.216Z,0.9,26,46.1,3.7,89.2,76,0.324,0.943
2026-01-09T06:02:52.216Z,0.95,21,39.2,3.7,76.4,40,0.316,0.965
2026-01-09T06:03:52.217Z,0.8,66,60.0,1.7,89.9,316,0.402,0.855
2026-01-09T06:03:52.217Z,0.9,26,46.1,3.7,89.2,76,0.324,0.943
2026-01-09T06:03:52.217Z,0.95,21,39.2,3.7,76.4,40,0.316,0.965
2026-01-09T06:04:52.217Z,0.8,66,60.0,1.7,89.9,316,0.402,0.855
2026-01-09T06:04:52.217Z,0.9,26,46.1,3.7,89.2,76,0.324,0.943
2026-01-09T06:04:52.217Z,0.95,21,39.2,3.7,76.4,40,0.316,0.965
2026-01-09T06:05:52.217Z,0.8,66,60.0,1.7,89.9,316,0.402,0.855
2026-01-09T06:05:52.217Z,0.9,26,46.1,3.7,89.2,76,0.324,0.943
2026-01-09T06:05:52.217Z,0.95,21,39.2,3.7,76.4,40,0.316,0.965
2026-01-09T06:06:52.219Z,0.8,66,60.0,1.7,89.9,316,0.402,0.855
2026-01-09T06:06:52.219Z,0.9,26,46.1,3.7,89.2,76,0.324,0.943
2026-01-09T06:06:52.219Z,0.95,21,39.2,3.7,76.4,40,0.316,0.965
2026-01-09T06:07:52.219Z,0.8,66,60.0,1.7,89.9,316,0.402,0.855
2026-01-09T06:07:52.219Z,0.9,26,46.1,3.7,89.2,76,0.324,0.943
2026-01-09T06:07:52.219Z,0.95,21,39.2,3.7,76.4,40,0.316,0.965
2026-01-09T06:08:52.219Z,0.8,66,60.0,1.7,89.9,316,0.402,0.855
2026-01-09T06:08:52.219Z,0.9,26,46.1,3.7,89.2,76,0.324,0.943
2026-01-09T06:08:52.219Z,0.95,21,39.2,3.7,76.4,40,0.316,0.965
2026-01-09T06:09:52.222Z,0.8,66,60.0,1.7,89.9,316,0.402,0.855
2026-01-09T06:09:52.222Z,0.9,26,46.1,3.7,89.2,76,0.324,0.943
2026-01-09T06:09:52.222Z,0.95,21,39.2,3.7,76.4,40,0.316,0.965
2026-01-09T06:10:52.221Z,0.8,66,60.0,1.7,89.9,316,0.402,0.855
2026-01-09T06:10:52.221Z,0.9,26,46.1,3.7,89.2,76,0.324,0.943
2026-01-09T06:10:52.221Z,0.95,21,39.2,3.7,76.4,40,0.316,0.965
2026-01-09T06:11:52.224Z,0.8,66,60.0,1.7,89.9,316,0.402,0.855
2026-01-09T06:11:52.224Z,0.9,26,46.1,3.7,89.2,76,0.324,0.943
2026-01-09T06:11:52.224Z,0.95,21,39.2,3.7,76.4,40,0.316,0.965
2026-01-09T06:12:52.221Z,0.8,66,60.0,1.7,89.9,316,0.402,0.855
2026-01-09T06:12:52.221Z,0.9,26,46.1,3.7,89.2,76,0.324,0.943
2026-01-09T06:12:52.221Z,0.95,21,39.2,3.7,76.4,40,0.316,0.965
2026-01-09T06:13:52.231Z,0.8,68,59.0,1.7,89.9,309,0.403,0.857
2026-01-09T06:13:52.231Z,0.9,28,44.5,3.7,89.2,78,0.334,0.944
2026-01-09T06:13:52.231Z,0.95,23,37.9,3.7,76.4,45,0.328,0.965
2026-01-09T06:14:52.232Z,0.8,68,59.0,1.7,89.9,309,0.403,0.857
2026-01-09T06:14:52.232Z,0.9,28,44.5,3.7,89.2,78,0.334,0.944
2026-01-09T06:14:52.232Z,0.95,23,37.9,3.7,76.4,45,0.328,0.965
2026-01-09T06:15:52.233Z,0.8,68,59.0,1.7,89.9,309,0.403,0.857
2026-01-09T06:15:52.233Z,0.9,28,44.5,3.7,89.2,78,0.334,0.944
2026-01-09T06:15:52.233Z,0.95,23,37.9,3.7,76.4,45,0.328,0.965
2026-01-09T06:16:52.234Z,0.8,68,59.0,1.7,89.9,309,0.403,0.857
2026-01-09T06:16:52.234Z,0.9,28,44.5,3.7,89.2,78,0.334,0.944
2026-01-09T06:16:52.234Z,0.95,23,37.9,3.7,76.4,45,0.328,0.965
2026-01-09T06:17:52.236Z,0.8,68,59.0,1.7,89.9,309,0.403,0.857
2026-01-09T06:17:52.236Z,0.9,28,44.5,3.7,89.2,78,0.334,0.944
2026-01-09T06:17:52.236Z,0.95,23,37.9,3.7,76.4,45,0.328,0.965
2026-01-09T06:18:52.237Z,0.8,68,59.0,1.7,89.9,309,0.403,0.857
2026-01-09T06:18:52.237Z,0.9,28,44.5,3.7,89.2,78,0.334,0.944
2026-01-09T06:18:52.237Z,0.95,23,37.9,3.7,76.4,45,0.328,0.965
2026-01-09T06:19:52.239Z,0.8,68,59.0,1.7,89.9,309,0.403,0.857
2026-01-09T06:19:52.239Z,0.9,28,44.5,3.7,89.2,78,0.334,0.944
2026-01-09T06:19:52.239Z,0.95,23,37.9,3.7,76.4,45,0.328,0.965
2026-01-09T06:20:52.243Z,0.8,68,59.0,1.7,89.9,309,0.403,0.857
2026-01-09T06:20:52.243Z,0.9,28,44.5,3.7,89.2,78,0.334,0.944
2026-01-09T06:20:52.243Z,0.95,23,37.9,3.7,76.4,45,0.328,0.965
2026-01-09T06:21:52.241Z,0.8,68,59.0,1.7,89.9,309,0.403,0.857
2026-01-09T06:21:52.241Z,0.9,28,44.5,3.7,89.2,78,0.334,0.944
2026-01-09T06:21:52.241Z,0.95,23,37.9,3.7,76.4,45,0.328,0.965
2026-01-09T06:22:52.241Z,0.8,68,59.0,1.7,89.9,309,0.403,0.857
2026-01-09T06:22:52.241Z,0.9,28,44.5,3.7,89.2,78,0.334,0.944
2026-01-09T06:22:52.241Z,0.95,23,37.9,3.7,76.4,45,0.328,0.965
2026-01-09T06:23:52.243Z,0.8,68,59.0,1.7,89.9,309,0.403,0.857
2026-01-09T06:23:52.243Z,0.9,28,44.5,3.7,89.2,78,0.334,0.944
2026-01-09T06:23:52.243Z,0.95,23,37.9,3.7,76.4,45,0.328,0.965
2026-01-09T06:24:52.241Z,0.8,68,59.0,1.7,89.9,309,0.403,0.857
2026-01-09T06:24:52.241Z,0.9,28,44.5,3.7,89.2,78,0.334,0.944
2026-01-09T06:24:52.241Z,0.95,23,37.9,3.7,76.4,45,0.328,0.965
2026-01-09T06:25:52.246Z,0.8,68,59.0,1.7,89.9,309,0.403,0.857
2026-01-09T06:25:52.246Z,0.9,28,44.5,3.7,89.2,78,0.334,0.944
2026-01-09T06:25:52.246Z,0.95,23,37.9,3.7,76.4,45,0.328,0.965
2026-01-09T06:26:52.244Z,0.8,68,59.0,1.7,89.9,309,0.403,0.857
2026-01-09T06:26:52.244Z,0.9,28,44.5,3.7,89.2,78,0.334,0.944
2026-01-09T06:26:52.244Z,0.95,23,37.9,3.7,76.4,45,0.328,0.965
2026-01-09T06:27:52.246Z,0.8,68,59.0,1.7,89.9,309,0.403,0.857
2026-01-09T06:27:52.246Z,0.9,28,44.5,3.7,89.2,78,0.334,0.944
2026-01-09T06:27:52.246Z,0.95,23,37.9,3.7,76.4,45,0.328,0.965
2026-01-09T06:28:52.250Z,0.8,68,59.0,1.7,89.9,309,0.403,0.857
2026-01-09T06:28:52.250Z,0.9,28,44.5,3.7,89.2,78,0.334,0.944
2026-01-09T06:28:52.250Z,0.95,23,37.9,3.7,76.4,45,0.328,0.965
2026-01-09T06:29:52.251Z,0.8,74,60.0,1.7,89.9,288,0.404,0.861
2026-01-09T06:29:52.251Z,0.9,32,48.2,3.7,89.2,74,0.344,0.940
2026-01-09T06:29:52.251Z,0.95,24,38.5,3.7,76.4,45,0.331,0.964
2026-01-09T06:30:52.258Z,0.8,76,58.8,1.7,89.9,280,0.407,0.862
2026-01-09T06:30:52.258Z,0.9,33,47.3,3.7,89.2,72,0.348,0.940
2026-01-09T06:30:52.258Z,0.95,25,37.8,3.7,76.4,43,0.337,0.964
2026-01-09T06:31:52.252Z,0.8,76,58.8,1.7,89.9,280,0.407,0.862
2026-01-09T06:31:52.252Z,0.9,33,47.3,3.7,89.2,72,0.348,0.940
2026-01-09T06:31:52.252Z,0.95,25,37.8,3.7,76.4,43,0.337,0.964
2026-01-09T06:32:52.253Z,0.8,76,58.8,1.7,89.9,280,0.407,0.862
2026-01-09T06:32:52.253Z,0.9,33,47.3,3.7,89.2,72,0.348,0.940
2026-01-09T06:32:52.253Z,0.95,25,37.8,3.7,76.4,43,0.337,0.964
2026-01-09T06:33:52.256Z,0.8,76,58.8,1.7,89.9,280,0.407,0.862
2026-01-09T06:33:52.256Z,0.9,33,47.3,3.7,89.2,72,0.348,0.940
2026-01-09T06:33:52.256Z,0.95,25,37.8,3.7,76.4,43,0.337,0.964
2026-01-09T06:34:52.251Z,0.8,76,58.8,1.7,89.9,280,0.407,0.862
2026-01-09T06:34:52.251Z,0.9,33,47.3,3.7,89.2,72,0.348,0.940
2026-01-09T06:34:52.251Z,0.95,25,37.8,3.7,76.4,43,0.337,0.964
2026-01-09T06:35:52.255Z,0.8,76,58.8,1.7,89.9,280,0.407,0.862
2026-01-09T06:35:52.255Z,0.9,33,47.3,3.7,89.2,72,0.348,0.940
2026-01-09T06:35:52.255Z,0.95,25,37.8,3.7,76.4,43,0.337,0.964
2026-01-09T06:36:52.252Z,0.8,76,58.8,1.7,89.9,280,0.407,0.862
2026-01-09T06:36:52.252Z,0.9,33,47.3,3.7,89.2,72,0.348,0.940
2026-01-09T06:36:52.252Z,0.95,25,37.8,3.7,76.4,43,0.337,0.964
2026-01-09T06:37:52.258Z,0.8,76,58.8,1.7,89.9,280,0.407,0.862
2026-01-09T06:37:52.258Z,0.9,33,47.3,3.7,89.2,72,0.348,0.940
2026-01-09T06:37:52.258Z,0.95,25,37.8,3.7,76.4,43,0.337,0.964
2026-01-09T06:38:52.254Z,0.8,76,58.8,1.7,89.9,280,0.407,0.862
2026-01-09T06:38:52.254Z,0.9,33,47.3,3.7,89.2,72,0.348,0.940
2026-01-09T06:38:52.254Z,0.95,25,37.8,3.7,76.4,43,0.337,0.964
2026-01-09T06:39:52.261Z,0.8,76,58.8,1.7,89.9,280,0.407,0.862
2026-01-09T06:39:52.261Z,0.9,33,47.3,3.7,89.2,72,0.348,0.940
2026-01-09T06:39:52.261Z,0.95,25,37.8,3.7,76.4,43,0.337,0.964
2026-01-09T06:40:52.261Z,0.8,76,58.8,1.7,89.9,280,0.407,0.862
2026-01-09T06:40:52.261Z,0.9,33,47.3,3.7,89.2,72,0.348,0.940
2026-01-09T06:40:52.261Z,0.95,25,37.8,3.7,76.4,43,0.337,0.964
2026-01-09T06:41:52.264Z,0.8,76,58.8,1.7,89.9,280,0.407,0.862
2026-01-09T06:41:52.264Z,0.9,33,47.3,3.7,89.2,72,0.348,0.940
2026-01-09T06:41:52.264Z,0.95,25,37.8,3.7,76.4,43,0.337,0.964
2026-01-09T06:42:52.263Z,0.8,76,58.8,1.7,89.9,280,0.407,0.862
2026-01-09T06:42:52.263Z,0.9,33,47.3,3.7,89.2,72,0.348,0.940
2026-01-09T06:42:52.263Z,0.95,25,37.8,3.7,76.4,43,0.337,0.964
2026-01-09T06:43:52.264Z,0.8,76,58.8,1.7,89.9,280,0.407,0.862
2026-01-09T06:43:52.264Z,0.9,33,47.3,3.7,89.2,72,0.348,0.940
2026-01-09T06:43:52.264Z,0.95,25,37.8,3.7,76.4,43,0.337,0.964
2026-01-09T06:44:52.265Z,0.8,76,58.8,1.7,89.9,280,0.407,0.862
2026-01-09T06:44:52.265Z,0.9,33,47.3,3.7,89.2,72,0.348,0.940
2026-01-09T06:44:52.265Z,0.95,25,37.8,3.7,76.4,43,0.337,0.964
2026-01-09T06:45:52.265Z,0.8,76,58.8,1.7,89.9,280,0.407,0.862
2026-01-09T06:45:52.265Z,0.9,33,47.3,3.7,89.2,72,0.348,0.940
2026-01-09T06:45:52.265Z,0.95,25,37.8,3.7,76.4,43,0.337,0.964
2026-01-09T06:46:52.267Z,0.8,76,58.8,1.7,89.9,280,0.407,0.862
2026-01-09T06:46:52.267Z,0.9,33,47.3,3.7,89.2,72,0.348,0.940
2026-01-09T06:46:52.267Z,0.95,25,37.8,3.7,76.4,43,0.337,0.964
2026-01-09T06:47:52.268Z,0.8,76,58.8,1.7,89.9,280,0.407,0.862
2026-01-09T06:47:52.268Z,0.9,33,47.3,3.7,89.2,72,0.348,0.940
2026-01-09T06:47:52.268Z,0.95,25,37.8,3.7,76.4,43,0.337,0.964
2026-01-09T06:48:52.266Z,0.8,76,58.8,1.7,89.9,280,0.407,0.862
2026-01-09T06:48:52.266Z,0.9,33,47.3,3.7,89.2,72,0.348,0.940
2026-01-09T06:48:52.266Z,0.95,25,37.8,3.7,76.4,43,0.337,0.964
2026-01-09T06:49:52.267Z,0.8,76,58.8,1.7,89.9,280,0.407,0.862
2026-01-09T06:49:52.267Z,0.9,33,47.3,3.7,89.2,72,0.348,0.940
2026-01-09T06:49:52.267Z,0.95,25,37.8,3.7,76.4,43,0.337,0.964
2026-01-09T06:50:52.270Z,0.8,76,58.8,1.7,89.9,280,0.407,0.862
2026-01-09T06:50:52.270Z,0.9,33,47.3,3.7,89.2,72,0.348,0.940
2026-01-09T06:50:52.270Z,0.95,25,37.8,3.7,76.4,43,0.337,0.964
2026-01-09T06:51:52.271Z,0.8,76,58.8,1.7,89.9,280,0.407,0.862
2026-01-09T06:51:52.271Z,0.9,33,47.3,3.7,89.2,72,0.348,0.940
2026-01-09T06:51:52.271Z,0.95,25,37.8,3.7,76.4,43,0.337,0.964
2026-01-09T06:52:52.275Z,0.8,76,58.8,1.7,89.9,280,0.407,0.862
2026-01-09T06:52:52.275Z,0.9,33,47.3,3.7,89.2,72,0.348,0.940
2026-01-09T06:52:52.275Z,0.95,25,37.8,3.7,76.4,43,0.337,0.964
2026-01-09T06:53:52.274Z,0.8,76,58.8,1.7,89.9,280,0.407,0.862
2026-01-09T06:53:52.274Z,0.9,33,47.3,3.7,89.2,72,0.348,0.940
2026-01-09T06:53:52.274Z,0.95,25,37.8,3.7,76.4,43,0.337,0.964
2026-01-09T06:54:52.275Z,0.8,76,58.8,1.7,89.9,280,0.407,0.862
2026-01-09T06:54:52.275Z,0.9,33,47.3,3.7,89.2,72,0.348,0.940
2026-01-09T06:54:52.275Z,0.95,25,37.8,3.7,76.4,43,0.337,0.964
2026-01-09T06:55:52.277Z,0.8,76,58.8,1.7,89.9,280,0.407,0.862
2026-01-09T06:55:52.277Z,0.9,33,47.3,3.7,89.2,72,0.348,0.940
2026-01-09T06:55:52.277Z,0.95,25,37.8,3.7,76.4,43,0.337,0.964
2026-01-09T06:56:52.276Z,0.8,76,58.8,1.7,89.9,280,0.407,0.862
2026-01-09T06:56:52.276Z,0.9,33,47.3,3.7,89.2,72,0.348,0.940
2026-01-09T06:56:52.276Z,0.95,25,37.8,3.7,76.4,43,0.337,0.964
2026-01-09T06:57:52.280Z,0.8,76,58.8,1.7,89.9,280,0.407,0.862
2026-01-09T06:57:52.280Z,0.9,33,47.3,3.7,89.2,72,0.348,0.940
2026-01-09T06:57:52.280Z,0.95,25,37.8,3.7,76.4,43,0.337,0.964
2026-01-09T06:58:52.282Z,0.8,76,58.8,1.7,89.9,280,0.407,0.862
2026-01-09T06:58:52.282Z,0.9,33,47.3,3.7,89.2,72,0.348,0.940
2026-01-09T06:58:52.282Z,0.95,25,37.8,3.7,76.4,43,0.337,0.964
2026-01-09T06:59:52.284Z,0.8,76,58.8,1.7,89.9,280,0.407,0.862
2026-01-09T06:59:52.284Z,0.9,33,47.3,3.7,89.2,72,0.348,0.940
2026-01-09T06:59:52.284Z,0.95,25,37.8,3.7,76.4,43,0.337,0.964
2026-01-09T07:00:52.284Z,0.8,76,58.8,1.7,89.9,280,0.407,0.862
2026-01-09T07:00:52.284Z,0.9,33,47.3,3.7,89.2,72,0.348,0.940
2026-01-09T07:00:52.284Z,0.95,25,37.8,3.7,76.4,43,0.337,0.964
2026-01-09T07:01:52.281Z,0.8,76,58.8,1.7,89.9,280,0.407,0.862
2026-01-09T07:01:52.281Z,0.9,33,47.3,3.7,89.2,72,0.348,0.940
2026-01-09T07:01:52.281Z,0.95,25,37.8,3.7,76.4,43,0.337,0.964
2026-01-09T07:02:52.286Z,0.8,76,58.8,1.7,89.9,280,0.407,0.862
2026-01-09T07:02:52.286Z,0.9,33,47.3,3.7,89.2,72,0.348,0.940
2026-01-09T07:02:52.286Z,0.95,25,37.8,3.7,76.4,43,0.337,0.964
2026-01-09T07:03:52.289Z,0.8,76,58.8,1.7,89.9,280,0.407,0.862
2026-01-09T07:03:52.289Z,0.9,33,47.3,3.7,89.2,72,0.348,0.940
2026-01-09T07:03:52.289Z,0.95,25,37.8,3.7,76.4,43,0.337,0.964
2026-01-09T07:04:52.292Z,0.8,76,58.8,1.7,89.9,280,0.407,0.862
2026-01-09T07:04:52.292Z,0.9,33,47.3,3.7,89.2,72,0.348,0.940
2026-01-09T07:04:52.292Z,0.95,25,37.8,3.7,76.4,43,0.337,0.964
2026-01-09T07:05:52.289Z,0.8,76,58.8,1.7,89.9,280,0.407,0.862
2026-01-09T07:05:52.289Z,0.9,33,47.3,3.7,89.2,72,0.348,0.940
2026-01-09T07:05:52.289Z,0.95,25,37.8,3.7,76.4,43,0.337,0.964
2026-01-09T07:06:52.289Z,0.8,76,58.8,1.7,89.9,280,0.407,0.862
2026-01-09T07:06:52.289Z,0.9,33,47.3,3.7,89.2,72,0.348,0.940
2026-01-09T07:06:52.289Z,0.95,25,37.8,3.7,76.4,43,0.337,0.964
2026-01-09T07:07:52.291Z,0.8,76,58.8,1.7,89.9,280,0.407,0.862
2026-01-09T07:07:52.291Z,0.9,33,47.3,3.7,89.2,72,0.348,0.940
2026-01-09T07:07:52.291Z,0.95,25,37.8,3.7,76.4,43,0.337,0.964
2026-01-09T07:08:52.294Z,0.8,76,58.8,1.7,89.9,280,0.407,0.862
2026-01-09T07:08:52.294Z,0.9,33,47.3,3.7,89.2,72,0.348,0.940
2026-01-09T07:08:52.294Z,0.95,25,37.8,3.7,76.4,43,0.337,0.964
2026-01-09T07:09:52.293Z,0.8,76,58.8,1.7,89.9,280,0.407,0.862
2026-01-09T07:09:52.293Z,0.9,33,47.3,3.7,89.2,72,0.348,0.940
2026-01-09T07:09:52.293Z,0.95,25,37.8,3.7,76.4,43,0.337,0.964
2026-01-09T07:10:52.295Z,0.8,76,58.8,1.7,89.9,280,0.407,0.862
2026-01-09T07:10:52.295Z,0.9,33,47.3,3.7,89.2,72,0.348,0.940
2026-01-09T07:10:52.295Z,0.95,25,37.8,3.7,76.4,43,0.337,0.964
2026-01-09T07:11:52.297Z,0.8,76,58.8,1.7,89.9,280,0.407,0.862
2026-01-09T07:11:52.297Z,0.9,33,47.3,3.7,89.2,72,0.348,0.940
2026-01-09T07:11:52.297Z,0.95,25,37.8,3.7,76.4,43,0.337,0.964
2026-01-09T07:12:52.298Z,0.8,76,58.8,1.7,89.9,280,0.407,0.862
2026-01-09T07:12:52.298Z,0.9,33,47.3,3.7,89.2,72,0.348,0.940
2026-01-09T07:12:52.298Z,0.95,25,37.8,3.7,76.4,43,0.337,0.964
2026-01-09T07:13:52.298Z,0.8,76,58.8,1.7,89.9,280,0.407,0.862
2026-01-09T07:13:52.298Z,0.9,33,47.3,3.7,89.2,72,0.348,0.940
2026-01-09T07:13:52.298Z,0.95,25,37.8,3.7,76.4,43,0.337,0.964
2026-01-09T07:14:52.297Z,0.8,76,58.8,1.7,89.9,280,0.407,0.862
2026-01-09T07:14:52.297Z,0.9,33,47.3,3.7,89.2,72,0.348,0.940
2026-01-09T07:14:52.297Z,0.95,25,37.8,3.7,76.4,43,0.337,0.964
2026-01-09T07:15:52.301Z,0.8,76,58.8,1.7,89.9,280,0.407,0.862
2026-01-09T07:15:52.301Z,0.9,33,47.3,3.7,89.2,72,0.348,0.940
2026-01-09T07:15:52.301Z,0.95,25,37.8,3.7,76.4,43,0.337,0.964
2026-01-09T07:16:52.301Z,0.8,76,58.8,1.7,89.9,280,0.407,0.862
2026-01-09T07:16:52.301Z,0.9,33,47.3,3.7,89.2,72,0.348,0.940
2026-01-09T07:16:52.301Z,0.95,25,37.8,3.7,76.4,43,0.337,0.964
2026-01-09T07:17:52.305Z,0.8,76,58.8,1.7,89.9,280,0.407,0.862
2026-01-09T07:17:52.305Z,0.9,33,47.3,3.7,89.2,72,0.348,0.940
2026-01-09T07:17:52.305Z,0.95,25,37.8,3.7,76.4,43,0.337,0.964
2026-01-09T07:18:52.303Z,0.8,76,58.8,1.7,89.9,280,0.407,0.862
2026-01-09T07:18:52.303Z,0.9,33,47.3,3.7,89.2,72,0.348,0.940
2026-01-09T07:18:52.303Z,0.95,25,37.8,3.7,76.4,43,0.337,0.964
2026-01-09T07:19:52.308Z,0.8,76,58.8,1.7,89.9,280,0.407,0.862
2026-01-09T07:19:52.308Z,0.9,33,47.3,3.7,89.2,72,0.348,0.940
2026-01-09T07:19:52.308Z,0.95,25,37.8,3.7,76.4,43,0.337,0.964
2026-01-09T07:20:52.307Z,0.8,76,58.8,1.7,89.9,280,0.407,0.862
2026-01-09T07:20:52.307Z,0.9,33,47.3,3.7,89.2,72,0.348,0.940
2026-01-09T07:20:52.307Z,0.95,25,37.8,3.7,76.4,43,0.337,0.964
2026-01-09T07:21:52.307Z,0.8,76,58.8,1.7,89.9,280,0.407,0.862
2026-01-09T07:21:52.307Z,0.9,33,47.3,3.7,89.2,72,0.348,0.940
2026-01-09T07:21:52.307Z,0.95,25,37.8,3.7,76.4,43,0.337,0.964
2026-01-09T07:22:52.308Z,0.8,76,58.8,1.7,89.9,280,0.407,0.862
2026-01-09T07:22:52.308Z,0.9,33,47.3,3.7,89.2,72,0.348,0.940
2026-01-09T07:22:52.308Z,0.95,25,37.8,3.7,76.4,43,0.337,0.964
2026-01-09T07:23:52.330Z,0.8,76,58.8,1.7,89.9,280,0.407,0.862
2026-01-09T07:23:52.330Z,0.9,33,47.3,3.7,89.2,72,0.348,0.940
2026-01-09T07:23:52.330Z,0.95,25,37.8,3.7,76.4,43,0.337,0.964
2026-01-09T07:24:52.314Z,0.8,76,58.8,1.7,89.9,280,0.407,0.862
2026-01-09T07:24:52.314Z,0.9,33,47.3,3.7,89.2,72,0.348,0.940
2026-01-09T07:24:52.314Z,0.95,25,37.8,3.7,76.4,43,0.337,0.964
2026-01-09T07:25:52.314Z,0.8,76,58.8,1.7,89.9,280,0.407,0.862
2026-01-09T07:25:52.314Z,0.9,33,47.3,3.7,89.2,72,0.348,0.940
2026-01-09T07:25:52.314Z,0.95,25,37.8,3.7,76.4,43,0.337,0.964
2026-01-09T07:26:52.317Z,0.8,76,58.8,1.7,89.9,280,0.407,0.862
2026-01-09T07:26:52.317Z,0.9,33,47.3,3.7,89.2,72,0.348,0.940
2026-01-09T07:26:52.317Z,0.95,25,37.8,3.7,76.4,43,0.337,0.964
2026-01-09T07:27:52.317Z,0.8,76,58.8,1.7,89.9,280,0.407,0.862
2026-01-09T07:27:52.317Z,0.9,33,47.3,3.7,89.2,72,0.348,0.940
2026-01-09T07:27:52.317Z,0.95,25,37.8,3.7,76.4,43,0.337,0.964
2026-01-09T07:28:52.316Z,0.8,76,58.8,1.7,89.9,280,0.407,0.862
2026-01-09T07:28:52.316Z,0.9,33,47.3,3.7,89.2,72,0.348,0.940
2026-01-09T07:28:52.316Z,0.95,25,37.8,3.7,76.4,43,0.337,0.964
2026-01-09T07:29:52.320Z,0.8,76,58.8,1.7,89.9,280,0.407,0.862
2026-01-09T07:29:52.320Z,0.9,33,47.3,3.7,89.2,72,0.348,0.940
2026-01-09T07:29:52.320Z,0.95,25,37.8,3.7,76.4,43,0.337,0.964
2026-01-09T07:30:52.325Z,0.8,76,58.8,1.7,89.9,280,0.407,0.862
2026-01-09T07:30:52.325Z,0.9,33,47.3,3.7,89.2,72,0.348,0.940
2026-01-09T07:30:52.325Z,0.95,25,37.8,3.7,76.4,43,0.337,0.964
2026-01-09T07:31:52.322Z,0.8,76,58.8,1.7,89.9,280,0.407,0.862
2026-01-09T07:31:52.322Z,0.9,33,47.3,3.7,89.2,72,0.348,0.940
2026-01-09T07:31:52.322Z,0.95,25,37.8,3.7,76.4,43,0.337,0.964
2026-01-09T07:32:52.318Z,0.8,76,58.8,1.7,89.9,280,0.407,0.862
2026-01-09T07:32:52.318Z,0.9,33,47.3,3.7,89.2,72,0.348,0.940
2026-01-09T07:32:52.318Z,0.95,25,37.8,3.7,76.4,43,0.337,0.964
2026-01-09T07:33:52.320Z,0.8,76,58.8,1.7,89.9,280,0.407,0.862
2026-01-09T07:33:52.320Z,0.9,33,47.3,3.7,89.2,72,0.348,0.940
2026-01-09T07:33:52.320Z,0.95,25,37.8,3.7,76.4,43,0.337,0.964
2026-01-09T07:34:52.320Z,0.8,76,58.8,1.7,89.9,280,0.407,0.862
2026-01-09T07:34:52.320Z,0.9,33,47.3,3.7,89.2,72,0.348,0.940
2026-01-09T07:34:52.320Z,0.95,25,37.8,3.7,76.4,43,0.337,0.964
2026-01-09T07:35:52.320Z,0.8,76,58.8,1.7,89.9,280,0.407,0.862
2026-01-09T07:35:52.320Z,0.9,33,47.3,3.7,89.2,72,0.348,0.940
2026-01-09T07:35:52.320Z,0.95,25,37.8,3.7,76.4,43,0.337,0.964
2026-01-09T07:36:52.319Z,0.8,76,58.8,1.7,89.9,280,0.407,0.862
2026-01-09T07:36:52.319Z,0.9,33,47.3,3.7,89.2,72,0.348,0.940
2026-01-09T07:36:52.319Z,0.95,25,37.8,3.7,76.4,43,0.337,0.964
2026-01-09T07:37:52.321Z,0.8,76,58.8,1.7,89.9,280,0.407,0.862
2026-01-09T07:37:52.321Z,0.9,33,47.3,3.7,89.2,72,0.348,0.940
2026-01-09T07:37:52.321Z,0.95,25,37.8,3.7,76.4,43,0.337,0.964
2026-01-09T07:38:52.320Z,0.8,76,58.8,1.7,89.9,280,0.407,0.862
2026-01-09T07:38:52.320Z,0.9,33,47.3,3.7,89.2,72,0.348,0.940
2026-01-09T07:38:52.320Z,0.95,25,37.8,3.7,76.4,43,0.337,0.964
2026-01-09T07:39:52.324Z,0.8,76,58.8,1.7,89.9,280,0.407,0.862
2026-01-09T07:39:52.324Z,0.9,33,47.3,3.7,89.2,72,0.348,0.940
2026-01-09T07:39:52.324Z,0.95,25,37.8,3.7,76.4,43,0.337,0.964
2026-01-09T07:40:52.322Z,0.8,76,58.8,1.7,89.9,280,0.407,0.862
2026-01-09T07:40:52.322Z,0.9,33,47.3,3.7,89.2,72,0.348,0.940
2026-01-09T07:40:52.322Z,0.95,25,37.8,3.7,76.4,43,0.337,0.964
2026-01-09T07:41:52.323Z,0.8,76,58.8,1.7,89.9,280,0.407,0.862
2026-01-09T07:41:52.323Z,0.9,33,47.3,3.7,89.2,72,0.348,0.940
2026-01-09T07:41:52.323Z,0.95,25,37.8,3.7,76.4,43,0.337,0.964
2026-01-09T07:42:52.322Z,0.8,76,58.8,1.7,89.9,280,0.407,0.862
2026-01-09T07:42:52.322Z,0.9,33,47.3,3.7,89.2,72,0.348,0.940
2026-01-09T07:42:52.322Z,0.95,25,37.8,3.7,76.4,43,0.337,0.964
2026-01-09T07:43:52.325Z,0.8,76,58.8,1.7,89.9,280,0.407,0.862
2026-01-09T07:43:52.325Z,0.9,33,47.3,3.7,89.2,72,0.348,0.940
2026-01-09T07:43:52.325Z,0.95,25,37.8,3.7,76.4,43,0.337,0.964
2026-01-09T07:44:52.323Z,0.8,76,58.8,1.7,89.9,280,0.407,0.862
2026-01-09T07:44:52.323Z,0.9,33,47.3,3.7,89.2,72,0.348,0.940
2026-01-09T07:44:52.323Z,0.95,25,37.8,3.7,76.4,43,0.337,0.964
2026-01-09T07:45:52.331Z,0.8,76,58.8,1.7,89.9,280,0.407,0.862
2026-01-09T07:45:52.331Z,0.9,33,47.3,3.7,89.2,72,0.348,0.940
2026-01-09T07:45:52.331Z,0.95,25,37.8,3.7,76.4,43,0.337,0.964
2026-01-09T07:46:52.328Z,0.8,76,58.8,1.7,89.9,280,0.407,0.862
2026-01-09T07:46:52.328Z,0.9,33,47.3,3.7,89.2,72,0.348,0.940
2026-01-09T07:46:52.328Z,0.95,25,37.8,3.7,76.4,43,0.337,0.964
2026-01-09T07:47:52.330Z,0.8,76,58.8,1.7,89.9,280,0.407,0.862
2026-01-09T07:47:52.330Z,0.9,33,47.3,3.7,89.2,72,0.348,0.940
2026-01-09T07:47:52.330Z,0.95,25,37.8,3.7,76.4,43,0.337,0.964
2026-01-09T07:48:52.331Z,0.8,76,58.8,1.7,89.9,280,0.407,0.862
2026-01-09T07:48:52.331Z,0.9,33,47.3,3.7,89.2,72,0.348,0.940
2026-01-09T07:48:52.331Z,0.95,25,37.8,3.7,76.4,43,0.337,0.964
2026-01-09T07:49:52.331Z,0.8,76,58.8,1.7,89.9,280,0.407,0.862
2026-01-09T07:49:52.331Z,0.9,33,47.3,3.7,89.2,72,0.348,0.940
2026-01-09T07:49:52.331Z,0.95,25,37.8,3.7,76.4,43,0.337,0.964
2026-01-09T07:50:52.331Z,0.8,76,58.8,1.7,89.9,280,0.407,0.862
2026-01-09T07:50:52.331Z,0.9,33,47.3,3.7,89.2,72,0.348,0.940
2026-01-09T07:50:52.331Z,0.95,25,37.8,3.7,76.4,43,0.337,0.964
2026-01-09T07:51:52.331Z,0.8,76,58.8,1.7,89.9,280,0.407,0.862
2026-01-09T07:51:52.331Z,0.9,33,47.3,3.7,89.2,72,0.348,0.940
2026-01-09T07:51:52.331Z,0.95,25,37.8,3.7,76.4,43,0.337,0.964
2026-01-09T07:52:52.363Z,0.8,76,58.8,1.7,89.9,280,0.407,0.862
2026-01-09T07:52:52.363Z,0.9,33,47.3,3.7,89.2,72,0.348,0.940
2026-01-09T07:52:52.363Z,0.95,25,37.8,3.7,76.4,43,0.337,0.964
2026-01-09T07:53:52.333Z,0.8,76,58.8,1.7,89.9,280,0.407,0.862
2026-01-09T07:53:52.333Z,0.9,33,47.3,3.7,89.2,72,0.348,0.940
2026-01-09T07:53:52.333Z,0.95,25,37.8,3.7,76.4,43,0.337,0.964
2026-01-09T07:54:52.336Z,0.8,76,58.8,1.7,89.9,280,0.407,0.862
2026-01-09T07:54:52.336Z,0.9,33,47.3,3.7,89.2,72,0.348,0.940
2026-01-09T07:54:52.336Z,0.95,25,37.8,3.7,76.4,43,0.337,0.964
2026-01-09T07:55:52.331Z,0.8,76,58.8,1.7,89.9,280,0.407,0.862
2026-01-09T07:55:52.331Z,0.9,33,47.3,3.7,89.2,72,0.348,0.940
2026-01-09T07:55:52.331Z,0.95,25,37.8,3.7,76.4,43,0.337,0.964
2026-01-09T07:56:52.334Z,0.8,76,58.8,1.7,89.9,280,0.407,0.862
2026-01-09T07:56:52.334Z,0.9,33,47.3,3.7,89.2,72,0.348,0.940
2026-01-09T07:56:52.334Z,0.95,25,37.8,3.7,76.4,43,0.337,0.964
2026-01-09T07:57:52.331Z,0.8,76,58.8,1.7,89.9,280,0.407,0.862
2026-01-09T07:57:52.331Z,0.9,33,47.3,3.7,89.2,72,0.348,0.940
2026-01-09T07:57:52.331Z,0.95,25,37.8,3.7,76.4,43,0.337,0.964
2026-01-09T07:58:52.331Z,0.8,76,58.8,1.7,89.9,280,0.407,0.862
2026-01-09T07:58:52.331Z,0.9,33,47.3,3.7,89.2,72,0.348,0.940
2026-01-09T07:58:52.331Z,0.95,25,37.8,3.7,76.4,43,0.337,0.964
2026-01-09T07:59:52.333Z,0.8,76,58.8,1.7,89.9,280,0.407,0.862
2026-01-09T07:59:52.333Z,0.9,33,47.3,3.7,89.2,72,0.348,0.940
2026-01-09T07:59:52.333Z,0.95,25,37.8,3.7,76.4,43,0.337,0.964
2026-01-09T08:00:52.339Z,0.8,76,58.8,1.7,89.9,280,0.407,0.862
2026-01-09T08:00:52.339Z,0.9,33,47.3,3.7,89.2,72,0.348,0.940
2026-01-09T08:00:52.339Z,0.95,25,37.8,3.7,76.4,43,0.337,0.964
2026-01-09T08:01:52.338Z,0.8,76,58.8,1.7,89.9,280,0.407,0.862
2026-01-09T08:01:52.338Z,0.9,33,47.3,3.7,89.2,72,0.348,0.940
2026-01-09T08:01:52.338Z,0.95,25,37.8,3.7,76.4,43,0.337,0.964
2026-01-09T08:02:52.339Z,0.8,76,58.8,1.7,89.9,280,0.407,0.862
2026-01-09T08:02:52.339Z,0.9,33,47.3,3.7,89.2,72,0.348,0.940
2026-01-09T08:02:52.339Z,0.95,25,37.8,3.7,76.4,43,0.337,0.964
2026-01-09T08:03:52.339Z,0.8,76,58.8,1.7,89.9,280,0.407,0.862
2026-01-09T08:03:52.339Z,0.9,33,47.3,3.7,89.2,72,0.348,0.940
2026-01-09T08:03:52.339Z,0.95,25,37.8,3.7,76.4,43,0.337,0.964
2026-01-09T08:04:52.340Z,0.8,77,59.0,1.7,89.9,285,0.407,0.861
2026-01-09T08:04:52.340Z,0.9,33,47.3,3.7,89.2,72,0.348,0.940
2026-01-09T08:04:52.340Z,0.95,25,37.8,3.7,76.4,43,0.337,0.964
2026-01-09T08:05:52.345Z,0.8,78,59.3,1.7,89.9,289,0.408,0.860
2026-01-09T08:05:52.345Z,0.9,33,47.3,3.7,89.2,72,0.348,0.940
2026-01-09T08:05:52.345Z,0.95,25,37.8,3.7,76.4,43,0.337,0.964
2026-01-09T08:06:52.345Z,0.8,78,59.3,1.7,89.9,289,0.408,0.860
2026-01-09T08:06:52.345Z,0.9,33,47.3,3.7,89.2,72,0.348,0.940
2026-01-09T08:06:52.345Z,0.95,25,37.8,3.7,76.4,43,0.337,0.964
2026-01-09T08:07:52.342Z,0.8,78,59.3,1.7,89.9,289,0.408,0.860
2026-01-09T08:07:52.342Z,0.9,33,47.3,3.7,89.2,72,0.348,0.940
2026-01-09T08:07:52.342Z,0.95,25,37.8,3.7,76.4,43,0.337,0.964
2026-01-09T08:08:52.342Z,0.8,78,59.3,1.7,89.9,289,0.408,0.860
2026-01-09T08:08:52.342Z,0.9,33,47.3,3.7,89.2,72,0.348,0.940
2026-01-09T08:08:52.342Z,0.95,25,37.8,3.7,76.4,43,0.337,0.964
2026-01-09T08:09:52.344Z,0.8,78,59.3,1.7,89.9,289,0.408,0.860
2026-01-09T08:09:52.344Z,0.9,33,47.3,3.7,89.2,72,0.348,0.940
2026-01-09T08:09:52.344Z,0.95,25,37.8,3.7,76.4,43,0.337,0.964
2026-01-09T08:10:52.343Z,0.8,78,59.3,1.7,89.9,289,0.408,0.860
2026-01-09T08:10:52.343Z,0.9,33,47.3,3.7,89.2,72,0.348,0.940
2026-01-09T08:10:52.343Z,0.95,25,37.8,3.7,76.4,43,0.337,0.964
2026-01-09T08:11:52.344Z,0.8,78,59.3,1.7,89.9,289,0.408,0.860
2026-01-09T08:11:52.344Z,0.9,33,47.3,3.7,89.2,72,0.348,0.940
2026-01-09T08:11:52.344Z,0.95,25,37.8,3.7,76.4,43,0.337,0.964
2026-01-09T08:12:52.344Z,0.8,78,59.3,1.7,89.9,289,0.408,0.860
2026-01-09T08:12:52.344Z,0.9,33,47.3,3.7,89.2,72,0.348,0.940
2026-01-09T08:12:52.344Z,0.95,25,37.8,3.7,76.4,43,0.337,0.964
2026-01-09T08:13:52.345Z,0.8,78,59.3,1.7,89.9,289,0.408,0.860
2026-01-09T08:13:52.345Z,0.9,33,47.3,3.7,89.2,72,0.348,0.940
2026-01-09T08:13:52.345Z,0.95,25,37.8,3.7,76.4,43,0.337,0.964
2026-01-09T08:14:52.346Z,0.8,78,59.3,1.7,89.9,289,0.408,0.860
2026-01-09T08:14:52.346Z,0.9,33,47.3,3.7,89.2,72,0.348,0.940
2026-01-09T08:14:52.346Z,0.95,25,37.8,3.7,76.4,43,0.337,0.964
2026-01-09T08:15:52.355Z,0.8,78,59.3,1.7,89.9,289,0.408,0.860
2026-01-09T08:15:52.355Z,0.9,33,47.3,3.7,89.2,72,0.348,0.940
2026-01-09T08:15:52.355Z,0.95,25,37.8,3.7,76.4,43,0.337,0.964
2026-01-09T08:16:52.353Z,0.8,78,59.3,1.7,89.9,289,0.408,0.860
2026-01-09T08:16:52.353Z,0.9,33,47.3,3.7,89.2,72,0.348,0.940
2026-01-09T08:16:52.353Z,0.95,25,37.8,3.7,76.4,43,0.337,0.964
2026-01-09T08:17:52.354Z,0.8,78,59.3,1.7,89.9,289,0.408,0.860
2026-01-09T08:17:52.354Z,0.9,33,47.3,3.7,89.2,72,0.348,0.940
2026-01-09T08:17:52.354Z,0.95,25,37.8,3.7,76.4,43,0.337,0.964
2026-01-09T08:18:52.355Z,0.8,78,59.3,1.7,89.9,289,0.408,0.860
2026-01-09T08:18:52.355Z,0.9,33,47.3,3.7,89.2,72,0.348,0.940
2026-01-09T08:18:52.355Z,0.95,25,37.8,3.7,76.4,43,0.337,0.964
2026-01-09T08:19:52.355Z,0.8,78,59.3,1.7,89.9,289,0.408,0.860
2026-01-09T08:19:52.355Z,0.9,33,47.3,3.7,89.2,72,0.348,0.940
2026-01-09T08:19:52.355Z,0.95,25,37.8,3.7,76.4,43,0.337,0.964
2026-01-09T08:20:52.357Z,0.8,78,59.3,1.7,89.9,289,0.408,0.860
2026-01-09T08:20:52.357Z,0.9,33,47.3,3.7,89.2,72,0.348,0.940
2026-01-09T08:20:52.357Z,0.95,25,37.8,3.7,76.4,43,0.337,0.964
2026-01-09T08:21:52.357Z,0.8,78,59.3,1.7,89.9,289,0.408,0.860
2026-01-09T08:21:52.357Z,0.9,33,47.3,3.7,89.2,72,0.348,0.940
2026-01-09T08:21:52.357Z,0.95,25,37.8,3.7,76.4,43,0.337,0.964
2026-01-09T08:22:52.360Z,0.8,78,59.3,1.7,89.9,289,0.408,0.860
2026-01-09T08:22:52.360Z,0.9,33,47.3,3.7,89.2,72,0.348,0.940
2026-01-09T08:22:52.360Z,0.95,25,37.8,3.7,76.4,43,0.337,0.964
2026-01-09T08:23:52.360Z,0.8,78,59.3,1.7,89.9,289,0.408,0.860
2026-01-09T08:23:52.360Z,0.9,33,47.3,3.7,89.2,72,0.348,0.940
2026-01-09T08:23:52.360Z,0.95,25,37.8,3.7,76.4,43,0.337,0.964
2026-01-09T08:24:52.360Z,0.8,78,59.3,1.7,89.9,289,0.408,0.860
2026-01-09T08:24:52.360Z,0.9,33,47.3,3.7,89.2,72,0.348,0.940
2026-01-09T08:24:52.360Z,0.95,25,37.8,3.7,76.4,43,0.337,0.964
2026-01-09T08:25:52.362Z,0.8,78,59.3,1.7,89.9,289,0.408,0.860
2026-01-09T08:25:52.362Z,0.9,33,47.3,3.7,89.2,72,0.348,0.940
2026-01-09T08:25:52.362Z,0.95,25,37.8,3.7,76.4,43,0.337,0.964
2026-01-09T08:26:52.361Z,0.8,78,59.3,1.7,89.9,289,0.408,0.860
2026-01-09T08:26:52.361Z,0.9,33,47.3,3.7,89.2,72,0.348,0.940
2026-01-09T08:26:52.361Z,0.95,25,37.8,3.7,76.4,43,0.337,0.964
2026-01-09T08:27:52.361Z,0.8,78,59.3,1.7,89.9,289,0.408,0.860
2026-01-09T08:27:52.361Z,0.9,33,47.3,3.7,89.2,72,0.348,0.940
2026-01-09T08:27:52.361Z,0.95,25,37.8,3.7,76.4,43,0.337,0.964
2026-01-09T08:28:52.362Z,0.8,78,59.3,1.7,89.9,289,0.408,0.860
2026-01-09T08:28:52.362Z,0.9,33,47.3,3.7,89.2,72,0.348,0.940
2026-01-09T08:28:52.362Z,0.95,25,37.8,3.7,76.4,43,0.337,0.964
2026-01-09T08:29:52.363Z,0.8,78,59.3,1.7,89.9,289,0.408,0.860
2026-01-09T08:29:52.363Z,0.9,33,47.3,3.7,89.2,72,0.348,0.940
2026-01-09T08:29:52.363Z,0.95,25,37.8,3.7,76.4,43,0.337,0.964
2026-01-09T08:30:52.363Z,0.8,78,59.3,1.7,89.9,289,0.408,0.860
2026-01-09T08:30:52.363Z,0.9,33,47.3,3.7,89.2,72,0.348,0.940
2026-01-09T08:30:52.363Z,0.95,25,37.8,3.7,76.4,43,0.337,0.964
2026-01-09T08:31:52.364Z,0.8,78,59.3,1.7,89.9,289,0.408,0.860
2026-01-09T08:31:52.364Z,0.9,33,47.3,3.7,89.2,72,0.348,0.940
2026-01-09T08:31:52.364Z,0.95,25,37.8,3.7,76.4,43,0.337,0.964
2026-01-09T08:32:52.366Z,0.8,79,59.6,1.7,89.9,294,0.408,0.860
2026-01-09T08:32:52.366Z,0.9,33,47.3,3.7,89.2,72,0.348,0.940
2026-01-09T08:32:52.366Z,0.95,25,37.8,3.7,76.4,43,0.337,0.964
2026-01-09T08:33:52.366Z,0.8,79,59.6,1.7,89.9,294,0.408,0.860
2026-01-09T08:33:52.366Z,0.9,33,47.3,3.7,89.2,72,0.348,0.940
2026-01-09T08:33:52.366Z,0.95,25,37.8,3.7,76.4,43,0.337,0.964
2026-01-09T08:34:52.367Z,0.8,79,59.6,1.7,89.9,294,0.408,0.860
2026-01-09T08:34:52.367Z,0.9,33,47.3,3.7,89.2,72,0.348,0.940
2026-01-09T08:34:52.367Z,0.95,25,37.8,3.7,76.4,43,0.337,0.964
2026-01-09T08:35:52.368Z,0.8,79,59.6,1.7,89.9,294,0.408,0.860
2026-01-09T08:35:52.368Z,0.9,33,47.3,3.7,89.2,72,0.348,0.940
2026-01-09T08:35:52.368Z,0.95,25,37.8,3.7,76.4,43,0.337,0.964
2026-01-09T08:36:52.368Z,0.8,79,59.6,1.7,89.9,294,0.408,0.860
2026-01-09T08:36:52.368Z,0.9,33,47.3,3.7,89.2,72,0.348,0.940
2026-01-09T08:36:52.368Z,0.95,25,37.8,3.7,76.4,43,0.337,0.964
2026-01-09T08:37:52.367Z,0.8,79,59.6,1.7,89.9,294,0.408,0.860
2026-01-09T08:37:52.367Z,0.9,33,47.3,3.7,89.2,72,0.348,0.940
2026-01-09T08:37:52.367Z,0.95,25,37.8,3.7,76.4,43,0.337,0.964
2026-01-09T08:38:52.368Z,0.8,79,59.6,1.7,89.9,294,0.408,0.860
2026-01-09T08:38:52.368Z,0.9,33,47.3,3.7,89.2,72,0.348,0.940
2026-01-09T08:38:52.368Z,0.95,25,37.8,3.7,76.4,43,0.337,0.964
2026-01-09T08:39:52.368Z,0.8,79,59.6,1.7,89.9,294,0.408,0.860
2026-01-09T08:39:52.368Z,0.9,33,47.3,3.7,89.2,72,0.348,0.940
2026-01-09T08:39:52.368Z,0.95,25,37.8,3.7,76.4,43,0.337,0.964
2026-01-09T08:40:52.368Z,0.8,79,59.6,1.7,89.9,294,0.408,0.860
2026-01-09T08:40:52.368Z,0.9,33,47.3,3.7,89.2,72,0.348,0.940
2026-01-09T08:40:52.368Z,0.95,25,37.8,3.7,76.4,43,0.337,0.964
2026-01-09T08:41:52.369Z,0.8,79,59.6,1.7,89.9,294,0.408,0.860
2026-01-09T08:41:52.369Z,0.9,33,47.3,3.7,89.2,72,0.348,0.940
2026-01-09T08:41:52.369Z,0.95,25,37.8,3.7,76.4,43,0.337,0.964
2026-01-09T08:42:52.369Z,0.8,79,59.6,1.7,89.9,294,0.408,0.860
2026-01-09T08:42:52.369Z,0.9,33,47.3,3.7,89.2,72,0.348,0.940
2026-01-09T08:42:52.369Z,0.95,25,37.8,3.7,76.4,43,0.337,0.964
2026-01-09T08:43:52.371Z,0.8,79,59.6,1.7,89.9,294,0.408,0.860
2026-01-09T08:43:52.371Z,0.9,33,47.3,3.7,89.2,72,0.348,0.940
2026-01-09T08:43:52.371Z,0.95,25,37.8,3.7,76.4,43,0.337,0.964
2026-01-09T08:44:52.371Z,0.8,79,59.6,1.7,89.9,294,0.408,0.860
2026-01-09T08:44:52.371Z,0.9,33,47.3,3.7,89.2,72,0.348,0.940
2026-01-09T08:44:52.371Z,0.95,25,37.8,3.7,76.4,43,0.337,0.964
2026-01-09T08:45:52.371Z,0.8,79,59.6,1.7,89.9,294,0.408,0.860
2026-01-09T08:45:52.371Z,0.9,33,47.3,3.7,89.2,72,0.348,0.940
2026-01-09T08:45:52.371Z,0.95,25,37.8,3.7,76.4,43,0.337,0.964
2026-01-09T08:46:52.373Z,0.8,84,60.0,1.7,89.9,327,0.410,0.860
2026-01-09T08:46:52.373Z,0.9,33,47.3,3.7,89.2,72,0.348,0.940
2026-01-09T08:46:52.373Z,0.95,25,37.8,3.7,76.4,43,0.337,0.964
2026-01-09T08:47:52.372Z,0.8,84,60.0,1.7,89.9,327,0.410,0.860
2026-01-09T08:47:52.372Z,0.9,33,47.3,3.7,89.2,72,0.348,0.940
2026-01-09T08:47:52.372Z,0.95,25,37.8,3.7,76.4,43,0.337,0.964
2026-01-09T08:48:52.372Z,0.8,84,60.0,1.7,89.9,327,0.410,0.860
2026-01-09T08:48:52.372Z,0.9,33,47.3,3.7,89.2,72,0.348,0.940
2026-01-09T08:48:52.372Z,0.95,25,37.8,3.7,76.4,43,0.337,0.964
2026-01-09T08:49:52.375Z,0.8,84,60.0,1.7,89.9,327,0.410,0.860
2026-01-09T08:49:52.375Z,0.9,33,47.3,3.7,89.2,72,0.348,0.940
2026-01-09T08:49:52.375Z,0.95,25,37.8,3.7,76.4,43,0.337,0.964
2026-01-09T08:50:52.373Z,0.8,84,60.0,1.7,89.9,327,0.410,0.860
2026-01-09T08:50:52.373Z,0.9,33,47.3,3.7,89.2,72,0.348,0.940
2026-01-09T08:50:52.373Z,0.95,25,37.8,3.7,76.4,43,0.337,0.964
2026-01-09T08:51:52.377Z,0.8,84,60.0,1.7,89.9,327,0.410,0.860
2026-01-09T08:51:52.377Z,0.9,33,47.3,3.7,89.2,72,0.348,0.940
2026-01-09T08:51:52.377Z,0.95,25,37.8,3.7,76.4,43,0.337,0.964
2026-01-09T08:52:52.379Z,0.8,84,60.0,1.7,89.9,327,0.410,0.860
2026-01-09T08:52:52.379Z,0.9,33,47.3,3.7,89.2,72,0.348,0.940
2026-01-09T08:52:52.379Z,0.95,25,37.8,3.7,76.4,43,0.337,0.964
2026-01-09T08:53:52.380Z,0.8,84,60.0,1.7,89.9,327,0.410,0.860
2026-01-09T08:53:52.380Z,0.9,33,47.3,3.7,89.2,72,0.348,0.940
2026-01-09T08:53:52.380Z,0.95,25,37.8,3.7,76.4,43,0.337,0.964
2026-01-09T08:54:52.382Z,0.8,84,60.0,1.7,89.9,327,0.410,0.860
2026-01-09T08:54:52.382Z,0.9,33,47.3,3.7,89.2,72,0.348,0.940
2026-01-09T08:54:52.382Z,0.95,25,37.8,3.7,76.4,43,0.337,0.964
2026-01-09T08:55:52.382Z,0.8,84,60.0,1.7,89.9,327,0.410,0.860
2026-01-09T08:55:52.382Z,0.9,33,47.3,3.7,89.2,72,0.348,0.940
2026-01-09T08:55:52.382Z,0.95,25,37.8,3.7,76.4,43,0.337,0.964
2026-01-09T08:56:52.383Z,0.8,84,60.0,1.7,89.9,327,0.410,0.860
2026-01-09T08:56:52.383Z,0.9,33,47.3,3.7,89.2,72,0.348,0.940
2026-01-09T08:56:52.383Z,0.95,25,37.8,3.7,76.4,43,0.337,0.964
2026-01-09T08:57:52.384Z,0.8,84,60.0,1.7,89.9,327,0.410,0.860
2026-01-09T08:57:52.384Z,0.9,33,47.3,3.7,89.2,72,0.348,0.940
2026-01-09T08:57:52.384Z,0.95,25,37.8,3.7,76.4,43,0.337,0.964
2026-01-09T08:58:52.384Z,0.8,84,60.0,1.7,89.9,327,0.410,0.860
2026-01-09T08:58:52.384Z,0.9,33,47.3,3.7,89.2,72,0.348,0.940
2026-01-09T08:58:52.384Z,0.95,25,37.8,3.7,76.4,43,0.337,0.964
2026-01-09T08:59:52.385Z,0.8,84,60.0,1.7,89.9,327,0.410,0.860
2026-01-09T08:59:52.385Z,0.9,33,47.3,3.7,89.2,72,0.348,0.940
2026-01-09T08:59:52.385Z,0.95,25,37.8,3.7,76.4,43,0.337,0.964
2026-01-09T09:00:52.385Z,0.8,84,60.0,1.7,89.9,327,0.410,0.860
2026-01-09T09:00:52.385Z,0.9,33,47.3,3.7,89.2,72,0.348,0.940
2026-01-09T09:00:52.385Z,0.95,25,37.8,3.7,76.4,43,0.337,0.964
2026-01-09T09:01:52.386Z,0.8,84,60.0,1.7,89.9,327,0.410,0.860
2026-01-09T09:01:52.386Z,0.9,33,47.3,3.7,89.2,72,0.348,0.940
2026-01-09T09:01:52.386Z,0.95,25,37.8,3.7,76.4,43,0.337,0.964
2026-01-09T09:02:52.387Z,0.8,84,60.0,1.7,89.9,327,0.410,0.860
2026-01-09T09:02:52.387Z,0.9,33,47.3,3.7,89.2,72,0.348,0.940
2026-01-09T09:02:52.387Z,0.95,25,37.8,3.7,76.4,43,0.337,0.964
2026-01-09T09:03:52.387Z,0.8,84,60.0,1.7,89.9,327,0.410,0.860
2026-01-09T09:03:52.387Z,0.9,33,47.3,3.7,89.2,72,0.348,0.940
2026-01-09T09:03:52.387Z,0.95,25,37.8,3.7,76.4,43,0.337,0.964
2026-01-09T09:04:52.388Z,0.8,84,60.0,1.7,89.9,327,0.410,0.860
2026-01-09T09:04:52.388Z,0.9,33,47.3,3.7,89.2,72,0.348,0.940
2026-01-09T09:04:52.388Z,0.95,25,37.8,3.7,76.4,43,0.337,0.964
2026-01-09T09:05:52.388Z,0.8,84,60.0,1.7,89.9,327,0.410,0.860
2026-01-09T09:05:52.388Z,0.9,33,47.3,3.7,89.2,72,0.348,0.940
2026-01-09T09:05:52.388Z,0.95,25,37.8,3.7,76.4,43,0.337,0.964
2026-01-09T09:06:52.389Z,0.8,84,60.0,1.7,89.9,327,0.410,0.860
2026-01-09T09:06:52.389Z,0.9,33,47.3,3.7,89.2,72,0.348,0.940
2026-01-09T09:06:52.389Z,0.95,25,37.8,3.7,76.4,43,0.337,0.964
2026-01-09T09:07:52.389Z,0.8,84,60.0,1.7,89.9,327,0.410,0.860
2026-01-09T09:07:52.389Z,0.9,33,47.3,3.7,89.2,72,0.348,0.940
2026-01-09T09:07:52.389Z,0.95,25,37.8,3.7,76.4,43,0.337,0.964
2026-01-09T09:08:52.391Z,0.8,84,60.0,1.7,89.9,327,0.410,0.860
2026-01-09T09:08:52.391Z,0.9,33,47.3,3.7,89.2,72,0.348,0.940
2026-01-09T09:08:52.391Z,0.95,25,37.8,3.7,76.4,43,0.337,0.964
2026-01-09T09:09:52.393Z,0.8,84,60.0,1.7,89.9,327,0.410,0.860
2026-01-09T09:09:52.393Z,0.9,33,47.3,3.7,89.2,72,0.348,0.940
2026-01-09T09:09:52.393Z,0.95,25,37.8,3.7,76.4,43,0.337,0.964
2026-01-09T09:10:52.392Z,0.8,84,60.0,1.7,89.9,327,0.410,0.860
2026-01-09T09:10:52.392Z,0.9,33,47.3,3.7,89.2,72,0.348,0.940
2026-01-09T09:10:52.392Z,0.95,25,37.8,3.7,76.4,43,0.337,0.964
2026-01-09T09:11:52.393Z,0.8,84,60.0,1.7,89.9,327,0.410,0.860
2026-01-09T09:11:52.393Z,0.9,33,47.3,3.7,89.2,72,0.348,0.940
2026-01-09T09:11:52.393Z,0.95,25,37.8,3.7,76.4,43,0.337,0.964
2026-01-09T09:12:52.396Z,0.8,84,60.0,1.7,89.9,327,0.410,0.860
2026-01-09T09:12:52.396Z,0.9,33,47.3,3.7,89.2,72,0.348,0.940
2026-01-09T09:12:52.396Z,0.95,25,37.8,3.7,76.4,43,0.337,0.964
2026-01-09T09:13:52.396Z,0.8,84,60.0,1.7,89.9,327,0.410,0.860
2026-01-09T09:13:52.396Z,0.9,33,47.3,3.7,89.2,72,0.348,0.940
2026-01-09T09:13:52.396Z,0.95,25,37.8,3.7,76.4,43,0.337,0.964
2026-01-09T09:14:52.396Z,0.8,84,60.0,1.7,89.9,327,0.410,0.860
2026-01-09T09:14:52.396Z,0.9,33,47.3,3.7,89.2,72,0.348,0.940
2026-01-09T09:14:52.396Z,0.95,25,37.8,3.7,76.4,43,0.337,0.964
2026-01-09T09:15:52.397Z,0.8,84,60.0,1.7,89.9,327,0.410,0.860
2026-01-09T09:15:52.397Z,0.9,33,47.3,3.7,89.2,72,0.348,0.940
2026-01-09T09:15:52.397Z,0.95,25,37.8,3.7,76.4,43,0.337,0.964
2026-01-09T09:16:52.398Z,0.8,84,60.0,1.7,89.9,327,0.410,0.860
2026-01-09T09:16:52.398Z,0.9,33,47.3,3.7,89.2,72,0.348,0.940
2026-01-09T09:16:52.398Z,0.95,25,37.8,3.7,76.4,43,0.337,0.964
2026-01-09T09:17:52.397Z,0.8,84,60.0,1.7,89.9,327,0.410,0.860
2026-01-09T09:17:52.397Z,0.9,33,47.3,3.7,89.2,72,0.348,0.940
2026-01-09T09:17:52.397Z,0.95,25,37.8,3.7,76.4,43,0.337,0.964
2026-01-09T09:18:52.398Z,0.8,84,60.0,1.7,89.9,327,0.410,0.860
2026-01-09T09:18:52.398Z,0.9,33,47.3,3.7,89.2,72,0.348,0.940
2026-01-09T09:18:52.398Z,0.95,25,37.8,3.7,76.4,43,0.337,0.964
2026-01-09T09:19:52.400Z,0.8,84,60.0,1.7,89.9,327,0.410,0.860
2026-01-09T09:19:52.400Z,0.9,33,47.3,3.7,89.2,72,0.348,0.940
2026-01-09T09:19:52.400Z,0.95,25,37.8,3.7,76.4,43,0.337,0.964
2026-01-09T09:20:52.400Z,0.8,84,60.0,1.7,89.9,327,0.410,0.860
2026-01-09T09:20:52.400Z,0.9,33,47.3,3.7,89.2,72,0.348,0.940
2026-01-09T09:20:52.400Z,0.95,25,37.8,3.7,76.4,43,0.337,0.964
2026-01-09T09:21:52.402Z,0.8,84,60.0,1.7,89.9,327,0.410,0.860
2026-01-09T09:21:52.402Z,0.9,33,47.3,3.7,89.2,72,0.348,0.940
2026-01-09T09:21:52.402Z,0.95,25,37.8,3.7,76.4,43,0.337,0.964
2026-01-09T09:22:52.403Z,0.8,84,60.0,1.7,89.9,327,0.410,0.860
2026-01-09T09:22:52.403Z,0.9,33,47.3,3.7,89.2,72,0.348,0.940
2026-01-09T09:22:52.403Z,0.95,25,37.8,3.7,76.4,43,0.337,0.964
2026-01-09T09:23:52.402Z,0.8,84,60.0,1.7,89.9,327,0.410,0.860
2026-01-09T09:23:52.402Z,0.9,33,47.3,3.7,89.2,72,0.348,0.940
2026-01-09T09:23:52.402Z,0.95,25,37.8,3.7,76.4,43,0.337,0.964
2026-01-09T09:24:52.404Z,0.8,84,60.0,1.7,89.9,327,0.410,0.860
2026-01-09T09:24:52.404Z,0.9,33,47.3,3.7,89.2,72,0.348,0.940
2026-01-09T09:24:52.404Z,0.95,25,37.8,3.7,76.4,43,0.337,0.964
2026-01-09T09:25:52.406Z,0.8,84,60.0,1.7,89.9,327,0.410,0.860
2026-01-09T09:25:52.406Z,0.9,33,47.3,3.7,89.2,72,0.348,0.940
2026-01-09T09:25:52.406Z,0.95,25,37.8,3.7,76.4,43,0.337,0.964
2026-01-09T09:26:52.407Z,0.8,84,60.0,1.7,89.9,327,0.410,0.860
2026-01-09T09:26:52.407Z,0.9,33,47.3,3.7,89.2,72,0.348,0.940
2026-01-09T09:26:52.407Z,0.95,25,37.8,3.7,76.4,43,0.337,0.964
2026-01-09T09:27:52.407Z,0.8,84,60.0,1.7,89.9,327,0.410,0.860
2026-01-09T09:27:52.407Z,0.9,33,47.3,3.7,89.2,72,0.348,0.940
2026-01-09T09:27:52.407Z,0.95,25,37.8,3.7,76.4,43,0.337,0.964
2026-01-09T09:28:52.408Z,0.8,84,60.0,1.7,89.9,327,0.410,0.860
2026-01-09T09:28:52.408Z,0.9,33,47.3,3.7,89.2,72,0.348,0.940
2026-01-09T09:28:52.408Z,0.95,25,37.8,3.7,76.4,43,0.337,0.964
2026-01-09T09:29:52.408Z,0.8,84,60.0,1.7,89.9,327,0.410,0.860
2026-01-09T09:29:52.408Z,0.9,33,47.3,3.7,89.2,72,0.348,0.940
2026-01-09T09:29:52.408Z,0.95,25,37.8,3.7,76.4,43,0.337,0.964
2026-01-09T09:30:52.410Z,0.8,84,60.0,1.7,89.9,327,0.410,0.860
2026-01-09T09:30:52.410Z,0.9,33,47.3,3.7,89.2,72,0.348,0.940
2026-01-09T09:30:52.410Z,0.95,25,37.8,3.7,76.4,43,0.337,0.964
2026-01-09T09:31:52.413Z,0.8,84,60.0,1.7,89.9,327,0.410,0.860
2026-01-09T09:31:52.413Z,0.9,33,47.3,3.7,89.2,72,0.348,0.940
2026-01-09T09:31:52.413Z,0.95,25,37.8,3.7,76.4,43,0.337,0.964
2026-01-09T09:32:52.413Z,0.8,84,60.0,1.7,89.9,327,0.410,0.860
2026-01-09T09:32:52.413Z,0.9,33,47.3,3.7,89.2,72,0.348,0.940
2026-01-09T09:32:52.413Z,0.95,25,37.8,3.7,76.4,43,0.337,0.964
2026-01-09T09:33:52.418Z,0.8,84,60.0,1.7,89.9,327,0.410,0.860
2026-01-09T09:33:52.418Z,0.9,33,47.3,3.7,89.2,72,0.348,0.940
2026-01-09T09:33:52.418Z,0.95,25,37.8,3.7,76.4,43,0.337,0.964
2026-01-09T09:34:52.418Z,0.8,84,60.0,1.7,89.9,327,0.410,0.860
2026-01-09T09:34:52.418Z,0.9,33,47.3,3.7,89.2,72,0.348,0.940
2026-01-09T09:34:52.418Z,0.95,25,37.8,3.7,76.4,43,0.337,0.964
2026-01-09T09:35:52.419Z,0.8,84,60.0,1.7,89.9,327,0.410,0.860
2026-01-09T09:35:52.419Z,0.9,33,47.3,3.7,89.2,72,0.348,0.940
2026-01-09T09:35:52.419Z,0.95,25,37.8,3.7,76.4,43,0.337,0.964
2026-01-09T09:36:52.421Z,0.8,84,60.0,1.7,89.9,327,0.410,0.860
2026-01-09T09:36:52.421Z,0.9,33,47.3,3.7,89.2,72,0.348,0.940
2026-01-09T09:36:52.421Z,0.95,25,37.8,3.7,76.4,43,0.337,0.964
2026-01-09T09:37:52.423Z,0.8,84,60.0,1.7,89.9,327,0.410,0.860
2026-01-09T09:37:52.423Z,0.9,33,47.3,3.7,89.2,72,0.348,0.940
2026-01-09T09:37:52.423Z,0.95,25,37.8,3.7,76.4,43,0.337,0.964
2026-01-09T09:38:52.425Z,0.8,84,60.0,1.7,89.9,327,0.410,0.860
2026-01-09T09:38:52.425Z,0.9,33,47.3,3.7,89.2,72,0.348,0.940
2026-01-09T09:38:52.425Z,0.95,25,37.8,3.7,76.4,43,0.337,0.964
2026-01-09T09:39:52.426Z,0.8,84,60.0,1.7,89.9,327,0.410,0.860
2026-01-09T09:39:52.426Z,0.9,33,47.3,3.7,89.2,72,0.348,0.940
2026-01-09T09:39:52.426Z,0.95,25,37.8,3.7,76.4,43,0.337,0.964
2026-01-09T09:40:52.427Z,0.8,84,60.0,1.7,89.9,327,0.410,0.860
2026-01-09T09:40:52.427Z,0.9,33,47.3,3.7,89.2,72,0.348,0.940
2026-01-09T09:40:52.427Z,0.95,25,37.8,3.7,76.4,43,0.337,0.964
2026-01-09T09:41:52.428Z,0.8,84,60.0,1.7,89.9,327,0.410,0.860
2026-01-09T09:41:52.428Z,0.9,33,47.3,3.7,89.2,72,0.348,0.940
2026-01-09T09:41:52.428Z,0.95,25,37.8,3.7,76.4,43,0.337,0.964
2026-01-09T09:42:52.429Z,0.8,84,60.0,1.7,89.9,327,0.410,0.860
2026-01-09T09:42:52.429Z,0.9,33,47.3,3.7,89.2,72,0.348,0.940
2026-01-09T09:42:52.429Z,0.95,25,37.8,3.7,76.4,43,0.337,0.964
2026-01-09T09:43:52.430Z,0.8,84,60.0,1.7,89.9,327,0.410,0.860
2026-01-09T09:43:52.430Z,0.9,33,47.3,3.7,89.2,72,0.348,0.940
2026-01-09T09:43:52.430Z,0.95,25,37.8,3.7,76.4,43,0.337,0.964
2026-01-09T09:44:52.431Z,0.8,84,60.0,1.7,89.9,327,0.410,0.860
2026-01-09T09:44:52.431Z,0.9,33,47.3,3.7,89.2,72,0.348,0.940
2026-01-09T09:44:52.431Z,0.95,25,37.8,3.7,76.4,43,0.337,0.964
2026-01-09T09:45:52.432Z,0.8,84,60.0,1.7,89.9,327,0.410,0.860
2026-01-09T09:45:52.432Z,0.9,33,47.3,3.7,89.2,72,0.348,0.940
2026-01-09T09:45:52.432Z,0.95,25,37.8,3.7,76.4,43,0.337,0.964
2026-01-09T09:46:52.434Z,0.8,84,60.0,1.7,89.9,327,0.410,0.860
2026-01-09T09:46:52.434Z,0.9,33,47.3,3.7,89.2,72,0.348,0.940
2026-01-09T09:46:52.434Z,0.95,25,37.8,3.7,76.4,43,0.337,0.964
2026-01-09T09:47:52.435Z,0.8,84,60.0,1.7,89.9,327,0.410,0.860
2026-01-09T09:47:52.435Z,0.9,33,47.3,3.7,89.2,72,0.348,0.940
2026-01-09T09:47:52.435Z,0.95,25,37.8,3.7,76.4,43,0.337,0.964
2026-01-09T09:48:52.436Z,0.8,84,60.0,1.7,89.9,327,0.410,0.860
2026-01-09T09:48:52.436Z,0.9,33,47.3,3.7,89.2,72,0.348,0.940
2026-01-09T09:48:52.436Z,0.95,25,37.8,3.7,76.4,43,0.337,0.964
2026-01-09T09:49:52.437Z,0.8,84,60.0,1.7,89.9,327,0.410,0.860
2026-01-09T09:49:52.437Z,0.9,33,47.3,3.7,89.2,72,0.348,0.940
2026-01-09T09:49:52.437Z,0.95,25,37.8,3.7,76.4,43,0.337,0.964
2026-01-09T09:50:52.441Z,0.8,84,60.0,1.7,89.9,327,0.410,0.860
2026-01-09T09:50:52.441Z,0.9,33,47.3,3.7,89.2,72,0.348,0.940
2026-01-09T09:50:52.441Z,0.95,25,37.8,3.7,76.4,43,0.337,0.964
2026-01-09T09:51:52.442Z,0.8,84,60.0,1.7,89.9,327,0.410,0.860
2026-01-09T09:51:52.442Z,0.9,33,47.3,3.7,89.2,72,0.348,0.940
2026-01-09T09:51:52.442Z,0.95,25,37.8,3.7,76.4,43,0.337,0.964
2026-01-09T09:52:52.443Z,0.8,84,60.0,1.7,89.9,327,0.410,0.860
2026-01-09T09:52:52.443Z,0.9,33,47.3,3.7,89.2,72,0.348,0.940
2026-01-09T09:52:52.443Z,0.95,25,37.8,3.7,76.4,43,0.337,0.964
2026-01-09T09:53:52.444Z,0.8,84,60.0,1.7,89.9,327,0.410,0.860
2026-01-09T09:53:52.444Z,0.9,33,47.3,3.7,89.2,72,0.348,0.940
2026-01-09T09:53:52.444Z,0.95,25,37.8,3.7,76.4,43,0.337,0.964
2026-01-09T09:54:52.446Z,0.8,84,60.0,1.7,89.9,327,0.410,0.860
2026-01-09T09:54:52.446Z,0.9,33,47.3,3.7,89.2,72,0.348,0.940
2026-01-09T09:54:52.446Z,0.95,25,37.8,3.7,76.4,43,0.337,0.964
2026-01-09T09:55:52.446Z,0.8,84,60.0,1.7,89.9,327,0.410,0.860
2026-01-09T09:55:52.446Z,0.9,33,47.3,3.7,89.2,72,0.348,0.940
2026-01-09T09:55:52.446Z,0.95,25,37.8,3.7,76.4,43,0.337,0.964
2026-01-09T09:56:52.447Z,0.8,84,60.0,1.7,89.9,327,0.410,0.860
2026-01-09T09:56:52.447Z,0.9,33,47.3,3.7,89.2,72,0.348,0.940
2026-01-09T09:56:52.447Z,0.95,25,37.8,3.7,76.4,43,0.337,0.964
2026-01-09T09:57:52.448Z,0.8,84,60.0,1.7,89.9,327,0.410,0.860
2026-01-09T09:57:52.448Z,0.9,33,47.3,3.7,89.2,72,0.348,0.940
2026-01-09T09:57:52.448Z,0.95,25,37.8,3.7,76.4,43,0.337,0.964
2026-01-09T09:58:52.450Z,0.8,84,60.0,1.7,89.9,327,0.410,0.860
2026-01-09T09:58:52.450Z,0.9,33,47.3,3.7,89.2,72,0.348,0.940
2026-01-09T09:58:52.450Z,0.95,25,37.8,3.7,76.4,43,0.337,0.964
2026-01-09T09:59:52.450Z,0.8,84,60.0,1.7,89.9,327,0.410,0.860
2026-01-09T09:59:52.450Z,0.9,33,47.3,3.7,89.2,72,0.348,0.940
2026-01-09T09:59:52.450Z,0.95,25,37.8,3.7,76.4,43,0.337,0.964
2026-01-09T10:00:52.453Z,0.8,84,60.0,1.7,89.9,327,0.410,0.860
2026-01-09T10:00:52.453Z,0.9,33,47.3,3.7,89.2,72,0.348,0.940
2026-01-09T10:00:52.453Z,0.95,25,37.8,3.7,76.4,43,0.337,0.964
2026-01-09T10:01:52.452Z,0.8,84,60.0,1.7,89.9,327,0.410,0.860
2026-01-09T10:01:52.452Z,0.9,33,47.3,3.7,89.2,72,0.348,0.940
2026-01-09T10:01:52.452Z,0.95,25,37.8,3.7,76.4,43,0.337,0.964
2026-01-09T10:02:52.451Z,0.8,84,60.0,1.7,89.9,327,0.410,0.860
2026-01-09T10:02:52.451Z,0.9,33,47.3,3.7,89.2,72,0.348,0.940
2026-01-09T10:02:52.451Z,0.95,25,37.8,3.7,76.4,43,0.337,0.964
2026-01-09T10:03:52.451Z,0.8,84,60.0,1.7,89.9,327,0.410,0.860
2026-01-09T10:03:52.451Z,0.9,33,47.3,3.7,89.2,72,0.348,0.940
2026-01-09T10:03:52.451Z,0.95,25,37.8,3.7,76.4,43,0.337,0.964
2026-01-09T10:04:52.452Z,0.8,84,60.0,1.7,89.9,327,0.410,0.860
2026-01-09T10:04:52.452Z,0.9,33,47.3,3.7,89.2,72,0.348,0.940
2026-01-09T10:04:52.452Z,0.95,25,37.8,3.7,76.4,43,0.337,0.964
2026-01-09T10:05:52.455Z,0.8,84,60.0,1.7,89.9,327,0.410,0.860
2026-01-09T10:05:52.455Z,0.9,33,47.3,3.7,89.2,72,0.348,0.940
2026-01-09T10:05:52.455Z,0.95,25,37.8,3.7,76.4,43,0.337,0.964
2026-01-09T10:06:52.454Z,0.8,84,60.0,1.7,89.9,327,0.410,0.860
2026-01-09T10:06:52.454Z,0.9,33,47.3,3.7,89.2,72,0.348,0.940
2026-01-09T10:06:52.454Z,0.95,25,37.8,3.7,76.4,43,0.337,0.964
2026-01-09T10:07:52.454Z,0.8,84,60.0,1.7,89.9,327,0.410,0.860
2026-01-09T10:07:52.454Z,0.9,33,47.3,3.7,89.2,72,0.348,0.940
2026-01-09T10:07:52.454Z,0.95,25,37.8,3.7,76.4,43,0.337,0.964
2026-01-09T10:08:52.455Z,0.8,84,60.0,1.7,89.9,327,0.410,0.860
2026-01-09T10:08:52.455Z,0.9,33,47.3,3.7,89.2,72,0.348,0.940
2026-01-09T10:08:52.455Z,0.95,25,37.8,3.7,76.4,43,0.337,0.964
2026-01-09T10:09:52.457Z,0.8,84,60.0,1.7,89.9,327,0.410,0.860
2026-01-09T10:09:52.457Z,0.9,33,47.3,3.7,89.2,72,0.348,0.940
2026-01-09T10:09:52.457Z,0.95,25,37.8,3.7,76.4,43,0.337,0.964
2026-01-09T10:10:52.457Z,0.8,84,60.0,1.7,89.9,327,0.410,0.860
2026-01-09T10:10:52.457Z,0.9,33,47.3,3.7,89.2,72,0.348,0.940
2026-01-09T10:10:52.457Z,0.95,25,37.8,3.7,76.4,43,0.337,0.964
2026-01-09T10:11:52.457Z,0.8,84,60.0,1.7,89.9,327,0.410,0.860
2026-01-09T10:11:52.457Z,0.9,33,47.3,3.7,89.2,72,0.348,0.940
2026-01-09T10:11:52.457Z,0.95,25,37.8,3.7,76.4,43,0.337,0.964
2026-01-09T10:12:52.460Z,0.8,84,60.0,1.7,89.9,327,0.410,0.860
2026-01-09T10:12:52.460Z,0.9,33,47.3,3.7,89.2,72,0.348,0.940
2026-01-09T10:12:52.460Z,0.95,25,37.8,3.7,76.4,43,0.337,0.964
2026-01-09T10:13:52.459Z,0.8,84,60.0,1.7,89.9,327,0.410,0.860
2026-01-09T10:13:52.459Z,0.9,33,47.3,3.7,89.2,72,0.348,0.940
2026-01-09T10:13:52.459Z,0.95,25,37.8,3.7,76.4,43,0.337,0.964
2026-01-09T10:14:52.460Z,0.8,84,60.0,1.7,89.9,327,0.410,0.860
2026-01-09T10:14:52.460Z,0.9,33,47.3,3.7,89.2,72,0.348,0.940
2026-01-09T10:14:52.460Z,0.95,25,37.8,3.7,76.4,43,0.337,0.964
2026-01-09T10:15:52.461Z,0.8,84,60.0,1.7,89.9,327,0.410,0.860
2026-01-09T10:15:52.461Z,0.9,33,47.3,3.7,89.2,72,0.348,0.940
2026-01-09T10:15:52.461Z,0.95,25,37.8,3.7,76.4,43,0.337,0.964
2026-01-09T10:16:52.464Z,0.8,84,60.0,1.7,89.9,327,0.410,0.860
2026-01-09T10:16:52.464Z,0.9,33,47.3,3.7,89.2,72,0.348,0.940
2026-01-09T10:16:52.464Z,0.95,25,37.8,3.7,76.4,43,0.337,0.964
2026-01-09T10:17:52.463Z,0.8,84,60.0,1.7,89.9,327,0.410,0.860
2026-01-09T10:17:52.463Z,0.9,33,47.3,3.7,89.2,72,0.348,0.940
2026-01-09T10:17:52.463Z,0.95,25,37.8,3.7,76.4,43,0.337,0.964
2026-01-09T10:18:52.465Z,0.8,84,60.0,1.7,89.9,327,0.410,0.860
2026-01-09T10:18:52.465Z,0.9,33,47.3,3.7,89.2,72,0.348,0.940
2026-01-09T10:18:52.465Z,0.95,25,37.8,3.7,76.4,43,0.337,0.964
2026-01-09T10:19:52.463Z,0.8,84,60.0,1.7,89.9,327,0.410,0.860
2026-01-09T10:19:52.463Z,0.9,33,47.3,3.7,89.2,72,0.348,0.940
2026-01-09T10:19:52.463Z,0.95,25,37.8,3.7,76.4,43,0.337,0.964
2026-01-09T10:20:52.466Z,0.8,84,60.0,1.7,89.9,327,0.410,0.860
2026-01-09T10:20:52.466Z,0.9,33,47.3,3.7,89.2,72,0.348,0.940
2026-01-09T10:20:52.466Z,0.95,25,37.8,3.7,76.4,43,0.337,0.964
2026-01-09T10:21:52.466Z,0.8,84,60.0,1.7,89.9,327,0.410,0.860
2026-01-09T10:21:52.466Z,0.9,33,47.3,3.7,89.2,72,0.348,0.940
2026-01-09T10:21:52.466Z,0.95,25,37.8,3.7,76.4,43,0.337,0.964
2026-01-09T10:22:52.467Z,0.8,84,60.0,1.7,89.9,327,0.410,0.860
2026-01-09T10:22:52.467Z,0.9,33,47.3,3.7,89.2,72,0.348,0.940
2026-01-09T10:22:52.467Z,0.95,25,37.8,3.7,76.4,43,0.337,0.964
2026-01-09T10:23:52.467Z,0.8,84,60.0,1.7,89.9,327,0.410,0.860
2026-01-09T10:23:52.467Z,0.9,33,47.3,3.7,89.2,72,0.348,0.940
2026-01-09T10:23:52.467Z,0.95,25,37.8,3.7,76.4,43,0.337,0.964
2026-01-09T10:24:52.467Z,0.8,84,60.0,1.7,89.9,327,0.410,0.860
2026-01-09T10:24:52.467Z,0.9,33,47.3,3.7,89.2,72,0.348,0.940
2026-01-09T10:24:52.467Z,0.95,25,37.8,3.7,76.4,43,0.337,0.964
2026-01-09T10:25:52.467Z,0.8,84,60.0,1.7,89.9,327,0.410,0.860
2026-01-09T10:25:52.467Z,0.9,33,47.3,3.7,89.2,72,0.348,0.940
2026-01-09T10:25:52.467Z,0.95,25,37.8,3.7,76.4,43,0.337,0.964
2026-01-09T10:26:52.468Z,0.8,84,60.0,1.7,89.9,327,0.410,0.860
2026-01-09T10:26:52.468Z,0.9,33,47.3,3.7,89.2,72,0.348,0.940
2026-01-09T10:26:52.468Z,0.95,25,37.8,3.7,76.4,43,0.337,0.964
2026-01-09T10:27:52.467Z,0.8,84,60.0,1.7,89.9,327,0.410,0.860
2026-01-09T10:27:52.467Z,0.9,33,47.3,3.7,89.2,72,0.348,0.940
2026-01-09T10:27:52.467Z,0.95,25,37.8,3.7,76.4,43,0.337,0.964
2026-01-09T10:28:52.467Z,0.8,84,60.0,1.7,89.9,327,0.410,0.860
2026-01-09T10:28:52.467Z,0.9,33,47.3,3.7,89.2,72,0.348,0.940
2026-01-09T10:28:52.467Z,0.95,25,37.8,3.7,76.4,43,0.337,0.964
2026-01-09T10:29:52.468Z,0.8,84,60.0,1.7,89.9,327,0.410,0.860
2026-01-09T10:29:52.468Z,0.9,33,47.3,3.7,89.2,72,0.348,0.940
2026-01-09T10:29:52.468Z,0.95,25,37.8,3.7,76.4,43,0.337,0.964
2026-01-09T10:30:52.470Z,0.8,84,60.0,1.7,89.9,327,0.410,0.860
2026-01-09T10:30:52.470Z,0.9,33,47.3,3.7,89.2,72,0.348,0.940
2026-01-09T10:30:52.470Z,0.95,25,37.8,3.7,76.4,43,0.337,0.964
2026-01-09T10:31:52.469Z,0.8,84,60.0,1.7,89.9,327,0.410,0.860
2026-01-09T10:31:52.469Z,0.9,33,47.3,3.7,89.2,72,0.348,0.940
2026-01-09T10:31:52.469Z,0.95,25,37.8,3.7,76.4,43,0.337,0.964
2026-01-09T10:32:52.469Z,0.8,84,60.0,1.7,89.9,327,0.410,0.860
2026-01-09T10:32:52.469Z,0.9,33,47.3,3.7,89.2,72,0.348,0.940
2026-01-09T10:32:52.469Z,0.95,25,37.8,3.7,76.4,43,0.337,0.964
2026-01-09T10:33:52.470Z,0.8,84,60.0,1.7,89.9,327,0.410,0.860
2026-01-09T10:33:52.470Z,0.9,33,47.3,3.7,89.2,72,0.348,0.940
2026-01-09T10:33:52.470Z,0.95,25,37.8,3.7,76.4,43,0.337,0.964
2026-01-09T10:34:52.473Z,0.8,84,60.0,1.7,89.9,327,0.410,0.860
2026-01-09T10:34:52.473Z,0.9,33,47.3,3.7,89.2,72,0.348,0.940
2026-01-09T10:34:52.473Z,0.95,25,37.8,3.7,76.4,43,0.337,0.964
2026-01-09T10:35:52.472Z,0.8,84,60.0,1.7,89.9,327,0.410,0.860
2026-01-09T10:35:52.472Z,0.9,33,47.3,3.7,89.2,72,0.348,0.940
2026-01-09T10:35:52.472Z,0.95,25,37.8,3.7,76.4,43,0.337,0.964
2026-01-09T10:36:52.473Z,0.8,84,60.0,1.7,89.9,327,0.410,0.860
2026-01-09T10:36:52.473Z,0.9,33,47.3,3.7,89.2,72,0.348,0.940
2026-01-09T10:36:52.473Z,0.95,25,37.8,3.7,76.4,43,0.337,0.964
2026-01-09T10:37:52.474Z,0.8,84,60.0,1.7,89.9,327,0.410,0.860
2026-01-09T10:37:52.474Z,0.9,33,47.3,3.7,89.2,72,0.348,0.940
2026-01-09T10:37:52.474Z,0.95,25,37.8,3.7,76.4,43,0.337,0.964
2026-01-09T10:38:52.474Z,0.8,84,60.0,1.7,89.9,327,0.410,0.860
2026-01-09T10:38:52.474Z,0.9,33,47.3,3.7,89.2,72,0.348,0.940
2026-01-09T10:38:52.474Z,0.95,25,37.8,3.7,76.4,43,0.337,0.964
2026-01-09T10:39:52.475Z,0.8,84,60.0,1.7,89.9,327,0.410,0.860
2026-01-09T10:39:52.475Z,0.9,33,47.3,3.7,89.2,72,0.348,0.940
2026-01-09T10:39:52.475Z,0.95,25,37.8,3.7,76.4,43,0.337,0.964
2026-01-09T10:40:52.475Z,0.8,84,60.0,1.7,89.9,327,0.410,0.860
2026-01-09T10:40:52.475Z,0.9,33,47.3,3.7,89.2,72,0.348,0.940
2026-01-09T10:40:52.475Z,0.95,25,37.8,3.7,76.4,43,0.337,0.964
2026-01-09T10:41:52.476Z,0.8,84,60.0,1.7,89.9,327,0.410,0.860
2026-01-09T10:41:52.476Z,0.9,33,47.3,3.7,89.2,72,0.348,0.940
2026-01-09T10:41:52.476Z,0.95,25,37.8,3.7,76.4,43,0.337,0.964
2026-01-09T10:42:52.480Z,0.8,85,59.8,1.7,89.9,325,0.411,0.859
2026-01-09T10:42:52.480Z,0.9,33,47.3,3.7,89.2,72,0.348,0.940
2026-01-09T10:42:52.480Z,0.95,25,37.8,3.7,76.4,43,0.337,0.964
2026-01-09T10:43:52.480Z,0.8,86,59.9,1.7,89.9,322,0.412,0.858
2026-01-09T10:43:52.480Z,0.9,33,47.3,3.7,89.2,72,0.348,0.940
2026-01-09T10:43:52.480Z,0.95,25,37.8,3.7,76.4,43,0.337,0.964
2026-01-09T10:44:52.483Z,0.8,86,59.9,1.7,89.9,322,0.412,0.858
2026-01-09T10:44:52.483Z,0.9,33,47.3,3.7,89.2,72,0.348,0.940
2026-01-09T10:44:52.483Z,0.95,25,37.8,3.7,76.4,43,0.337,0.964
2026-01-09T10:45:52.483Z,0.8,86,59.9,1.7,89.9,322,0.412,0.858
2026-01-09T10:45:52.483Z,0.9,33,47.3,3.7,89.2,72,0.348,0.940
2026-01-09T10:45:52.483Z,0.95,26,38.9,3.7,76.4,41,0.335,0.964
2026-01-09T10:46:52.485Z,0.8,86,59.9,1.7,89.9,322,0.412,0.858
2026-01-09T10:46:52.485Z,0.9,33,47.3,3.7,89.2,72,0.348,0.940
2026-01-09T10:46:52.485Z,0.95,26,38.9,3.7,76.4,41,0.335,0.964
2026-01-09T10:47:52.485Z,0.8,86,59.9,1.7,89.9,322,0.412,0.858
2026-01-09T10:47:52.485Z,0.9,33,47.3,3.7,89.2,72,0.348,0.940
2026-01-09T10:47:52.485Z,0.95,26,38.9,3.7,76.4,41,0.335,0.964
2026-01-09T10:48:52.485Z,0.8,86,59.9,1.7,89.9,322,0.412,0.858
2026-01-09T10:48:52.485Z,0.9,33,47.3,3.7,89.2,72,0.348,0.940
2026-01-09T10:48:52.485Z,0.95,26,38.9,3.7,76.4,41,0.335,0.964
2026-01-09T10:49:52.485Z,0.8,86,59.9,1.7,89.9,322,0.412,0.858
2026-01-09T10:49:52.485Z,0.9,33,47.3,3.7,89.2,72,0.348,0.940
2026-01-09T10:49:52.485Z,0.95,26,38.9,3.7,76.4,41,0.335,0.964
2026-01-09T10:50:52.485Z,0.8,86,59.9,1.7,89.9,322,0.412,0.858
2026-01-09T10:50:52.485Z,0.9,33,47.3,3.7,89.2,72,0.348,0.940
2026-01-09T10:50:52.485Z,0.95,26,38.9,3.7,76.4,41,0.335,0.964
2026-01-09T10:51:52.488Z,0.8,86,59.9,1.7,89.9,322,0.412,0.858
2026-01-09T10:51:52.488Z,0.9,33,47.3,3.7,89.2,72,0.348,0.940
2026-01-09T10:51:52.488Z,0.95,26,38.9,3.7,76.4,41,0.335,0.964
2026-01-09T10:52:52.487Z,0.8,86,59.9,1.7,89.9,322,0.412,0.858
2026-01-09T10:52:52.487Z,0.9,33,47.3,3.7,89.2,72,0.348,0.940
2026-01-09T10:52:52.487Z,0.95,26,38.9,3.7,76.4,41,0.335,0.964
2026-01-09T10:53:52.488Z,0.8,86,59.9,1.7,89.9,322,0.412,0.858
2026-01-09T10:53:52.488Z,0.9,33,47.3,3.7,89.2,72,0.348,0.940
2026-01-09T10:53:52.488Z,0.95,26,38.9,3.7,76.4,41,0.335,0.964
2026-01-09T10:54:52.489Z,0.8,86,59.9,1.7,89.9,322,0.412,0.858
2026-01-09T10:54:52.489Z,0.9,33,47.3,3.7,89.2,72,0.348,0.940
2026-01-09T10:54:52.489Z,0.95,26,38.9,3.7,76.4,41,0.335,0.964
2026-01-09T10:55:52.489Z,0.8,86,59.9,1.7,89.9,322,0.412,0.858
2026-01-09T10:55:52.489Z,0.9,33,47.3,3.7,89.2,72,0.348,0.940
2026-01-09T10:55:52.489Z,0.95,26,38.9,3.7,76.4,41,0.335,0.964
2026-01-09T10:56:52.490Z,0.8,86,59.9,1.7,89.9,322,0.412,0.858
2026-01-09T10:56:52.490Z,0.9,33,47.3,3.7,89.2,72,0.348,0.940
2026-01-09T10:56:52.490Z,0.95,26,38.9,3.7,76.4,41,0.335,0.964
2026-01-09T10:57:52.491Z,0.8,86,59.9,1.7,89.9,322,0.412,0.858
2026-01-09T10:57:52.491Z,0.9,33,47.3,3.7,89.2,72,0.348,0.940
2026-01-09T10:57:52.491Z,0.95,26,38.9,3.7,76.4,41,0.335,0.964
2026-01-09T10:58:52.493Z,0.8,86,59.9,1.7,89.9,322,0.412,0.858
2026-01-09T10:58:52.493Z,0.9,33,47.3,3.7,89.2,72,0.348,0.940
2026-01-09T10:58:52.493Z,0.95,26,38.9,3.7,76.4,41,0.335,0.964
2026-01-09T10:59:52.495Z,0.8,86,59.9,1.7,89.9,322,0.412,0.858
2026-01-09T10:59:52.495Z,0.9,33,47.3,3.7,89.2,72,0.348,0.940
2026-01-09T10:59:52.495Z,0.95,26,38.9,3.7,76.4,41,0.335,0.964
2026-01-09T11:00:52.497Z,0.8,86,59.9,1.7,89.9,322,0.412,0.858
2026-01-09T11:00:52.497Z,0.9,33,47.3,3.7,89.2,72,0.348,0.940
2026-01-09T11:00:52.497Z,0.95,26,38.9,3.7,76.4,41,0.335,0.964
2026-01-09T11:01:52.499Z,0.8,86,59.9,1.7,89.9,322,0.412,0.858
2026-01-09T11:01:52.499Z,0.9,33,47.3,3.7,89.2,72,0.348,0.940
2026-01-09T11:01:52.499Z,0.95,26,38.9,3.7,76.4,41,0.335,0.964
2026-01-09T11:02:52.499Z,0.8,86,59.9,1.7,89.9,322,0.412,0.858
2026-01-09T11:02:52.499Z,0.9,33,47.3,3.7,89.2,72,0.348,0.940
2026-01-09T11:02:52.499Z,0.95,26,38.9,3.7,76.4,41,0.335,0.964
2026-01-09T11:03:52.500Z,0.8,86,59.9,1.7,89.9,322,0.412,0.858
2026-01-09T11:03:52.500Z,0.9,33,47.3,3.7,89.2,72,0.348,0.940
2026-01-09T11:03:52.500Z,0.95,26,38.9,3.7,76.4,41,0.335,0.964
2026-01-09T11:04:52.503Z,0.8,86,59.9,1.7,89.9,322,0.412,0.858
2026-01-09T11:04:52.503Z,0.9,33,47.3,3.7,89.2,72,0.348,0.940
2026-01-09T11:04:52.503Z,0.95,26,38.9,3.7,76.4,41,0.335,0.964
2026-01-09T11:05:52.501Z,0.8,86,59.9,1.7,89.9,322,0.412,0.858
2026-01-09T11:05:52.501Z,0.9,33,47.3,3.7,89.2,72,0.348,0.940
2026-01-09T11:05:52.501Z,0.95,26,38.9,3.7,76.4,41,0.335,0.964
2026-01-09T11:06:52.502Z,0.8,86,59.9,1.7,89.9,322,0.412,0.858
2026-01-09T11:06:52.502Z,0.9,33,47.3,3.7,89.2,72,0.348,0.940
2026-01-09T11:06:52.502Z,0.95,26,38.9,3.7,76.4,41,0.335,0.964
2026-01-09T11:07:52.503Z,0.8,86,59.9,1.7,89.9,322,0.412,0.858
2026-01-09T11:07:52.503Z,0.9,33,47.3,3.7,89.2,72,0.348,0.940
2026-01-09T11:07:52.503Z,0.95,26,38.9,3.7,76.4,41,0.335,0.964
2026-01-09T11:08:52.507Z,0.8,87,59.8,1.7,89.9,323,0.412,0.858
2026-01-09T11:08:52.507Z,0.9,33,47.3,3.7,89.2,72,0.348,0.940
2026-01-09T11:08:52.507Z,0.95,26,38.9,3.7,76.4,41,0.335,0.964
2026-01-09T11:09:52.506Z,0.8,87,59.8,1.7,89.9,323,0.412,0.858
2026-01-09T11:09:52.506Z,0.9,33,47.3,3.7,89.2,72,0.348,0.940
2026-01-09T11:09:52.506Z,0.95,26,38.9,3.7,76.4,41,0.335,0.964
2026-01-09T11:10:52.507Z,0.8,87,59.8,1.7,89.9,323,0.412,0.858
2026-01-09T11:10:52.507Z,0.9,33,47.3,3.7,89.2,72,0.348,0.940
2026-01-09T11:10:52.507Z,0.95,26,38.9,3.7,76.4,41,0.335,0.964
2026-01-09T11:11:52.506Z,0.8,87,59.8,1.7,89.9,323,0.412,0.858
2026-01-09T11:11:52.506Z,0.9,33,47.3,3.7,89.2,72,0.348,0.940
2026-01-09T11:11:52.506Z,0.95,26,38.9,3.7,76.4,41,0.335,0.964
2026-01-09T11:12:52.507Z,0.8,87,59.8,1.7,89.9,323,0.412,0.858
2026-01-09T11:12:52.507Z,0.9,33,47.3,3.7,89.2,72,0.348,0.940
2026-01-09T11:12:52.507Z,0.95,26,38.9,3.7,76.4,41,0.335,0.964
2026-01-09T11:13:52.507Z,0.8,87,59.8,1.7,89.9,323,0.412,0.858
2026-01-09T11:13:52.507Z,0.9,33,47.3,3.7,89.2,72,0.348,0.940
2026-01-09T11:13:52.507Z,0.95,26,38.9,3.7,76.4,41,0.335,0.964
2026-01-09T11:14:52.509Z,0.8,87,59.8,1.7,89.9,323,0.412,0.858
2026-01-09T11:14:52.509Z,0.9,33,47.3,3.7,89.2,72,0.348,0.940
2026-01-09T11:14:52.509Z,0.95,26,38.9,3.7,76.4,41,0.335,0.964
2026-01-09T11:15:52.509Z,0.8,87,59.8,1.7,89.9,323,0.412,0.858
2026-01-09T11:15:52.509Z,0.9,33,47.3,3.7,89.2,72,0.348,0.940
2026-01-09T11:15:52.509Z,0.95,26,38.9,3.7,76.4,41,0.335,0.964
2026-01-09T11:16:52.512Z,0.8,87,59.8,1.7,89.9,323,0.412,0.858
2026-01-09T11:16:52.512Z,0.9,33,47.3,3.7,89.2,72,0.348,0.940
2026-01-09T11:16:52.512Z,0.95,26,38.9,3.7,76.4,41,0.335,0.964
2026-01-09T11:17:52.512Z,0.8,87,59.8,1.7,89.9,323,0.412,0.858
2026-01-09T11:17:52.512Z,0.9,33,47.3,3.7,89.2,72,0.348,0.940
2026-01-09T11:17:52.512Z,0.95,26,38.9,3.7,76.4,41,0.335,0.964
2026-01-09T11:18:52.517Z,0.8,89,59.0,1.7,89.9,331,0.413,0.857
2026-01-09T11:18:52.517Z,0.9,33,47.3,3.7,89.2,72,0.348,0.940
2026-01-09T11:18:52.517Z,0.95,26,38.9,3.7,76.4,41,0.335,0.964
2026-01-09T11:19:52.518Z,0.8,89,59.0,1.7,89.9,331,0.413,0.857
2026-01-09T11:19:52.518Z,0.9,34,48.5,3.7,89.2,88,0.351,0.939
2026-01-09T11:19:52.518Z,0.95,26,38.9,3.7,76.4,41,0.335,0.964
2026-01-09T11:20:52.519Z,0.8,89,59.0,1.7,89.9,331,0.413,0.857
2026-01-09T11:20:52.519Z,0.9,34,48.5,3.7,89.2,88,0.351,0.939
2026-01-09T11:20:52.519Z,0.95,26,38.9,3.7,76.4,41,0.335,0.964
2026-01-09T11:21:52.521Z,0.8,89,59.0,1.7,89.9,331,0.413,0.857
2026-01-09T11:21:52.521Z,0.9,34,48.5,3.7,89.2,88,0.351,0.939
2026-01-09T11:21:52.521Z,0.95,26,38.9,3.7,76.4,41,0.335,0.964
2026-01-09T11:22:52.517Z,0.8,89,59.0,1.7,89.9,331,0.413,0.857
2026-01-09T11:22:52.517Z,0.9,34,48.5,3.7,89.2,88,0.351,0.939
2026-01-09T11:22:52.517Z,0.95,26,38.9,3.7,76.4,41,0.335,0.964
2026-01-09T11:23:52.519Z,0.8,89,59.0,1.7,89.9,331,0.413,0.857
2026-01-09T11:23:52.519Z,0.9,34,48.5,3.7,89.2,88,0.351,0.939
2026-01-09T11:23:52.519Z,0.95,26,38.9,3.7,76.4,41,0.335,0.964
2026-01-09T11:24:52.519Z,0.8,89,59.0,1.7,89.9,331,0.413,0.857
2026-01-09T11:24:52.519Z,0.9,34,48.5,3.7,89.2,88,0.351,0.939
2026-01-09T11:24:52.519Z,0.95,26,38.9,3.7,76.4,41,0.335,0.964
2026-01-09T11:25:52.521Z,0.8,89,59.0,1.7,89.9,331,0.413,0.857
2026-01-09T11:25:52.521Z,0.9,34,48.5,3.7,89.2,88,0.351,0.939
2026-01-09T11:25:52.521Z,0.95,26,38.9,3.7,76.4,41,0.335,0.964
2026-01-09T11:26:52.522Z,0.8,89,59.0,1.7,89.9,331,0.413,0.857
2026-01-09T11:26:52.522Z,0.9,34,48.5,3.7,89.2,88,0.351,0.939
2026-01-09T11:26:52.522Z,0.95,26,38.9,3.7,76.4,41,0.335,0.964
2026-01-09T11:27:52.522Z,0.8,89,59.0,1.7,89.9,331,0.413,0.857
2026-01-09T11:27:52.522Z,0.9,34,48.5,3.7,89.2,88,0.351,0.939
2026-01-09T11:27:52.522Z,0.95,26,38.9,3.7,76.4,41,0.335,0.964
2026-01-09T11:28:52.524Z,0.8,89,59.0,1.7,89.9,331,0.413,0.857
2026-01-09T11:28:52.524Z,0.9,34,48.5,3.7,89.2,88,0.351,0.939
2026-01-09T11:28:52.524Z,0.95,26,38.9,3.7,76.4,41,0.335,0.964
2026-01-09T11:29:52.526Z,0.8,89,59.0,1.7,89.9,331,0.413,0.857
2026-01-09T11:29:52.526Z,0.9,34,48.5,3.7,89.2,88,0.351,0.939
2026-01-09T11:29:52.526Z,0.95,26,38.9,3.7,76.4,41,0.335,0.964
2026-01-09T11:30:52.526Z,0.8,89,59.0,1.7,89.9,331,0.413,0.857
2026-01-09T11:30:52.526Z,0.9,34,48.5,3.7,89.2,88,0.351,0.939
2026-01-09T11:30:52.526Z,0.95,26,38.9,3.7,76.4,41,0.335,0.964
2026-01-09T11:31:52.529Z,0.8,89,59.0,1.7,89.9,331,0.413,0.857
2026-01-09T11:31:52.529Z,0.9,34,48.5,3.7,89.2,88,0.351,0.939
2026-01-09T11:31:52.529Z,0.95,26,38.9,3.7,76.4,41,0.335,0.964
2026-01-09T11:32:52.530Z,0.8,89,59.0,1.7,89.9,331,0.413,0.857
2026-01-09T11:32:52.530Z,0.9,34,48.5,3.7,89.2,88,0.351,0.939
2026-01-09T11:32:52.530Z,0.95,26,38.9,3.7,76.4,41,0.335,0.964
2026-01-09T11:33:52.528Z,0.8,89,59.0,1.7,89.9,331,0.413,0.857
2026-01-09T11:33:52.528Z,0.9,34,48.5,3.7,89.2,88,0.351,0.939
2026-01-09T11:33:52.528Z,0.95,26,38.9,3.7,76.4,41,0.335,0.964
2026-01-09T11:34:52.529Z,0.8,89,59.0,1.7,89.9,331,0.413,0.857
2026-01-09T11:34:52.529Z,0.9,34,48.5,3.7,89.2,88,0.351,0.939
2026-01-09T11:34:52.529Z,0.95,26,38.9,3.7,76.4,41,0.335,0.964
2026-01-09T11:35:52.530Z,0.8,89,59.0,1.7,89.9,331,0.413,0.857
2026-01-09T11:35:52.530Z,0.9,34,48.5,3.7,89.2,88,0.351,0.939
2026-01-09T11:35:52.530Z,0.95,26,38.9,3.7,76.4,41,0.335,0.964
2026-01-09T11:36:52.532Z,0.8,89,59.0,1.7,89.9,331,0.413,0.857
2026-01-09T11:36:52.532Z,0.9,34,48.5,3.7,89.2,88,0.351,0.939
2026-01-09T11:36:52.532Z,0.95,26,38.9,3.7,76.4,41,0.335,0.964
2026-01-09T11:37:52.530Z,0.8,89,59.0,1.7,89.9,331,0.413,0.857
2026-01-09T11:37:52.530Z,0.9,34,48.5,3.7,89.2,88,0.351,0.939
2026-01-09T11:37:52.530Z,0.95,26,38.9,3.7,76.4,41,0.335,0.964
2026-01-09T11:38:52.532Z,0.8,89,59.0,1.7,89.9,331,0.413,0.857
2026-01-09T11:38:52.532Z,0.9,34,48.5,3.7,89.2,88,0.351,0.939
2026-01-09T11:38:52.532Z,0.95,26,38.9,3.7,76.4,41,0.335,0.964
2026-01-09T11:39:52.532Z,0.8,89,59.0,1.7,89.9,331,0.413,0.857
2026-01-09T11:39:52.532Z,0.9,34,48.5,3.7,89.2,88,0.351,0.939
2026-01-09T11:39:52.532Z,0.95,26,38.9,3.7,76.4,41,0.335,0.964
2026-01-09T11:40:52.532Z,0.8,89,59.0,1.7,89.9,331,0.413,0.857
2026-01-09T11:40:52.532Z,0.9,34,48.5,3.7,89.2,88,0.351,0.939
2026-01-09T11:40:52.532Z,0.95,26,38.9,3.7,76.4,41,0.335,0.964
2026-01-09T11:41:52.533Z,0.8,89,59.0,1.7,89.9,331,0.413,0.857
2026-01-09T11:41:52.533Z,0.9,34,48.5,3.7,89.2,88,0.351,0.939
2026-01-09T11:41:52.533Z,0.95,26,38.9,3.7,76.4,41,0.335,0.964
2026-01-09T11:42:52.533Z,0.8,89,59.0,1.7,89.9,331,0.413,0.857
2026-01-09T11:42:52.533Z,0.9,34,48.5,3.7,89.2,88,0.351,0.939
2026-01-09T11:42:52.533Z,0.95,26,38.9,3.7,76.4,41,0.335,0.964
2026-01-09T11:43:52.535Z,0.8,89,59.0,1.7,89.9,331,0.413,0.857
2026-01-09T11:43:52.535Z,0.9,34,48.5,3.7,89.2,88,0.351,0.939
2026-01-09T11:43:52.535Z,0.95,26,38.9,3.7,76.4,41,0.335,0.964
2026-01-09T11:44:52.536Z,0.8,89,59.0,1.7,89.9,331,0.413,0.857
2026-01-09T11:44:52.536Z,0.9,34,48.5,3.7,89.2,88,0.351,0.939
2026-01-09T11:44:52.536Z,0.95,26,38.9,3.7,76.4,41,0.335,0.964
2026-01-09T11:45:52.536Z,0.8,90,58.4,1.4,89.9,327,0.411,0.857
2026-01-09T11:45:52.536Z,0.9,34,48.5,3.7,89.2,88,0.351,0.939
2026-01-09T11:45:52.536Z,0.95,26,38.9,3.7,76.4,41,0.335,0.964
2026-01-09T11:46:52.538Z,0.8,90,58.4,1.4,89.9,327,0.411,0.857
2026-01-09T11:46:52.538Z,0.9,34,48.5,3.7,89.2,88,0.351,0.939
2026-01-09T11:46:52.538Z,0.95,26,38.9,3.7,76.4,41,0.335,0.964
2026-01-09T11:47:52.539Z,0.8,90,58.4,1.4,89.9,327,0.411,0.857
2026-01-09T11:47:52.539Z,0.9,34,48.5,3.7,89.2,88,0.351,0.939
2026-01-09T11:47:52.539Z,0.95,26,38.9,3.7,76.4,41,0.335,0.964
2026-01-09T11:48:52.541Z,0.8,90,58.4,1.4,89.9,327,0.411,0.857
2026-01-09T11:48:52.541Z,0.9,34,48.5,3.7,89.2,88,0.351,0.939
2026-01-09T11:48:52.541Z,0.95,26,38.9,3.7,76.4,41,0.335,0.964
2026-01-09T11:49:52.542Z,0.8,90,58.4,1.4,89.9,327,0.411,0.857
2026-01-09T11:49:52.542Z,0.9,34,48.5,3.7,89.2,88,0.351,0.939
2026-01-09T11:49:52.542Z,0.95,26,38.9,3.7,76.4,41,0.335,0.964
2026-01-09T11:50:52.542Z,0.8,90,58.4,1.4,89.9,327,0.411,0.857
2026-01-09T11:50:52.542Z,0.9,34,48.5,3.7,89.2,88,0.351,0.939
2026-01-09T11:50:52.542Z,0.95,26,38.9,3.7,76.4,41,0.335,0.964
2026-01-09T11:51:52.544Z,0.8,90,58.4,1.4,89.9,327,0.411,0.857
2026-01-09T11:51:52.544Z,0.9,34,48.5,3.7,89.2,88,0.351,0.939
2026-01-09T11:51:52.544Z,0.95,26,38.9,3.7,76.4,41,0.335,0.964
2026-01-09T11:52:52.545Z,0.8,90,58.4,1.4,89.9,327,0.411,0.857
2026-01-09T11:52:52.545Z,0.9,34,48.5,3.7,89.2,88,0.351,0.939
2026-01-09T11:52:52.545Z,0.95,26,38.9,3.7,76.4,41,0.335,0.964
2026-01-09T11:53:52.545Z,0.8,90,58.4,1.4,89.9,327,0.411,0.857
2026-01-09T11:53:52.545Z,0.9,34,48.5,3.7,89.2,88,0.351,0.939
2026-01-09T11:53:52.545Z,0.95,26,38.9,3.7,76.4,41,0.335,0.964
2026-01-09T11:54:52.546Z,0.8,90,58.4,1.4,89.9,327,0.411,0.857
2026-01-09T11:54:52.546Z,0.9,34,48.5,3.7,89.2,88,0.351,0.939
2026-01-09T11:54:52.546Z,0.95,26,38.9,3.7,76.4,41,0.335,0.964
2026-01-09T11:55:52.548Z,0.8,90,58.4,1.4,89.9,327,0.411,0.857
2026-01-09T11:55:52.548Z,0.9,34,48.5,3.7,89.2,88,0.351,0.939
2026-01-09T11:55:52.548Z,0.95,26,38.9,3.7,76.4,41,0.335,0.964
2026-01-09T11:56:52.551Z,0.8,90,58.4,1.4,89.9,327,0.411,0.857
2026-01-09T11:56:52.551Z,0.9,34,48.5,3.7,89.2,88,0.351,0.939
2026-01-09T11:56:52.551Z,0.95,26,38.9,3.7,76.4,41,0.335,0.964
2026-01-09T11:57:52.551Z,0.8,90,58.4,1.4,89.9,327,0.411,0.857
2026-01-09T11:57:52.551Z,0.9,34,48.5,3.7,89.2,88,0.351,0.939
2026-01-09T11:57:52.551Z,0.95,26,38.9,3.7,76.4,41,0.335,0.964
2026-01-09T11:58:52.552Z,0.8,90,58.4,1.4,89.9,327,0.411,0.857
2026-01-09T11:58:52.552Z,0.9,34,48.5,3.7,89.2,88,0.351,0.939
2026-01-09T11:58:52.552Z,0.95,26,38.9,3.7,76.4,41,0.335,0.964
2026-01-09T11:59:52.553Z,0.8,90,58.4,1.4,89.9,327,0.411,0.857
2026-01-09T11:59:52.553Z,0.9,34,48.5,3.7,89.2,88,0.351,0.939
2026-01-09T11:59:52.553Z,0.95,26,38.9,3.7,76.4,41,0.335,0.964
2026-01-09T12:00:52.553Z,0.8,90,58.4,1.4,89.9,327,0.411,0.857
2026-01-09T12:00:52.553Z,0.9,34,48.5,3.7,89.2,88,0.351,0.939
2026-01-09T12:00:52.553Z,0.95,26,38.9,3.7,76.4,41,0.335,0.964
2026-01-09T12:01:52.556Z,0.8,90,58.4,1.4,89.9,327,0.411,0.857
2026-01-09T12:01:52.556Z,0.9,34,48.5,3.7,89.2,88,0.351,0.939
2026-01-09T12:01:52.556Z,0.95,26,38.9,3.7,76.4,41,0.335,0.964
2026-01-09T12:02:52.556Z,0.8,90,58.4,1.4,89.9,327,0.411,0.857
2026-01-09T12:02:52.556Z,0.9,34,48.5,3.7,89.2,88,0.351,0.939
2026-01-09T12:02:52.556Z,0.95,26,38.9,3.7,76.4,41,0.335,0.964
2026-01-09T12:03:52.556Z,0.8,90,58.4,1.4,89.9,327,0.411,0.857
2026-01-09T12:03:52.556Z,0.9,34,48.5,3.7,89.2,88,0.351,0.939
2026-01-09T12:03:52.556Z,0.95,26,38.9,3.7,76.4,41,0.335,0.964
2026-01-09T12:04:52.557Z,0.8,90,58.4,1.4,89.9,327,0.411,0.857
2026-01-09T12:04:52.557Z,0.9,34,48.5,3.7,89.2,88,0.351,0.939
2026-01-09T12:04:52.557Z,0.95,26,38.9,3.7,76.4,41,0.335,0.964
2026-01-09T12:05:52.559Z,0.8,90,58.4,1.4,89.9,327,0.411,0.857
2026-01-09T12:05:52.559Z,0.9,34,48.5,3.7,89.2,88,0.351,0.939
2026-01-09T12:05:52.559Z,0.95,26,38.9,3.7,76.4,41,0.335,0.964
2026-01-09T12:06:52.560Z,0.8,90,58.4,1.4,89.9,327,0.411,0.857
2026-01-09T12:06:52.560Z,0.9,34,48.5,3.7,89.2,88,0.351,0.939
2026-01-09T12:06:52.560Z,0.95,26,38.9,3.7,76.4,41,0.335,0.964
2026-01-09T12:07:52.561Z,0.8,90,58.4,1.4,89.9,327,0.411,0.857
2026-01-09T12:07:52.561Z,0.9,34,48.5,3.7,89.2,88,0.351,0.939
2026-01-09T12:07:52.561Z,0.95,26,38.9,3.7,76.4,41,0.335,0.964
2026-01-09T12:08:52.563Z,0.8,90,58.4,1.4,89.9,327,0.411,0.857
2026-01-09T12:08:52.563Z,0.9,34,48.5,3.7,89.2,88,0.351,0.939
2026-01-09T12:08:52.563Z,0.95,26,38.9,3.7,76.4,41,0.335,0.964
2026-01-09T12:09:52.563Z,0.8,90,58.4,1.4,89.9,327,0.411,0.857
2026-01-09T12:09:52.563Z,0.9,34,48.5,3.7,89.2,88,0.351,0.939
2026-01-09T12:09:52.563Z,0.95,26,38.9,3.7,76.4,41,0.335,0.964
2026-01-09T12:10:52.565Z,0.8,93,58.5,1.4,89.9,326,0.414,0.860
2026-01-09T12:10:52.565Z,0.9,37,49.6,3.7,89.2,104,0.362,0.940
2026-01-09T12:10:52.565Z,0.95,29,41.4,3.7,76.4,66,0.350,0.963
2026-01-09T12:11:52.566Z,0.8,93,58.5,1.4,89.9,326,0.414,0.860
2026-01-09T12:11:52.566Z,0.9,37,49.6,3.7,89.2,104,0.362,0.940
2026-01-09T12:11:52.566Z,0.95,29,41.4,3.7,76.4,66,0.350,0.963
2026-01-09T12:12:52.568Z,0.8,93,58.5,1.4,89.9,326,0.414,0.860
2026-01-09T12:12:52.568Z,0.9,37,49.6,3.7,89.2,104,0.362,0.940
2026-01-09T12:12:52.568Z,0.95,29,41.4,3.7,76.4,66,0.350,0.963
2026-01-09T12:13:52.569Z,0.8,93,58.5,1.4,89.9,326,0.414,0.860
2026-01-09T12:13:52.569Z,0.9,37,49.6,3.7,89.2,104,0.362,0.940
2026-01-09T12:13:52.569Z,0.95,29,41.4,3.7,76.4,66,0.350,0.963
2026-01-09T12:14:52.569Z,0.8,93,58.5,1.4,89.9,326,0.414,0.860
2026-01-09T12:14:52.569Z,0.9,37,49.6,3.7,89.2,104,0.362,0.940
2026-01-09T12:14:52.569Z,0.95,29,41.4,3.7,76.4,66,0.350,0.963
2026-01-09T12:15:52.569Z,0.8,93,58.5,1.4,89.9,326,0.414,0.860
2026-01-09T12:15:52.569Z,0.9,37,49.6,3.7,89.2,104,0.362,0.940
2026-01-09T12:15:52.569Z,0.95,29,41.4,3.7,76.4,66,0.350,0.963
2026-01-09T12:16:52.570Z,0.8,93,58.5,1.4,89.9,326,0.414,0.860
2026-01-09T12:16:52.570Z,0.9,37,49.6,3.7,89.2,104,0.362,0.940
2026-01-09T12:16:52.570Z,0.95,29,41.4,3.7,76.4,66,0.350,0.963
2026-01-09T12:17:52.570Z,0.8,93,58.5,1.4,89.9,326,0.414,0.860
2026-01-09T12:17:52.570Z,0.9,37,49.6,3.7,89.2,104,0.362,0.940
2026-01-09T12:17:52.570Z,0.95,29,41.4,3.7,76.4,66,0.350,0.963
2026-01-09T12:18:52.570Z,0.8,93,58.5,1.4,89.9,326,0.414,0.860
2026-01-09T12:18:52.570Z,0.9,37,49.6,3.7,89.2,104,0.362,0.940
2026-01-09T12:18:52.570Z,0.95,29,41.4,3.7,76.4,66,0.350,0.963
2026-01-09T12:19:52.574Z,0.8,93,58.5,1.4,89.9,326,0.414,0.860
2026-01-09T12:19:52.574Z,0.9,37,49.6,3.7,89.2,104,0.362,0.940
2026-01-09T12:19:52.574Z,0.95,29,41.4,3.7,76.4,66,0.350,0.963
2026-01-09T12:20:52.575Z,0.8,93,58.5,1.4,89.9,326,0.414,0.860
2026-01-09T12:20:52.575Z,0.9,37,49.6,3.7,89.2,104,0.362,0.940
2026-01-09T12:20:52.575Z,0.95,29,41.4,3.7,76.4,66,0.350,0.963
2026-01-09T12:21:52.575Z,0.8,93,58.5,1.4,89.9,326,0.414,0.860
2026-01-09T12:21:52.575Z,0.9,37,49.6,3.7,89.2,104,0.362,0.940
2026-01-09T12:21:52.575Z,0.95,29,41.4,3.7,76.4,66,0.350,0.963
2026-01-09T12:22:52.581Z,0.8,93,58.5,1.4,89.9,326,0.414,0.860
2026-01-09T12:22:52.581Z,0.9,37,49.6,3.7,89.2,104,0.362,0.940
2026-01-09T12:22:52.581Z,0.95,29,41.4,3.7,76.4,66,0.350,0.963
2026-01-09T12:25:39.177Z,0.8,93,58.5,1.4,89.9,326,0.414,0.860
2026-01-09T12:25:39.177Z,0.9,37,49.6,3.7,89.2,104,0.362,0.940
2026-01-09T12:25:39.177Z,0.95,29,41.4,3.7,76.4,66,0.350,0.963
2026-01-09T12:29:36.596Z,0.8,93,58.5,1.4,89.9,326,0.414,0.860
2026-01-09T12:29:36.596Z,0.9,37,49.6,3.7,89.2,104,0.362,0.940
2026-01-09T12:29:36.596Z,0.95,29,41.4,3.7,76.4,66,0.350,0.963
2026-01-09T12:45:25.909Z,0.8,93,58.5,1.4,89.9,326,0.414,0.860
2026-01-09T12:45:25.909Z,0.9,37,49.6,3.7,89.2,104,0.362,0.940
2026-01-09T12:45:25.909Z,0.95,29,41.4,3.7,76.4,66,0.350,0.963
2026-01-09T12:57:18.601Z,0.8,93,58.5,1.4,89.9,326,0.414,0.860
2026-01-09T12:57:18.601Z,0.9,37,49.6,3.7,89.2,104,0.362,0.940
2026-01-09T12:57:18.601Z,0.95,29,41.4,3.7,76.4,66,0.350,0.963
2026-01-09T13:00:56.479Z,0.8,93,58.5,1.4,89.9,326,0.414,0.860
2026-01-09T13:00:56.479Z,0.9,37,49.6,3.7,89.2,104,0.362,0.940
2026-01-09T13:00:56.479Z,0.95,29,41.4,3.7,76.4,66,0.350,0.963
2026-01-09T13:10:14.318Z,0.8,93,58.5,1.4,89.9,326,0.414,0.860
2026-01-09T13:10:14.318Z,0.9,37,49.6,3.7,89.2,104,0.362,0.940
2026-01-09T13:10:14.318Z,0.95,29,41.4,3.7,76.4,66,0.350,0.963
2026-01-09T13:11:53.941Z,0.8,93,58.5,1.4,89.9,326,0.414,0.860
2026-01-09T13:11:53.941Z,0.9,37,49.6,3.7,89.2,104,0.362,0.940
2026-01-09T13:11:53.941Z,0.95,29,41.4,3.7,76.4,66,0.350,0.963
2026-01-09T18:16:08.016Z,0.8,3,79.5,72.2,87.6,849,0.490,0.847
2026-01-09T18:17:08.017Z,0.8,3,79.5,72.2,87.6,849,0.490,0.847
2026-01-09T18:17:08.017Z,0.9,2,84.4,80.2,88.5,822,0.470,0.905
2026-01-09T18:18:08.019Z,0.8,3,79.5,72.2,87.6,849,0.490,0.847
2026-01-09T18:18:08.019Z,0.9,2,84.4,80.2,88.5,822,0.470,0.905
2026-01-09T18:19:08.018Z,0.8,3,79.5,72.2,87.6,849,0.490,0.847
2026-01-09T18:19:08.018Z,0.9,2,84.4,80.2,88.5,822,0.470,0.905
2026-01-09T18:20:08.019Z,0.8,3,79.5,72.2,87.6,849,0.490,0.847
2026-01-09T18:20:08.019Z,0.9,2,84.4,80.2,88.5,822,0.470,0.905
2026-01-09T18:21:08.017Z,0.8,3,79.5,72.2,87.6,849,0.490,0.847
2026-01-09T18:21:08.017Z,0.9,2,84.4,80.2,88.5,822,0.470,0.905
2026-01-09T18:22:08.016Z,0.8,3,79.5,72.2,87.6,849,0.490,0.847
2026-01-09T18:22:08.016Z,0.9,2,84.4,80.2,88.5,822,0.470,0.905
2026-01-09T18:23:08.018Z,0.8,3,79.5,72.2,87.6,849,0.490,0.847
2026-01-09T18:23:08.018Z,0.9,2,84.4,80.2,88.5,822,0.470,0.905
2026-01-09T18:24:08.019Z,0.8,3,79.5,72.2,87.6,849,0.490,0.847
2026-01-09T18:24:08.019Z,0.9,2,84.4,80.2,88.5,822,0.470,0.905
2026-01-09T18:25:08.019Z,0.8,3,79.5,72.2,87.6,849,0.490,0.847
2026-01-09T18:25:08.019Z,0.9,2,84.4,80.2,88.5,822,0.470,0.905
2026-01-09T18:26:08.021Z,0.8,3,79.5,72.2,87.6,849,0.490,0.847
2026-01-09T18:26:08.021Z,0.9,2,84.4,80.2,88.5,822,0.470,0.905
2026-01-09T18:27:08.022Z,0.8,3,79.5,72.2,87.6,849,0.490,0.847
2026-01-09T18:27:08.022Z,0.9,2,84.4,80.2,88.5,822,0.470,0.905
2026-01-09T18:28:08.023Z,0.8,3,79.5,72.2,87.6,849,0.490,0.847
2026-01-09T18:28:08.023Z,0.9,2,84.4,80.2,88.5,822,0.470,0.905
2026-01-09T18:29:08.024Z,0.8,3,79.5,72.2,87.6,849,0.490,0.847
2026-01-09T18:29:08.024Z,0.9,2,84.4,80.2,88.5,822,0.470,0.905
2026-01-09T18:30:08.026Z,0.8,3,79.5,72.2,87.6,849,0.490,0.847
2026-01-09T18:30:08.026Z,0.9,2,84.4,80.2,88.5,822,0.470,0.905
2026-01-09T18:31:08.026Z,0.8,3,79.5,72.2,87.6,849,0.490,0.847
2026-01-09T18:31:08.026Z,0.9,2,84.4,80.2,88.5,822,0.470,0.905
2026-01-09T18:32:08.028Z,0.8,3,79.5,72.2,87.6,849,0.490,0.847
2026-01-09T18:32:08.028Z,0.9,2,84.4,80.2,88.5,822,0.470,0.905
2026-01-09T18:33:08.029Z,0.8,5,76.9,56.8,89.2,798,0.472,0.828
2026-01-09T18:33:08.029Z,0.9,2,84.4,80.2,88.5,822,0.470,0.905
2026-01-09T18:34:08.032Z,0.8,7,76.6,56.8,89.2,769,0.471,0.823
2026-01-09T18:34:08.032Z,0.9,2,84.4,80.2,88.5,822,0.470,0.905
2026-01-09T18:35:08.031Z,0.8,7,76.6,56.8,89.2,769,0.471,0.823
2026-01-09T18:35:08.031Z,0.9,2,84.4,80.2,88.5,822,0.470,0.905
2026-01-09T18:36:08.031Z,0.8,7,76.6,56.8,89.2,769,0.471,0.823
2026-01-09T18:36:08.031Z,0.9,2,84.4,80.2,88.5,822,0.470,0.905
2026-01-09T18:37:08.032Z,0.8,7,76.6,56.8,89.2,769,0.471,0.823
2026-01-09T18:37:08.032Z,0.9,2,84.4,80.2,88.5,822,0.470,0.905
2026-01-09T18:38:08.033Z,0.8,7,76.6,56.8,89.2,769,0.471,0.823
2026-01-09T18:38:08.033Z,0.9,2,84.4,80.2,88.5,822,0.470,0.905
2026-01-09T18:39:08.034Z,0.8,7,76.6,56.8,89.2,769,0.471,0.823
2026-01-09T18:39:08.034Z,0.9,2,84.4,80.2,88.5,822,0.470,0.905
2026-01-09T18:40:08.036Z,0.8,7,76.6,56.8,89.2,769,0.471,0.823
2026-01-09T18:40:08.036Z,0.9,2,84.4,80.2,88.5,822,0.470,0.905
2026-01-09T18:41:08.037Z,0.8,7,76.6,56.8,89.2,769,0.471,0.823
2026-01-09T18:41:08.037Z,0.9,2,84.4,80.2,88.5,822,0.470,0.905
2026-01-09T18:42:08.039Z,0.8,7,76.6,56.8,89.2,769,0.471,0.823
2026-01-09T18:42:08.039Z,0.9,2,84.4,80.2,88.5,822,0.470,0.905
2026-01-09T18:43:08.040Z,0.8,7,76.6,56.8,89.2,769,0.471,0.823
2026-01-09T18:43:08.040Z,0.9,2,84.4,80.2,88.5,822,0.470,0.905
2026-01-09T18:44:08.040Z,0.8,7,76.6,56.8,89.2,769,0.471,0.823
2026-01-09T18:44:08.040Z,0.9,2,84.4,80.2,88.5,822,0.470,0.905
2026-01-09T18:45:08.041Z,0.8,7,76.6,56.8,89.2,769,0.471,0.823
2026-01-09T18:45:08.041Z,0.9,2,84.4,80.2,88.5,822,0.470,0.905
2026-01-09T18:46:08.040Z,0.8,7,76.6,56.8,89.2,769,0.471,0.823
2026-01-09T18:46:08.040Z,0.9,2,84.4,80.2,88.5,822,0.470,0.905
2026-01-09T18:47:08.041Z,0.8,7,76.6,56.8,89.2,769,0.471,0.823
2026-01-09T18:47:08.041Z,0.9,2,84.4,80.2,88.5,822,0.470,0.905
2026-01-09T18:48:08.043Z,0.8,7,76.6,56.8,89.2,769,0.471,0.823
2026-01-09T18:48:08.043Z,0.9,2,84.4,80.2,88.5,822,0.470,0.905
2026-01-09T18:49:08.045Z,0.8,7,76.6,56.8,89.2,769,0.471,0.823
2026-01-09T18:49:08.045Z,0.9,2,84.4,80.2,88.5,822,0.470,0.905
2026-01-09T18:50:08.045Z,0.8,7,76.6,56.8,89.2,769,0.471,0.823
2026-01-09T18:50:08.045Z,0.9,2,84.4,80.2,88.5,822,0.470,0.905
2026-01-09T18:51:08.046Z,0.8,7,76.6,56.8,89.2,769,0.471,0.823
2026-01-09T18:51:08.046Z,0.9,2,84.4,80.2,88.5,822,0.470,0.905
2026-01-09T18:52:08.046Z,0.8,7,76.6,56.8,89.2,769,0.471,0.823
2026-01-09T18:52:08.046Z,0.9,2,84.4,80.2,88.5,822,0.470,0.905
2026-01-09T18:53:08.047Z,0.8,7,76.6,56.8,89.2,769,0.471,0.823
2026-01-09T18:53:08.047Z,0.9,2,84.4,80.2,88.5,822,0.470,0.905
2026-01-09T18:54:08.048Z,0.8,7,76.6,56.8,89.2,769,0.471,0.823
2026-01-09T18:54:08.048Z,0.9,2,84.4,80.2,88.5,822,0.470,0.905
2026-01-09T18:55:08.049Z,0.8,7,76.6,56.8,89.2,769,0.471,0.823
2026-01-09T18:55:08.049Z,0.9,2,84.4,80.2,88.5,822,0.470,0.905
2026-01-09T18:56:08.049Z,0.8,7,76.6,56.8,89.2,769,0.471,0.823
2026-01-09T18:56:08.049Z,0.9,2,84.4,80.2,88.5,822,0.470,0.905
2026-01-09T18:57:08.050Z,0.8,7,76.6,56.8,89.2,769,0.471,0.823
2026-01-09T18:57:08.050Z,0.9,2,84.4,80.2,88.5,822,0.470,0.905
2026-01-09T18:58:08.052Z,0.8,7,76.6,56.8,89.2,769,0.471,0.823
2026-01-09T18:58:08.052Z,0.9,2,84.4,80.2,88.5,822,0.470,0.905
2026-01-09T18:59:08.051Z,0.8,7,76.6,56.8,89.2,769,0.471,0.823
2026-01-09T18:59:08.051Z,0.9,2,84.4,80.2,88.5,822,0.470,0.905
2026-01-09T19:00:08.054Z,0.8,9,68.6,37.7,89.2,603,0.458,0.837
2026-01-09T19:00:08.054Z,0.9,5,58.4,35.3,88.5,338,0.438,0.930
2026-01-09T19:00:08.054Z,0.95,2,41.4,38.5,44.2,16,0.400,0.965
2026-01-09T19:01:08.053Z,0.8,9,68.6,37.7,89.2,603,0.458,0.837
2026-01-09T19:01:08.053Z,0.9,5,58.4,35.3,88.5,338,0.438,0.930
2026-01-09T19:01:08.053Z,0.95,2,41.4,38.5,44.2,16,0.400,0.965
2026-01-09T19:02:08.054Z,0.8,11,67.5,37.7,89.2,637,0.462,0.832
2026-01-09T19:02:08.054Z,0.9,5,58.4,35.3,88.5,338,0.438,0.930
2026-01-09T19:02:08.054Z,0.95,2,41.4,38.5,44.2,16,0.400,0.965
2026-01-09T19:03:08.053Z,0.8,11,67.5,37.7,89.2,637,0.462,0.832
2026-01-09T19:03:08.053Z,0.9,5,58.4,35.3,88.5,338,0.438,0.930
2026-01-09T19:03:08.053Z,0.95,2,41.4,38.5,44.2,16,0.400,0.965
2026-01-09T19:04:08.054Z,0.8,11,67.5,37.7,89.2,637,0.462,0.832
2026-01-09T19:04:08.054Z,0.9,5,58.4,35.3,88.5,338,0.438,0.930
2026-01-09T19:04:08.054Z,0.95,2,41.4,38.5,44.2,16,0.400,0.965
2026-01-09T19:05:08.055Z,0.8,11,67.5,37.7,89.2,637,0.462,0.832
2026-01-09T19:05:08.055Z,0.9,5,58.4,35.3,88.5,338,0.438,0.930
2026-01-09T19:05:08.055Z,0.95,2,41.4,38.5,44.2,16,0.400,0.965
2026-01-09T19:06:08.057Z,0.8,11,67.5,37.7,89.2,637,0.462,0.832
2026-01-09T19:06:08.057Z,0.9,5,58.4,35.3,88.5,338,0.438,0.930
2026-01-09T19:06:08.057Z,0.95,2,41.4,38.5,44.2,16,0.400,0.965
2026-01-09T19:07:08.058Z,0.8,11,67.5,37.7,89.2,637,0.462,0.832
2026-01-09T19:07:08.058Z,0.9,5,58.4,35.3,88.5,338,0.438,0.930
2026-01-09T19:07:08.058Z,0.95,2,41.4,38.5,44.2,16,0.400,0.965
2026-01-09T19:08:08.057Z,0.8,11,67.5,37.7,89.2,637,0.462,0.832
2026-01-09T19:08:08.057Z,0.9,5,58.4,35.3,88.5,338,0.438,0.930
2026-01-09T19:08:08.057Z,0.95,2,41.4,38.5,44.2,16,0.400,0.965
2026-01-09T19:09:08.058Z,0.8,11,67.5,37.7,89.2,637,0.462,0.832
2026-01-09T19:09:08.058Z,0.9,5,58.4,35.3,88.5,338,0.438,0.930
2026-01-09T19:09:08.058Z,0.95,2,41.4,38.5,44.2,16,0.400,0.965
2026-01-09T19:10:08.058Z,0.8,11,67.5,37.7,89.2,637,0.462,0.832
2026-01-09T19:10:08.058Z,0.9,5,58.4,35.3,88.5,338,0.438,0.930
2026-01-09T19:10:08.058Z,0.95,2,41.4,38.5,44.2,16,0.400,0.965
2026-01-09T19:11:08.059Z,0.8,11,67.5,37.7,89.2,637,0.462,0.832
2026-01-09T19:11:08.059Z,0.9,5,58.4,35.3,88.5,338,0.438,0.930
2026-01-09T19:11:08.059Z,0.95,2,41.4,38.5,44.2,16,0.400,0.965
2026-01-09T19:12:08.061Z,0.8,11,67.5,37.7,89.2,637,0.462,0.832
2026-01-09T19:12:08.061Z,0.9,5,58.4,35.3,88.5,338,0.438,0.930
2026-01-09T19:12:08.061Z,0.95,2,41.4,38.5,44.2,16,0.400,0.965
2026-01-09T19:13:08.061Z,0.8,11,67.5,37.7,89.2,637,0.462,0.832
2026-01-09T19:13:08.061Z,0.9,5,58.4,35.3,88.5,338,0.438,0.930
2026-01-09T19:13:08.061Z,0.95,2,41.4,38.5,44.2,16,0.400,0.965
2026-01-09T19:14:08.061Z,0.8,11,67.5,37.7,89.2,637,0.462,0.832
2026-01-09T19:14:08.061Z,0.9,5,58.4,35.3,88.5,338,0.438,0.930
2026-01-09T19:14:08.061Z,0.95,2,41.4,38.5,44.2,16,0.400,0.965
2026-01-09T19:15:08.061Z,0.8,11,67.5,37.7,89.2,637,0.462,0.832
2026-01-09T19:15:08.061Z,0.9,5,58.4,35.3,88.5,338,0.438,0.930
2026-01-09T19:15:08.061Z,0.95,2,41.4,38.5,44.2,16,0.400,0.965
2026-01-09T19:16:08.061Z,0.8,11,67.5,37.7,89.2,637,0.462,0.832
2026-01-09T19:16:08.061Z,0.9,5,58.4,35.3,88.5,338,0.438,0.930
2026-01-09T19:16:08.061Z,0.95,2,41.4,38.5,44.2,16,0.400,0.965
2026-01-09T19:17:08.062Z,0.8,11,67.5,37.7,89.2,637,0.462,0.832
2026-01-09T19:17:08.062Z,0.9,5,58.4,35.3,88.5,338,0.438,0.930
2026-01-09T19:17:08.062Z,0.95,2,41.4,38.5,44.2,16,0.400,0.965
2026-01-09T19:18:08.064Z,0.8,11,67.5,37.7,89.2,637,0.462,0.832
2026-01-09T19:18:08.064Z,0.9,5,58.4,35.3,88.5,338,0.438,0.930
2026-01-09T19:18:08.064Z,0.95,2,41.4,38.5,44.2,16,0.400,0.965
2026-01-09T19:19:08.065Z,0.8,11,67.5,37.7,89.2,637,0.462,0.832
2026-01-09T19:19:08.065Z,0.9,5,58.4,35.3,88.5,338,0.438,0.930
2026-01-09T19:19:08.065Z,0.95,2,41.4,38.5,44.2,16,0.400,0.965
2026-01-09T19:20:08.065Z,0.8,11,67.5,37.7,89.2,637,0.462,0.832
2026-01-09T19:20:08.065Z,0.9,5,58.4,35.3,88.5,338,0.438,0.930
2026-01-09T19:20:08.065Z,0.95,2,41.4,38.5,44.2,16,0.400,0.965
2026-01-09T19:21:08.067Z,0.8,11,67.5,37.7,89.2,637,0.462,0.832
2026-01-09T19:21:08.067Z,0.9,5,58.4,35.3,88.5,338,0.438,0.930
2026-01-09T19:21:08.067Z,0.95,2,41.4,38.5,44.2,16,0.400,0.965
2026-01-09T19:22:08.068Z,0.8,11,67.5,37.7,89.2,637,0.462,0.832
2026-01-09T19:22:08.068Z,0.9,5,58.4,35.3,88.5,338,0.438,0.930
2026-01-09T19:22:08.068Z,0.95,2,41.4,38.5,44.2,16,0.400,0.965
2026-01-09T19:23:08.068Z,0.8,11,67.5,37.7,89.2,637,0.462,0.832
2026-01-09T19:23:08.068Z,0.9,5,58.4,35.3,88.5,338,0.438,0.930
2026-01-09T19:23:08.068Z,0.95,2,41.4,38.5,44.2,16,0.400,0.965
2026-01-09T19:24:08.069Z,0.8,11,67.5,37.7,89.2,637,0.462,0.832
2026-01-09T19:24:08.069Z,0.9,5,58.4,35.3,88.5,338,0.438,0.930
2026-01-09T19:24:08.069Z,0.95,2,41.4,38.5,44.2,16,0.400,0.965
2026-01-09T19:25:08.071Z,0.8,11,67.5,37.7,89.2,637,0.462,0.832
2026-01-09T19:25:08.071Z,0.9,5,58.4,35.3,88.5,338,0.438,0.930
2026-01-09T19:25:08.071Z,0.95,2,41.4,38.5,44.2,16,0.400,0.965
2026-01-09T19:26:08.070Z,0.8,11,67.5,37.7,89.2,637,0.462,0.832
2026-01-09T19:26:08.070Z,0.9,5,58.4,35.3,88.5,338,0.438,0.930
2026-01-09T19:26:08.070Z,0.95,2,41.4,38.5,44.2,16,0.400,0.965
2026-01-09T19:27:08.071Z,0.8,13,67.6,37.7,89.2,571,0.466,0.828
2026-01-09T19:27:08.071Z,0.9,5,58.4,35.3,88.5,338,0.438,0.930
2026-01-09T19:27:08.071Z,0.95,2,41.4,38.5,44.2,16,0.400,0.965
2026-01-09T19:28:08.072Z,0.8,13,67.6,37.7,89.2,571,0.466,0.828
2026-01-09T19:28:08.072Z,0.9,5,58.4,35.3,88.5,338,0.438,0.930
2026-01-09T19:28:08.072Z,0.95,2,41.4,38.5,44.2,16,0.400,0.965
2026-01-09T19:29:08.074Z,0.8,13,67.6,37.7,89.2,571,0.466,0.828
2026-01-09T19:29:08.074Z,0.9,5,58.4,35.3,88.5,338,0.438,0.930
2026-01-09T19:29:08.074Z,0.95,2,41.4,38.5,44.2,16,0.400,0.965
2026-01-09T19:30:08.075Z,0.8,13,67.6,37.7,89.2,571,0.466,0.828
2026-01-09T19:30:08.075Z,0.9,5,58.4,35.3,88.5,338,0.438,0.930
2026-01-09T19:30:08.075Z,0.95,2,41.4,38.5,44.2,16,0.400,0.965
2026-01-09T19:31:08.076Z,0.8,13,67.6,37.7,89.2,571,0.466,0.828
2026-01-09T19:31:08.076Z,0.9,5,58.4,35.3,88.5,338,0.438,0.930
2026-01-09T19:31:08.076Z,0.95,2,41.4,38.5,44.2,16,0.400,0.965
2026-01-09T19:32:08.076Z,0.8,13,67.6,37.7,89.2,571,0.466,0.828
2026-01-09T19:32:08.076Z,0.9,5,58.4,35.3,88.5,338,0.438,0.930
2026-01-09T19:32:08.076Z,0.95,2,41.4,38.5,44.2,16,0.400,0.965
2026-01-09T19:33:08.075Z,0.8,13,67.6,37.7,89.2,571,0.466,0.828
2026-01-09T19:33:08.075Z,0.9,5,58.4,35.3,88.5,338,0.438,0.930
2026-01-09T19:33:08.075Z,0.95,2,41.4,38.5,44.2,16,0.400,0.965
2026-01-09T19:34:08.075Z,0.8,13,67.6,37.7,89.2,571,0.466,0.828
2026-01-09T19:34:08.075Z,0.9,5,58.4,35.3,88.5,338,0.438,0.930
2026-01-09T19:34:08.075Z,0.95,2,41.4,38.5,44.2,16,0.400,0.965
2026-01-09T19:35:08.075Z,0.8,13,67.6,37.7,89.2,571,0.466,0.828
2026-01-09T19:35:08.075Z,0.9,5,58.4,35.3,88.5,338,0.438,0.930
2026-01-09T19:35:08.075Z,0.95,2,41.4,38.5,44.2,16,0.400,0.965
2026-01-09T19:36:08.074Z,0.8,13,67.6,37.7,89.2,571,0.466,0.828
2026-01-09T19:36:08.074Z,0.9,5,58.4,35.3,88.5,338,0.438,0.930
2026-01-09T19:36:08.074Z,0.95,2,41.4,38.5,44.2,16,0.400,0.965
2026-01-09T19:37:08.076Z,0.8,13,67.6,37.7,89.2,571,0.466,0.828
2026-01-09T19:37:08.076Z,0.9,5,58.4,35.3,88.5,338,0.438,0.930
2026-01-09T19:37:08.076Z,0.95,2,41.4,38.5,44.2,16,0.400,0.965
2026-01-09T19:38:08.076Z,0.8,13,67.6,37.7,89.2,571,0.466,0.828
2026-01-09T19:38:08.076Z,0.9,5,58.4,35.3,88.5,338,0.438,0.930
2026-01-09T19:38:08.076Z,0.95,2,41.4,38.5,44.2,16,0.400,0.965
2026-01-09T19:39:08.076Z,0.8,13,67.6,37.7,89.2,571,0.466,0.828
2026-01-09T19:39:08.076Z,0.9,5,58.4,35.3,88.5,338,0.438,0.930
2026-01-09T19:39:08.076Z,0.95,2,41.4,38.5,44.2,16,0.400,0.965
2026-01-09T19:40:08.077Z,0.8,13,67.6,37.7,89.2,571,0.466,0.828
2026-01-09T19:40:08.077Z,0.9,5,58.4,35.3,88.5,338,0.438,0.930
2026-01-09T19:40:08.077Z,0.95,2,41.4,38.5,44.2,16,0.400,0.965
2026-01-09T19:41:08.077Z,0.8,13,67.6,37.7,89.2,571,0.466,0.828
2026-01-09T19:41:08.077Z,0.9,5,58.4,35.3,88.5,338,0.438,0.930
2026-01-09T19:41:08.077Z,0.95,2,41.4,38.5,44.2,16,0.400,0.965
2026-01-09T19:42:08.080Z,0.8,13,67.6,37.7,89.2,571,0.466,0.828
2026-01-09T19:42:08.080Z,0.9,5,58.4,35.3,88.5,338,0.438,0.930
2026-01-09T19:42:08.080Z,0.95,2,41.4,38.5,44.2,16,0.400,0.965
2026-01-09T19:43:08.080Z,0.8,13,67.6,37.7,89.2,571,0.466,0.828
2026-01-09T19:43:08.080Z,0.9,5,58.4,35.3,88.5,338,0.438,0.930
2026-01-09T19:43:08.080Z,0.95,2,41.4,38.5,44.2,16,0.400,0.965
2026-01-09T19:44:08.080Z,0.8,13,67.6,37.7,89.2,571,0.466,0.828
2026-01-09T19:44:08.080Z,0.9,5,58.4,35.3,88.5,338,0.438,0.930
2026-01-09T19:44:08.080Z,0.95,2,41.4,38.5,44.2,16,0.400,0.965
2026-01-09T19:45:08.082Z,0.8,16,57.5,5.7,89.2,466,0.418,0.835
2026-01-09T19:45:08.082Z,0.9,7,46.4,12.8,88.5,243,0.384,0.937
2026-01-09T19:45:08.082Z,0.95,4,28.8,12.8,44.2,11,0.325,0.960
2026-01-09T19:46:08.082Z,0.8,16,57.5,5.7,89.2,466,0.418,0.835
2026-01-09T19:46:08.082Z,0.9,7,46.4,12.8,88.5,243,0.384,0.937
2026-01-09T19:46:08.082Z,0.95,4,28.8,12.8,44.2,11,0.325,0.960
2026-01-09T19:47:08.082Z,0.8,17,59.3,5.7,89.2,485,0.422,0.833
2026-01-09T19:47:08.082Z,0.9,7,46.4,12.8,88.5,243,0.384,0.937
2026-01-09T19:47:08.082Z,0.95,4,28.8,12.8,44.2,11,0.325,0.960
2026-01-09T19:48:08.082Z,0.8,17,59.3,5.7,89.2,485,0.422,0.833
2026-01-09T19:48:08.082Z,0.9,7,46.4,12.8,88.5,243,0.384,0.937
2026-01-09T19:48:08.082Z,0.95,4,28.8,12.8,44.2,11,0.325,0.960
2026-01-09T19:49:08.083Z,0.8,17,59.3,5.7,89.2,485,0.422,0.833
2026-01-09T19:49:08.083Z,0.9,7,46.4,12.8,88.5,243,0.384,0.937
2026-01-09T19:49:08.083Z,0.95,4,28.8,12.8,44.2,11,0.325,0.960
2026-01-09T19:50:08.084Z,0.8,17,59.3,5.7,89.2,485,0.422,0.833
2026-01-09T19:50:08.084Z,0.9,7,46.4,12.8,88.5,243,0.384,0.937
2026-01-09T19:50:08.084Z,0.95,4,28.8,12.8,44.2,11,0.325,0.960
2026-01-09T19:51:08.084Z,0.8,17,59.3,5.7,89.2,485,0.422,0.833
2026-01-09T19:51:08.084Z,0.9,7,46.4,12.8,88.5,243,0.384,0.937
2026-01-09T19:51:08.084Z,0.95,4,28.8,12.8,44.2,11,0.325,0.960
2026-01-09T19:52:08.086Z,0.8,17,59.3,5.7,89.2,485,0.422,0.833
2026-01-09T19:52:08.086Z,0.9,7,46.4,12.8,88.5,243,0.384,0.937
2026-01-09T19:52:08.086Z,0.95,4,28.8,12.8,44.2,11,0.325,0.960
2026-01-09T19:53:08.086Z,0.8,17,59.3,5.7,89.2,485,0.422,0.833
2026-01-09T19:53:08.086Z,0.9,7,46.4,12.8,88.5,243,0.384,0.937
2026-01-09T19:53:08.086Z,0.95,4,28.8,12.8,44.2,11,0.325,0.960
2026-01-09T19:54:08.088Z,0.8,17,59.3,5.7,89.2,485,0.422,0.833
2026-01-09T19:54:08.088Z,0.9,7,46.4,12.8,88.5,243,0.384,0.937
2026-01-09T19:54:08.088Z,0.95,4,28.8,12.8,44.2,11,0.325,0.960
2026-01-09T19:55:08.090Z,0.8,17,59.3,5.7,89.2,485,0.422,0.833
2026-01-09T19:55:08.090Z,0.9,7,46.4,12.8,88.5,243,0.384,0.937
2026-01-09T19:55:08.090Z,0.95,4,28.8,12.8,44.2,11,0.325,0.960
2026-01-09T19:56:08.091Z,0.8,17,59.3,5.7,89.2,485,0.422,0.833
2026-01-09T19:56:08.091Z,0.9,7,46.4,12.8,88.5,243,0.384,0.937
2026-01-09T19:56:08.091Z,0.95,4,28.8,12.8,44.2,11,0.325,0.960
2026-01-09T19:57:08.094Z,0.8,17,59.3,5.7,89.2,485,0.422,0.833
2026-01-09T19:57:08.094Z,0.9,7,46.4,12.8,88.5,243,0.384,0.937
2026-01-09T19:57:08.094Z,0.95,4,28.8,12.8,44.2,11,0.325,0.960
2026-01-09T19:58:08.095Z,0.8,17,59.3,5.7,89.2,485,0.422,0.833
2026-01-09T19:58:08.095Z,0.9,7,46.4,12.8,88.5,243,0.384,0.937
2026-01-09T19:58:08.095Z,0.95,4,28.8,12.8,44.2,11,0.325,0.960
2026-01-09T19:59:08.097Z,0.8,17,59.3,5.7,89.2,485,0.422,0.833
2026-01-09T19:59:08.097Z,0.9,7,46.4,12.8,88.5,243,0.384,0.937
2026-01-09T19:59:08.097Z,0.95,4,28.8,12.8,44.2,11,0.325,0.960
2026-01-09T20:00:08.097Z,0.8,17,59.3,5.7,89.2,485,0.422,0.833
2026-01-09T20:00:08.097Z,0.9,7,46.4,12.8,88.5,243,0.384,0.937
2026-01-09T20:00:08.097Z,0.95,4,28.8,12.8,44.2,11,0.325,0.960
2026-01-09T20:01:08.098Z,0.8,17,59.3,5.7,89.2,485,0.422,0.833
2026-01-09T20:01:08.098Z,0.9,7,46.4,12.8,88.5,243,0.384,0.937
2026-01-09T20:01:08.098Z,0.95,4,28.8,12.8,44.2,11,0.325,0.960
2026-01-09T20:02:08.098Z,0.8,17,59.3,5.7,89.2,485,0.422,0.833
2026-01-09T20:02:08.098Z,0.9,7,46.4,12.8,88.5,243,0.384,0.937
2026-01-09T20:02:08.098Z,0.95,4,28.8,12.8,44.2,11,0.325,0.960
2026-01-09T20:03:08.100Z,0.8,17,59.3,5.7,89.2,485,0.422,0.833
2026-01-09T20:03:08.100Z,0.9,7,46.4,12.8,88.5,243,0.384,0.937
2026-01-09T20:03:08.100Z,0.95,4,28.8,12.8,44.2,11,0.325,0.960
2026-01-09T20:04:08.102Z,0.8,17,59.3,5.7,89.2,485,0.422,0.833
2026-01-09T20:04:08.102Z,0.9,7,46.4,12.8,88.5,243,0.384,0.937
2026-01-09T20:04:08.102Z,0.95,4,28.8,12.8,44.2,11,0.325,0.960
2026-01-09T20:05:08.102Z,0.8,17,59.3,5.7,89.2,485,0.422,0.833
2026-01-09T20:05:08.102Z,0.9,7,46.4,12.8,88.5,243,0.384,0.937
2026-01-09T20:05:08.102Z,0.95,4,28.8,12.8,44.2,11,0.325,0.960
2026-01-09T20:06:08.104Z,0.8,17,59.3,5.7,89.2,485,0.422,0.833
2026-01-09T20:06:08.104Z,0.9,7,46.4,12.8,88.5,243,0.384,0.937
2026-01-09T20:06:08.104Z,0.95,4,28.8,12.8,44.2,11,0.325,0.960
2026-01-09T20:07:08.105Z,0.8,17,59.3,5.7,89.2,485,0.422,0.833
2026-01-09T20:07:08.105Z,0.9,7,46.4,12.8,88.5,243,0.384,0.937
2026-01-09T20:07:08.105Z,0.95,4,28.8,12.8,44.2,11,0.325,0.960
2026-01-09T20:08:08.106Z,0.8,17,59.3,5.7,89.2,485,0.422,0.833
2026-01-09T20:08:08.106Z,0.9,7,46.4,12.8,88.5,243,0.384,0.937
2026-01-09T20:08:08.106Z,0.95,4,28.8,12.8,44.2,11,0.325,0.960
2026-01-09T20:09:08.106Z,0.8,17,59.3,5.7,89.2,485,0.422,0.833
2026-01-09T20:09:08.106Z,0.9,7,46.4,12.8,88.5,243,0.384,0.937
2026-01-09T20:09:08.106Z,0.95,4,28.8,12.8,44.2,11,0.325,0.960
2026-01-09T20:10:08.108Z,0.8,17,59.3,5.7,89.2,485,0.422,0.833
2026-01-09T20:10:08.108Z,0.9,7,46.4,12.8,88.5,243,0.384,0.937
2026-01-09T20:10:08.108Z,0.95,4,28.8,12.8,44.2,11,0.325,0.960
2026-01-09T20:11:08.109Z,0.8,19,62.1,5.7,89.2,463,0.424,0.832
2026-01-09T20:11:08.109Z,0.9,7,46.4,12.8,88.5,243,0.384,0.937
2026-01-09T20:11:08.109Z,0.95,4,28.8,12.8,44.2,11,0.325,0.960
2026-01-09T20:12:08.111Z,0.8,19,62.1,5.7,89.2,463,0.424,0.832
2026-01-09T20:12:08.111Z,0.9,7,46.4,12.8,88.5,243,0.384,0.937
2026-01-09T20:12:08.111Z,0.95,4,28.8,12.8,44.2,11,0.325,0.960
2026-01-09T20:13:08.113Z,0.8,19,62.1,5.7,89.2,463,0.424,0.832
2026-01-09T20:13:08.113Z,0.9,7,46.4,12.8,88.5,243,0.384,0.937
2026-01-09T20:13:08.113Z,0.95,4,28.8,12.8,44.2,11,0.325,0.960
2026-01-09T20:14:08.115Z,0.8,19,62.1,5.7,89.2,463,0.424,0.832
2026-01-09T20:14:08.115Z,0.9,7,46.4,12.8,88.5,243,0.384,0.937
2026-01-09T20:14:08.115Z,0.95,4,28.8,12.8,44.2,11,0.325,0.960
2026-01-09T20:15:08.115Z,0.8,19,62.1,5.7,89.2,463,0.424,0.832
2026-01-09T20:15:08.115Z,0.9,7,46.4,12.8,88.5,243,0.384,0.937
2026-01-09T20:15:08.115Z,0.95,4,28.8,12.8,44.2,11,0.325,0.960
2026-01-09T20:16:08.116Z,0.8,19,62.1,5.7,89.2,463,0.424,0.832
2026-01-09T20:16:08.116Z,0.9,7,46.4,12.8,88.5,243,0.384,0.937
2026-01-09T20:16:08.116Z,0.95,4,28.8,12.8,44.2,11,0.325,0.960
2026-01-09T20:17:08.117Z,0.8,19,62.1,5.7,89.2,463,0.424,0.832
2026-01-09T20:17:08.117Z,0.9,7,46.4,12.8,88.5,243,0.384,0.937
2026-01-09T20:17:08.117Z,0.95,4,28.8,12.8,44.2,11,0.325,0.960
2026-01-09T20:18:08.117Z,0.8,19,62.1,5.7,89.2,463,0.424,0.832
2026-01-09T20:18:08.117Z,0.9,7,46.4,12.8,88.5,243,0.384,0.937
2026-01-09T20:18:08.117Z,0.95,4,28.8,12.8,44.2,11,0.325,0.960
2026-01-09T20:19:08.119Z,0.8,19,62.1,5.7,89.2,463,0.424,0.832
2026-01-09T20:19:08.119Z,0.9,7,46.4,12.8,88.5,243,0.384,0.937
2026-01-09T20:19:08.119Z,0.95,4,28.8,12.8,44.2,11,0.325,0.960
2026-01-09T20:20:08.120Z,0.8,19,62.1,5.7,89.2,463,0.424,0.832
2026-01-09T20:20:08.120Z,0.9,7,46.4,12.8,88.5,243,0.384,0.937
2026-01-09T20:20:08.120Z,0.95,4,28.8,12.8,44.2,11,0.325,0.960
2026-01-09T20:21:08.121Z,0.8,19,62.1,5.7,89.2,463,0.424,0.832
2026-01-09T20:21:08.121Z,0.9,7,46.4,12.8,88.5,243,0.384,0.937
2026-01-09T20:21:08.121Z,0.95,4,28.8,12.8,44.2,11,0.325,0.960
2026-01-09T20:22:08.122Z,0.8,19,62.1,5.7,89.2,463,0.424,0.832
2026-01-09T20:22:08.122Z,0.9,7,46.4,12.8,88.5,243,0.384,0.937
2026-01-09T20:22:08.122Z,0.95,4,28.8,12.8,44.2,11,0.325,0.960
2026-01-09T20:23:08.122Z,0.8,19,62.1,5.7,89.2,463,0.424,0.832
2026-01-09T20:23:08.122Z,0.9,7,46.4,12.8,88.5,243,0.384,0.937
2026-01-09T20:23:08.122Z,0.95,4,28.8,12.8,44.2,11,0.325,0.960
2026-01-09T20:24:08.122Z,0.8,19,62.1,5.7,89.2,463,0.424,0.832
2026-01-09T20:24:08.122Z,0.9,7,46.4,12.8,88.5,243,0.384,0.937
2026-01-09T20:24:08.122Z,0.95,4,28.8,12.8,44.2,11,0.325,0.960
2026-01-09T20:25:08.123Z,0.8,19,62.1,5.7,89.2,463,0.424,0.832
2026-01-09T20:25:08.123Z,0.9,7,46.4,12.8,88.5,243,0.384,0.937
2026-01-09T20:25:08.123Z,0.95,4,28.8,12.8,44.2,11,0.325,0.960
2026-01-09T20:26:08.123Z,0.8,19,62.1,5.7,89.2,463,0.424,0.832
2026-01-09T20:26:08.123Z,0.9,7,46.4,12.8,88.5,243,0.384,0.937
2026-01-09T20:26:08.123Z,0.95,4,28.8,12.8,44.2,11,0.325,0.960
2026-01-09T20:27:08.124Z,0.8,19,62.1,5.7,89.2,463,0.424,0.832
2026-01-09T20:27:08.124Z,0.9,7,46.4,12.8,88.5,243,0.384,0.937
2026-01-09T20:27:08.124Z,0.95,4,28.8,12.8,44.2,11,0.325,0.960
2026-01-09T20:28:08.124Z,0.8,19,62.1,5.7,89.2,463,0.424,0.832
2026-01-09T20:28:08.124Z,0.9,7,46.4,12.8,88.5,243,0.384,0.937
2026-01-09T20:28:08.124Z,0.95,4,28.8,12.8,44.2,11,0.325,0.960
2026-01-09T20:29:08.124Z,0.8,19,62.1,5.7,89.2,463,0.424,0.832
2026-01-09T20:29:08.124Z,0.9,7,46.4,12.8,88.5,243,0.384,0.937
2026-01-09T20:29:08.124Z,0.95,4,28.8,12.8,44.2,11,0.325,0.960
2026-01-09T20:30:08.125Z,0.8,19,62.1,5.7,89.2,463,0.424,0.832
2026-01-09T20:30:08.125Z,0.9,7,46.4,12.8,88.5,243,0.384,0.937
2026-01-09T20:30:08.125Z,0.95,4,28.8,12.8,44.2,11,0.325,0.960
2026-01-09T20:31:08.126Z,0.8,19,62.1,5.7,89.2,463,0.424,0.832
2026-01-09T20:31:08.126Z,0.9,7,46.4,12.8,88.5,243,0.384,0.937
2026-01-09T20:31:08.126Z,0.95,4,28.8,12.8,44.2,11,0.325,0.960
2026-01-09T20:32:08.126Z,0.8,19,62.1,5.7,89.2,463,0.424,0.832
2026-01-09T20:32:08.126Z,0.9,7,46.4,12.8,88.5,243,0.384,0.937
2026-01-09T20:32:08.126Z,0.95,4,28.8,12.8,44.2,11,0.325,0.960
2026-01-09T20:33:08.126Z,0.8,19,62.1,5.7,89.2,463,0.424,0.832
2026-01-09T20:33:08.126Z,0.9,7,46.4,12.8,88.5,243,0.384,0.937
2026-01-09T20:33:08.126Z,0.95,4,28.8,12.8,44.2,11,0.325,0.960
2026-01-09T20:34:08.128Z,0.8,19,62.1,5.7,89.2,463,0.424,0.832
2026-01-09T20:34:08.128Z,0.9,7,46.4,12.8,88.5,243,0.384,0.937
2026-01-09T20:34:08.128Z,0.95,4,28.8,12.8,44.2,11,0.325,0.960
2026-01-09T20:35:08.126Z,0.8,19,62.1,5.7,89.2,463,0.424,0.832
2026-01-09T20:35:08.126Z,0.9,7,46.4,12.8,88.5,243,0.384,0.937
2026-01-09T20:35:08.126Z,0.95,4,28.8,12.8,44.2,11,0.325,0.960
2026-01-09T20:36:08.128Z,0.8,19,62.1,5.7,89.2,463,0.424,0.832
2026-01-09T20:36:08.128Z,0.9,7,46.4,12.8,88.5,243,0.384,0.937
2026-01-09T20:36:08.128Z,0.95,4,28.8,12.8,44.2,11,0.325,0.960
2026-01-09T20:37:08.128Z,0.8,19,62.1,5.7,89.2,463,0.424,0.832
2026-01-09T20:37:08.128Z,0.9,7,46.4,12.8,88.5,243,0.384,0.937
2026-01-09T20:37:08.128Z,0.95,4,28.8,12.8,44.2,11,0.325,0.960
2026-01-09T20:38:08.133Z,0.8,19,62.1,5.7,89.2,463,0.424,0.832
2026-01-09T20:38:08.133Z,0.9,7,46.4,12.8,88.5,243,0.384,0.937
2026-01-09T20:38:08.133Z,0.95,4,28.8,12.8,44.2,11,0.325,0.960
2026-01-09T20:39:08.134Z,0.8,19,62.1,5.7,89.2,463,0.424,0.832
2026-01-09T20:39:08.134Z,0.9,7,46.4,12.8,88.5,243,0.384,0.937
2026-01-09T20:39:08.134Z,0.95,4,28.8,12.8,44.2,11,0.325,0.960
2026-01-09T20:40:08.132Z,0.8,19,62.1,5.7,89.2,463,0.424,0.832
2026-01-09T20:40:08.132Z,0.9,7,46.4,12.8,88.5,243,0.384,0.937
2026-01-09T20:40:08.132Z,0.95,4,28.8,12.8,44.2,11,0.325,0.960
2026-01-09T20:41:08.133Z,0.8,19,62.1,5.7,89.2,463,0.424,0.832
2026-01-09T20:41:08.133Z,0.9,7,46.4,12.8,88.5,243,0.384,0.937
2026-01-09T20:41:08.133Z,0.95,4,28.8,12.8,44.2,11,0.325,0.960
2026-01-09T20:42:08.134Z,0.8,19,62.1,5.7,89.2,463,0.424,0.832
2026-01-09T20:42:08.134Z,0.9,7,46.4,12.8,88.5,243,0.384,0.937
2026-01-09T20:42:08.134Z,0.95,4,28.8,12.8,44.2,11,0.325,0.960
2026-01-09T20:43:08.135Z,0.8,22,62.9,5.7,89.2,419,0.409,0.834
2026-01-09T20:43:08.135Z,0.9,9,50.0,12.8,88.5,215,0.393,0.932
2026-01-09T20:43:08.135Z,0.95,5,35.0,12.8,59.5,31,0.342,0.958
2026-01-09T20:44:08.135Z,0.8,22,62.9,5.7,89.2,419,0.409,0.834
2026-01-09T20:44:08.135Z,0.9,9,50.0,12.8,88.5,215,0.393,0.932
2026-01-09T20:44:08.135Z,0.95,5,35.0,12.8,59.5,31,0.342,0.958
2026-01-09T20:45:08.135Z,0.8,22,62.9,5.7,89.2,419,0.409,0.834
2026-01-09T20:45:08.135Z,0.9,9,50.0,12.8,88.5,215,0.393,0.932
2026-01-09T20:45:08.135Z,0.95,5,35.0,12.8,59.5,31,0.342,0.958
2026-01-09T20:46:08.136Z,0.8,22,62.9,5.7,89.2,419,0.409,0.834
2026-01-09T20:46:08.136Z,0.9,9,50.0,12.8,88.5,215,0.393,0.932
2026-01-09T20:46:08.136Z,0.95,5,35.0,12.8,59.5,31,0.342,0.958
2026-01-09T20:47:08.137Z,0.8,22,62.9,5.7,89.2,419,0.409,0.834
2026-01-09T20:47:08.137Z,0.9,9,50.0,12.8,88.5,215,0.393,0.932
2026-01-09T20:47:08.137Z,0.95,5,35.0,12.8,59.5,31,0.342,0.958
2026-01-09T20:48:08.140Z,0.8,22,62.9,5.7,89.2,419,0.409,0.834
2026-01-09T20:48:08.140Z,0.9,9,50.0,12.8,88.5,215,0.393,0.932
2026-01-09T20:48:08.140Z,0.95,5,35.0,12.8,59.5,31,0.342,0.958
2026-01-09T20:49:08.142Z,0.8,22,62.9,5.7,89.2,419,0.409,0.834
2026-01-09T20:49:08.142Z,0.9,9,50.0,12.8,88.5,215,0.393,0.932
2026-01-09T20:49:08.142Z,0.95,5,35.0,12.8,59.5,31,0.342,0.958
2026-01-09T20:50:08.141Z,0.8,22,62.9,5.7,89.2,419,0.409,0.834
2026-01-09T20:50:08.141Z,0.9,9,50.0,12.8,88.5,215,0.393,0.932
2026-01-09T20:50:08.141Z,0.95,5,35.0,12.8,59.5,31,0.342,0.958
2026-01-09T20:51:08.143Z,0.8,22,62.9,5.7,89.2,419,0.409,0.834
2026-01-09T20:51:08.143Z,0.9,9,50.0,12.8,88.5,215,0.393,0.932
2026-01-09T20:51:08.143Z,0.95,5,35.0,12.8,59.5,31,0.342,0.958
2026-01-09T20:52:08.144Z,0.8,22,62.9,5.7,89.2,419,0.409,0.834
2026-01-09T20:52:08.144Z,0.9,9,50.0,12.8,88.5,215,0.393,0.932
2026-01-09T20:52:08.144Z,0.95,5,35.0,12.8,59.5,31,0.342,0.958
2026-01-09T20:53:08.146Z,0.8,22,62.9,5.7,89.2,419,0.409,0.834
2026-01-09T20:53:08.146Z,0.9,9,50.0,12.8,88.5,215,0.393,0.932
2026-01-09T20:53:08.146Z,0.95,5,35.0,12.8,59.5,31,0.342,0.958
2026-01-09T20:54:08.145Z,0.8,22,62.9,5.7,89.2,419,0.409,0.834
2026-01-09T20:54:08.145Z,0.9,9,50.0,12.8,88.5,215,0.393,0.932
2026-01-09T20:54:08.145Z,0.95,5,35.0,12.8,59.5,31,0.342,0.958
2026-01-09T20:55:08.145Z,0.8,22,62.9,5.7,89.2,419,0.409,0.834
2026-01-09T20:55:08.145Z,0.9,9,50.0,12.8,88.5,215,0.393,0.932
2026-01-09T20:55:08.145Z,0.95,5,35.0,12.8,59.5,31,0.342,0.958
2026-01-09T20:56:08.148Z,0.8,22,62.9,5.7,89.2,419,0.409,0.834
2026-01-09T20:56:08.148Z,0.9,9,50.0,12.8,88.5,215,0.393,0.932
2026-01-09T20:56:08.148Z,0.95,5,35.0,12.8,59.5,31,0.342,0.958
2026-01-09T20:57:08.147Z,0.8,22,62.9,5.7,89.2,419,0.409,0.834
2026-01-09T20:57:08.147Z,0.9,9,50.0,12.8,88.5,215,0.393,0.932
2026-01-09T20:57:08.147Z,0.95,5,35.0,12.8,59.5,31,0.342,0.958
2026-01-09T20:58:08.147Z,0.8,22,62.9,5.7,89.2,419,0.409,0.834
2026-01-09T20:58:08.147Z,0.9,9,50.0,12.8,88.5,215,0.393,0.932
2026-01-09T20:58:08.147Z,0.95,5,35.0,12.8,59.5,31,0.342,0.958
2026-01-09T20:59:08.148Z,0.8,22,62.9,5.7,89.2,419,0.409,0.834
2026-01-09T20:59:08.148Z,0.9,9,50.0,12.8,88.5,215,0.393,0.932
2026-01-09T20:59:08.148Z,0.95,5,35.0,12.8,59.5,31,0.342,0.958
2026-01-09T21:00:08.150Z,0.8,22,62.9,5.7,89.2,419,0.409,0.834
2026-01-09T21:00:08.150Z,0.9,9,50.0,12.8,88.5,215,0.393,0.932
2026-01-09T21:00:08.150Z,0.95,5,35.0,12.8,59.5,31,0.342,0.958
2026-01-09T21:01:08.150Z,0.8,22,62.9,5.7,89.2,419,0.409,0.834
2026-01-09T21:01:08.150Z,0.9,9,50.0,12.8,88.5,215,0.393,0.932
2026-01-09T21:01:08.150Z,0.95,5,35.0,12.8,59.5,31,0.342,0.958
2026-01-09T21:02:08.151Z,0.8,22,62.9,5.7,89.2,419,0.409,0.834
2026-01-09T21:02:08.151Z,0.9,9,50.0,12.8,88.5,215,0.393,0.932
2026-01-09T21:02:08.151Z,0.95,5,35.0,12.8,59.5,31,0.342,0.958
2026-01-09T21:03:08.149Z,0.8,22,62.9,5.7,89.2,419,0.409,0.834
2026-01-09T21:03:08.149Z,0.9,9,50.0,12.8,88.5,215,0.393,0.932
2026-01-09T21:03:08.149Z,0.95,5,35.0,12.8,59.5,31,0.342,0.958
2026-01-09T21:04:08.151Z,0.8,22,62.9,5.7,89.2,419,0.409,0.834
2026-01-09T21:04:08.151Z,0.9,9,50.0,12.8,88.5,215,0.393,0.932
2026-01-09T21:04:08.151Z,0.95,5,35.0,12.8,59.5,31,0.342,0.958
2026-01-09T21:05:08.152Z,0.8,22,62.9,5.7,89.2,419,0.409,0.834
2026-01-09T21:05:08.152Z,0.9,9,50.0,12.8,88.5,215,0.393,0.932
2026-01-09T21:05:08.152Z,0.95,5,35.0,12.8,59.5,31,0.342,0.958
2026-01-09T21:06:08.153Z,0.8,22,62.9,5.7,89.2,419,0.409,0.834
2026-01-09T21:06:08.153Z,0.9,9,50.0,12.8,88.5,215,0.393,0.932
2026-01-09T21:06:08.153Z,0.95,5,35.0,12.8,59.5,31,0.342,0.958
2026-01-09T21:07:08.153Z,0.8,22,62.9,5.7,89.2,419,0.409,0.834
2026-01-09T21:07:08.153Z,0.9,9,50.0,12.8,88.5,215,0.393,0.932
2026-01-09T21:07:08.153Z,0.95,5,35.0,12.8,59.5,31,0.342,0.958
2026-01-09T21:08:08.156Z,0.8,24,61.5,5.7,89.2,420,0.398,0.831
2026-01-09T21:08:08.156Z,0.9,9,50.0,12.8,88.5,215,0.393,0.932
2026-01-09T21:08:08.156Z,0.95,5,35.0,12.8,59.5,31,0.342,0.958
2026-01-09T21:09:08.156Z,0.8,26,63.1,5.7,89.2,417,0.397,0.832
2026-01-09T21:09:08.156Z,0.9,9,50.0,12.8,88.5,215,0.393,0.932
2026-01-09T21:09:08.156Z,0.95,5,35.0,12.8,59.5,31,0.342,0.958
2026-01-09T21:10:08.155Z,0.8,26,63.1,5.7,89.2,417,0.397,0.832
2026-01-09T21:10:08.155Z,0.9,9,50.0,12.8,88.5,215,0.393,0.932
2026-01-09T21:10:08.155Z,0.95,5,35.0,12.8,59.5,31,0.342,0.958
2026-01-09T21:11:08.155Z,0.8,26,63.1,5.7,89.2,417,0.397,0.832
2026-01-09T21:11:08.155Z,0.9,9,50.0,12.8,88.5,215,0.393,0.932
2026-01-09T21:11:08.155Z,0.95,5,35.0,12.8,59.5,31,0.342,0.958
2026-01-09T21:12:08.159Z,0.8,26,63.1,5.7,89.2,417,0.397,0.832
2026-01-09T21:12:08.159Z,0.9,9,50.0,12.8,88.5,215,0.393,0.932
2026-01-09T21:12:08.159Z,0.95,5,35.0,12.8,59.5,31,0.342,0.958
2026-01-09T21:13:08.158Z,0.8,26,63.1,5.7,89.2,417,0.397,0.832
2026-01-09T21:13:08.158Z,0.9,9,50.0,12.8,88.5,215,0.393,0.932
2026-01-09T21:13:08.158Z,0.95,5,35.0,12.8,59.5,31,0.342,0.958
2026-01-09T21:14:08.159Z,0.8,26,63.1,5.7,89.2,417,0.397,0.832
2026-01-09T21:14:08.159Z,0.9,9,50.0,12.8,88.5,215,0.393,0.932
2026-01-09T21:14:08.159Z,0.95,5,35.0,12.8,59.5,31,0.342,0.958
2026-01-09T21:15:08.159Z,0.8,26,63.1,5.7,89.2,417,0.397,0.832
2026-01-09T21:15:08.159Z,0.9,9,50.0,12.8,88.5,215,0.393,0.932
2026-01-09T21:15:08.159Z,0.95,5,35.0,12.8,59.5,31,0.342,0.958
2026-01-09T21:16:08.160Z,0.8,26,63.1,5.7,89.2,417,0.397,0.832
2026-01-09T21:16:08.160Z,0.9,9,50.0,12.8,88.5,215,0.393,0.932
2026-01-09T21:16:08.160Z,0.95,5,35.0,12.8,59.5,31,0.342,0.958
2026-01-09T21:17:08.158Z,0.8,26,63.1,5.7,89.2,417,0.397,0.832
2026-01-09T21:17:08.158Z,0.9,9,50.0,12.8,88.5,215,0.393,0.932
2026-01-09T21:17:08.158Z,0.95,5,35.0,12.8,59.5,31,0.342,0.958
2026-01-09T21:18:08.157Z,0.8,26,63.1,5.7,89.2,417,0.397,0.832
2026-01-09T21:18:08.157Z,0.9,9,50.0,12.8,88.5,215,0.393,0.932
2026-01-09T21:18:08.157Z,0.95,5,35.0,12.8,59.5,31,0.342,0.958
2026-01-09T21:19:08.157Z,0.8,26,63.1,5.7,89.2,417,0.397,0.832
2026-01-09T21:19:08.157Z,0.9,9,50.0,12.8,88.5,215,0.393,0.932
2026-01-09T21:19:08.157Z,0.95,5,35.0,12.8,59.5,31,0.342,0.958
2026-01-09T21:20:08.158Z,0.8,26,63.1,5.7,89.2,417,0.397,0.832
2026-01-09T21:20:08.158Z,0.9,9,50.0,12.8,88.5,215,0.393,0.932
2026-01-09T21:20:08.158Z,0.95,5,35.0,12.8,59.5,31,0.342,0.958
2026-01-09T21:21:08.160Z,0.8,26,63.1,5.7,89.2,417,0.397,0.832
2026-01-09T21:21:08.160Z,0.9,9,50.0,12.8,88.5,215,0.393,0.932
2026-01-09T21:21:08.160Z,0.95,5,35.0,12.8,59.5,31,0.342,0.958
2026-01-09T21:22:08.160Z,0.8,26,63.1,5.7,89.2,417,0.397,0.832
2026-01-09T21:22:08.160Z,0.9,9,50.0,12.8,88.5,215,0.393,0.932
2026-01-09T21:22:08.160Z,0.95,5,35.0,12.8,59.5,31,0.342,0.958
2026-01-09T21:23:08.160Z,0.8,26,63.1,5.7,89.2,417,0.397,0.832
2026-01-09T21:23:08.160Z,0.9,9,50.0,12.8,88.5,215,0.393,0.932
2026-01-09T21:23:08.160Z,0.95,5,35.0,12.8,59.5,31,0.342,0.958
2026-01-09T21:24:08.159Z,0.8,26,63.1,5.7,89.2,417,0.397,0.832
2026-01-09T21:24:08.159Z,0.9,9,50.0,12.8,88.5,215,0.393,0.932
2026-01-09T21:24:08.159Z,0.95,5,35.0,12.8,59.5,31,0.342,0.958
2026-01-09T21:25:08.160Z,0.8,26,63.1,5.7,89.2,417,0.397,0.832
2026-01-09T21:25:08.160Z,0.9,9,50.0,12.8,88.5,215,0.393,0.932
2026-01-09T21:25:08.160Z,0.95,5,35.0,12.8,59.5,31,0.342,0.958
2026-01-09T21:26:08.161Z,0.8,26,63.1,5.7,89.2,417,0.397,0.832
2026-01-09T21:26:08.161Z,0.9,9,50.0,12.8,88.5,215,0.393,0.932
2026-01-09T21:26:08.161Z,0.95,5,35.0,12.8,59.5,31,0.342,0.958
2026-01-09T21:27:08.164Z,0.8,26,63.1,5.7,89.2,417,0.397,0.832
2026-01-09T21:27:08.164Z,0.9,9,50.0,12.8,88.5,215,0.393,0.932
2026-01-09T21:27:08.164Z,0.95,5,35.0,12.8,59.5,31,0.342,0.958
2026-01-09T21:28:08.166Z,0.8,26,63.1,5.7,89.2,417,0.397,0.832
2026-01-09T21:28:08.166Z,0.9,9,50.0,12.8,88.5,215,0.393,0.932
2026-01-09T21:28:08.166Z,0.95,5,35.0,12.8,59.5,31,0.342,0.958
2026-01-09T21:29:08.165Z,0.8,26,63.1,5.7,89.2,417,0.397,0.832
2026-01-09T21:29:08.165Z,0.9,9,50.0,12.8,88.5,215,0.393,0.932
2026-01-09T21:29:08.165Z,0.95,5,35.0,12.8,59.5,31,0.342,0.958
2026-01-09T21:30:08.166Z,0.8,26,63.1,5.7,89.2,417,0.397,0.832
2026-01-09T21:30:08.166Z,0.9,9,50.0,12.8,88.5,215,0.393,0.932
2026-01-09T21:30:08.166Z,0.95,5,35.0,12.8,59.5,31,0.342,0.958
2026-01-09T21:31:08.167Z,0.8,26,63.1,5.7,89.2,417,0.397,0.832
2026-01-09T21:31:08.167Z,0.9,9,50.0,12.8,88.5,215,0.393,0.932
2026-01-09T21:31:08.167Z,0.95,5,35.0,12.8,59.5,31,0.342,0.958
2026-01-09T21:32:08.166Z,0.8,26,63.1,5.7,89.2,417,0.397,0.832
2026-01-09T21:32:08.166Z,0.9,9,50.0,12.8,88.5,215,0.393,0.932
2026-01-09T21:32:08.166Z,0.95,5,35.0,12.8,59.5,31,0.342,0.958
2026-01-09T21:33:08.168Z,0.8,26,63.1,5.7,89.2,417,0.397,0.832
2026-01-09T21:33:08.168Z,0.9,9,50.0,12.8,88.5,215,0.393,0.932
2026-01-09T21:33:08.168Z,0.95,5,35.0,12.8,59.5,31,0.342,0.958
2026-01-09T21:34:08.166Z,0.8,26,63.1,5.7,89.2,417,0.397,0.832
2026-01-09T21:34:08.166Z,0.9,9,50.0,12.8,88.5,215,0.393,0.932
2026-01-09T21:34:08.166Z,0.95,5,35.0,12.8,59.5,31,0.342,0.958
2026-01-09T21:35:08.166Z,0.8,27,64.0,5.7,89.2,424,0.401,0.832
2026-01-09T21:35:08.166Z,0.9,9,50.0,12.8,88.5,215,0.393,0.932
2026-01-09T21:35:08.166Z,0.95,5,35.0,12.8,59.5,31,0.342,0.958
2026-01-09T21:36:08.166Z,0.8,27,64.0,5.7,89.2,424,0.401,0.832
2026-01-09T21:36:08.166Z,0.9,9,50.0,12.8,88.5,215,0.393,0.932
2026-01-09T21:36:08.166Z,0.95,5,35.0,12.8,59.5,31,0.342,0.958
2026-01-09T21:37:08.167Z,0.8,27,64.0,5.7,89.2,424,0.401,0.832
2026-01-09T21:37:08.167Z,0.9,9,50.0,12.8,88.5,215,0.393,0.932
2026-01-09T21:37:08.167Z,0.95,5,35.0,12.8,59.5,31,0.342,0.958
2026-01-09T21:38:08.168Z,0.8,27,64.0,5.7,89.2,424,0.401,0.832
2026-01-09T21:38:08.168Z,0.9,9,50.0,12.8,88.5,215,0.393,0.932
2026-01-09T21:38:08.168Z,0.95,5,35.0,12.8,59.5,31,0.342,0.958
2026-01-09T21:39:08.171Z,0.8,27,64.0,5.7,89.2,424,0.401,0.832
2026-01-09T21:39:08.171Z,0.9,9,50.0,12.8,88.5,215,0.393,0.932
2026-01-09T21:39:08.171Z,0.95,5,35.0,12.8,59.5,31,0.342,0.958
2026-01-09T21:40:08.171Z,0.8,27,64.0,5.7,89.2,424,0.401,0.832
2026-01-09T21:40:08.171Z,0.9,9,50.0,12.8,88.5,215,0.393,0.932
2026-01-09T21:40:08.171Z,0.95,5,35.0,12.8,59.5,31,0.342,0.958
2026-01-09T21:41:08.172Z,0.8,27,64.0,5.7,89.2,424,0.401,0.832
2026-01-09T21:41:08.172Z,0.9,9,50.0,12.8,88.5,215,0.393,0.932
2026-01-09T21:41:08.172Z,0.95,5,35.0,12.8,59.5,31,0.342,0.958
2026-01-09T21:42:08.171Z,0.8,27,64.0,5.7,89.2,424,0.401,0.832
2026-01-09T21:42:08.171Z,0.9,9,50.0,12.8,88.5,215,0.393,0.932
2026-01-09T21:42:08.171Z,0.95,5,35.0,12.8,59.5,31,0.342,0.958
2026-01-09T21:43:08.175Z,0.8,27,64.0,5.7,89.2,424,0.401,0.832
2026-01-09T21:43:08.175Z,0.9,9,50.0,12.8,88.5,215,0.393,0.932
2026-01-09T21:43:08.175Z,0.95,5,35.0,12.8,59.5,31,0.342,0.958
2026-01-09T21:44:08.177Z,0.8,27,64.0,5.7,89.2,424,0.401,0.832
2026-01-09T21:44:08.177Z,0.9,9,50.0,12.8,88.5,215,0.393,0.932
2026-01-09T21:44:08.177Z,0.95,5,35.0,12.8,59.5,31,0.342,0.958
2026-01-09T21:45:08.178Z,0.8,27,64.0,5.7,89.2,424,0.401,0.832
2026-01-09T21:45:08.178Z,0.9,9,50.0,12.8,88.5,215,0.393,0.932
2026-01-09T21:45:08.178Z,0.95,5,35.0,12.8,59.5,31,0.342,0.958
2026-01-09T21:46:08.178Z,0.8,27,64.0,5.7,89.2,424,0.401,0.832
2026-01-09T21:46:08.178Z,0.9,9,50.0,12.8,88.5,215,0.393,0.932
2026-01-09T21:46:08.178Z,0.95,5,35.0,12.8,59.5,31,0.342,0.958
2026-01-09T21:47:08.180Z,0.8,27,64.0,5.7,89.2,424,0.401,0.832
2026-01-09T21:47:08.180Z,0.9,9,50.0,12.8,88.5,215,0.393,0.932
2026-01-09T21:47:08.180Z,0.95,5,35.0,12.8,59.5,31,0.342,0.958
2026-01-09T21:48:08.180Z,0.8,27,64.0,5.7,89.2,424,0.401,0.832
2026-01-09T21:48:08.180Z,0.9,9,50.0,12.8,88.5,215,0.393,0.932
2026-01-09T21:48:08.180Z,0.95,5,35.0,12.8,59.5,31,0.342,0.958
2026-01-09T21:49:08.181Z,0.8,27,64.0,5.7,89.2,424,0.401,0.832
2026-01-09T21:49:08.181Z,0.9,9,50.0,12.8,88.5,215,0.393,0.932
2026-01-09T21:49:08.181Z,0.95,5,35.0,12.8,59.5,31,0.342,0.958
2026-01-09T21:50:08.183Z,0.8,27,64.0,5.7,89.2,424,0.401,0.832
2026-01-09T21:50:08.183Z,0.9,9,50.0,12.8,88.5,215,0.393,0.932
2026-01-09T21:50:08.183Z,0.95,5,35.0,12.8,59.5,31,0.342,0.958
2026-01-09T21:51:08.183Z,0.8,27,64.0,5.7,89.2,424,0.401,0.832
2026-01-09T21:51:08.183Z,0.9,9,50.0,12.8,88.5,215,0.393,0.932
2026-01-09T21:51:08.183Z,0.95,5,35.0,12.8,59.5,31,0.342,0.958
2026-01-09T21:52:08.184Z,0.8,27,64.0,5.7,89.2,424,0.401,0.832
2026-01-09T21:52:08.184Z,0.9,9,50.0,12.8,88.5,215,0.393,0.932
2026-01-09T21:52:08.184Z,0.95,5,35.0,12.8,59.5,31,0.342,0.958
2026-01-09T21:53:08.186Z,0.8,27,64.0,5.7,89.2,424,0.401,0.832
2026-01-09T21:53:08.186Z,0.9,9,50.0,12.8,88.5,215,0.393,0.932
2026-01-09T21:53:08.186Z,0.95,5,35.0,12.8,59.5,31,0.342,0.958
2026-01-09T21:54:08.188Z,0.8,27,64.0,5.7,89.2,424,0.401,0.832
2026-01-09T21:54:08.188Z,0.9,9,50.0,12.8,88.5,215,0.393,0.932
2026-01-09T21:54:08.188Z,0.95,5,35.0,12.8,59.5,31,0.342,0.958
2026-01-09T21:55:08.188Z,0.8,27,64.0,5.7,89.2,424,0.401,0.832
2026-01-09T21:55:08.188Z,0.9,9,50.0,12.8,88.5,215,0.393,0.932
2026-01-09T21:55:08.188Z,0.95,5,35.0,12.8,59.5,31,0.342,0.958
2026-01-09T21:56:08.189Z,0.8,27,64.0,5.7,89.2,424,0.401,0.832
2026-01-09T21:56:08.189Z,0.9,9,50.0,12.8,88.5,215,0.393,0.932
2026-01-09T21:56:08.189Z,0.95,5,35.0,12.8,59.5,31,0.342,0.958
2026-01-09T21:57:08.189Z,0.8,27,64.0,5.7,89.2,424,0.401,0.832
2026-01-09T21:57:08.189Z,0.9,9,50.0,12.8,88.5,215,0.393,0.932
2026-01-09T21:57:08.189Z,0.95,5,35.0,12.8,59.5,31,0.342,0.958
2026-01-09T21:58:08.189Z,0.8,27,64.0,5.7,89.2,424,0.401,0.832
2026-01-09T21:58:08.189Z,0.9,9,50.0,12.8,88.5,215,0.393,0.932
2026-01-09T21:58:08.189Z,0.95,5,35.0,12.8,59.5,31,0.342,0.958
2026-01-09T21:59:08.190Z,0.8,30,62.0,5.7,89.2,392,0.409,0.836
2026-01-09T21:59:08.190Z,0.9,10,49.8,12.8,88.5,203,0.401,0.930
2026-01-09T21:59:08.190Z,0.95,6,37.1,12.8,59.5,41,0.353,0.957
2026-01-09T22:00:08.191Z,0.8,30,62.0,5.7,89.2,392,0.409,0.836
2026-01-09T22:00:08.191Z,0.9,10,49.8,12.8,88.5,203,0.401,0.930
2026-01-09T22:00:08.191Z,0.95,6,37.1,12.8,59.5,41,0.353,0.957
2026-01-09T22:01:08.192Z,0.8,30,62.0,5.7,89.2,392,0.409,0.836
2026-01-09T22:01:08.192Z,0.9,10,49.8,12.8,88.5,203,0.401,0.930
2026-01-09T22:01:08.192Z,0.95,6,37.1,12.8,59.5,41,0.353,0.957
2026-01-09T22:02:08.192Z,0.8,30,62.0,5.7,89.2,392,0.409,0.836
2026-01-09T22:02:08.192Z,0.9,10,49.8,12.8,88.5,203,0.401,0.930
2026-01-09T22:02:08.192Z,0.95,6,37.1,12.8,59.5,41,0.353,0.957
2026-01-09T22:03:08.191Z,0.8,30,62.0,5.7,89.2,392,0.409,0.836
2026-01-09T22:03:08.191Z,0.9,10,49.8,12.8,88.5,203,0.401,0.930
2026-01-09T22:03:08.191Z,0.95,6,37.1,12.8,59.5,41,0.353,0.957
2026-01-09T22:04:08.191Z,0.8,30,62.0,5.7,89.2,392,0.409,0.836
2026-01-09T22:04:08.191Z,0.9,10,49.8,12.8,88.5,203,0.401,0.930
2026-01-09T22:04:08.191Z,0.95,6,37.1,12.8,59.5,41,0.353,0.957
2026-01-09T22:05:08.193Z,0.8,30,62.0,5.7,89.2,392,0.409,0.836
2026-01-09T22:05:08.193Z,0.9,10,49.8,12.8,88.5,203,0.401,0.930
2026-01-09T22:05:08.193Z,0.95,6,37.1,12.8,59.5,41,0.353,0.957
2026-01-09T22:06:08.192Z,0.8,30,62.0,5.7,89.2,392,0.409,0.836
2026-01-09T22:06:08.192Z,0.9,10,49.8,12.8,88.5,203,0.401,0.930
2026-01-09T22:06:08.192Z,0.95,6,37.1,12.8,59.5,41,0.353,0.957
2026-01-09T22:07:08.193Z,0.8,30,62.0,5.7,89.2,392,0.409,0.836
2026-01-09T22:07:08.193Z,0.9,10,49.8,12.8,88.5,203,0.401,0.930
2026-01-09T22:07:08.193Z,0.95,6,37.1,12.8,59.5,41,0.353,0.957
2026-01-09T22:08:08.196Z,0.8,30,62.0,5.7,89.2,392,0.409,0.836
2026-01-09T22:08:08.196Z,0.9,10,49.8,12.8,88.5,203,0.401,0.930
2026-01-09T22:08:08.196Z,0.95,6,37.1,12.8,59.5,41,0.353,0.957
2026-01-09T22:09:08.196Z,0.8,30,62.0,5.7,89.2,392,0.409,0.836
2026-01-09T22:09:08.196Z,0.9,10,49.8,12.8,88.5,203,0.401,0.930
2026-01-09T22:09:08.196Z,0.95,6,37.1,12.8,59.5,41,0.353,0.957
2026-01-09T22:10:08.197Z,0.8,30,62.0,5.7,89.2,392,0.409,0.836
2026-01-09T22:10:08.197Z,0.9,10,49.8,12.8,88.5,203,0.401,0.930
2026-01-09T22:10:08.197Z,0.95,6,37.1,12.8,59.5,41,0.353,0.957
2026-01-09T22:11:08.199Z,0.8,30,62.0,5.7,89.2,392,0.409,0.836
2026-01-09T22:11:08.199Z,0.9,10,49.8,12.8,88.5,203,0.401,0.930
2026-01-09T22:11:08.199Z,0.95,6,37.1,12.8,59.5,41,0.353,0.957
2026-01-09T22:12:08.199Z,0.8,30,62.0,5.7,89.2,392,0.409,0.836
2026-01-09T22:12:08.199Z,0.9,10,49.8,12.8,88.5,203,0.401,0.930
2026-01-09T22:12:08.199Z,0.95,6,37.1,12.8,59.5,41,0.353,0.957
2026-01-09T22:13:08.200Z,0.8,32,59.7,5.7,89.2,374,0.413,0.838
2026-01-09T22:13:08.200Z,0.9,13,45.6,12.8,88.5,183,0.412,0.929
2026-01-09T22:13:08.200Z,0.95,7,35.7,12.8,59.5,51,0.370,0.956
2026-01-09T22:14:08.200Z,0.8,33,58.8,5.7,89.2,366,0.414,0.843
2026-01-09T22:14:08.200Z,0.9,13,45.6,12.8,88.5,183,0.412,0.929
2026-01-09T22:14:08.200Z,0.95,10,34.7,12.8,59.5,68,0.401,0.963
2026-01-09T22:15:08.200Z,0.8,33,58.8,5.7,89.2,366,0.414,0.843
2026-01-09T22:15:08.200Z,0.9,13,45.6,12.8,88.5,183,0.412,0.929
2026-01-09T22:15:08.200Z,0.95,10,34.7,12.8,59.5,68,0.401,0.963
2026-01-09T22:16:08.202Z,0.8,33,58.8,5.7,89.2,366,0.414,0.843
2026-01-09T22:16:08.202Z,0.9,13,45.6,12.8,88.5,183,0.412,0.929
2026-01-09T22:16:08.202Z,0.95,10,34.7,12.8,59.5,68,0.401,0.963
2026-01-09T22:17:08.202Z,0.8,33,58.8,5.7,89.2,366,0.414,0.843
2026-01-09T22:17:08.202Z,0.9,13,45.6,12.8,88.5,183,0.412,0.929
2026-01-09T22:17:08.202Z,0.95,10,34.7,12.8,59.5,68,0.401,0.963
2026-01-09T22:18:08.204Z,0.8,33,58.8,5.7,89.2,366,0.414,0.843
2026-01-09T22:18:08.204Z,0.9,13,45.6,12.8,88.5,183,0.412,0.929
2026-01-09T22:18:08.204Z,0.95,10,34.7,12.8,59.5,68,0.401,0.963
2026-01-09T22:19:08.205Z,0.8,33,58.8,5.7,89.2,366,0.414,0.843
2026-01-09T22:19:08.205Z,0.9,13,45.6,12.8,88.5,183,0.412,0.929
2026-01-09T22:19:08.205Z,0.95,10,34.7,12.8,59.5,68,0.401,0.963
2026-01-09T22:20:08.205Z,0.8,33,58.8,5.7,89.2,366,0.414,0.843
2026-01-09T22:20:08.205Z,0.9,13,45.6,12.8,88.5,183,0.412,0.929
2026-01-09T22:20:08.205Z,0.95,10,34.7,12.8,59.5,68,0.401,0.963
2026-01-09T22:21:08.205Z,0.8,33,58.8,5.7,89.2,366,0.414,0.843
2026-01-09T22:21:08.205Z,0.9,13,45.6,12.8,88.5,183,0.412,0.929
2026-01-09T22:21:08.205Z,0.95,10,34.7,12.8,59.5,68,0.401,0.963
2026-01-09T22:22:08.206Z,0.8,33,58.8,5.7,89.2,366,0.414,0.843
2026-01-09T22:22:08.206Z,0.9,13,45.6,12.8,88.5,183,0.412,0.929
2026-01-09T22:22:08.206Z,0.95,10,34.7,12.8,59.5,68,0.401,0.963
2026-01-09T22:23:08.207Z,0.8,33,58.8,5.7,89.2,366,0.414,0.843
2026-01-09T22:23:08.207Z,0.9,13,45.6,12.8,88.5,183,0.412,0.929
2026-01-09T22:23:08.207Z,0.95,10,34.7,12.8,59.5,68,0.401,0.963
2026-01-09T22:24:08.208Z,0.8,33,58.8,5.7,89.2,366,0.414,0.843
2026-01-09T22:24:08.208Z,0.9,13,45.6,12.8,88.5,183,0.412,0.929
2026-01-09T22:24:08.208Z,0.95,10,34.7,12.8,59.5,68,0.401,0.963
2026-01-09T22:25:08.208Z,0.8,33,58.8,5.7,89.2,366,0.414,0.843
2026-01-09T22:25:08.208Z,0.9,13,45.6,12.8,88.5,183,0.412,0.929
2026-01-09T22:25:08.208Z,0.95,10,34.7,12.8,59.5,68,0.401,0.963
2026-01-09T22:26:08.209Z,0.8,37,58.7,5.7,89.2,353,0.422,0.841
2026-01-09T22:26:08.209Z,0.9,13,45.6,12.8,88.5,183,0.412,0.929
2026-01-09T22:26:08.209Z,0.95,10,34.7,12.8,59.5,68,0.401,0.963
2026-01-09T22:27:08.210Z,0.8,40,60.1,5.7,89.2,343,0.428,0.842
2026-01-09T22:27:08.210Z,0.9,13,45.6,12.8,88.5,183,0.412,0.929
2026-01-09T22:27:08.210Z,0.95,10,34.7,12.8,59.5,68,0.401,0.963
2026-01-09T22:28:08.211Z,0.8,40,60.1,5.7,89.2,343,0.428,0.842
2026-01-09T22:28:08.211Z,0.9,13,45.6,12.8,88.5,183,0.412,0.929
2026-01-09T22:28:08.211Z,0.95,10,34.7,12.8,59.5,68,0.401,0.963
2026-01-09T22:29:08.212Z,0.8,40,60.1,5.7,89.2,343,0.428,0.842
2026-01-09T22:29:08.212Z,0.9,13,45.6,12.8,88.5,183,0.412,0.929
2026-01-09T22:29:08.212Z,0.95,10,34.7,12.8,59.5,68,0.401,0.963
2026-01-09T22:30:08.213Z,0.8,42,58.8,5.7,89.2,328,0.412,0.844
2026-01-09T22:30:08.213Z,0.9,16,43.6,12.8,88.5,154,0.362,0.929
2026-01-09T22:30:08.213Z,0.95,11,33.9,12.8,59.5,64,0.376,0.962
2026-01-09T22:31:08.212Z,0.8,42,58.8,5.7,89.2,328,0.412,0.844
2026-01-09T22:31:08.212Z,0.9,16,43.6,12.8,88.5,154,0.362,0.929
2026-01-09T22:31:08.212Z,0.95,11,33.9,12.8,59.5,64,0.376,0.962
2026-01-09T22:32:08.213Z,0.8,42,58.8,5.7,89.2,328,0.412,0.844
2026-01-09T22:32:08.213Z,0.9,16,43.6,12.8,88.5,154,0.362,0.929
2026-01-09T22:32:08.213Z,0.95,11,33.9,12.8,59.5,64,0.376,0.962
2026-01-09T22:33:08.215Z,0.8,42,58.8,5.7,89.2,328,0.412,0.844
2026-01-09T22:33:08.215Z,0.9,16,43.6,12.8,88.5,154,0.362,0.929
2026-01-09T22:33:08.215Z,0.95,11,33.9,12.8,59.5,64,0.376,0.962
2026-01-09T22:34:08.215Z,0.8,42,58.8,5.7,89.2,328,0.412,0.844
2026-01-09T22:34:08.215Z,0.9,16,43.6,12.8,88.5,154,0.362,0.929
2026-01-09T22:34:08.215Z,0.95,11,33.9,12.8,59.5,64,0.376,0.962
2026-01-09T22:35:08.217Z,0.8,42,58.8,5.7,89.2,328,0.412,0.844
2026-01-09T22:35:08.217Z,0.9,16,43.6,12.8,88.5,154,0.362,0.929
2026-01-09T22:35:08.217Z,0.95,11,33.9,12.8,59.5,64,0.376,0.962
2026-01-09T22:36:08.218Z,0.8,42,58.8,5.7,89.2,328,0.412,0.844
2026-01-09T22:36:08.218Z,0.9,16,43.6,12.8,88.5,154,0.362,0.929
2026-01-09T22:36:08.218Z,0.95,11,33.9,12.8,59.5,64,0.376,0.962
2026-01-09T22:37:08.219Z,0.8,42,58.8,5.7,89.2,328,0.412,0.844
2026-01-09T22:37:08.219Z,0.9,16,43.6,12.8,88.5,154,0.362,0.929
2026-01-09T22:37:08.219Z,0.95,11,33.9,12.8,59.5,64,0.376,0.962
2026-01-09T22:38:08.220Z,0.8,42,58.8,5.7,89.2,328,0.412,0.844
2026-01-09T22:38:08.220Z,0.9,16,43.6,12.8,88.5,154,0.362,0.929
2026-01-09T22:38:08.220Z,0.95,11,33.9,12.8,59.5,64,0.376,0.962
2026-01-09T22:39:08.220Z,0.8,42,58.8,5.7,89.2,328,0.412,0.844
2026-01-09T22:39:08.220Z,0.9,16,43.6,12.8,88.5,154,0.362,0.929
2026-01-09T22:39:08.220Z,0.95,11,33.9,12.8,59.5,64,0.376,0.962
2026-01-09T22:40:08.219Z,0.8,42,58.8,5.7,89.2,328,0.412,0.844
2026-01-09T22:40:08.219Z,0.9,16,43.6,12.8,88.5,154,0.362,0.929
2026-01-09T22:40:08.219Z,0.95,11,33.9,12.8,59.5,64,0.376,0.962
2026-01-09T22:41:08.222Z,0.8,42,58.8,5.7,89.2,328,0.412,0.844
2026-01-09T22:41:08.222Z,0.9,16,43.6,12.8,88.5,154,0.362,0.929
2026-01-09T22:41:08.222Z,0.95,11,33.9,12.8,59.5,64,0.376,0.962
2026-01-09T22:42:08.225Z,0.8,42,58.8,5.7,89.2,328,0.412,0.844
2026-01-09T22:42:08.225Z,0.9,16,43.6,12.8,88.5,154,0.362,0.929
2026-01-09T22:42:08.225Z,0.95,11,33.9,12.8,59.5,64,0.376,0.962
2026-01-09T22:43:08.225Z,0.8,42,58.8,5.7,89.2,328,0.412,0.844
2026-01-09T22:43:08.225Z,0.9,16,43.6,12.8,88.5,154,0.362,0.929
2026-01-09T22:43:08.225Z,0.95,11,33.9,12.8,59.5,64,0.376,0.962
2026-01-09T22:44:08.226Z,0.8,42,58.8,5.7,89.2,328,0.412,0.844
2026-01-09T22:44:08.226Z,0.9,16,43.6,12.8,88.5,154,0.362,0.929
2026-01-09T22:44:08.226Z,0.95,11,33.9,12.8,59.5,64,0.376,0.962
2026-01-09T22:45:08.227Z,0.8,43,58.1,5.7,89.2,322,0.408,0.844
2026-01-09T22:45:08.227Z,0.9,16,43.6,12.8,88.5,154,0.362,0.929
2026-01-09T22:45:08.227Z,0.95,11,33.9,12.8,59.5,64,0.376,0.962
2026-01-09T22:46:08.227Z,0.8,43,58.1,5.7,89.2,322,0.408,0.844
2026-01-09T22:46:08.227Z,0.9,16,43.6,12.8,88.5,154,0.362,0.929
2026-01-09T22:46:08.227Z,0.95,11,33.9,12.8,59.5,64,0.376,0.962
2026-01-09T22:47:08.227Z,0.8,43,58.1,5.7,89.2,322,0.408,0.844
2026-01-09T22:47:08.227Z,0.9,16,43.6,12.8,88.5,154,0.362,0.929
2026-01-09T22:47:08.227Z,0.95,11,33.9,12.8,59.5,64,0.376,0.962
2026-01-09T22:48:08.228Z,0.8,43,58.1,5.7,89.2,322,0.408,0.844
2026-01-09T22:48:08.228Z,0.9,16,43.6,12.8,88.5,154,0.362,0.929
2026-01-09T22:48:08.228Z,0.95,11,33.9,12.8,59.5,64,0.376,0.962
2026-01-09T22:49:08.230Z,0.8,43,58.1,5.7,89.2,322,0.408,0.844
2026-01-09T22:49:08.230Z,0.9,16,43.6,12.8,88.5,154,0.362,0.929
2026-01-09T22:49:08.230Z,0.95,11,33.9,12.8,59.5,64,0.376,0.962
2026-01-09T22:50:08.233Z,0.8,43,58.1,5.7,89.2,322,0.408,0.844
2026-01-09T22:50:08.233Z,0.9,16,43.6,12.8,88.5,154,0.362,0.929
2026-01-09T22:50:08.233Z,0.95,11,33.9,12.8,59.5,64,0.376,0.962
2026-01-09T22:51:08.231Z,0.8,43,58.1,5.7,89.2,322,0.408,0.844
2026-01-09T22:51:08.231Z,0.9,16,43.6,12.8,88.5,154,0.362,0.929
2026-01-09T22:51:08.231Z,0.95,11,33.9,12.8,59.5,64,0.376,0.962
2026-01-09T22:52:08.232Z,0.8,43,58.1,5.7,89.2,322,0.408,0.844
2026-01-09T22:52:08.232Z,0.9,16,43.6,12.8,88.5,154,0.362,0.929
2026-01-09T22:52:08.232Z,0.95,11,33.9,12.8,59.5,64,0.376,0.962
2026-01-09T22:53:08.232Z,0.8,43,58.1,5.7,89.2,322,0.408,0.844
2026-01-09T22:53:08.232Z,0.9,16,43.6,12.8,88.5,154,0.362,0.929
2026-01-09T22:53:08.232Z,0.95,11,33.9,12.8,59.5,64,0.376,0.962
2026-01-09T22:54:08.232Z,0.8,43,58.1,5.7,89.2,322,0.408,0.844
2026-01-09T22:54:08.232Z,0.9,16,43.6,12.8,88.5,154,0.362,0.929
2026-01-09T22:54:08.232Z,0.95,11,33.9,12.8,59.5,64,0.376,0.962
2026-01-09T22:55:08.234Z,0.8,43,58.1,5.7,89.2,322,0.408,0.844
2026-01-09T22:55:08.234Z,0.9,16,43.6,12.8,88.5,154,0.362,0.929
2026-01-09T22:55:08.234Z,0.95,11,33.9,12.8,59.5,64,0.376,0.962
2026-01-09T22:56:08.234Z,0.8,43,58.1,5.7,89.2,322,0.408,0.844
2026-01-09T22:56:08.234Z,0.9,16,43.6,12.8,88.5,154,0.362,0.929
2026-01-09T22:56:08.234Z,0.95,11,33.9,12.8,59.5,64,0.376,0.962
2026-01-09T22:57:08.235Z,0.8,43,58.1,5.7,89.2,322,0.408,0.844
2026-01-09T22:57:08.235Z,0.9,16,43.6,12.8,88.5,154,0.362,0.929
2026-01-09T22:57:08.235Z,0.95,11,33.9,12.8,59.5,64,0.376,0.962
2026-01-09T22:58:08.237Z,0.8,43,58.1,5.7,89.2,322,0.408,0.844
2026-01-09T22:58:08.237Z,0.9,16,43.6,12.8,88.5,154,0.362,0.929
2026-01-09T22:58:08.237Z,0.95,11,33.9,12.8,59.5,64,0.376,0.962
2026-01-09T22:59:08.236Z,0.8,43,58.1,5.7,89.2,322,0.408,0.844
2026-01-09T22:59:08.236Z,0.9,16,43.6,12.8,88.5,154,0.362,0.929
2026-01-09T22:59:08.236Z,0.95,11,33.9,12.8,59.5,64,0.376,0.962
2026-01-09T23:00:08.238Z,0.8,43,58.1,5.7,89.2,322,0.408,0.844
2026-01-09T23:00:08.238Z,0.9,16,43.6,12.8,88.5,154,0.362,0.929
2026-01-09T23:00:08.238Z,0.95,11,33.9,12.8,59.5,64,0.376,0.962
2026-01-09T23:01:08.240Z,0.8,43,58.1,5.7,89.2,322,0.408,0.844
2026-01-09T23:01:08.240Z,0.9,16,43.6,12.8,88.5,154,0.362,0.929
2026-01-09T23:01:08.240Z,0.95,11,33.9,12.8,59.5,64,0.376,0.962
2026-01-09T23:02:08.240Z,0.8,43,58.1,5.7,89.2,322,0.408,0.844
2026-01-09T23:02:08.240Z,0.9,16,43.6,12.8,88.5,154,0.362,0.929
2026-01-09T23:02:08.240Z,0.95,11,33.9,12.8,59.5,64,0.376,0.962
2026-01-09T23:03:08.240Z,0.8,43,58.1,5.7,89.2,322,0.408,0.844
2026-01-09T23:03:08.240Z,0.9,16,43.6,12.8,88.5,154,0.362,0.929
2026-01-09T23:03:08.240Z,0.95,11,33.9,12.8,59.5,64,0.376,0.962
2026-01-09T23:04:08.243Z,0.8,43,58.1,5.7,89.2,322,0.408,0.844
2026-01-09T23:04:08.243Z,0.9,16,43.6,12.8,88.5,154,0.362,0.929
2026-01-09T23:04:08.243Z,0.95,11,33.9,12.8,59.5,64,0.376,0.962
2026-01-09T23:05:08.243Z,0.8,43,58.1,5.7,89.2,322,0.408,0.844
2026-01-09T23:05:08.243Z,0.9,16,43.6,12.8,88.5,154,0.362,0.929
2026-01-09T23:05:08.243Z,0.95,11,33.9,12.8,59.5,64,0.376,0.962
2026-01-09T23:06:08.245Z,0.8,43,58.1,5.7,89.2,322,0.408,0.844
2026-01-09T23:06:08.245Z,0.9,16,43.6,12.8,88.5,154,0.362,0.929
2026-01-09T23:06:08.245Z,0.95,11,33.9,12.8,59.5,64,0.376,0.962
2026-01-09T23:07:08.246Z,0.8,43,58.1,5.7,89.2,322,0.408,0.844
2026-01-09T23:07:08.246Z,0.9,16,43.6,12.8,88.5,154,0.362,0.929
2026-01-09T23:07:08.246Z,0.95,11,33.9,12.8,59.5,64,0.376,0.962
2026-01-09T23:08:08.248Z,0.8,43,58.1,5.7,89.2,322,0.408,0.844
2026-01-09T23:08:08.248Z,0.9,16,43.6,12.8,88.5,154,0.362,0.929
2026-01-09T23:08:08.248Z,0.95,11,33.9,12.8,59.5,64,0.376,0.962
2026-01-09T23:09:08.248Z,0.8,43,58.1,5.7,89.2,322,0.408,0.844
2026-01-09T23:09:08.248Z,0.9,16,43.6,12.8,88.5,154,0.362,0.929
2026-01-09T23:09:08.248Z,0.95,11,33.9,12.8,59.5,64,0.376,0.962
2026-01-09T23:10:08.251Z,0.8,43,58.1,5.7,89.2,322,0.408,0.844
2026-01-09T23:10:08.251Z,0.9,16,43.6,12.8,88.5,154,0.362,0.929
2026-01-09T23:10:08.251Z,0.95,11,33.9,12.8,59.5,64,0.376,0.962
2026-01-09T23:11:08.251Z,0.8,43,58.1,5.7,89.2,322,0.408,0.844
2026-01-09T23:11:08.251Z,0.9,16,43.6,12.8,88.5,154,0.362,0.929
2026-01-09T23:11:08.251Z,0.95,11,33.9,12.8,59.5,64,0.376,0.962
2026-01-09T23:12:08.252Z,0.8,43,58.1,5.7,89.2,322,0.408,0.844
2026-01-09T23:12:08.252Z,0.9,16,43.6,12.8,88.5,154,0.362,0.929
2026-01-09T23:12:08.252Z,0.95,11,33.9,12.8,59.5,64,0.376,0.962
2026-01-09T23:13:08.251Z,0.8,43,58.1,5.7,89.2,322,0.408,0.844
2026-01-09T23:13:08.251Z,0.9,16,43.6,12.8,88.5,154,0.362,0.929
2026-01-09T23:13:08.251Z,0.95,11,33.9,12.8,59.5,64,0.376,0.962
2026-01-09T23:14:08.253Z,0.8,45,58.9,5.7,89.2,312,0.411,0.842
2026-01-09T23:14:08.253Z,0.9,16,43.6,12.8,88.5,154,0.362,0.929
2026-01-09T23:14:08.253Z,0.95,11,33.9,12.8,59.5,64,0.376,0.962
2026-01-09T23:15:08.254Z,0.8,45,58.9,5.7,89.2,312,0.411,0.842
2026-01-09T23:15:08.254Z,0.9,17,42.8,12.8,88.5,145,0.362,0.929
2026-01-09T23:15:08.254Z,0.95,12,33.4,12.8,59.5,59,0.373,0.961
2026-01-09T23:16:08.253Z,0.8,45,58.9,5.7,89.2,312,0.411,0.842
2026-01-09T23:16:08.253Z,0.9,17,42.8,12.8,88.5,145,0.362,0.929
2026-01-09T23:16:08.253Z,0.95,12,33.4,12.8,59.5,59,0.373,0.961
2026-01-09T23:17:08.254Z,0.8,45,58.9,5.7,89.2,312,0.411,0.842
2026-01-09T23:17:08.254Z,0.9,17,42.8,12.8,88.5,145,0.362,0.929
2026-01-09T23:17:08.254Z,0.95,12,33.4,12.8,59.5,59,0.373,0.961
2026-01-09T23:18:08.260Z,0.8,45,58.9,5.7,89.2,312,0.411,0.842
2026-01-09T23:18:08.260Z,0.9,17,42.8,12.8,88.5,145,0.362,0.929
2026-01-09T23:18:08.260Z,0.95,12,33.4,12.8,59.5,59,0.373,0.961
2026-01-09T23:19:08.256Z,0.8,45,58.9,5.7,89.2,312,0.411,0.842
2026-01-09T23:19:08.256Z,0.9,17,42.8,12.8,88.5,145,0.362,0.929
2026-01-09T23:19:08.256Z,0.95,12,33.4,12.8,59.5,59,0.373,0.961
2026-01-09T23:20:08.256Z,0.8,45,58.9,5.7,89.2,312,0.411,0.842
2026-01-09T23:20:08.256Z,0.9,17,42.8,12.8,88.5,145,0.362,0.929
2026-01-09T23:20:08.256Z,0.95,12,33.4,12.8,59.5,59,0.373,0.961
2026-01-09T23:21:08.257Z,0.8,47,59.6,5.7,89.2,323,0.408,0.843
2026-01-09T23:21:08.257Z,0.9,17,42.8,12.8,88.5,145,0.362,0.929
2026-01-09T23:21:08.257Z,0.95,12,33.4,12.8,59.5,59,0.373,0.961
2026-01-09T23:22:08.259Z,0.8,52,56.7,4.1,89.5,341,0.413,0.843
2026-01-09T23:22:08.259Z,0.9,17,42.8,12.8,88.5,145,0.362,0.929
2026-01-09T23:22:08.259Z,0.95,12,33.4,12.8,59.5,59,0.373,0.961
2026-01-09T23:23:08.260Z,0.8,54,57.1,4.1,89.5,345,0.415,0.843
2026-01-09T23:23:08.260Z,0.9,17,42.8,12.8,88.5,145,0.362,0.929
2026-01-09T23:23:08.260Z,0.95,12,33.4,12.8,59.5,59,0.373,0.961
2026-01-09T23:24:08.262Z,0.8,54,57.1,4.1,89.5,345,0.415,0.843
2026-01-09T23:24:08.262Z,0.9,17,42.8,12.8,88.5,145,0.362,0.929
2026-01-09T23:24:08.262Z,0.95,12,33.4,12.8,59.5,59,0.373,0.961
2026-01-09T23:25:08.262Z,0.8,55,57.3,4.1,89.5,344,0.417,0.842
2026-01-09T23:25:08.262Z,0.9,17,42.8,12.8,88.5,145,0.362,0.929
2026-01-09T23:25:08.262Z,0.95,12,33.4,12.8,59.5,59,0.373,0.961
2026-01-09T23:26:08.262Z,0.8,56,57.7,4.1,89.5,343,0.418,0.842
2026-01-09T23:26:08.262Z,0.9,17,42.8,12.8,88.5,145,0.362,0.929
2026-01-09T23:26:08.262Z,0.95,12,33.4,12.8,59.5,59,0.373,0.961
2026-01-09T23:27:08.264Z,0.8,56,57.7,4.1,89.5,343,0.418,0.842
2026-01-09T23:27:08.264Z,0.9,17,42.8,12.8,88.5,145,0.362,0.929
2026-01-09T23:27:08.264Z,0.95,12,33.4,12.8,59.5,59,0.373,0.961
2026-01-09T23:28:08.264Z,0.8,56,57.7,4.1,89.5,343,0.418,0.842
2026-01-09T23:28:08.264Z,0.9,17,42.8,12.8,88.5,145,0.362,0.929
2026-01-09T23:28:08.264Z,0.95,12,33.4,12.8,59.5,59,0.373,0.961
2026-01-09T23:29:08.266Z,0.8,56,57.7,4.1,89.5,343,0.418,0.842
2026-01-09T23:29:08.266Z,0.9,17,42.8,12.8,88.5,145,0.362,0.929
2026-01-09T23:29:08.266Z,0.95,12,33.4,12.8,59.5,59,0.373,0.961
2026-01-09T23:30:08.267Z,0.8,58,58.7,4.1,89.5,331,0.416,0.842
2026-01-09T23:30:08.267Z,0.9,18,45.4,12.8,89.0,137,0.361,0.928
2026-01-09T23:30:08.267Z,0.95,12,33.4,12.8,59.5,59,0.373,0.961
2026-01-09T23:31:08.270Z,0.8,58,58.7,4.1,89.5,331,0.416,0.842
2026-01-09T23:31:08.270Z,0.9,18,45.4,12.8,89.0,137,0.361,0.928
2026-01-09T23:31:08.270Z,0.95,12,33.4,12.8,59.5,59,0.373,0.961
2026-01-09T23:32:08.272Z,0.8,58,58.7,4.1,89.5,331,0.416,0.842
2026-01-09T23:32:08.272Z,0.9,18,45.4,12.8,89.0,137,0.361,0.928
2026-01-09T23:32:08.272Z,0.95,12,33.4,12.8,59.5,59,0.373,0.961
2026-01-09T23:33:08.271Z,0.8,58,58.7,4.1,89.5,331,0.416,0.842
2026-01-09T23:33:08.271Z,0.9,18,45.4,12.8,89.0,137,0.361,0.928
2026-01-09T23:33:08.271Z,0.95,12,33.4,12.8,59.5,59,0.373,0.961
2026-01-09T23:34:08.271Z,0.8,58,58.7,4.1,89.5,331,0.416,0.842
2026-01-09T23:34:08.271Z,0.9,18,45.4,12.8,89.0,137,0.361,0.928
2026-01-09T23:34:08.271Z,0.95,12,33.4,12.8,59.5,59,0.373,0.961
2026-01-09T23:35:08.274Z,0.8,58,58.7,4.1,89.5,331,0.416,0.842
2026-01-09T23:35:08.274Z,0.9,18,45.4,12.8,89.0,137,0.361,0.928
2026-01-09T23:35:08.274Z,0.95,12,33.4,12.8,59.5,59,0.373,0.961
2026-01-09T23:36:08.275Z,0.8,58,58.7,4.1,89.5,331,0.416,0.842
2026-01-09T23:36:08.275Z,0.9,18,45.4,12.8,89.0,137,0.361,0.928
2026-01-09T23:36:08.275Z,0.95,12,33.4,12.8,59.5,59,0.373,0.961
2026-01-09T23:37:08.277Z,0.8,58,58.7,4.1,89.5,331,0.416,0.842
2026-01-09T23:37:08.277Z,0.9,18,45.4,12.8,89.0,137,0.361,0.928
2026-01-09T23:37:08.277Z,0.95,12,33.4,12.8,59.5,59,0.373,0.961
2026-01-09T23:38:08.277Z,0.8,58,58.7,4.1,89.5,331,0.416,0.842
2026-01-09T23:38:08.277Z,0.9,18,45.4,12.8,89.0,137,0.361,0.928
2026-01-09T23:38:08.277Z,0.95,12,33.4,12.8,59.5,59,0.373,0.961
2026-01-09T23:39:08.280Z,0.8,68,58.5,4.1,89.5,337,0.398,0.846
2026-01-09T23:39:08.280Z,0.9,26,47.2,12.8,89.0,208,0.361,0.925
2026-01-09T23:39:08.280Z,0.95,14,38.9,12.8,74.6,102,0.390,0.961
2026-01-09T23:40:08.281Z,0.8,68,58.5,4.1,89.5,337,0.398,0.846
2026-01-09T23:40:08.281Z,0.9,28,49.8,12.8,89.0,218,0.370,0.928
2026-01-09T23:40:08.281Z,0.95,16,44.5,12.8,86.0,133,0.403,0.961
2026-01-09T23:41:08.283Z,0.8,68,58.5,4.1,89.5,337,0.398,0.846
2026-01-09T23:41:08.283Z,0.9,28,49.8,12.8,89.0,218,0.370,0.928
2026-01-09T23:41:08.283Z,0.95,16,44.5,12.8,86.0,133,0.403,0.961
2026-01-09T23:42:08.283Z,0.8,69,58.4,4.1,89.5,335,0.399,0.846
2026-01-09T23:42:08.283Z,0.9,28,49.8,12.8,89.0,218,0.370,0.928
2026-01-09T23:42:08.283Z,0.95,16,44.5,12.8,86.0,133,0.403,0.961
2026-01-09T23:43:08.283Z,0.8,69,58.4,4.1,89.5,335,0.399,0.846
2026-01-09T23:43:08.283Z,0.9,28,49.8,12.8,89.0,218,0.370,0.928
2026-01-09T23:43:08.283Z,0.95,16,44.5,12.8,86.0,133,0.403,0.961
2026-01-09T23:44:08.284Z,0.8,69,58.4,4.1,89.5,335,0.399,0.846
2026-01-09T23:44:08.284Z,0.9,28,49.8,12.8,89.0,218,0.370,0.928
2026-01-09T23:44:08.284Z,0.95,16,44.5,12.8,86.0,133,0.403,0.961
2026-01-09T23:45:08.285Z,0.8,69,58.4,4.1,89.5,335,0.399,0.846
2026-01-09T23:45:08.285Z,0.9,28,49.8,12.8,89.0,218,0.370,0.928
2026-01-09T23:45:08.285Z,0.95,16,44.5,12.8,86.0,133,0.403,0.961
2026-01-09T23:46:08.287Z,0.8,69,58.4,4.1,89.5,335,0.399,0.846
2026-01-09T23:46:08.287Z,0.9,28,49.8,12.8,89.0,218,0.370,0.928
2026-01-09T23:46:08.287Z,0.95,16,44.5,12.8,86.0,133,0.403,0.961
2026-01-09T23:47:08.287Z,0.8,69,58.4,4.1,89.5,335,0.399,0.846
2026-01-09T23:47:08.287Z,0.9,28,49.8,12.8,89.0,218,0.370,0.928
2026-01-09T23:47:08.287Z,0.95,16,44.5,12.8,86.0,133,0.403,0.961
2026-01-09T23:48:08.287Z,0.8,69,58.4,4.1,89.5,335,0.399,0.846
2026-01-09T23:48:08.287Z,0.9,28,49.8,12.8,89.0,218,0.370,0.928
2026-01-09T23:48:08.287Z,0.95,16,44.5,12.8,86.0,133,0.403,0.961
2026-01-09T23:49:08.287Z,0.8,69,58.4,4.1,89.5,335,0.399,0.846
2026-01-09T23:49:08.287Z,0.9,28,49.8,12.8,89.0,218,0.370,0.928
2026-01-09T23:49:08.287Z,0.95,16,44.5,12.8,86.0,133,0.403,0.961
2026-01-09T23:50:08.290Z,0.8,69,58.4,4.1,89.5,335,0.399,0.846
2026-01-09T23:50:08.290Z,0.9,28,49.8,12.8,89.0,218,0.370,0.928
2026-01-09T23:50:08.290Z,0.95,16,44.5,12.8,86.0,133,0.403,0.961
2026-01-09T23:51:08.290Z,0.8,69,58.4,4.1,89.5,335,0.399,0.846
2026-01-09T23:51:08.290Z,0.9,28,49.8,12.8,89.0,218,0.370,0.928
2026-01-09T23:51:08.290Z,0.95,16,44.5,12.8,86.0,133,0.403,0.961
2026-01-09T23:52:08.290Z,0.8,69,58.4,4.1,89.5,335,0.399,0.846
2026-01-09T23:52:08.290Z,0.9,28,49.8,12.8,89.0,218,0.370,0.928
2026-01-09T23:52:08.290Z,0.95,16,44.5,12.8,86.0,133,0.403,0.961
2026-01-09T23:53:08.291Z,0.8,69,58.4,4.1,89.5,335,0.399,0.846
2026-01-09T23:53:08.291Z,0.9,28,49.8,12.8,89.0,218,0.370,0.928
2026-01-09T23:53:08.291Z,0.95,16,44.5,12.8,86.0,133,0.403,0.961
2026-01-09T23:54:08.292Z,0.8,69,58.4,4.1,89.5,335,0.399,0.846
2026-01-09T23:54:08.292Z,0.9,28,49.8,12.8,89.0,218,0.370,0.928
2026-01-09T23:54:08.292Z,0.95,16,44.5,12.8,86.0,133,0.403,0.961
2026-01-09T23:55:08.292Z,0.8,70,58.5,4.1,89.5,334,0.399,0.846
2026-01-09T23:55:08.292Z,0.9,28,49.8,12.8,89.0,218,0.370,0.928
2026-01-09T23:55:08.292Z,0.95,16,44.5,12.8,86.0,133,0.403,0.961
2026-01-09T23:56:08.293Z,0.8,70,58.5,4.1,89.5,334,0.399,0.846
2026-01-09T23:56:08.293Z,0.9,28,49.8,12.8,89.0,218,0.370,0.928
2026-01-09T23:56:08.293Z,0.95,16,44.5,12.8,86.0,133,0.403,0.961
2026-01-09T23:57:08.295Z,0.8,70,58.5,4.1,89.5,334,0.399,0.846
2026-01-09T23:57:08.295Z,0.9,28,49.8,12.8,89.0,218,0.370,0.928
2026-01-09T23:57:08.295Z,0.95,16,44.5,12.8,86.0,133,0.403,0.961
2026-01-09T23:58:08.296Z,0.8,70,58.5,4.1,89.5,334,0.399,0.846
2026-01-09T23:58:08.296Z,0.9,28,49.8,12.8,89.0,218,0.370,0.928
2026-01-09T23:58:08.296Z,0.95,16,44.5,12.8,86.0,133,0.403,0.961
2026-01-09T23:59:08.297Z,0.8,70,58.5,4.1,89.5,334,0.399,0.846
2026-01-09T23:59:08.297Z,0.9,28,49.8,12.8,89.0,218,0.370,0.928
2026-01-09T23:59:08.297Z,0.95,16,44.5,12.8,86.0,133,0.403,0.961
2026-01-10T00:00:08.298Z,0.8,70,58.5,4.1,89.5,334,0.399,0.846
2026-01-10T00:00:08.298Z,0.9,28,49.8,12.8,89.0,218,0.370,0.928
2026-01-10T00:00:08.298Z,0.95,16,44.5,12.8,86.0,133,0.403,0.961
2026-01-10T00:01:08.297Z,0.8,70,58.5,4.1,89.5,334,0.399,0.846
2026-01-10T00:01:08.297Z,0.9,28,49.8,12.8,89.0,218,0.370,0.928
2026-01-10T00:01:08.297Z,0.95,16,44.5,12.8,86.0,133,0.403,0.961
2026-01-10T00:02:08.298Z,0.8,70,58.5,4.1,89.5,334,0.399,0.846
2026-01-10T00:02:08.298Z,0.9,28,49.8,12.8,89.0,218,0.370,0.928
2026-01-10T00:02:08.298Z,0.95,16,44.5,12.8,86.0,133,0.403,0.961
2026-01-10T00:03:08.298Z,0.8,70,58.5,4.1,89.5,334,0.399,0.846
2026-01-10T00:03:08.298Z,0.9,28,49.8,12.8,89.0,218,0.370,0.928
2026-01-10T00:03:08.298Z,0.95,16,44.5,12.8,86.0,133,0.403,0.961
2026-01-10T00:04:08.299Z,0.8,70,58.5,4.1,89.5,334,0.399,0.846
2026-01-10T00:04:08.299Z,0.9,28,49.8,12.8,89.0,218,0.370,0.928
2026-01-10T00:04:08.299Z,0.95,16,44.5,12.8,86.0,133,0.403,0.961
2026-01-10T00:05:08.299Z,0.8,70,58.5,4.1,89.5,334,0.399,0.846
2026-01-10T00:05:08.299Z,0.9,28,49.8,12.8,89.0,218,0.370,0.928
2026-01-10T00:05:08.299Z,0.95,16,44.5,12.8,86.0,133,0.403,0.961
2026-01-10T00:06:08.299Z,0.8,70,58.5,4.1,89.5,334,0.399,0.846
2026-01-10T00:06:08.299Z,0.9,28,49.8,12.8,89.0,218,0.370,0.928
2026-01-10T00:06:08.299Z,0.95,16,44.5,12.8,86.0,133,0.403,0.961
2026-01-10T00:07:08.301Z,0.8,70,58.5,4.1,89.5,334,0.399,0.846
2026-01-10T00:07:08.301Z,0.9,28,49.8,12.8,89.0,218,0.370,0.928
2026-01-10T00:07:08.301Z,0.95,16,44.5,12.8,86.0,133,0.403,0.961
2026-01-10T00:08:08.302Z,0.8,70,58.5,4.1,89.5,334,0.399,0.846
2026-01-10T00:08:08.302Z,0.9,28,49.8,12.8,89.0,218,0.370,0.928
2026-01-10T00:08:08.302Z,0.95,16,44.5,12.8,86.0,133,0.403,0.961
2026-01-10T00:09:08.305Z,0.8,70,58.5,4.1,89.5,334,0.399,0.846
2026-01-10T00:09:08.305Z,0.9,28,49.8,12.8,89.0,218,0.370,0.928
2026-01-10T00:09:08.305Z,0.95,16,44.5,12.8,86.0,133,0.403,0.961
2026-01-10T00:10:08.307Z,0.8,70,58.5,4.1,89.5,334,0.399,0.846
2026-01-10T00:10:08.307Z,0.9,28,49.8,12.8,89.0,218,0.370,0.928
2026-01-10T00:10:08.307Z,0.95,16,44.5,12.8,86.0,133,0.403,0.961
2026-01-10T00:11:08.309Z,0.8,70,58.5,4.1,89.5,334,0.399,0.846
2026-01-10T00:11:08.309Z,0.9,28,49.8,12.8,89.0,218,0.370,0.928
2026-01-10T00:11:08.309Z,0.95,16,44.5,12.8,86.0,133,0.403,0.961
2026-01-10T00:12:08.309Z,0.8,70,58.5,4.1,89.5,334,0.399,0.846
2026-01-10T00:12:08.309Z,0.9,28,49.8,12.8,89.0,218,0.370,0.928
2026-01-10T00:12:08.309Z,0.95,16,44.5,12.8,86.0,133,0.403,0.961
2026-01-10T00:13:08.310Z,0.8,71,58.9,4.1,89.5,332,0.397,0.846
2026-01-10T00:13:08.310Z,0.9,30,51.6,12.8,89.0,212,0.365,0.926
2026-01-10T00:13:08.310Z,0.95,17,46.0,12.8,86.0,132,0.394,0.961
2026-01-10T00:14:08.310Z,0.8,71,58.9,4.1,89.5,332,0.397,0.846
2026-01-10T00:14:08.310Z,0.9,31,51.7,12.8,89.0,208,0.363,0.926
2026-01-10T00:14:08.310Z,0.95,18,47.1,12.8,86.0,131,0.388,0.960
2026-01-10T00:15:08.310Z,0.8,71,58.9,4.1,89.5,332,0.397,0.846
2026-01-10T00:15:08.310Z,0.9,31,51.7,12.8,89.0,208,0.363,0.926
2026-01-10T00:15:08.310Z,0.95,18,47.1,12.8,86.0,131,0.388,0.960
2026-01-10T00:16:08.311Z,0.8,71,58.9,4.1,89.5,332,0.397,0.846
2026-01-10T00:16:08.311Z,0.9,31,51.7,12.8,89.0,208,0.363,0.926
2026-01-10T00:16:08.311Z,0.95,18,47.1,12.8,86.0,131,0.388,0.960
2026-01-10T00:17:08.311Z,0.8,71,58.9,4.1,89.5,332,0.397,0.846
2026-01-10T00:17:08.311Z,0.9,31,51.7,12.8,89.0,208,0.363,0.926
2026-01-10T00:17:08.311Z,0.95,18,47.1,12.8,86.0,131,0.388,0.960
2026-01-10T00:18:08.311Z,0.8,71,58.9,4.1,89.5,332,0.397,0.846
2026-01-10T00:18:08.311Z,0.9,31,51.7,12.8,89.0,208,0.363,0.926
2026-01-10T00:18:08.311Z,0.95,18,47.1,12.8,86.0,131,0.388,0.960
2026-01-10T00:19:08.313Z,0.8,71,58.9,4.1,89.5,332,0.397,0.846
2026-01-10T00:19:08.313Z,0.9,31,51.7,12.8,89.0,208,0.363,0.926
2026-01-10T00:19:08.313Z,0.95,18,47.1,12.8,86.0,131,0.388,0.960
2026-01-10T00:20:08.314Z,0.8,71,58.9,4.1,89.5,332,0.397,0.846
2026-01-10T00:20:08.314Z,0.9,31,51.7,12.8,89.0,208,0.363,0.926
2026-01-10T00:20:08.314Z,0.95,18,47.1,12.8,86.0,131,0.388,0.960
2026-01-10T00:21:08.316Z,0.8,71,58.9,4.1,89.5,332,0.397,0.846
2026-01-10T00:21:08.316Z,0.9,31,51.7,12.8,89.0,208,0.363,0.926
2026-01-10T00:21:08.316Z,0.95,18,47.1,12.8,86.0,131,0.388,0.960
2026-01-10T00:22:08.316Z,0.8,71,58.9,4.1,89.5,332,0.397,0.846
2026-01-10T00:22:08.316Z,0.9,31,51.7,12.8,89.0,208,0.363,0.926
2026-01-10T00:22:08.316Z,0.95,18,47.1,12.8,86.0,131,0.388,0.960
2026-01-10T00:23:08.318Z,0.8,71,58.9,4.1,89.5,332,0.397,0.846
2026-01-10T00:23:08.318Z,0.9,31,51.7,12.8,89.0,208,0.363,0.926
2026-01-10T00:23:08.318Z,0.95,18,47.1,12.8,86.0,131,0.388,0.960
2026-01-10T00:24:08.318Z,0.8,71,58.9,4.1,89.5,332,0.397,0.846
2026-01-10T00:24:08.318Z,0.9,31,51.7,12.8,89.0,208,0.363,0.926
2026-01-10T00:24:08.318Z,0.95,18,47.1,12.8,86.0,131,0.388,0.960
2026-01-10T00:25:08.318Z,0.8,71,58.9,4.1,89.5,332,0.397,0.846
2026-01-10T00:25:08.318Z,0.9,31,51.7,12.8,89.0,208,0.363,0.926
2026-01-10T00:25:08.318Z,0.95,18,47.1,12.8,86.0,131,0.388,0.960
2026-01-10T00:26:08.320Z,0.8,72,59.3,4.1,89.5,330,0.399,0.847
2026-01-10T00:26:08.320Z,0.9,37,54.6,12.8,89.0,218,0.383,0.928
2026-01-10T00:26:08.320Z,0.95,19,48.0,12.8,86.0,138,0.394,0.959
2026-01-10T00:27:08.321Z,0.8,72,59.3,4.1,89.5,330,0.399,0.847
2026-01-10T00:27:08.321Z,0.9,37,54.6,12.8,89.0,218,0.383,0.928
2026-01-10T00:27:08.321Z,0.95,19,48.0,12.8,86.0,138,0.394,0.959
2026-01-10T00:28:08.323Z,0.8,72,59.3,4.1,89.5,330,0.399,0.847
2026-01-10T00:28:08.323Z,0.9,37,54.6,12.8,89.0,218,0.383,0.928
2026-01-10T00:28:08.323Z,0.95,19,48.0,12.8,86.0,138,0.394,0.959
2026-01-10T00:29:08.324Z,0.8,72,59.3,4.1,89.5,330,0.399,0.847
2026-01-10T00:29:08.324Z,0.9,37,54.6,12.8,89.0,218,0.383,0.928
2026-01-10T00:29:08.324Z,0.95,19,48.0,12.8,86.0,138,0.394,0.959
2026-01-10T00:30:08.326Z,0.8,74,58.1,4.1,89.5,322,0.401,0.849
2026-01-10T00:30:08.326Z,0.9,39,52.2,3.9,89.0,207,0.388,0.930
2026-01-10T00:30:08.326Z,0.95,21,44.1,3.9,86.0,126,0.402,0.960
2026-01-10T00:31:08.328Z,0.8,74,58.1,4.1,89.5,322,0.401,0.849
2026-01-10T00:31:08.328Z,0.9,39,52.2,3.9,89.0,207,0.388,0.930
2026-01-10T00:31:08.328Z,0.95,21,44.1,3.9,86.0,126,0.402,0.960
2026-01-10T00:32:08.325Z,0.8,74,58.1,4.1,89.5,322,0.401,0.849
2026-01-10T00:32:08.325Z,0.9,39,52.2,3.9,89.0,207,0.388,0.930
2026-01-10T00:32:08.325Z,0.95,21,44.1,3.9,86.0,126,0.402,0.960
2026-01-10T00:33:08.327Z,0.8,74,58.1,4.1,89.5,322,0.401,0.849
2026-01-10T00:33:08.327Z,0.9,39,52.2,3.9,89.0,207,0.388,0.930
2026-01-10T00:33:08.327Z,0.95,21,44.1,3.9,86.0,126,0.402,0.960
2026-01-10T00:34:08.329Z,0.8,74,58.1,4.1,89.5,322,0.401,0.849
2026-01-10T00:34:08.329Z,0.9,39,52.2,3.9,89.0,207,0.388,0.930
2026-01-10T00:34:08.329Z,0.95,21,44.1,3.9,86.0,126,0.402,0.960
2026-01-10T00:35:08.328Z,0.8,74,58.1,4.1,89.5,322,0.401,0.849
2026-01-10T00:35:08.328Z,0.9,39,52.2,3.9,89.0,207,0.388,0.930
2026-01-10T00:35:08.328Z,0.95,21,44.1,3.9,86.0,126,0.402,0.960
2026-01-10T00:36:08.334Z,0.8,74,58.1,4.1,89.5,322,0.401,0.849
2026-01-10T00:36:08.334Z,0.9,39,52.2,3.9,89.0,207,0.388,0.930
2026-01-10T00:36:08.334Z,0.95,21,44.1,3.9,86.0,126,0.402,0.960
2026-01-10T00:37:08.330Z,0.8,74,58.1,4.1,89.5,322,0.401,0.849
2026-01-10T00:37:08.330Z,0.9,39,52.2,3.9,89.0,207,0.388,0.930
2026-01-10T00:37:08.330Z,0.95,21,44.1,3.9,86.0,126,0.402,0.960
2026-01-10T00:38:08.334Z,0.8,74,58.1,4.1,89.5,322,0.401,0.849
2026-01-10T00:38:08.334Z,0.9,39,52.2,3.9,89.0,207,0.388,0.930
2026-01-10T00:38:08.334Z,0.95,21,44.1,3.9,86.0,126,0.402,0.960
2026-01-10T00:39:08.333Z,0.8,74,58.1,4.1,89.5,322,0.401,0.849
2026-01-10T00:39:08.333Z,0.9,39,52.2,3.9,89.0,207,0.388,0.930
2026-01-10T00:39:08.333Z,0.95,21,44.1,3.9,86.0,126,0.402,0.960
2026-01-10T00:40:08.333Z,0.8,74,58.1,4.1,89.5,322,0.401,0.849
2026-01-10T00:40:08.333Z,0.9,39,52.2,3.9,89.0,207,0.388,0.930
2026-01-10T00:40:08.333Z,0.95,21,44.1,3.9,86.0,126,0.402,0.960
2026-01-10T00:41:08.333Z,0.8,74,58.1,4.1,89.5,322,0.401,0.849
2026-01-10T00:41:08.333Z,0.9,39,52.2,3.9,89.0,207,0.388,0.930
2026-01-10T00:41:08.333Z,0.95,21,44.1,3.9,86.0,126,0.402,0.960
2026-01-10T00:42:08.334Z,0.8,75,58.3,4.1,89.5,320,0.402,0.850
2026-01-10T00:42:08.334Z,0.9,40,52.8,3.9,89.0,208,0.390,0.929
2026-01-10T00:42:08.334Z,0.95,21,44.1,3.9,86.0,126,0.402,0.960
2026-01-10T00:43:08.337Z,0.8,75,58.3,4.1,89.5,320,0.402,0.850
2026-01-10T00:43:08.337Z,0.9,40,52.8,3.9,89.0,208,0.390,0.929
2026-01-10T00:43:08.337Z,0.95,21,44.1,3.9,86.0,126,0.402,0.960
2026-01-10T00:44:08.335Z,0.8,75,58.3,4.1,89.5,320,0.402,0.850
2026-01-10T00:44:08.335Z,0.9,40,52.8,3.9,89.0,208,0.390,0.929
2026-01-10T00:44:08.335Z,0.95,21,44.1,3.9,86.0,126,0.402,0.960
2026-01-10T00:45:08.337Z,0.8,75,58.3,4.1,89.5,320,0.402,0.850
2026-01-10T00:45:08.337Z,0.9,40,52.8,3.9,89.0,208,0.390,0.929
2026-01-10T00:45:08.337Z,0.95,21,44.1,3.9,86.0,126,0.402,0.960
2026-01-10T00:46:08.339Z,0.8,75,58.3,4.1,89.5,320,0.402,0.850
2026-01-10T00:46:08.339Z,0.9,40,52.8,3.9,89.0,208,0.390,0.929
2026-01-10T00:46:08.339Z,0.95,21,44.1,3.9,86.0,126,0.402,0.960
2026-01-10T00:47:08.342Z,0.8,75,58.3,4.1,89.5,320,0.402,0.850
2026-01-10T00:47:08.342Z,0.9,40,52.8,3.9,89.0,208,0.390,0.929
2026-01-10T00:47:08.342Z,0.95,21,44.1,3.9,86.0,126,0.402,0.960
2026-01-10T00:48:08.340Z,0.8,75,58.3,4.1,89.5,320,0.402,0.850
2026-01-10T00:48:08.340Z,0.9,40,52.8,3.9,89.0,208,0.390,0.929
2026-01-10T00:48:08.340Z,0.95,21,44.1,3.9,86.0,126,0.402,0.960
2026-01-10T00:49:08.341Z,0.8,75,58.3,4.1,89.5,320,0.402,0.850
2026-01-10T00:49:08.341Z,0.9,40,52.8,3.9,89.0,208,0.390,0.929
2026-01-10T00:49:08.341Z,0.95,21,44.1,3.9,86.0,126,0.402,0.960
2026-01-10T00:50:08.342Z,0.8,75,58.3,4.1,89.5,320,0.402,0.850
2026-01-10T00:50:08.342Z,0.9,40,52.8,3.9,89.0,208,0.390,0.929
2026-01-10T00:50:08.342Z,0.95,21,44.1,3.9,86.0,126,0.402,0.960
2026-01-10T00:51:08.344Z,0.8,75,58.3,4.1,89.5,320,0.402,0.850
2026-01-10T00:51:08.344Z,0.9,40,52.8,3.9,89.0,208,0.390,0.929
2026-01-10T00:51:08.344Z,0.95,21,44.1,3.9,86.0,126,0.402,0.960
2026-01-10T00:52:08.343Z,0.8,75,58.3,4.1,89.5,320,0.402,0.850
2026-01-10T00:52:08.343Z,0.9,40,52.8,3.9,89.0,208,0.390,0.929
2026-01-10T00:52:08.343Z,0.95,21,44.1,3.9,86.0,126,0.402,0.960
2026-01-10T00:53:08.344Z,0.8,75,58.3,4.1,89.5,320,0.402,0.850
2026-01-10T00:53:08.344Z,0.9,40,52.8,3.9,89.0,208,0.390,0.929
2026-01-10T00:53:08.344Z,0.95,21,44.1,3.9,86.0,126,0.402,0.960
2026-01-10T00:54:08.343Z,0.8,75,58.3,4.1,89.5,320,0.402,0.850
2026-01-10T00:54:08.343Z,0.9,40,52.8,3.9,89.0,208,0.390,0.929
2026-01-10T00:54:08.343Z,0.95,21,44.1,3.9,86.0,126,0.402,0.960
2026-01-10T00:55:08.344Z,0.8,75,58.3,4.1,89.5,320,0.402,0.850
2026-01-10T00:55:08.344Z,0.9,40,52.8,3.9,89.0,208,0.390,0.929
2026-01-10T00:55:08.344Z,0.95,21,44.1,3.9,86.0,126,0.402,0.960
2026-01-10T00:56:08.345Z,0.8,75,58.3,4.1,89.5,320,0.402,0.850
2026-01-10T00:56:08.345Z,0.9,40,52.8,3.9,89.0,208,0.390,0.929
2026-01-10T00:56:08.345Z,0.95,21,44.1,3.9,86.0,126,0.402,0.960
2026-01-10T00:57:08.346Z,0.8,75,58.3,4.1,89.5,320,0.402,0.850
2026-01-10T00:57:08.346Z,0.9,40,52.8,3.9,89.0,208,0.390,0.929
2026-01-10T00:57:08.346Z,0.95,21,44.1,3.9,86.0,126,0.402,0.960
2026-01-10T00:58:08.346Z,0.8,80,58.2,4.1,89.5,309,0.407,0.854
2026-01-10T00:58:08.346Z,0.9,45,53.3,3.9,89.0,199,0.401,0.928
2026-01-10T00:58:08.346Z,0.95,22,45.0,3.9,86.0,126,0.406,0.960
2026-01-10T00:59:08.349Z,0.8,80,58.2,4.1,89.5,309,0.407,0.854
2026-01-10T00:59:08.349Z,0.9,45,53.3,3.9,89.0,199,0.401,0.928
2026-01-10T00:59:08.349Z,0.95,22,45.0,3.9,86.0,126,0.406,0.960
2026-01-10T01:00:08.348Z,0.8,80,58.2,4.1,89.5,309,0.407,0.854
2026-01-10T01:00:08.348Z,0.9,45,53.3,3.9,89.0,199,0.401,0.928
2026-01-10T01:00:08.348Z,0.95,22,45.0,3.9,86.0,126,0.406,0.960
2026-01-10T01:01:08.348Z,0.8,80,58.2,4.1,89.5,309,0.407,0.854
2026-01-10T01:01:08.348Z,0.9,45,53.3,3.9,89.0,199,0.401,0.928
2026-01-10T01:01:08.348Z,0.95,22,45.0,3.9,86.0,126,0.406,0.960
2026-01-10T01:02:08.351Z,0.8,80,58.2,4.1,89.5,309,0.407,0.854
2026-01-10T01:02:08.351Z,0.9,45,53.3,3.9,89.0,199,0.401,0.928
2026-01-10T01:02:08.351Z,0.95,22,45.0,3.9,86.0,126,0.406,0.960
2026-01-10T01:03:08.350Z,0.8,80,58.2,4.1,89.5,309,0.407,0.854
2026-01-10T01:03:08.350Z,0.9,45,53.3,3.9,89.0,199,0.401,0.928
2026-01-10T01:03:08.350Z,0.95,22,45.0,3.9,86.0,126,0.406,0.960
2026-01-10T01:04:08.351Z,0.8,80,58.2,4.1,89.5,309,0.407,0.854
2026-01-10T01:04:08.351Z,0.9,45,53.3,3.9,89.0,199,0.401,0.928
2026-01-10T01:04:08.351Z,0.95,22,45.0,3.9,86.0,126,0.406,0.960
2026-01-10T01:05:08.352Z,0.8,80,58.2,4.1,89.5,309,0.407,0.854
2026-01-10T01:05:08.352Z,0.9,45,53.3,3.9,89.0,199,0.401,0.928
2026-01-10T01:05:08.352Z,0.95,22,45.0,3.9,86.0,126,0.406,0.960
2026-01-10T01:06:08.364Z,0.8,80,58.2,4.1,89.5,309,0.407,0.854
2026-01-10T01:06:08.364Z,0.9,45,53.3,3.9,89.0,199,0.401,0.928
2026-01-10T01:06:08.364Z,0.95,22,45.0,3.9,86.0,126,0.406,0.960
2026-01-10T01:07:08.357Z,0.8,80,58.2,4.1,89.5,309,0.407,0.854
2026-01-10T01:07:08.357Z,0.9,45,53.3,3.9,89.0,199,0.401,0.928
2026-01-10T01:07:08.357Z,0.95,22,45.0,3.9,86.0,126,0.406,0.960
2026-01-10T01:08:08.355Z,0.8,80,58.2,4.1,89.5,309,0.407,0.854
2026-01-10T01:08:08.355Z,0.9,45,53.3,3.9,89.0,199,0.401,0.928
2026-01-10T01:08:08.355Z,0.95,22,45.0,3.9,86.0,126,0.406,0.960
2026-01-10T01:09:08.356Z,0.8,80,58.2,4.1,89.5,309,0.407,0.854
2026-01-10T01:09:08.356Z,0.9,45,53.3,3.9,89.0,199,0.401,0.928
2026-01-10T01:09:08.356Z,0.95,22,45.0,3.9,86.0,126,0.406,0.960
2026-01-10T01:10:08.357Z,0.8,80,58.2,4.1,89.5,309,0.407,0.854
2026-01-10T01:10:08.357Z,0.9,45,53.3,3.9,89.0,199,0.401,0.928
2026-01-10T01:10:08.357Z,0.95,22,45.0,3.9,86.0,126,0.406,0.960
2026-01-10T01:11:08.358Z,0.8,80,58.2,4.1,89.5,309,0.407,0.854
2026-01-10T01:11:08.358Z,0.9,45,53.3,3.9,89.0,199,0.401,0.928
2026-01-10T01:11:08.358Z,0.95,22,45.0,3.9,86.0,126,0.406,0.960
2026-01-10T01:12:08.364Z,0.8,81,58.0,4.1,89.5,307,0.406,0.853
2026-01-10T01:12:08.364Z,0.9,45,53.3,3.9,89.0,199,0.401,0.928
2026-01-10T01:12:08.364Z,0.95,22,45.0,3.9,86.0,126,0.406,0.960
2026-01-10T01:13:08.362Z,0.8,82,58.3,4.1,89.5,305,0.403,0.853
2026-01-10T01:13:08.362Z,0.9,45,53.3,3.9,89.0,199,0.401,0.928
2026-01-10T01:13:08.362Z,0.95,22,45.0,3.9,86.0,126,0.406,0.960
2026-01-10T01:14:08.363Z,0.8,83,58.7,4.1,89.5,302,0.401,0.852
2026-01-10T01:14:08.363Z,0.9,46,54.1,3.9,89.7,197,0.397,0.927
2026-01-10T01:14:08.363Z,0.95,23,46.9,3.9,88.9,124,0.407,0.960
2026-01-10T01:15:08.365Z,0.8,83,58.7,4.1,89.5,302,0.401,0.852
2026-01-10T01:15:08.365Z,0.9,46,54.1,3.9,89.7,197,0.397,0.927
2026-01-10T01:15:08.365Z,0.95,23,46.9,3.9,88.9,124,0.407,0.960
2026-01-10T01:16:08.364Z,0.8,83,58.7,4.1,89.5,302,0.401,0.852
2026-01-10T01:16:08.364Z,0.9,46,54.1,3.9,89.7,197,0.397,0.927
2026-01-10T01:16:08.364Z,0.95,23,46.9,3.9,88.9,124,0.407,0.960
2026-01-10T01:17:08.365Z,0.8,83,58.7,4.1,89.5,302,0.401,0.852
2026-01-10T01:17:08.365Z,0.9,46,54.1,3.9,89.7,197,0.397,0.927
2026-01-10T01:17:08.365Z,0.95,23,46.9,3.9,88.9,124,0.407,0.960
2026-01-10T01:18:08.366Z,0.8,83,58.7,4.1,89.5,302,0.401,0.852
2026-01-10T01:18:08.366Z,0.9,46,54.1,3.9,89.7,197,0.397,0.927
2026-01-10T01:18:08.366Z,0.95,23,46.9,3.9,88.9,124,0.407,0.960
2026-01-10T01:19:08.368Z,0.8,83,58.7,4.1,89.5,302,0.401,0.852
2026-01-10T01:19:08.368Z,0.9,46,54.1,3.9,89.7,197,0.397,0.927
2026-01-10T01:19:08.368Z,0.95,23,46.9,3.9,88.9,124,0.407,0.960
2026-01-10T01:20:08.371Z,0.8,83,58.7,4.1,89.5,302,0.401,0.852
2026-01-10T01:20:08.371Z,0.9,46,54.1,3.9,89.7,197,0.397,0.927
2026-01-10T01:20:08.371Z,0.95,23,46.9,3.9,88.9,124,0.407,0.960
2026-01-10T01:21:08.372Z,0.8,83,58.7,4.1,89.5,302,0.401,0.852
2026-01-10T01:21:08.372Z,0.9,46,54.1,3.9,89.7,197,0.397,0.927
2026-01-10T01:21:08.372Z,0.95,23,46.9,3.9,88.9,124,0.407,0.960
2026-01-10T01:22:08.374Z,0.8,83,58.7,4.1,89.5,302,0.401,0.852
2026-01-10T01:22:08.374Z,0.9,46,54.1,3.9,89.7,197,0.397,0.927
2026-01-10T01:22:08.374Z,0.95,23,46.9,3.9,88.9,124,0.407,0.960
2026-01-10T01:23:08.374Z,0.8,84,59.0,4.1,89.7,304,0.402,0.851
2026-01-10T01:23:08.374Z,0.9,46,54.1,3.9,89.7,197,0.397,0.927
2026-01-10T01:23:08.374Z,0.95,23,46.9,3.9,88.9,124,0.407,0.960
2026-01-10T01:24:08.374Z,0.8,84,59.0,4.1,89.7,304,0.402,0.851
2026-01-10T01:24:08.374Z,0.9,46,54.1,3.9,89.7,197,0.397,0.927
2026-01-10T01:24:08.374Z,0.95,23,46.9,3.9,88.9,124,0.407,0.960
2026-01-10T01:25:08.374Z,0.8,84,59.0,4.1,89.7,304,0.402,0.851
2026-01-10T01:25:08.374Z,0.9,46,54.1,3.9,89.7,197,0.397,0.927
2026-01-10T01:25:08.374Z,0.95,23,46.9,3.9,88.9,124,0.407,0.960
2026-01-10T01:26:08.376Z,0.8,85,59.0,4.1,89.7,304,0.403,0.851
2026-01-10T01:26:08.376Z,0.9,46,54.1,3.9,89.7,197,0.397,0.927
2026-01-10T01:26:08.376Z,0.95,23,46.9,3.9,88.9,124,0.407,0.960
2026-01-10T01:27:08.381Z,0.8,85,59.0,4.1,89.7,304,0.403,0.851
2026-01-10T01:27:08.381Z,0.9,46,54.1,3.9,89.7,197,0.397,0.927
2026-01-10T01:27:08.381Z,0.95,23,46.9,3.9,88.9,124,0.407,0.960
2026-01-10T01:28:08.377Z,0.8,85,59.0,4.1,89.7,304,0.403,0.851
2026-01-10T01:28:08.377Z,0.9,46,54.1,3.9,89.7,197,0.397,0.927
2026-01-10T01:28:08.377Z,0.95,23,46.9,3.9,88.9,124,0.407,0.960
2026-01-10T01:29:08.379Z,0.8,85,59.0,4.1,89.7,304,0.403,0.851
2026-01-10T01:29:08.379Z,0.9,46,54.1,3.9,89.7,197,0.397,0.927
2026-01-10T01:29:08.379Z,0.95,23,46.9,3.9,88.9,124,0.407,0.960
2026-01-10T01:30:08.382Z,0.8,86,58.9,4.1,89.7,300,0.399,0.850
2026-01-10T01:30:08.382Z,0.9,46,54.1,3.9,89.7,197,0.397,0.927
2026-01-10T01:30:08.382Z,0.95,23,46.9,3.9,88.9,124,0.407,0.960
2026-01-10T01:31:08.379Z,0.8,86,58.9,4.1,89.7,300,0.399,0.850
2026-01-10T01:31:08.379Z,0.9,46,54.1,3.9,89.7,197,0.397,0.927
2026-01-10T01:31:08.379Z,0.95,23,46.9,3.9,88.9,124,0.407,0.960
2026-01-10T01:32:08.383Z,0.8,86,58.9,4.1,89.7,300,0.399,0.850
2026-01-10T01:32:08.383Z,0.9,46,54.1,3.9,89.7,197,0.397,0.927
2026-01-10T01:32:08.383Z,0.95,23,46.9,3.9,88.9,124,0.407,0.960
2026-01-10T01:33:08.383Z,0.8,86,58.9,4.1,89.7,300,0.399,0.850
2026-01-10T01:33:08.383Z,0.9,46,54.1,3.9,89.7,197,0.397,0.927
2026-01-10T01:33:08.383Z,0.95,23,46.9,3.9,88.9,124,0.407,0.960
2026-01-10T01:34:08.387Z,0.8,86,58.9,4.1,89.7,300,0.399,0.850
2026-01-10T01:34:08.387Z,0.9,46,54.1,3.9,89.7,197,0.397,0.927
2026-01-10T01:34:08.387Z,0.95,23,46.9,3.9,88.9,124,0.407,0.960
2026-01-10T01:35:08.384Z,0.8,86,58.9,4.1,89.7,300,0.399,0.850
2026-01-10T01:35:08.384Z,0.9,46,54.1,3.9,89.7,197,0.397,0.927
2026-01-10T01:35:08.384Z,0.95,23,46.9,3.9,88.9,124,0.407,0.960
2026-01-10T01:36:08.383Z,0.8,86,58.9,4.1,89.7,300,0.399,0.850
2026-01-10T01:36:08.383Z,0.9,46,54.1,3.9,89.7,197,0.397,0.927
2026-01-10T01:36:08.383Z,0.95,23,46.9,3.9,88.9,124,0.407,0.960
2026-01-10T01:37:08.382Z,0.8,86,58.9,4.1,89.7,300,0.399,0.850
2026-01-10T01:37:08.382Z,0.9,46,54.1,3.9,89.7,197,0.397,0.927
2026-01-10T01:37:08.382Z,0.95,23,46.9,3.9,88.9,124,0.407,0.960
2026-01-10T01:38:08.385Z,0.8,86,58.9,4.1,89.7,300,0.399,0.850
2026-01-10T01:38:08.385Z,0.9,46,54.1,3.9,89.7,197,0.397,0.927
2026-01-10T01:38:08.385Z,0.95,23,46.9,3.9,88.9,124,0.407,0.960
2026-01-10T01:39:08.384Z,0.8,86,58.9,4.1,89.7,300,0.399,0.850
2026-01-10T01:39:08.384Z,0.9,46,54.1,3.9,89.7,197,0.397,0.927
2026-01-10T01:39:08.384Z,0.95,23,46.9,3.9,88.9,124,0.407,0.960
2026-01-10T01:40:08.390Z,0.8,86,58.9,4.1,89.7,300,0.399,0.850
2026-01-10T01:40:08.390Z,0.9,46,54.1,3.9,89.7,197,0.397,0.927
2026-01-10T01:40:08.390Z,0.95,23,46.9,3.9,88.9,124,0.407,0.960
2026-01-10T01:41:08.389Z,0.8,86,58.9,4.1,89.7,300,0.399,0.850
2026-01-10T01:41:08.389Z,0.9,46,54.1,3.9,89.7,197,0.397,0.927
2026-01-10T01:41:08.389Z,0.95,23,46.9,3.9,88.9,124,0.407,0.960
2026-01-10T01:42:08.389Z,0.8,86,58.9,4.1,89.7,300,0.399,0.850
2026-01-10T01:42:08.389Z,0.9,46,54.1,3.9,89.7,197,0.397,0.927
2026-01-10T01:42:08.389Z,0.95,23,46.9,3.9,88.9,124,0.407,0.960
2026-01-10T01:43:08.389Z,0.8,86,58.9,4.1,89.7,300,0.399,0.850
2026-01-10T01:43:08.389Z,0.9,46,54.1,3.9,89.7,197,0.397,0.927
2026-01-10T01:43:08.389Z,0.95,23,46.9,3.9,88.9,124,0.407,0.960
2026-01-10T01:44:08.390Z,0.8,86,58.9,4.1,89.7,300,0.399,0.850
2026-01-10T01:44:08.390Z,0.9,46,54.1,3.9,89.7,197,0.397,0.927
2026-01-10T01:44:08.390Z,0.95,23,46.9,3.9,88.9,124,0.407,0.960
2026-01-10T01:45:08.394Z,0.8,86,58.9,4.1,89.7,300,0.399,0.850
2026-01-10T01:45:08.394Z,0.9,46,54.1,3.9,89.7,197,0.397,0.927
2026-01-10T01:45:08.394Z,0.95,23,46.9,3.9,88.9,124,0.407,0.960
2026-01-10T01:46:08.394Z,0.8,86,58.9,4.1,89.7,300,0.399,0.850
2026-01-10T01:46:08.394Z,0.9,46,54.1,3.9,89.7,197,0.397,0.927
2026-01-10T01:46:08.394Z,0.95,23,46.9,3.9,88.9,124,0.407,0.960
2026-01-10T01:47:08.395Z,0.8,86,58.9,4.1,89.7,300,0.399,0.850
2026-01-10T01:47:08.395Z,0.9,46,54.1,3.9,89.7,197,0.397,0.927
2026-01-10T01:47:08.395Z,0.95,23,46.9,3.9,88.9,124,0.407,0.960
2026-01-10T01:48:08.398Z,0.8,86,58.9,4.1,89.7,300,0.399,0.850
2026-01-10T01:48:08.398Z,0.9,46,54.1,3.9,89.7,197,0.397,0.927
2026-01-10T01:48:08.398Z,0.95,23,46.9,3.9,88.9,124,0.407,0.960
2026-01-10T01:49:08.398Z,0.8,86,58.9,4.1,89.7,300,0.399,0.850
2026-01-10T01:49:08.398Z,0.9,46,54.1,3.9,89.7,197,0.397,0.927
2026-01-10T01:49:08.398Z,0.95,23,46.9,3.9,88.9,124,0.407,0.960
2026-01-10T01:50:08.402Z,0.8,86,58.9,4.1,89.7,300,0.399,0.850
2026-01-10T01:50:08.402Z,0.9,46,54.1,3.9,89.7,197,0.397,0.927
2026-01-10T01:50:08.402Z,0.95,23,46.9,3.9,88.9,124,0.407,0.960
2026-01-10T01:51:08.402Z,0.8,86,58.9,4.1,89.7,300,0.399,0.850
2026-01-10T01:51:08.402Z,0.9,46,54.1,3.9,89.7,197,0.397,0.927
2026-01-10T01:51:08.402Z,0.95,23,46.9,3.9,88.9,124,0.407,0.960
2026-01-10T01:52:08.405Z,0.8,87,59.1,4.1,89.7,303,0.400,0.850
2026-01-10T01:52:08.405Z,0.9,46,54.1,3.9,89.7,197,0.397,0.927
2026-01-10T01:52:08.405Z,0.95,23,46.9,3.9,88.9,124,0.407,0.960
2026-01-10T01:53:08.404Z,0.8,88,59.4,4.1,89.7,305,0.401,0.849
2026-01-10T01:53:08.404Z,0.9,46,54.1,3.9,89.7,197,0.397,0.927
2026-01-10T01:53:08.404Z,0.95,23,46.9,3.9,88.9,124,0.407,0.960
2026-01-10T01:54:08.405Z,0.8,88,59.4,4.1,89.7,305,0.401,0.849
2026-01-10T01:54:08.405Z,0.9,46,54.1,3.9,89.7,197,0.397,0.927
2026-01-10T01:54:08.405Z,0.95,23,46.9,3.9,88.9,124,0.407,0.960
2026-01-10T01:55:08.406Z,0.8,88,59.4,4.1,89.7,305,0.401,0.849
2026-01-10T01:55:08.406Z,0.9,47,54.8,3.9,89.7,199,0.398,0.926
2026-01-10T01:55:08.406Z,0.95,23,46.9,3.9,88.9,124,0.407,0.960
2026-01-10T01:56:08.406Z,0.8,88,59.4,4.1,89.7,305,0.401,0.849
2026-01-10T01:56:08.406Z,0.9,49,55.6,3.9,89.7,202,0.397,0.925
2026-01-10T01:56:08.406Z,0.95,23,46.9,3.9,88.9,124,0.407,0.960
2026-01-10T01:57:08.407Z,0.8,88,59.4,4.1,89.7,305,0.401,0.849
2026-01-10T01:57:08.407Z,0.9,49,55.6,3.9,89.7,202,0.397,0.925
2026-01-10T01:57:08.407Z,0.95,23,46.9,3.9,88.9,124,0.407,0.960
2026-01-10T01:58:08.411Z,0.8,88,59.4,4.1,89.7,305,0.401,0.849
2026-01-10T01:58:08.411Z,0.9,49,55.6,3.9,89.7,202,0.397,0.925
2026-01-10T01:58:08.411Z,0.95,23,46.9,3.9,88.9,124,0.407,0.960
2026-01-10T01:59:08.409Z,0.8,88,59.4,4.1,89.7,305,0.401,0.849
2026-01-10T01:59:08.409Z,0.9,49,55.6,3.9,89.7,202,0.397,0.925
2026-01-10T01:59:08.409Z,0.95,23,46.9,3.9,88.9,124,0.407,0.960
2026-01-10T02:00:08.409Z,0.8,89,59.0,4.1,89.7,301,0.400,0.849
2026-01-10T02:00:08.409Z,0.9,49,55.6,3.9,89.7,202,0.397,0.925
2026-01-10T02:00:08.409Z,0.95,23,46.9,3.9,88.9,124,0.407,0.960
2026-01-10T02:01:08.409Z,0.8,89,59.0,4.1,89.7,301,0.400,0.849
2026-01-10T02:01:08.409Z,0.9,49,55.6,3.9,89.7,202,0.397,0.925
2026-01-10T02:01:08.409Z,0.95,23,46.9,3.9,88.9,124,0.407,0.960
2026-01-10T02:02:08.411Z,0.8,89,59.0,4.1,89.7,301,0.400,0.849
2026-01-10T02:02:08.411Z,0.9,49,55.6,3.9,89.7,202,0.397,0.925
2026-01-10T02:02:08.411Z,0.95,23,46.9,3.9,88.9,124,0.407,0.960
2026-01-10T02:03:08.414Z,0.8,89,59.0,4.1,89.7,301,0.400,0.849
2026-01-10T02:03:08.414Z,0.9,49,55.6,3.9,89.7,202,0.397,0.925
2026-01-10T02:03:08.414Z,0.95,23,46.9,3.9,88.9,124,0.407,0.960
2026-01-10T02:04:08.413Z,0.8,89,59.0,4.1,89.7,301,0.400,0.849
2026-01-10T02:04:08.413Z,0.9,49,55.6,3.9,89.7,202,0.397,0.925
2026-01-10T02:04:08.413Z,0.95,23,46.9,3.9,88.9,124,0.407,0.960
2026-01-10T02:05:08.416Z,0.8,89,59.0,4.1,89.7,301,0.400,0.849
2026-01-10T02:05:08.416Z,0.9,49,55.6,3.9,89.7,202,0.397,0.925
2026-01-10T02:05:08.416Z,0.95,23,46.9,3.9,88.9,124,0.407,0.960
2026-01-10T02:06:08.420Z,0.8,89,59.0,4.1,89.7,301,0.400,0.849
2026-01-10T02:06:08.420Z,0.9,49,55.6,3.9,89.7,202,0.397,0.925
2026-01-10T02:06:08.420Z,0.95,23,46.9,3.9,88.9,124,0.407,0.960
2026-01-10T02:07:08.418Z,0.8,89,59.0,4.1,89.7,301,0.400,0.849
2026-01-10T02:07:08.418Z,0.9,49,55.6,3.9,89.7,202,0.397,0.925
2026-01-10T02:07:08.418Z,0.95,23,46.9,3.9,88.9,124,0.407,0.960
2026-01-10T02:08:08.420Z,0.8,89,59.0,4.1,89.7,301,0.400,0.849
2026-01-10T02:08:08.420Z,0.9,49,55.6,3.9,89.7,202,0.397,0.925
2026-01-10T02:08:08.420Z,0.95,23,46.9,3.9,88.9,124,0.407,0.960
2026-01-10T02:09:08.421Z,0.8,89,59.0,4.1,89.7,301,0.400,0.849
2026-01-10T02:09:08.421Z,0.9,49,55.6,3.9,89.7,202,0.397,0.925
2026-01-10T02:09:08.421Z,0.95,23,46.9,3.9,88.9,124,0.407,0.960
2026-01-10T02:10:08.421Z,0.8,89,59.0,4.1,89.7,301,0.400,0.849
2026-01-10T02:10:08.421Z,0.9,49,55.6,3.9,89.7,202,0.397,0.925
2026-01-10T02:10:08.421Z,0.95,23,46.9,3.9,88.9,124,0.407,0.960
2026-01-10T02:11:08.426Z,0.8,89,59.0,4.1,89.7,301,0.400,0.849
2026-01-10T02:11:08.426Z,0.9,49,55.6,3.9,89.7,202,0.397,0.925
2026-01-10T02:11:08.426Z,0.95,23,46.9,3.9,88.9,124,0.407,0.960
2026-01-10T02:12:08.427Z,0.8,90,59.3,4.1,89.7,300,0.401,0.848
2026-01-10T02:12:08.427Z,0.9,49,55.6,3.9,89.7,202,0.397,0.925
2026-01-10T02:12:08.427Z,0.95,23,46.9,3.9,88.9,124,0.407,0.960
2026-01-10T02:13:08.425Z,0.8,91,59.5,4.1,89.7,298,0.400,0.849
2026-01-10T02:13:08.425Z,0.9,51,56.6,3.9,89.7,200,0.397,0.925
2026-01-10T02:13:08.425Z,0.95,23,46.9,3.9,88.9,124,0.407,0.960
2026-01-10T02:14:08.426Z,0.8,91,59.5,4.1,89.7,298,0.400,0.849
2026-01-10T02:14:08.426Z,0.9,51,56.6,3.9,89.7,200,0.397,0.925
2026-01-10T02:14:08.426Z,0.95,23,46.9,3.9,88.9,124,0.407,0.960
2026-01-10T02:15:08.430Z,0.8,91,59.5,4.1,89.7,298,0.400,0.849
2026-01-10T02:15:08.430Z,0.9,51,56.6,3.9,89.7,200,0.397,0.925
2026-01-10T02:15:08.430Z,0.95,23,46.9,3.9,88.9,124,0.407,0.960
2026-01-10T02:16:08.432Z,0.8,91,59.5,4.1,89.7,298,0.400,0.849
2026-01-10T02:16:08.432Z,0.9,51,56.6,3.9,89.7,200,0.397,0.925
2026-01-10T02:16:08.432Z,0.95,23,46.9,3.9,88.9,124,0.407,0.960
2026-01-10T02:17:08.431Z,0.8,91,59.5,4.1,89.7,298,0.400,0.849
2026-01-10T02:17:08.431Z,0.9,51,56.6,3.9,89.7,200,0.397,0.925
2026-01-10T02:17:08.431Z,0.95,23,46.9,3.9,88.9,124,0.407,0.960
2026-01-10T02:18:08.433Z,0.8,91,59.5,4.1,89.7,298,0.400,0.849
2026-01-10T02:18:08.433Z,0.9,51,56.6,3.9,89.7,200,0.397,0.925
2026-01-10T02:18:08.433Z,0.95,23,46.9,3.9,88.9,124,0.407,0.960
2026-01-10T02:19:08.434Z,0.8,91,59.5,4.1,89.7,298,0.400,0.849
2026-01-10T02:19:08.434Z,0.9,51,56.6,3.9,89.7,200,0.397,0.925
2026-01-10T02:19:08.434Z,0.95,23,46.9,3.9,88.9,124,0.407,0.960
2026-01-10T02:20:08.434Z,0.8,91,59.5,4.1,89.7,298,0.400,0.849
2026-01-10T02:20:08.434Z,0.9,51,56.6,3.9,89.7,200,0.397,0.925
2026-01-10T02:20:08.434Z,0.95,23,46.9,3.9,88.9,124,0.407,0.960
2026-01-10T02:21:08.437Z,0.8,91,59.5,4.1,89.7,298,0.400,0.849
2026-01-10T02:21:08.437Z,0.9,51,56.6,3.9,89.7,200,0.397,0.925
2026-01-10T02:21:08.437Z,0.95,23,46.9,3.9,88.9,124,0.407,0.960
2026-01-10T02:22:08.435Z,0.8,91,59.5,4.1,89.7,298,0.400,0.849
2026-01-10T02:22:08.435Z,0.9,51,56.6,3.9,89.7,200,0.397,0.925
2026-01-10T02:22:08.435Z,0.95,23,46.9,3.9,88.9,124,0.407,0.960
2026-01-10T02:23:08.436Z,0.8,91,59.5,4.1,89.7,298,0.400,0.849
2026-01-10T02:23:08.436Z,0.9,51,56.6,3.9,89.7,200,0.397,0.925
2026-01-10T02:23:08.436Z,0.95,23,46.9,3.9,88.9,124,0.407,0.960
2026-01-10T02:24:08.436Z,0.8,91,59.5,4.1,89.7,298,0.400,0.849
2026-01-10T02:24:08.436Z,0.9,51,56.6,3.9,89.7,200,0.397,0.925
2026-01-10T02:24:08.436Z,0.95,23,46.9,3.9,88.9,124,0.407,0.960
2026-01-10T02:25:08.437Z,0.8,91,59.5,4.1,89.7,298,0.400,0.849
2026-01-10T02:25:08.437Z,0.9,51,56.6,3.9,89.7,200,0.397,0.925
2026-01-10T02:25:08.437Z,0.95,23,46.9,3.9,88.9,124,0.407,0.960
2026-01-10T02:26:08.442Z,0.8,91,59.5,4.1,89.7,298,0.400,0.849
2026-01-10T02:26:08.442Z,0.9,51,56.6,3.9,89.7,200,0.397,0.925
2026-01-10T02:26:08.442Z,0.95,23,46.9,3.9,88.9,124,0.407,0.960
2026-01-10T02:27:08.440Z,0.8,91,59.5,4.1,89.7,298,0.400,0.849
2026-01-10T02:27:08.440Z,0.9,51,56.6,3.9,89.7,200,0.397,0.925
2026-01-10T02:27:08.440Z,0.95,23,46.9,3.9,88.9,124,0.407,0.960
2026-01-10T02:28:08.440Z,0.8,91,59.5,4.1,89.7,298,0.400,0.849
2026-01-10T02:28:08.440Z,0.9,51,56.6,3.9,89.7,200,0.397,0.925
2026-01-10T02:28:08.440Z,0.95,23,46.9,3.9,88.9,124,0.407,0.960
2026-01-10T02:29:08.441Z,0.8,91,59.5,4.1,89.7,298,0.400,0.849
2026-01-10T02:29:08.441Z,0.9,51,56.6,3.9,89.7,200,0.397,0.925
2026-01-10T02:29:08.441Z,0.95,23,46.9,3.9,88.9,124,0.407,0.960
2026-01-10T02:30:08.441Z,0.8,92,58.9,4.1,89.7,295,0.398,0.849
2026-01-10T02:30:08.441Z,0.9,51,56.6,3.9,89.7,200,0.397,0.925
2026-01-10T02:30:08.441Z,0.95,23,46.9,3.9,88.9,124,0.407,0.960
2026-01-10T02:31:08.442Z,0.8,92,58.9,4.1,89.7,295,0.398,0.849
2026-01-10T02:31:08.442Z,0.9,51,56.6,3.9,89.7,200,0.397,0.925
2026-01-10T02:31:08.442Z,0.95,23,46.9,3.9,88.9,124,0.407,0.960
2026-01-10T02:32:08.445Z,0.8,92,58.9,4.1,89.7,295,0.398,0.849
2026-01-10T02:32:08.445Z,0.9,51,56.6,3.9,89.7,200,0.397,0.925
2026-01-10T02:32:08.445Z,0.95,23,46.9,3.9,88.9,124,0.407,0.960
2026-01-10T02:33:08.444Z,0.8,92,58.9,4.1,89.7,295,0.398,0.849
2026-01-10T02:33:08.444Z,0.9,51,56.6,3.9,89.7,200,0.397,0.925
2026-01-10T02:33:08.444Z,0.95,23,46.9,3.9,88.9,124,0.407,0.960
2026-01-10T02:34:08.445Z,0.8,92,58.9,4.1,89.7,295,0.398,0.849
2026-01-10T02:34:08.445Z,0.9,51,56.6,3.9,89.7,200,0.397,0.925
2026-01-10T02:34:08.445Z,0.95,23,46.9,3.9,88.9,124,0.407,0.960
2026-01-10T02:35:08.446Z,0.8,93,59.2,4.1,89.7,299,0.399,0.848
2026-01-10T02:35:08.446Z,0.9,51,56.6,3.9,89.7,200,0.397,0.925
2026-01-10T02:35:08.446Z,0.95,23,46.9,3.9,88.9,124,0.407,0.960
2026-01-10T02:36:08.446Z,0.8,93,59.2,4.1,89.7,299,0.399,0.848
2026-01-10T02:36:08.446Z,0.9,51,56.6,3.9,89.7,200,0.397,0.925
2026-01-10T02:36:08.446Z,0.95,23,46.9,3.9,88.9,124,0.407,0.960
2026-01-10T02:37:08.447Z,0.8,93,59.2,4.1,89.7,299,0.399,0.848
2026-01-10T02:37:08.447Z,0.9,51,56.6,3.9,89.7,200,0.397,0.925
2026-01-10T02:37:08.447Z,0.95,23,46.9,3.9,88.9,124,0.407,0.960
2026-01-10T02:38:08.446Z,0.8,93,59.2,4.1,89.7,299,0.399,0.848
2026-01-10T02:38:08.446Z,0.9,51,56.6,3.9,89.7,200,0.397,0.925
2026-01-10T02:38:08.446Z,0.95,23,46.9,3.9,88.9,124,0.407,0.960
2026-01-10T02:39:08.450Z,0.8,93,59.2,4.1,89.7,299,0.399,0.848
2026-01-10T02:39:08.450Z,0.9,51,56.6,3.9,89.7,200,0.397,0.925
2026-01-10T02:39:08.450Z,0.95,23,46.9,3.9,88.9,124,0.407,0.960
2026-01-10T02:40:08.447Z,0.8,95,59.7,4.1,89.7,299,0.400,0.848
2026-01-10T02:40:08.447Z,0.9,51,56.6,3.9,89.7,200,0.397,0.925
2026-01-10T02:40:08.447Z,0.95,23,46.9,3.9,88.9,124,0.407,0.960
2026-01-10T02:41:08.450Z,0.8,100,57.3,0.3,89.7,296,0.387,0.849
2026-01-10T02:41:08.450Z,0.9,54,55.2,3.9,89.7,203,0.383,0.927
2026-01-10T02:41:08.450Z,0.95,27,48.3,3.9,88.9,143,0.381,0.961
2026-01-10T02:42:08.449Z,0.8,101,57.0,0.3,89.7,296,0.385,0.849
2026-01-10T02:42:08.449Z,0.9,56,55.5,3.9,89.7,202,0.375,0.928
2026-01-10T02:42:08.449Z,0.95,28,48.7,3.9,88.9,145,0.372,0.962
2026-01-10T02:43:08.454Z,0.8,101,57.0,0.3,89.7,296,0.385,0.849
2026-01-10T02:43:08.454Z,0.9,56,55.5,3.9,89.7,202,0.375,0.928
2026-01-10T02:43:08.454Z,0.95,28,48.7,3.9,88.9,145,0.372,0.962
2026-01-10T02:44:08.451Z,0.8,101,57.0,0.3,89.7,296,0.385,0.849
2026-01-10T02:44:08.451Z,0.9,56,55.5,3.9,89.7,202,0.375,0.928
2026-01-10T02:44:08.451Z,0.95,28,48.7,3.9,88.9,145,0.372,0.962
2026-01-10T02:45:08.455Z,0.8,101,57.0,0.3,89.7,296,0.385,0.849
2026-01-10T02:45:08.455Z,0.9,56,55.5,3.9,89.7,202,0.375,0.928
2026-01-10T02:45:08.455Z,0.95,28,48.7,3.9,88.9,145,0.372,0.962
2026-01-10T02:46:08.455Z,0.8,101,57.0,0.3,89.7,296,0.385,0.849
2026-01-10T02:46:08.455Z,0.9,56,55.5,3.9,89.7,202,0.375,0.928
2026-01-10T02:46:08.455Z,0.95,28,48.7,3.9,88.9,145,0.372,0.962
2026-01-10T02:47:08.453Z,0.8,101,57.0,0.3,89.7,296,0.385,0.849
2026-01-10T02:47:08.453Z,0.9,56,55.5,3.9,89.7,202,0.375,0.928
2026-01-10T02:47:08.453Z,0.95,28,48.7,3.9,88.9,145,0.372,0.962
2026-01-10T02:48:08.460Z,0.8,101,57.0,0.3,89.7,296,0.385,0.849
2026-01-10T02:48:08.460Z,0.9,56,55.5,3.9,89.7,202,0.375,0.928
2026-01-10T02:48:08.460Z,0.95,28,48.7,3.9,88.9,145,0.372,0.962
2026-01-10T02:49:08.456Z,0.8,101,57.0,0.3,89.7,296,0.385,0.849
2026-01-10T02:49:08.456Z,0.9,56,55.5,3.9,89.7,202,0.375,0.928
2026-01-10T02:49:08.456Z,0.95,28,48.7,3.9,88.9,145,0.372,0.962
2026-01-10T02:50:08.456Z,0.8,101,57.0,0.3,89.7,296,0.385,0.849
2026-01-10T02:50:08.456Z,0.9,56,55.5,3.9,89.7,202,0.375,0.928
2026-01-10T02:50:08.456Z,0.95,28,48.7,3.9,88.9,145,0.372,0.962
2026-01-10T02:51:08.460Z,0.8,101,57.0,0.3,89.7,296,0.385,0.849
2026-01-10T02:51:08.460Z,0.9,56,55.5,3.9,89.7,202,0.375,0.928
2026-01-10T02:51:08.460Z,0.95,28,48.7,3.9,88.9,145,0.372,0.962
2026-01-10T02:52:08.459Z,0.8,101,57.0,0.3,89.7,296,0.385,0.849
2026-01-10T02:52:08.459Z,0.9,56,55.5,3.9,89.7,202,0.375,0.928
2026-01-10T02:52:08.459Z,0.95,28,48.7,3.9,88.9,145,0.372,0.962
2026-01-10T02:53:08.459Z,0.8,101,57.0,0.3,89.7,296,0.385,0.849
2026-01-10T02:53:08.459Z,0.9,56,55.5,3.9,89.7,202,0.375,0.928
2026-01-10T02:53:08.459Z,0.95,28,48.7,3.9,88.9,145,0.372,0.962
2026-01-10T02:54:08.459Z,0.8,101,57.0,0.3,89.7,296,0.385,0.849
2026-01-10T02:54:08.459Z,0.9,56,55.5,3.9,89.7,202,0.375,0.928
2026-01-10T02:54:08.459Z,0.95,28,48.7,3.9,88.9,145,0.372,0.962
2026-01-10T02:55:08.462Z,0.8,101,57.0,0.3,89.7,296,0.385,0.849
2026-01-10T02:55:08.462Z,0.9,56,55.5,3.9,89.7,202,0.375,0.928
2026-01-10T02:55:08.462Z,0.95,28,48.7,3.9,88.9,145,0.372,0.962
2026-01-10T02:56:08.461Z,0.8,101,57.0,0.3,89.7,296,0.385,0.849
2026-01-10T02:56:08.461Z,0.9,56,55.5,3.9,89.7,202,0.375,0.928
2026-01-10T02:56:08.461Z,0.95,28,48.7,3.9,88.9,145,0.372,0.962
2026-01-10T02:57:08.463Z,0.8,101,57.0,0.3,89.7,296,0.385,0.849
2026-01-10T02:57:08.463Z,0.9,56,55.5,3.9,89.7,202,0.375,0.928
2026-01-10T02:57:08.463Z,0.95,28,48.7,3.9,88.9,145,0.372,0.962
2026-01-10T02:58:08.463Z,0.8,101,57.0,0.3,89.7,296,0.385,0.849
2026-01-10T02:58:08.463Z,0.9,56,55.5,3.9,89.7,202,0.375,0.928
2026-01-10T02:58:08.463Z,0.95,28,48.7,3.9,88.9,145,0.372,0.962
2026-01-10T02:59:08.464Z,0.8,101,57.0,0.3,89.7,296,0.385,0.849
2026-01-10T02:59:08.464Z,0.9,56,55.5,3.9,89.7,202,0.375,0.928
2026-01-10T02:59:08.464Z,0.95,28,48.7,3.9,88.9,145,0.372,0.962
2026-01-10T03:00:08.466Z,0.8,101,57.0,0.3,89.7,296,0.385,0.849
2026-01-10T03:00:08.466Z,0.9,56,55.5,3.9,89.7,202,0.375,0.928
2026-01-10T03:00:08.466Z,0.95,28,48.7,3.9,88.9,145,0.372,0.962
2026-01-10T03:01:08.468Z,0.8,101,57.0,0.3,89.7,296,0.385,0.849
2026-01-10T03:01:08.468Z,0.9,56,55.5,3.9,89.7,202,0.375,0.928
2026-01-10T03:01:08.468Z,0.95,28,48.7,3.9,88.9,145,0.372,0.962
2026-01-10T03:02:08.470Z,0.8,101,57.0,0.3,89.7,296,0.385,0.849
2026-01-10T03:02:08.470Z,0.9,56,55.5,3.9,89.7,202,0.375,0.928
2026-01-10T03:02:08.470Z,0.95,28,48.7,3.9,88.9,145,0.372,0.962
2026-01-10T03:03:08.468Z,0.8,101,57.0,0.3,89.7,296,0.385,0.849
2026-01-10T03:03:08.468Z,0.9,56,55.5,3.9,89.7,202,0.375,0.928
2026-01-10T03:03:08.468Z,0.95,28,48.7,3.9,88.9,145,0.372,0.962
2026-01-10T03:04:08.470Z,0.8,101,57.0,0.3,89.7,296,0.385,0.849
2026-01-10T03:04:08.470Z,0.9,56,55.5,3.9,89.7,202,0.375,0.928
2026-01-10T03:04:08.470Z,0.95,28,48.7,3.9,88.9,145,0.372,0.962
2026-01-10T03:05:08.469Z,0.8,101,57.0,0.3,89.7,296,0.385,0.849
2026-01-10T03:05:08.469Z,0.9,56,55.5,3.9,89.7,202,0.375,0.928
2026-01-10T03:05:08.469Z,0.95,28,48.7,3.9,88.9,145,0.372,0.962
2026-01-10T03:06:08.471Z,0.8,101,57.0,0.3,89.7,296,0.385,0.849
2026-01-10T03:06:08.471Z,0.9,56,55.5,3.9,89.7,202,0.375,0.928
2026-01-10T03:06:08.471Z,0.95,28,48.7,3.9,88.9,145,0.372,0.962
2026-01-10T03:07:08.472Z,0.8,101,57.0,0.3,89.7,296,0.385,0.849
2026-01-10T03:07:08.472Z,0.9,56,55.5,3.9,89.7,202,0.375,0.928
2026-01-10T03:07:08.472Z,0.95,28,48.7,3.9,88.9,145,0.372,0.962
2026-01-10T03:08:08.475Z,0.8,101,57.0,0.3,89.7,296,0.385,0.849
2026-01-10T03:08:08.475Z,0.9,56,55.5,3.9,89.7,202,0.375,0.928
2026-01-10T03:08:08.475Z,0.95,28,48.7,3.9,88.9,145,0.372,0.962
2026-01-10T03:09:08.473Z,0.8,101,57.0,0.3,89.7,296,0.385,0.849
2026-01-10T03:09:08.473Z,0.9,56,55.5,3.9,89.7,202,0.375,0.928
2026-01-10T03:09:08.473Z,0.95,28,48.7,3.9,88.9,145,0.372,0.962
2026-01-10T03:10:08.473Z,0.8,101,57.0,0.3,89.7,296,0.385,0.849
2026-01-10T03:10:08.473Z,0.9,56,55.5,3.9,89.7,202,0.375,0.928
2026-01-10T03:10:08.473Z,0.95,28,48.7,3.9,88.9,145,0.372,0.962
2026-01-10T03:11:08.475Z,0.8,101,57.0,0.3,89.7,296,0.385,0.849
2026-01-10T03:11:08.475Z,0.9,56,55.5,3.9,89.7,202,0.375,0.928
2026-01-10T03:11:08.475Z,0.95,28,48.7,3.9,88.9,145,0.372,0.962
2026-01-10T03:12:08.474Z,0.8,101,57.0,0.3,89.7,296,0.385,0.849
2026-01-10T03:12:08.474Z,0.9,56,55.5,3.9,89.7,202,0.375,0.928
2026-01-10T03:12:08.474Z,0.95,28,48.7,3.9,88.9,145,0.372,0.962
2026-01-10T03:13:08.475Z,0.8,101,57.0,0.3,89.7,296,0.385,0.849
2026-01-10T03:13:08.475Z,0.9,56,55.5,3.9,89.7,202,0.375,0.928
2026-01-10T03:13:08.475Z,0.95,28,48.7,3.9,88.9,145,0.372,0.962
2026-01-10T03:14:08.475Z,0.8,101,57.0,0.3,89.7,296,0.385,0.849
2026-01-10T03:14:08.475Z,0.9,56,55.5,3.9,89.7,202,0.375,0.928
2026-01-10T03:14:08.475Z,0.95,28,48.7,3.9,88.9,145,0.372,0.962
2026-01-10T03:15:08.478Z,0.8,101,57.0,0.3,89.7,296,0.385,0.849
2026-01-10T03:15:08.478Z,0.9,56,55.5,3.9,89.7,202,0.375,0.928
2026-01-10T03:15:08.478Z,0.95,28,48.7,3.9,88.9,145,0.372,0.962
2026-01-10T03:16:08.476Z,0.8,101,57.0,0.3,89.7,296,0.385,0.849
2026-01-10T03:16:08.476Z,0.9,56,55.5,3.9,89.7,202,0.375,0.928
2026-01-10T03:16:08.476Z,0.95,28,48.7,3.9,88.9,145,0.372,0.962
2026-01-10T03:17:08.476Z,0.8,101,57.0,0.3,89.7,296,0.385,0.849
2026-01-10T03:17:08.476Z,0.9,56,55.5,3.9,89.7,202,0.375,0.928
2026-01-10T03:17:08.476Z,0.95,28,48.7,3.9,88.9,145,0.372,0.962
2026-01-10T03:18:08.480Z,0.8,101,57.0,0.3,89.7,296,0.385,0.849
2026-01-10T03:18:08.480Z,0.9,56,55.5,3.9,89.7,202,0.375,0.928
2026-01-10T03:18:08.480Z,0.95,28,48.7,3.9,88.9,145,0.372,0.962
2026-01-10T03:19:08.480Z,0.8,101,57.0,0.3,89.7,296,0.385,0.849
2026-01-10T03:19:08.480Z,0.9,56,55.5,3.9,89.7,202,0.375,0.928
2026-01-10T03:19:08.480Z,0.95,28,48.7,3.9,88.9,145,0.372,0.962
2026-01-10T03:20:08.480Z,0.8,101,57.0,0.3,89.7,296,0.385,0.849
2026-01-10T03:20:08.480Z,0.9,56,55.5,3.9,89.7,202,0.375,0.928
2026-01-10T03:20:08.480Z,0.95,28,48.7,3.9,88.9,145,0.372,0.962
2026-01-10T03:21:08.481Z,0.8,101,57.0,0.3,89.7,296,0.385,0.849
2026-01-10T03:21:08.481Z,0.9,56,55.5,3.9,89.7,202,0.375,0.928
2026-01-10T03:21:08.481Z,0.95,28,48.7,3.9,88.9,145,0.372,0.962
2026-01-10T03:22:08.484Z,0.8,101,57.0,0.3,89.7,296,0.385,0.849
2026-01-10T03:22:08.484Z,0.9,56,55.5,3.9,89.7,202,0.375,0.928
2026-01-10T03:22:08.484Z,0.95,28,48.7,3.9,88.9,145,0.372,0.962
2026-01-10T03:23:08.485Z,0.8,101,57.0,0.3,89.7,296,0.385,0.849
2026-01-10T03:23:08.485Z,0.9,56,55.5,3.9,89.7,202,0.375,0.928
2026-01-10T03:23:08.485Z,0.95,28,48.7,3.9,88.9,145,0.372,0.962
2026-01-10T03:24:08.486Z,0.8,101,57.0,0.3,89.7,296,0.385,0.849
2026-01-10T03:24:08.486Z,0.9,56,55.5,3.9,89.7,202,0.375,0.928
2026-01-10T03:24:08.486Z,0.95,28,48.7,3.9,88.9,145,0.372,0.962
2026-01-10T03:25:08.488Z,0.8,101,57.0,0.3,89.7,296,0.385,0.849
2026-01-10T03:25:08.488Z,0.9,56,55.5,3.9,89.7,202,0.375,0.928
2026-01-10T03:25:08.488Z,0.95,28,48.7,3.9,88.9,145,0.372,0.962
2026-01-10T03:26:08.487Z,0.8,101,57.0,0.3,89.7,296,0.385,0.849
2026-01-10T03:26:08.487Z,0.9,56,55.5,3.9,89.7,202,0.375,0.928
2026-01-10T03:26:08.487Z,0.95,28,48.7,3.9,88.9,145,0.372,0.962
2026-01-10T03:27:08.488Z,0.8,101,57.0,0.3,89.7,296,0.385,0.849
2026-01-10T03:27:08.488Z,0.9,56,55.5,3.9,89.7,202,0.375,0.928
2026-01-10T03:27:08.488Z,0.95,28,48.7,3.9,88.9,145,0.372,0.962
2026-01-10T03:28:08.488Z,0.8,101,57.0,0.3,89.7,296,0.385,0.849
2026-01-10T03:28:08.488Z,0.9,56,55.5,3.9,89.7,202,0.375,0.928
2026-01-10T03:28:08.488Z,0.95,28,48.7,3.9,88.9,145,0.372,0.962
2026-01-10T03:29:08.490Z,0.8,101,57.0,0.3,89.7,296,0.385,0.849
2026-01-10T03:29:08.490Z,0.9,56,55.5,3.9,89.7,202,0.375,0.928
2026-01-10T03:29:08.490Z,0.95,28,48.7,3.9,88.9,145,0.372,0.962
2026-01-10T03:30:08.507Z,0.8,101,57.0,0.3,89.7,296,0.385,0.849
2026-01-10T03:30:08.507Z,0.9,56,55.5,3.9,89.7,202,0.375,0.928
2026-01-10T03:30:08.507Z,0.95,28,48.7,3.9,88.9,145,0.372,0.962
2026-01-10T03:31:08.491Z,0.8,101,57.0,0.3,89.7,296,0.385,0.849
2026-01-10T03:31:08.491Z,0.9,56,55.5,3.9,89.7,202,0.375,0.928
2026-01-10T03:31:08.491Z,0.95,28,48.7,3.9,88.9,145,0.372,0.962
2026-01-10T03:32:08.494Z,0.8,101,57.0,0.3,89.7,296,0.385,0.849
2026-01-10T03:32:08.494Z,0.9,56,55.5,3.9,89.7,202,0.375,0.928
2026-01-10T03:32:08.494Z,0.95,28,48.7,3.9,88.9,145,0.372,0.962
2026-01-10T03:33:08.496Z,0.8,101,57.0,0.3,89.7,296,0.385,0.849
2026-01-10T03:33:08.496Z,0.9,56,55.5,3.9,89.7,202,0.375,0.928
2026-01-10T03:33:08.496Z,0.95,28,48.7,3.9,88.9,145,0.372,0.962
2026-01-10T03:34:08.496Z,0.8,101,57.0,0.3,89.7,296,0.385,0.849
2026-01-10T03:34:08.496Z,0.9,56,55.5,3.9,89.7,202,0.375,0.928
2026-01-10T03:34:08.496Z,0.95,28,48.7,3.9,88.9,145,0.372,0.962
2026-01-10T03:35:08.499Z,0.8,101,57.0,0.3,89.7,296,0.385,0.849
2026-01-10T03:35:08.499Z,0.9,56,55.5,3.9,89.7,202,0.375,0.928
2026-01-10T03:35:08.499Z,0.95,28,48.7,3.9,88.9,145,0.372,0.962
2026-01-10T03:36:08.497Z,0.8,101,57.0,0.3,89.7,296,0.385,0.849
2026-01-10T03:36:08.497Z,0.9,56,55.5,3.9,89.7,202,0.375,0.928
2026-01-10T03:36:08.497Z,0.95,28,48.7,3.9,88.9,145,0.372,0.962
2026-01-10T03:37:08.501Z,0.8,101,57.0,0.3,89.7,296,0.385,0.849
2026-01-10T03:37:08.501Z,0.9,56,55.5,3.9,89.7,202,0.375,0.928
2026-01-10T03:37:08.501Z,0.95,28,48.7,3.9,88.9,145,0.372,0.962
2026-01-10T03:38:08.503Z,0.8,101,57.0,0.3,89.7,296,0.385,0.849
2026-01-10T03:38:08.503Z,0.9,56,55.5,3.9,89.7,202,0.375,0.928
2026-01-10T03:38:08.503Z,0.95,28,48.7,3.9,88.9,145,0.372,0.962
2026-01-10T03:39:08.505Z,0.8,101,57.0,0.3,89.7,296,0.385,0.849
2026-01-10T03:39:08.505Z,0.9,56,55.5,3.9,89.7,202,0.375,0.928
2026-01-10T03:39:08.505Z,0.95,28,48.7,3.9,88.9,145,0.372,0.962
2026-01-10T03:40:08.503Z,0.8,101,57.0,0.3,89.7,296,0.385,0.849
2026-01-10T03:40:08.503Z,0.9,56,55.5,3.9,89.7,202,0.375,0.928
2026-01-10T03:40:08.503Z,0.95,28,48.7,3.9,88.9,145,0.372,0.962
2026-01-10T03:41:08.507Z,0.8,101,57.0,0.3,89.7,296,0.385,0.849
2026-01-10T03:41:08.507Z,0.9,56,55.5,3.9,89.7,202,0.375,0.928
2026-01-10T03:41:08.507Z,0.95,28,48.7,3.9,88.9,145,0.372,0.962
2026-01-10T03:42:08.508Z,0.8,101,57.0,0.3,89.7,296,0.385,0.849
2026-01-10T03:42:08.508Z,0.9,56,55.5,3.9,89.7,202,0.375,0.928
2026-01-10T03:42:08.508Z,0.95,28,48.7,3.9,88.9,145,0.372,0.962
2026-01-10T03:43:08.508Z,0.8,101,57.0,0.3,89.7,296,0.385,0.849
2026-01-10T03:43:08.508Z,0.9,56,55.5,3.9,89.7,202,0.375,0.928
2026-01-10T03:43:08.508Z,0.95,28,48.7,3.9,88.9,145,0.372,0.962
2026-01-10T03:44:08.507Z,0.8,104,55.6,0.3,89.7,290,0.388,0.849
2026-01-10T03:44:08.507Z,0.9,56,55.5,3.9,89.7,202,0.375,0.928
2026-01-10T03:44:08.507Z,0.95,28,48.7,3.9,88.9,145,0.372,0.962
2026-01-10T03:45:08.508Z,0.8,104,55.6,0.3,89.7,290,0.388,0.849
2026-01-10T03:45:08.508Z,0.9,56,55.5,3.9,89.7,202,0.375,0.928
2026-01-10T03:45:08.508Z,0.95,28,48.7,3.9,88.9,145,0.372,0.962
2026-01-10T03:46:08.510Z,0.8,104,55.6,0.3,89.7,290,0.388,0.849
2026-01-10T03:46:08.510Z,0.9,56,55.5,3.9,89.7,202,0.375,0.928
2026-01-10T03:46:08.510Z,0.95,28,48.7,3.9,88.9,145,0.372,0.962
2026-01-10T03:47:08.515Z,0.8,104,55.6,0.3,89.7,290,0.388,0.849
2026-01-10T03:47:08.515Z,0.9,56,55.5,3.9,89.7,202,0.375,0.928
2026-01-10T03:47:08.515Z,0.95,28,48.7,3.9,88.9,145,0.372,0.962
2026-01-10T03:48:08.513Z,0.8,104,55.6,0.3,89.7,290,0.388,0.849
2026-01-10T03:48:08.513Z,0.9,56,55.5,3.9,89.7,202,0.375,0.928
2026-01-10T03:48:08.513Z,0.95,28,48.7,3.9,88.9,145,0.372,0.962
2026-01-10T03:49:08.514Z,0.8,104,55.6,0.3,89.7,290,0.388,0.849
2026-01-10T03:49:08.514Z,0.9,56,55.5,3.9,89.7,202,0.375,0.928
2026-01-10T03:49:08.514Z,0.95,28,48.7,3.9,88.9,145,0.372,0.962
2026-01-10T03:50:08.514Z,0.8,104,55.6,0.3,89.7,290,0.388,0.849
2026-01-10T03:50:08.514Z,0.9,56,55.5,3.9,89.7,202,0.375,0.928
2026-01-10T03:50:08.514Z,0.95,28,48.7,3.9,88.9,145,0.372,0.962
2026-01-10T03:51:08.515Z,0.8,104,55.6,0.3,89.7,290,0.388,0.849
2026-01-10T03:51:08.515Z,0.9,56,55.5,3.9,89.7,202,0.375,0.928
2026-01-10T03:51:08.515Z,0.95,28,48.7,3.9,88.9,145,0.372,0.962
2026-01-10T03:52:08.518Z,0.8,104,55.6,0.3,89.7,290,0.388,0.849
2026-01-10T03:52:08.518Z,0.9,56,55.5,3.9,89.7,202,0.375,0.928
2026-01-10T03:52:08.518Z,0.95,28,48.7,3.9,88.9,145,0.372,0.962
2026-01-10T03:53:08.519Z,0.8,104,55.6,0.3,89.7,290,0.388,0.849
2026-01-10T03:53:08.519Z,0.9,56,55.5,3.9,89.7,202,0.375,0.928
2026-01-10T03:53:08.519Z,0.95,28,48.7,3.9,88.9,145,0.372,0.962
2026-01-10T03:54:08.518Z,0.8,104,55.6,0.3,89.7,290,0.388,0.849
2026-01-10T03:54:08.518Z,0.9,56,55.5,3.9,89.7,202,0.375,0.928
2026-01-10T03:54:08.518Z,0.95,28,48.7,3.9,88.9,145,0.372,0.962
2026-01-10T03:55:08.520Z,0.8,104,55.6,0.3,89.7,290,0.388,0.849
2026-01-10T03:55:08.520Z,0.9,56,55.5,3.9,89.7,202,0.375,0.928
2026-01-10T03:55:08.520Z,0.95,28,48.7,3.9,88.9,145,0.372,0.962
2026-01-10T03:56:08.522Z,0.8,104,55.6,0.3,89.7,290,0.388,0.849
2026-01-10T03:56:08.522Z,0.9,56,55.5,3.9,89.7,202,0.375,0.928
2026-01-10T03:56:08.522Z,0.95,28,48.7,3.9,88.9,145,0.372,0.962
2026-01-10T03:57:08.522Z,0.8,104,55.6,0.3,89.7,290,0.388,0.849
2026-01-10T03:57:08.522Z,0.9,56,55.5,3.9,89.7,202,0.375,0.928
2026-01-10T03:57:08.522Z,0.95,28,48.7,3.9,88.9,145,0.372,0.962
2026-01-10T03:58:08.523Z,0.8,104,55.6,0.3,89.7,290,0.388,0.849
2026-01-10T03:58:08.523Z,0.9,56,55.5,3.9,89.7,202,0.375,0.928
2026-01-10T03:58:08.523Z,0.95,28,48.7,3.9,88.9,145,0.372,0.962
2026-01-10T03:59:08.524Z,0.8,104,55.6,0.3,89.7,290,0.388,0.849
2026-01-10T03:59:08.524Z,0.9,56,55.5,3.9,89.7,202,0.375,0.928
2026-01-10T03:59:08.524Z,0.95,28,48.7,3.9,88.9,145,0.372,0.962
2026-01-10T04:00:08.524Z,0.8,104,55.6,0.3,89.7,290,0.388,0.849
2026-01-10T04:00:08.524Z,0.9,56,55.5,3.9,89.7,202,0.375,0.928
2026-01-10T04:00:08.524Z,0.95,28,48.7,3.9,88.9,145,0.372,0.962
2026-01-10T04:01:08.526Z,0.8,104,55.6,0.3,89.7,290,0.388,0.849
2026-01-10T04:01:08.526Z,0.9,56,55.5,3.9,89.7,202,0.375,0.928
2026-01-10T04:01:08.526Z,0.95,28,48.7,3.9,88.9,145,0.372,0.962
2026-01-10T04:02:08.527Z,0.8,104,55.6,0.3,89.7,290,0.388,0.849
2026-01-10T04:02:08.527Z,0.9,56,55.5,3.9,89.7,202,0.375,0.928
2026-01-10T04:02:08.527Z,0.95,28,48.7,3.9,88.9,145,0.372,0.962
2026-01-10T04:03:08.527Z,0.8,105,55.5,0.3,89.7,295,0.389,0.850
2026-01-10T04:03:08.527Z,0.9,57,55.3,3.9,89.7,212,0.377,0.927
2026-01-10T04:03:08.527Z,0.95,28,48.7,3.9,88.9,145,0.372,0.962
2026-01-10T04:04:08.530Z,0.8,106,55.7,0.3,89.7,298,0.389,0.849
2026-01-10T04:04:08.530Z,0.9,57,55.3,3.9,89.7,212,0.377,0.927
2026-01-10T04:04:08.530Z,0.95,28,48.7,3.9,88.9,145,0.372,0.962
2026-01-10T04:05:08.531Z,0.8,106,55.7,0.3,89.7,298,0.389,0.849
2026-01-10T04:05:08.531Z,0.9,57,55.3,3.9,89.7,212,0.377,0.927
2026-01-10T04:05:08.531Z,0.95,28,48.7,3.9,88.9,145,0.372,0.962
2026-01-10T04:06:08.533Z,0.8,106,55.7,0.3,89.7,298,0.389,0.849
2026-01-10T04:06:08.533Z,0.9,57,55.3,3.9,89.7,212,0.377,0.927
2026-01-10T04:06:08.533Z,0.95,28,48.7,3.9,88.9,145,0.372,0.962
2026-01-10T04:07:08.536Z,0.8,106,55.7,0.3,89.7,298,0.389,0.849
2026-01-10T04:07:08.536Z,0.9,57,55.3,3.9,89.7,212,0.377,0.927
2026-01-10T04:07:08.536Z,0.95,28,48.7,3.9,88.9,145,0.372,0.962
2026-01-10T04:08:08.536Z,0.8,106,55.7,0.3,89.7,298,0.389,0.849
2026-01-10T04:08:08.536Z,0.9,57,55.3,3.9,89.7,212,0.377,0.927
2026-01-10T04:08:08.536Z,0.95,28,48.7,3.9,88.9,145,0.372,0.962
2026-01-10T04:09:08.535Z,0.8,106,55.7,0.3,89.7,298,0.389,0.849
2026-01-10T04:09:08.535Z,0.9,57,55.3,3.9,89.7,212,0.377,0.927
2026-01-10T04:09:08.535Z,0.95,28,48.7,3.9,88.9,145,0.372,0.962
2026-01-10T04:10:08.536Z,0.8,106,55.7,0.3,89.7,298,0.389,0.849
2026-01-10T04:10:08.536Z,0.9,57,55.3,3.9,89.7,212,0.377,0.927
2026-01-10T04:10:08.536Z,0.95,28,48.7,3.9,88.9,145,0.372,0.962
2026-01-10T04:11:08.535Z,0.8,106,55.7,0.3,89.7,298,0.389,0.849
2026-01-10T04:11:08.535Z,0.9,57,55.3,3.9,89.7,212,0.377,0.927
2026-01-10T04:11:08.535Z,0.95,28,48.7,3.9,88.9,145,0.372,0.962
2026-01-10T04:12:08.537Z,0.8,106,55.7,0.3,89.7,298,0.389,0.849
2026-01-10T04:12:08.537Z,0.9,57,55.3,3.9,89.7,212,0.377,0.927
2026-01-10T04:12:08.537Z,0.95,28,48.7,3.9,88.9,145,0.372,0.962
2026-01-10T04:13:08.537Z,0.8,106,55.7,0.3,89.7,298,0.389,0.849
2026-01-10T04:13:08.537Z,0.9,57,55.3,3.9,89.7,212,0.377,0.927
2026-01-10T04:13:08.537Z,0.95,28,48.7,3.9,88.9,145,0.372,0.962
2026-01-10T04:14:08.537Z,0.8,106,55.7,0.3,89.7,298,0.389,0.849
2026-01-10T04:14:08.537Z,0.9,57,55.3,3.9,89.7,212,0.377,0.927
2026-01-10T04:14:08.537Z,0.95,28,48.7,3.9,88.9,145,0.372,0.962
2026-01-10T04:15:08.538Z,0.8,106,55.7,0.3,89.7,298,0.389,0.849
2026-01-10T04:15:08.538Z,0.9,57,55.3,3.9,89.7,212,0.377,0.927
2026-01-10T04:15:08.538Z,0.95,28,48.7,3.9,88.9,145,0.372,0.962
2026-01-10T04:16:08.538Z,0.8,106,55.7,0.3,89.7,298,0.389,0.849
2026-01-10T04:16:08.538Z,0.9,57,55.3,3.9,89.7,212,0.377,0.927
2026-01-10T04:16:08.538Z,0.95,28,48.7,3.9,88.9,145,0.372,0.962
2026-01-10T04:17:08.544Z,0.8,106,55.7,0.3,89.7,298,0.389,0.849
2026-01-10T04:17:08.544Z,0.9,57,55.3,3.9,89.7,212,0.377,0.927
2026-01-10T04:17:08.544Z,0.95,28,48.7,3.9,88.9,145,0.372,0.962
2026-01-10T04:18:08.547Z,0.8,106,55.7,0.3,89.7,298,0.389,0.849
2026-01-10T04:18:08.547Z,0.9,57,55.3,3.9,89.7,212,0.377,0.927
2026-01-10T04:18:08.547Z,0.95,28,48.7,3.9,88.9,145,0.372,0.962
2026-01-10T04:19:08.548Z,0.8,106,55.7,0.3,89.7,298,0.389,0.849
2026-01-10T04:19:08.548Z,0.9,57,55.3,3.9,89.7,212,0.377,0.927
2026-01-10T04:19:08.548Z,0.95,28,48.7,3.9,88.9,145,0.372,0.962
2026-01-10T04:20:08.546Z,0.8,106,55.7,0.3,89.7,298,0.389,0.849
2026-01-10T04:20:08.546Z,0.9,57,55.3,3.9,89.7,212,0.377,0.927
2026-01-10T04:20:08.546Z,0.95,28,48.7,3.9,88.9,145,0.372,0.962
2026-01-10T04:21:08.546Z,0.8,106,55.7,0.3,89.7,298,0.389,0.849
2026-01-10T04:21:08.546Z,0.9,57,55.3,3.9,89.7,212,0.377,0.927
2026-01-10T04:21:08.546Z,0.95,28,48.7,3.9,88.9,145,0.372,0.962
2026-01-10T04:22:08.548Z,0.8,106,55.7,0.3,89.7,298,0.389,0.849
2026-01-10T04:22:08.548Z,0.9,57,55.3,3.9,89.7,212,0.377,0.927
2026-01-10T04:22:08.548Z,0.95,28,48.7,3.9,88.9,145,0.372,0.962
2026-01-10T04:23:08.547Z,0.8,106,55.7,0.3,89.7,298,0.389,0.849
2026-01-10T04:23:08.547Z,0.9,57,55.3,3.9,89.7,212,0.377,0.927
2026-01-10T04:23:08.547Z,0.95,28,48.7,3.9,88.9,145,0.372,0.962
2026-01-10T04:24:08.547Z,0.8,106,55.7,0.3,89.7,298,0.389,0.849
2026-01-10T04:24:08.547Z,0.9,57,55.3,3.9,89.7,212,0.377,0.927
2026-01-10T04:24:08.547Z,0.95,28,48.7,3.9,88.9,145,0.372,0.962
2026-01-10T04:25:08.550Z,0.8,106,55.7,0.3,89.7,298,0.389,0.849
2026-01-10T04:25:08.550Z,0.9,57,55.3,3.9,89.7,212,0.377,0.927
2026-01-10T04:25:08.550Z,0.95,28,48.7,3.9,88.9,145,0.372,0.962
2026-01-10T04:26:08.549Z,0.8,106,55.7,0.3,89.7,298,0.389,0.849
2026-01-10T04:26:08.549Z,0.9,57,55.3,3.9,89.7,212,0.377,0.927
2026-01-10T04:26:08.549Z,0.95,28,48.7,3.9,88.9,145,0.372,0.962
2026-01-10T04:27:08.553Z,0.8,106,55.7,0.3,89.7,298,0.389,0.849
2026-01-10T04:27:08.553Z,0.9,57,55.3,3.9,89.7,212,0.377,0.927
2026-01-10T04:27:08.553Z,0.95,28,48.7,3.9,88.9,145,0.372,0.962
2026-01-10T04:28:08.552Z,0.8,106,55.7,0.3,89.7,298,0.389,0.849
2026-01-10T04:28:08.552Z,0.9,57,55.3,3.9,89.7,212,0.377,0.927
2026-01-10T04:28:08.552Z,0.95,28,48.7,3.9,88.9,145,0.372,0.962
2026-01-10T04:29:08.555Z,0.8,106,55.7,0.3,89.7,298,0.389,0.849
2026-01-10T04:29:08.555Z,0.9,57,55.3,3.9,89.7,212,0.377,0.927
2026-01-10T04:29:08.555Z,0.95,28,48.7,3.9,88.9,145,0.372,0.962
2026-01-10T04:30:08.557Z,0.8,106,55.7,0.3,89.7,298,0.389,0.849
2026-01-10T04:30:08.557Z,0.9,57,55.3,3.9,89.7,212,0.377,0.927
2026-01-10T04:30:08.557Z,0.95,28,48.7,3.9,88.9,145,0.372,0.962
2026-01-10T04:31:08.556Z,0.8,106,55.7,0.3,89.7,298,0.389,0.849
2026-01-10T04:31:08.556Z,0.9,57,55.3,3.9,89.7,212,0.377,0.927
2026-01-10T04:31:08.556Z,0.95,28,48.7,3.9,88.9,145,0.372,0.962
2026-01-10T04:32:08.559Z,0.8,106,55.7,0.3,89.7,298,0.389,0.849
2026-01-10T04:32:08.559Z,0.9,57,55.3,3.9,89.7,212,0.377,0.927
2026-01-10T04:32:08.559Z,0.95,28,48.7,3.9,88.9,145,0.372,0.962
2026-01-10T04:33:08.560Z,0.8,106,55.7,0.3,89.7,298,0.389,0.849
2026-01-10T04:33:08.560Z,0.9,57,55.3,3.9,89.7,212,0.377,0.927
2026-01-10T04:33:08.560Z,0.95,28,48.7,3.9,88.9,145,0.372,0.962
2026-01-10T04:34:08.561Z,0.8,106,55.7,0.3,89.7,298,0.389,0.849
2026-01-10T04:34:08.561Z,0.9,57,55.3,3.9,89.7,212,0.377,0.927
2026-01-10T04:34:08.561Z,0.95,28,48.7,3.9,88.9,145,0.372,0.962
2026-01-10T04:35:08.562Z,0.8,106,55.7,0.3,89.7,298,0.389,0.849
2026-01-10T04:35:08.562Z,0.9,57,55.3,3.9,89.7,212,0.377,0.927
2026-01-10T04:35:08.562Z,0.95,28,48.7,3.9,88.9,145,0.372,0.962
2026-01-10T04:36:08.565Z,0.8,106,55.7,0.3,89.7,298,0.389,0.849
2026-01-10T04:36:08.565Z,0.9,57,55.3,3.9,89.7,212,0.377,0.927
2026-01-10T04:36:08.565Z,0.95,28,48.7,3.9,88.9,145,0.372,0.962
2026-01-10T04:37:08.564Z,0.8,111,55.7,0.3,89.7,308,0.394,0.848
2026-01-10T04:37:08.564Z,0.9,57,55.3,3.9,89.7,212,0.377,0.927
2026-01-10T04:37:08.564Z,0.95,28,48.7,3.9,88.9,145,0.372,0.962
2026-01-10T04:38:08.564Z,0.8,111,55.7,0.3,89.7,308,0.394,0.848
2026-01-10T04:38:08.564Z,0.9,57,55.3,3.9,89.7,212,0.377,0.927
2026-01-10T04:38:08.564Z,0.95,28,48.7,3.9,88.9,145,0.372,0.962
2026-01-10T04:39:08.565Z,0.8,111,55.7,0.3,89.7,308,0.394,0.848
2026-01-10T04:39:08.565Z,0.9,57,55.3,3.9,89.7,212,0.377,0.927
2026-01-10T04:39:08.565Z,0.95,28,48.7,3.9,88.9,145,0.372,0.962
2026-01-10T04:40:08.567Z,0.8,111,55.7,0.3,89.7,308,0.394,0.848
2026-01-10T04:40:08.567Z,0.9,57,55.3,3.9,89.7,212,0.377,0.927
2026-01-10T04:40:08.567Z,0.95,28,48.7,3.9,88.9,145,0.372,0.962
2026-01-10T04:41:08.567Z,0.8,111,55.7,0.3,89.7,308,0.394,0.848
2026-01-10T04:41:08.567Z,0.9,57,55.3,3.9,89.7,212,0.377,0.927
2026-01-10T04:41:08.567Z,0.95,28,48.7,3.9,88.9,145,0.372,0.962
2026-01-10T04:42:08.568Z,0.8,111,55.7,0.3,89.7,308,0.394,0.848
2026-01-10T04:42:08.568Z,0.9,57,55.3,3.9,89.7,212,0.377,0.927
2026-01-10T04:42:08.568Z,0.95,28,48.7,3.9,88.9,145,0.372,0.962
2026-01-10T04:43:08.568Z,0.8,111,55.7,0.3,89.7,308,0.394,0.848
2026-01-10T04:43:08.568Z,0.9,57,55.3,3.9,89.7,212,0.377,0.927
2026-01-10T04:43:08.568Z,0.95,28,48.7,3.9,88.9,145,0.372,0.962
2026-01-10T04:44:08.573Z,0.8,111,55.7,0.3,89.7,308,0.394,0.848
2026-01-10T04:44:08.573Z,0.9,57,55.3,3.9,89.7,212,0.377,0.927
2026-01-10T04:44:08.573Z,0.95,28,48.7,3.9,88.9,145,0.372,0.962
2026-01-10T04:45:08.572Z,0.8,111,55.7,0.3,89.7,308,0.394,0.848
2026-01-10T04:45:08.572Z,0.9,57,55.3,3.9,89.7,212,0.377,0.927
2026-01-10T04:45:08.572Z,0.95,28,48.7,3.9,88.9,145,0.372,0.962
2026-01-10T04:46:08.570Z,0.8,111,55.7,0.3,89.7,308,0.394,0.848
2026-01-10T04:46:08.570Z,0.9,57,55.3,3.9,89.7,212,0.377,0.927
2026-01-10T04:46:08.570Z,0.95,28,48.7,3.9,88.9,145,0.372,0.962
2026-01-10T04:47:08.574Z,0.8,111,55.7,0.3,89.7,308,0.394,0.848
2026-01-10T04:47:08.574Z,0.9,57,55.3,3.9,89.7,212,0.377,0.927
2026-01-10T04:47:08.574Z,0.95,28,48.7,3.9,88.9,145,0.372,0.962
2026-01-10T04:48:08.573Z,0.8,111,55.7,0.3,89.7,308,0.394,0.848
2026-01-10T04:48:08.573Z,0.9,57,55.3,3.9,89.7,212,0.377,0.927
2026-01-10T04:48:08.573Z,0.95,28,48.7,3.9,88.9,145,0.372,0.962
2026-01-10T04:49:08.576Z,0.8,111,55.7,0.3,89.7,308,0.394,0.848
2026-01-10T04:49:08.576Z,0.9,57,55.3,3.9,89.7,212,0.377,0.927
2026-01-10T04:49:08.576Z,0.95,28,48.7,3.9,88.9,145,0.372,0.962
2026-01-10T04:50:08.578Z,0.8,111,55.7,0.3,89.7,308,0.394,0.848
2026-01-10T04:50:08.578Z,0.9,57,55.3,3.9,89.7,212,0.377,0.927
2026-01-10T04:50:08.578Z,0.95,28,48.7,3.9,88.9,145,0.372,0.962
2026-01-10T04:51:08.578Z,0.8,111,55.7,0.3,89.7,308,0.394,0.848
2026-01-10T04:51:08.578Z,0.9,57,55.3,3.9,89.7,212,0.377,0.927
2026-01-10T04:51:08.578Z,0.95,28,48.7,3.9,88.9,145,0.372,0.962
2026-01-10T04:52:08.579Z,0.8,111,55.7,0.3,89.7,308,0.394,0.848
2026-01-10T04:52:08.579Z,0.9,57,55.3,3.9,89.7,212,0.377,0.927
2026-01-10T04:52:08.579Z,0.95,28,48.7,3.9,88.9,145,0.372,0.962
2026-01-10T04:53:08.579Z,0.8,111,55.7,0.3,89.7,308,0.394,0.848
2026-01-10T04:53:08.579Z,0.9,57,55.3,3.9,89.7,212,0.377,0.927
2026-01-10T04:53:08.579Z,0.95,28,48.7,3.9,88.9,145,0.372,0.962
2026-01-10T04:54:08.581Z,0.8,111,55.7,0.3,89.7,308,0.394,0.848
2026-01-10T04:54:08.581Z,0.9,57,55.3,3.9,89.7,212,0.377,0.927
2026-01-10T04:54:08.581Z,0.95,28,48.7,3.9,88.9,145,0.372,0.962
2026-01-10T04:55:08.583Z,0.8,111,55.7,0.3,89.7,308,0.394,0.848
2026-01-10T04:55:08.583Z,0.9,57,55.3,3.9,89.7,212,0.377,0.927
2026-01-10T04:55:08.583Z,0.95,28,48.7,3.9,88.9,145,0.372,0.962
2026-01-10T04:56:08.584Z,0.8,111,55.7,0.3,89.7,308,0.394,0.848
2026-01-10T04:56:08.584Z,0.9,57,55.3,3.9,89.7,212,0.377,0.927
2026-01-10T04:56:08.584Z,0.95,28,48.7,3.9,88.9,145,0.372,0.962
2026-01-10T04:57:08.584Z,0.8,112,55.5,0.3,89.7,307,0.394,0.848
2026-01-10T04:57:08.584Z,0.9,59,54.5,3.9,89.7,212,0.379,0.926
2026-01-10T04:57:08.584Z,0.95,28,48.7,3.9,88.9,145,0.372,0.962
2026-01-10T04:58:08.587Z,0.8,112,55.5,0.3,89.7,307,0.394,0.848
2026-01-10T04:58:08.587Z,0.9,59,54.5,3.9,89.7,212,0.379,0.926
2026-01-10T04:58:08.587Z,0.95,28,48.7,3.9,88.9,145,0.372,0.962
2026-01-10T04:59:08.585Z,0.8,112,55.5,0.3,89.7,307,0.394,0.848
2026-01-10T04:59:08.585Z,0.9,59,54.5,3.9,89.7,212,0.379,0.926
2026-01-10T04:59:08.585Z,0.95,28,48.7,3.9,88.9,145,0.372,0.962
2026-01-10T05:00:08.585Z,0.8,112,55.5,0.3,89.7,307,0.394,0.848
2026-01-10T05:00:08.585Z,0.9,59,54.5,3.9,89.7,212,0.379,0.926
2026-01-10T05:00:08.585Z,0.95,28,48.7,3.9,88.9,145,0.372,0.962
2026-01-10T05:01:08.587Z,0.8,112,55.5,0.3,89.7,307,0.394,0.848
2026-01-10T05:01:08.587Z,0.9,59,54.5,3.9,89.7,212,0.379,0.926
2026-01-10T05:01:08.587Z,0.95,28,48.7,3.9,88.9,145,0.372,0.962
2026-01-10T05:02:08.586Z,0.8,112,55.5,0.3,89.7,307,0.394,0.848
2026-01-10T05:02:08.586Z,0.9,59,54.5,3.9,89.7,212,0.379,0.926
2026-01-10T05:02:08.586Z,0.95,28,48.7,3.9,88.9,145,0.372,0.962
2026-01-10T05:03:08.589Z,0.8,112,55.5,0.3,89.7,307,0.394,0.848
2026-01-10T05:03:08.589Z,0.9,59,54.5,3.9,89.7,212,0.379,0.926
2026-01-10T05:03:08.589Z,0.95,28,48.7,3.9,88.9,145,0.372,0.962
2026-01-10T05:04:08.588Z,0.8,112,55.5,0.3,89.7,307,0.394,0.848
2026-01-10T05:04:08.588Z,0.9,59,54.5,3.9,89.7,212,0.379,0.926
2026-01-10T05:04:08.588Z,0.95,28,48.7,3.9,88.9,145,0.372,0.962
2026-01-10T05:05:08.588Z,0.8,112,55.5,0.3,89.7,307,0.394,0.848
2026-01-10T05:05:08.588Z,0.9,59,54.5,3.9,89.7,212,0.379,0.926
2026-01-10T05:05:08.588Z,0.95,28,48.7,3.9,88.9,145,0.372,0.962
2026-01-10T05:06:08.592Z,0.8,112,55.5,0.3,89.7,307,0.394,0.848
2026-01-10T05:06:08.592Z,0.9,59,54.5,3.9,89.7,212,0.379,0.926
2026-01-10T05:06:08.592Z,0.95,28,48.7,3.9,88.9,145,0.372,0.962
2026-01-10T05:07:08.595Z,0.8,112,55.5,0.3,89.7,307,0.394,0.848
2026-01-10T05:07:08.595Z,0.9,59,54.5,3.9,89.7,212,0.379,0.926
2026-01-10T05:07:08.595Z,0.95,28,48.7,3.9,88.9,145,0.372,0.962
2026-01-10T05:08:08.592Z,0.8,112,55.5,0.3,89.7,307,0.394,0.848
2026-01-10T05:08:08.592Z,0.9,59,54.5,3.9,89.7,212,0.379,0.926
2026-01-10T05:08:08.592Z,0.95,28,48.7,3.9,88.9,145,0.372,0.962
2026-01-10T05:09:08.592Z,0.8,112,55.5,0.3,89.7,307,0.394,0.848
2026-01-10T05:09:08.592Z,0.9,59,54.5,3.9,89.7,212,0.379,0.926
2026-01-10T05:09:08.592Z,0.95,28,48.7,3.9,88.9,145,0.372,0.962
2026-01-10T05:10:08.591Z,0.8,112,55.5,0.3,89.7,307,0.394,0.848
2026-01-10T05:10:08.591Z,0.9,59,54.5,3.9,89.7,212,0.379,0.926
2026-01-10T05:10:08.591Z,0.95,28,48.7,3.9,88.9,145,0.372,0.962
2026-01-10T05:11:08.592Z,0.8,112,55.5,0.3,89.7,307,0.394,0.848
2026-01-10T05:11:08.592Z,0.9,59,54.5,3.9,89.7,212,0.379,0.926
2026-01-10T05:11:08.592Z,0.95,28,48.7,3.9,88.9,145,0.372,0.962
2026-01-10T05:12:08.594Z,0.8,112,55.5,0.3,89.7,307,0.394,0.848
2026-01-10T05:12:08.594Z,0.9,59,54.5,3.9,89.7,212,0.379,0.926
2026-01-10T05:12:08.594Z,0.95,28,48.7,3.9,88.9,145,0.372,0.962
2026-01-10T05:13:08.593Z,0.8,112,55.5,0.3,89.7,307,0.394,0.848
2026-01-10T05:13:08.593Z,0.9,59,54.5,3.9,89.7,212,0.379,0.926
2026-01-10T05:13:08.593Z,0.95,28,48.7,3.9,88.9,145,0.372,0.962
2026-01-10T05:14:08.592Z,0.8,112,55.5,0.3,89.7,307,0.394,0.848
2026-01-10T05:14:08.592Z,0.9,59,54.5,3.9,89.7,212,0.379,0.926
2026-01-10T05:14:08.592Z,0.95,28,48.7,3.9,88.9,145,0.372,0.962
2026-01-10T05:15:08.594Z,0.8,112,55.5,0.3,89.7,307,0.394,0.848
2026-01-10T05:15:08.594Z,0.9,59,54.5,3.9,89.7,212,0.379,0.926
2026-01-10T05:15:08.594Z,0.95,28,48.7,3.9,88.9,145,0.372,0.962
2026-01-10T05:16:08.594Z,0.8,112,55.5,0.3,89.7,307,0.394,0.848
2026-01-10T05:16:08.594Z,0.9,59,54.5,3.9,89.7,212,0.379,0.926
2026-01-10T05:16:08.594Z,0.95,28,48.7,3.9,88.9,145,0.372,0.962
2026-01-10T05:17:08.594Z,0.8,112,55.5,0.3,89.7,307,0.394,0.848
2026-01-10T05:17:08.594Z,0.9,59,54.5,3.9,89.7,212,0.379,0.926
2026-01-10T05:17:08.594Z,0.95,28,48.7,3.9,88.9,145,0.372,0.962
2026-01-10T05:18:08.595Z,0.8,112,55.5,0.3,89.7,307,0.394,0.848
2026-01-10T05:18:08.595Z,0.9,59,54.5,3.9,89.7,212,0.379,0.926
2026-01-10T05:18:08.595Z,0.95,28,48.7,3.9,88.9,145,0.372,0.962
2026-01-10T05:19:08.596Z,0.8,112,55.5,0.3,89.7,307,0.394,0.848
2026-01-10T05:19:08.596Z,0.9,59,54.5,3.9,89.7,212,0.379,0.926
2026-01-10T05:19:08.596Z,0.95,28,48.7,3.9,88.9,145,0.372,0.962
2026-01-10T05:20:08.596Z,0.8,112,55.5,0.3,89.7,307,0.394,0.848
2026-01-10T05:20:08.596Z,0.9,59,54.5,3.9,89.7,212,0.379,0.926
2026-01-10T05:20:08.596Z,0.95,28,48.7,3.9,88.9,145,0.372,0.962
2026-01-10T05:21:08.597Z,0.8,112,55.5,0.3,89.7,307,0.394,0.848
2026-01-10T05:21:08.597Z,0.9,59,54.5,3.9,89.7,212,0.379,0.926
2026-01-10T05:21:08.597Z,0.95,28,48.7,3.9,88.9,145,0.372,0.962
2026-01-10T05:22:08.598Z,0.8,112,55.5,0.3,89.7,307,0.394,0.848
2026-01-10T05:22:08.598Z,0.9,59,54.5,3.9,89.7,212,0.379,0.926
2026-01-10T05:22:08.598Z,0.95,28,48.7,3.9,88.9,145,0.372,0.962
2026-01-10T05:23:08.601Z,0.8,112,55.5,0.3,89.7,307,0.394,0.848
2026-01-10T05:23:08.601Z,0.9,59,54.5,3.9,89.7,212,0.379,0.926
2026-01-10T05:23:08.601Z,0.95,28,48.7,3.9,88.9,145,0.372,0.962
2026-01-10T05:24:08.602Z,0.8,112,55.5,0.3,89.7,307,0.394,0.848
2026-01-10T05:24:08.602Z,0.9,59,54.5,3.9,89.7,212,0.379,0.926
2026-01-10T05:24:08.602Z,0.95,28,48.7,3.9,88.9,145,0.372,0.962
2026-01-10T05:25:08.601Z,0.8,112,55.5,0.3,89.7,307,0.394,0.848
2026-01-10T05:25:08.601Z,0.9,59,54.5,3.9,89.7,212,0.379,0.926
2026-01-10T05:25:08.601Z,0.95,28,48.7,3.9,88.9,145,0.372,0.962
2026-01-10T05:26:08.602Z,0.8,112,55.5,0.3,89.7,307,0.394,0.848
2026-01-10T05:26:08.602Z,0.9,59,54.5,3.9,89.7,212,0.379,0.926
2026-01-10T05:26:08.602Z,0.95,28,48.7,3.9,88.9,145,0.372,0.962
2026-01-10T05:27:08.604Z,0.8,112,55.5,0.3,89.7,307,0.394,0.848
2026-01-10T05:27:08.604Z,0.9,59,54.5,3.9,89.7,212,0.379,0.926
2026-01-10T05:27:08.604Z,0.95,28,48.7,3.9,88.9,145,0.372,0.962
2026-01-10T05:28:08.604Z,0.8,112,55.5,0.3,89.7,307,0.394,0.848
2026-01-10T05:28:08.604Z,0.9,59,54.5,3.9,89.7,212,0.379,0.926
2026-01-10T05:28:08.604Z,0.95,28,48.7,3.9,88.9,145,0.372,0.962
2026-01-10T05:29:08.605Z,0.8,112,55.5,0.3,89.7,307,0.394,0.848
2026-01-10T05:29:08.605Z,0.9,59,54.5,3.9,89.7,212,0.379,0.926
2026-01-10T05:29:08.605Z,0.95,28,48.7,3.9,88.9,145,0.372,0.962
2026-01-10T05:30:08.608Z,0.8,112,55.5,0.3,89.7,307,0.394,0.848
2026-01-10T05:30:08.608Z,0.9,60,53.7,3.9,89.7,209,0.380,0.926
2026-01-10T05:30:08.608Z,0.95,28,48.7,3.9,88.9,145,0.372,0.962
2026-01-10T05:31:08.606Z,0.8,112,55.5,0.3,89.7,307,0.394,0.848
2026-01-10T05:31:08.606Z,0.9,60,53.7,3.9,89.7,209,0.380,0.926
2026-01-10T05:31:08.606Z,0.95,28,48.7,3.9,88.9,145,0.372,0.962
2026-01-10T05:32:08.609Z,0.8,112,55.5,0.3,89.7,307,0.394,0.848
2026-01-10T05:32:08.609Z,0.9,60,53.7,3.9,89.7,209,0.380,0.926
2026-01-10T05:32:08.609Z,0.95,28,48.7,3.9,88.9,145,0.372,0.962
2026-01-10T05:33:08.606Z,0.8,112,55.5,0.3,89.7,307,0.394,0.848
2026-01-10T05:33:08.606Z,0.9,60,53.7,3.9,89.7,209,0.380,0.926
2026-01-10T05:33:08.606Z,0.95,28,48.7,3.9,88.9,145,0.372,0.962
2026-01-10T05:34:08.610Z,0.8,112,55.5,0.3,89.7,307,0.394,0.848
2026-01-10T05:34:08.610Z,0.9,60,53.7,3.9,89.7,209,0.380,0.926
2026-01-10T05:34:08.610Z,0.95,28,48.7,3.9,88.9,145,0.372,0.962
2026-01-10T05:35:08.610Z,0.8,112,55.5,0.3,89.7,307,0.394,0.848
2026-01-10T05:35:08.610Z,0.9,60,53.7,3.9,89.7,209,0.380,0.926
2026-01-10T05:35:08.610Z,0.95,28,48.7,3.9,88.9,145,0.372,0.962
2026-01-10T05:36:08.610Z,0.8,112,55.5,0.3,89.7,307,0.394,0.848
2026-01-10T05:36:08.610Z,0.9,60,53.7,3.9,89.7,209,0.380,0.926
2026-01-10T05:36:08.610Z,0.95,28,48.7,3.9,88.9,145,0.372,0.962
2026-01-10T05:37:08.610Z,0.8,113,55.7,0.3,89.7,309,0.395,0.848
2026-01-10T05:37:08.610Z,0.9,60,53.7,3.9,89.7,209,0.380,0.926
2026-01-10T05:37:08.610Z,0.95,28,48.7,3.9,88.9,145,0.372,0.962
2026-01-10T05:38:08.610Z,0.8,113,55.7,0.3,89.7,309,0.395,0.848
2026-01-10T05:38:08.610Z,0.9,60,53.7,3.9,89.7,209,0.380,0.926
2026-01-10T05:38:08.610Z,0.95,28,48.7,3.9,88.9,145,0.372,0.962
2026-01-10T05:39:08.613Z,0.8,113,55.7,0.3,89.7,309,0.395,0.848
2026-01-10T05:39:08.613Z,0.9,60,53.7,3.9,89.7,209,0.380,0.926
2026-01-10T05:39:08.613Z,0.95,28,48.7,3.9,88.9,145,0.372,0.962
2026-01-10T05:40:08.612Z,0.8,113,55.7,0.3,89.7,309,0.395,0.848
2026-01-10T05:40:08.612Z,0.9,60,53.7,3.9,89.7,209,0.380,0.926
2026-01-10T05:40:08.612Z,0.95,28,48.7,3.9,88.9,145,0.372,0.962
2026-01-10T05:41:08.613Z,0.8,113,55.7,0.3,89.7,309,0.395,0.848
2026-01-10T05:41:08.613Z,0.9,60,53.7,3.9,89.7,209,0.380,0.926
2026-01-10T05:41:08.613Z,0.95,28,48.7,3.9,88.9,145,0.372,0.962
2026-01-10T05:42:08.614Z,0.8,113,55.7,0.3,89.7,309,0.395,0.848
2026-01-10T05:42:08.614Z,0.9,60,53.7,3.9,89.7,209,0.380,0.926
2026-01-10T05:42:08.614Z,0.95,28,48.7,3.9,88.9,145,0.372,0.962
2026-01-10T05:43:08.617Z,0.8,113,55.7,0.3,89.7,309,0.395,0.848
2026-01-10T05:43:08.617Z,0.9,60,53.7,3.9,89.7,209,0.380,0.926
2026-01-10T05:43:08.617Z,0.95,28,48.7,3.9,88.9,145,0.372,0.962
2026-01-10T05:44:08.618Z,0.8,113,55.7,0.3,89.7,309,0.395,0.848
2026-01-10T05:44:08.618Z,0.9,60,53.7,3.9,89.7,209,0.380,0.926
2026-01-10T05:44:08.618Z,0.95,28,48.7,3.9,88.9,145,0.372,0.962
2026-01-10T05:45:08.617Z,0.8,113,55.7,0.3,89.7,309,0.395,0.848
2026-01-10T05:45:08.617Z,0.9,60,53.7,3.9,89.7,209,0.380,0.926
2026-01-10T05:45:08.617Z,0.95,28,48.7,3.9,88.9,145,0.372,0.962
2026-01-10T05:46:08.616Z,0.8,113,55.7,0.3,89.7,309,0.395,0.848
2026-01-10T05:46:08.616Z,0.9,60,53.7,3.9,89.7,209,0.380,0.926
2026-01-10T05:46:08.616Z,0.95,28,48.7,3.9,88.9,145,0.372,0.962
2026-01-10T05:47:08.619Z,0.8,113,55.7,0.3,89.7,309,0.395,0.848
2026-01-10T05:47:08.619Z,0.9,60,53.7,3.9,89.7,209,0.380,0.926
2026-01-10T05:47:08.619Z,0.95,28,48.7,3.9,88.9,145,0.372,0.962
2026-01-10T05:48:08.617Z,0.8,113,55.7,0.3,89.7,309,0.395,0.848
2026-01-10T05:48:08.617Z,0.9,60,53.7,3.9,89.7,209,0.380,0.926
2026-01-10T05:48:08.617Z,0.95,28,48.7,3.9,88.9,145,0.372,0.962
2026-01-10T05:49:08.618Z,0.8,113,55.7,0.3,89.7,309,0.395,0.848
2026-01-10T05:49:08.618Z,0.9,60,53.7,3.9,89.7,209,0.380,0.926
2026-01-10T05:49:08.618Z,0.95,28,48.7,3.9,88.9,145,0.372,0.962
2026-01-10T05:50:08.620Z,0.8,113,55.7,0.3,89.7,309,0.395,0.848
2026-01-10T05:50:08.620Z,0.9,60,53.7,3.9,89.7,209,0.380,0.926
2026-01-10T05:50:08.620Z,0.95,28,48.7,3.9,88.9,145,0.372,0.962
2026-01-10T05:51:08.620Z,0.8,113,55.7,0.3,89.7,309,0.395,0.848
2026-01-10T05:51:08.620Z,0.9,60,53.7,3.9,89.7,209,0.380,0.926
2026-01-10T05:51:08.620Z,0.95,28,48.7,3.9,88.9,145,0.372,0.962
2026-01-10T05:52:08.623Z,0.8,113,55.7,0.3,89.7,309,0.395,0.848
2026-01-10T05:52:08.623Z,0.9,60,53.7,3.9,89.7,209,0.380,0.926
2026-01-10T05:52:08.623Z,0.95,28,48.7,3.9,88.9,145,0.372,0.962
2026-01-10T05:53:08.623Z,0.8,113,55.7,0.3,89.7,309,0.395,0.848
2026-01-10T05:53:08.623Z,0.9,60,53.7,3.9,89.7,209,0.380,0.926
2026-01-10T05:53:08.623Z,0.95,28,48.7,3.9,88.9,145,0.372,0.962
2026-01-10T05:54:08.621Z,0.8,113,55.7,0.3,89.7,309,0.395,0.848
2026-01-10T05:54:08.621Z,0.9,60,53.7,3.9,89.7,209,0.380,0.926
2026-01-10T05:54:08.621Z,0.95,28,48.7,3.9,88.9,145,0.372,0.962
2026-01-10T05:55:08.623Z,0.8,113,55.7,0.3,89.7,309,0.395,0.848
2026-01-10T05:55:08.623Z,0.9,60,53.7,3.9,89.7,209,0.380,0.926
2026-01-10T05:55:08.623Z,0.95,28,48.7,3.9,88.9,145,0.372,0.962
2026-01-10T05:56:08.623Z,0.8,113,55.7,0.3,89.7,309,0.395,0.848
2026-01-10T05:56:08.623Z,0.9,60,53.7,3.9,89.7,209,0.380,0.926
2026-01-10T05:56:08.623Z,0.95,28,48.7,3.9,88.9,145,0.372,0.962
2026-01-10T05:57:08.624Z,0.8,113,55.7,0.3,89.7,309,0.395,0.848
2026-01-10T05:57:08.624Z,0.9,60,53.7,3.9,89.7,209,0.380,0.926
2026-01-10T05:57:08.624Z,0.95,28,48.7,3.9,88.9,145,0.372,0.962
2026-01-10T05:58:08.625Z,0.8,113,55.7,0.3,89.7,309,0.395,0.848
2026-01-10T05:58:08.625Z,0.9,60,53.7,3.9,89.7,209,0.380,0.926
2026-01-10T05:58:08.625Z,0.95,28,48.7,3.9,88.9,145,0.372,0.962
2026-01-10T05:59:08.626Z,0.8,114,56.0,0.3,89.7,306,0.395,0.848
2026-01-10T05:59:08.626Z,0.9,63,55.0,3.9,89.7,202,0.383,0.925
2026-01-10T05:59:08.626Z,0.95,30,50.7,3.9,88.9,139,0.379,0.961
2026-01-10T06:00:08.629Z,0.8,116,55.7,0.3,89.7,302,0.396,0.850
2026-01-10T06:00:08.629Z,0.9,63,55.0,3.9,89.7,202,0.383,0.925
2026-01-10T06:00:08.629Z,0.95,30,50.7,3.9,88.9,139,0.379,0.961
2026-01-10T06:01:08.627Z,0.8,116,55.7,0.3,89.7,302,0.396,0.850
2026-01-10T06:01:08.627Z,0.9,63,55.0,3.9,89.7,202,0.383,0.925
2026-01-10T06:01:08.627Z,0.95,30,50.7,3.9,88.9,139,0.379,0.961
2026-01-10T06:02:08.631Z,0.8,116,55.7,0.3,89.7,302,0.396,0.850
2026-01-10T06:02:08.631Z,0.9,63,55.0,3.9,89.7,202,0.383,0.925
2026-01-10T06:02:08.631Z,0.95,30,50.7,3.9,88.9,139,0.379,0.961
2026-01-10T06:03:08.631Z,0.8,116,55.7,0.3,89.7,302,0.396,0.850
2026-01-10T06:03:08.631Z,0.9,63,55.0,3.9,89.7,202,0.383,0.925
2026-01-10T06:03:08.631Z,0.95,30,50.7,3.9,88.9,139,0.379,0.961
2026-01-10T06:04:08.632Z,0.8,116,55.7,0.3,89.7,302,0.396,0.850
2026-01-10T06:04:08.632Z,0.9,63,55.0,3.9,89.7,202,0.383,0.925
2026-01-10T06:04:08.632Z,0.95,30,50.7,3.9,88.9,139,0.379,0.961
2026-01-10T06:05:08.633Z,0.8,116,55.7,0.3,89.7,302,0.396,0.850
2026-01-10T06:05:08.633Z,0.9,63,55.0,3.9,89.7,202,0.383,0.925
2026-01-10T06:05:08.633Z,0.95,30,50.7,3.9,88.9,139,0.379,0.961
2026-01-10T06:06:08.633Z,0.8,116,55.7,0.3,89.7,302,0.396,0.850
2026-01-10T06:06:08.633Z,0.9,63,55.0,3.9,89.7,202,0.383,0.925
2026-01-10T06:06:08.633Z,0.95,30,50.7,3.9,88.9,139,0.379,0.961
2026-01-10T06:07:08.633Z,0.8,116,55.7,0.3,89.7,302,0.396,0.850
2026-01-10T06:07:08.633Z,0.9,63,55.0,3.9,89.7,202,0.383,0.925
2026-01-10T06:07:08.633Z,0.95,30,50.7,3.9,88.9,139,0.379,0.961
2026-01-10T06:08:08.636Z,0.8,116,55.7,0.3,89.7,302,0.396,0.850
2026-01-10T06:08:08.636Z,0.9,63,55.0,3.9,89.7,202,0.383,0.925
2026-01-10T06:08:08.636Z,0.95,30,50.7,3.9,88.9,139,0.379,0.961
2026-01-10T06:09:08.636Z,0.8,116,55.7,0.3,89.7,302,0.396,0.850
2026-01-10T06:09:08.636Z,0.9,63,55.0,3.9,89.7,202,0.383,0.925
2026-01-10T06:09:08.636Z,0.95,30,50.7,3.9,88.9,139,0.379,0.961
2026-01-10T06:10:08.637Z,0.8,116,55.7,0.3,89.7,302,0.396,0.850
2026-01-10T06:10:08.637Z,0.9,63,55.0,3.9,89.7,202,0.383,0.925
2026-01-10T06:10:08.637Z,0.95,30,50.7,3.9,88.9,139,0.379,0.961
2026-01-10T06:11:08.640Z,0.8,116,55.7,0.3,89.7,302,0.396,0.850
2026-01-10T06:11:08.640Z,0.9,63,55.0,3.9,89.7,202,0.383,0.925
2026-01-10T06:11:08.640Z,0.95,30,50.7,3.9,88.9,139,0.379,0.961
2026-01-10T06:12:08.643Z,0.8,116,55.7,0.3,89.7,302,0.396,0.850
2026-01-10T06:12:08.643Z,0.9,63,55.0,3.9,89.7,202,0.383,0.925
2026-01-10T06:12:08.643Z,0.95,30,50.7,3.9,88.9,139,0.379,0.961
2026-01-10T06:13:08.638Z,0.8,116,55.7,0.3,89.7,302,0.396,0.850
2026-01-10T06:13:08.638Z,0.9,63,55.0,3.9,89.7,202,0.383,0.925
2026-01-10T06:13:08.638Z,0.95,30,50.7,3.9,88.9,139,0.379,0.961
2026-01-10T06:14:08.640Z,0.8,116,55.7,0.3,89.7,302,0.396,0.850
2026-01-10T06:14:08.640Z,0.9,63,55.0,3.9,89.7,202,0.383,0.925
2026-01-10T06:14:08.640Z,0.95,30,50.7,3.9,88.9,139,0.379,0.961
2026-01-10T06:15:08.640Z,0.8,116,55.7,0.3,89.7,302,0.396,0.850
2026-01-10T06:15:08.640Z,0.9,63,55.0,3.9,89.7,202,0.383,0.925
2026-01-10T06:15:08.640Z,0.95,30,50.7,3.9,88.9,139,0.379,0.961
2026-01-10T06:16:08.643Z,0.8,116,55.7,0.3,89.7,302,0.396,0.850
2026-01-10T06:16:08.643Z,0.9,63,55.0,3.9,89.7,202,0.383,0.925
2026-01-10T06:16:08.643Z,0.95,30,50.7,3.9,88.9,139,0.379,0.961
2026-01-10T06:17:08.647Z,0.8,116,55.7,0.3,89.7,302,0.396,0.850
2026-01-10T06:17:08.647Z,0.9,63,55.0,3.9,89.7,202,0.383,0.925
2026-01-10T06:17:08.647Z,0.95,30,50.7,3.9,88.9,139,0.379,0.961
2026-01-10T06:18:08.642Z,0.8,118,56.0,0.3,89.7,309,0.398,0.849
2026-01-10T06:18:08.642Z,0.9,63,55.0,3.9,89.7,202,0.383,0.925
2026-01-10T06:18:08.642Z,0.95,30,50.7,3.9,88.9,139,0.379,0.961
2026-01-10T06:19:08.644Z,0.8,118,56.0,0.3,89.7,309,0.398,0.849
2026-01-10T06:19:08.644Z,0.9,63,55.0,3.9,89.7,202,0.383,0.925
2026-01-10T06:19:08.644Z,0.95,30,50.7,3.9,88.9,139,0.379,0.961
2026-01-10T06:20:08.646Z,0.8,118,56.0,0.3,89.7,309,0.398,0.849
2026-01-10T06:20:08.646Z,0.9,63,55.0,3.9,89.7,202,0.383,0.925
2026-01-10T06:20:08.646Z,0.95,30,50.7,3.9,88.9,139,0.379,0.961
2026-01-10T06:21:08.650Z,0.8,118,56.0,0.3,89.7,309,0.398,0.849
2026-01-10T06:21:08.650Z,0.9,63,55.0,3.9,89.7,202,0.383,0.925
2026-01-10T06:21:08.650Z,0.95,30,50.7,3.9,88.9,139,0.379,0.961
2026-01-10T06:22:08.647Z,0.8,118,56.0,0.3,89.7,309,0.398,0.849
2026-01-10T06:22:08.647Z,0.9,63,55.0,3.9,89.7,202,0.383,0.925
2026-01-10T06:22:08.647Z,0.95,30,50.7,3.9,88.9,139,0.379,0.961
2026-01-10T06:23:08.649Z,0.8,118,56.0,0.3,89.7,309,0.398,0.849
2026-01-10T06:23:08.649Z,0.9,63,55.0,3.9,89.7,202,0.383,0.925
2026-01-10T06:23:08.649Z,0.95,30,50.7,3.9,88.9,139,0.379,0.961
2026-01-10T06:24:08.650Z,0.8,118,56.0,0.3,89.7,309,0.398,0.849
2026-01-10T06:24:08.650Z,0.9,63,55.0,3.9,89.7,202,0.383,0.925
2026-01-10T06:24:08.650Z,0.95,30,50.7,3.9,88.9,139,0.379,0.961
2026-01-10T06:25:08.649Z,0.8,118,56.0,0.3,89.7,309,0.398,0.849
2026-01-10T06:25:08.649Z,0.9,63,55.0,3.9,89.7,202,0.383,0.925
2026-01-10T06:25:08.649Z,0.95,30,50.7,3.9,88.9,139,0.379,0.961
2026-01-10T06:26:08.652Z,0.8,118,56.0,0.3,89.7,309,0.398,0.849
2026-01-10T06:26:08.652Z,0.9,63,55.0,3.9,89.7,202,0.383,0.925
2026-01-10T06:26:08.652Z,0.95,30,50.7,3.9,88.9,139,0.379,0.961
2026-01-10T06:27:08.652Z,0.8,118,56.0,0.3,89.7,309,0.398,0.849
2026-01-10T06:27:08.652Z,0.9,63,55.0,3.9,89.7,202,0.383,0.925
2026-01-10T06:27:08.652Z,0.95,30,50.7,3.9,88.9,139,0.379,0.961
2026-01-10T06:28:08.653Z,0.8,118,56.0,0.3,89.7,309,0.398,0.849
2026-01-10T06:28:08.653Z,0.9,63,55.0,3.9,89.7,202,0.383,0.925
2026-01-10T06:28:08.653Z,0.95,30,50.7,3.9,88.9,139,0.379,0.961
2026-01-10T06:29:08.653Z,0.8,118,56.0,0.3,89.7,309,0.398,0.849
2026-01-10T06:29:08.653Z,0.9,63,55.0,3.9,89.7,202,0.383,0.925
2026-01-10T06:29:08.653Z,0.95,30,50.7,3.9,88.9,139,0.379,0.961
2026-01-10T06:30:08.656Z,0.8,120,55.9,0.3,89.7,304,0.396,0.850
2026-01-10T06:30:08.656Z,0.9,64,55.0,3.9,89.7,199,0.381,0.925
2026-01-10T06:30:08.656Z,0.95,33,50.2,3.9,88.9,127,0.377,0.962
2026-01-10T06:31:08.658Z,0.8,120,55.9,0.3,89.7,304,0.396,0.850
2026-01-10T06:31:08.658Z,0.9,64,55.0,3.9,89.7,199,0.381,0.925
2026-01-10T06:31:08.658Z,0.95,33,50.2,3.9,88.9,127,0.377,0.962
2026-01-10T06:32:08.660Z,0.8,120,55.9,0.3,89.7,304,0.396,0.850
2026-01-10T06:32:08.660Z,0.9,64,55.0,3.9,89.7,199,0.381,0.925
2026-01-10T06:32:08.660Z,0.95,33,50.2,3.9,88.9,127,0.377,0.962
2026-01-10T06:33:08.660Z,0.8,120,55.9,0.3,89.7,304,0.396,0.850
2026-01-10T06:33:08.660Z,0.9,64,55.0,3.9,89.7,199,0.381,0.925
2026-01-10T06:33:08.660Z,0.95,33,50.2,3.9,88.9,127,0.377,0.962
2026-01-10T06:34:08.661Z,0.8,120,55.9,0.3,89.7,304,0.396,0.850
2026-01-10T06:34:08.661Z,0.9,64,55.0,3.9,89.7,199,0.381,0.925
2026-01-10T06:34:08.661Z,0.95,33,50.2,3.9,88.9,127,0.377,0.962
2026-01-10T06:35:08.660Z,0.8,120,55.9,0.3,89.7,304,0.396,0.850
2026-01-10T06:35:08.660Z,0.9,64,55.0,3.9,89.7,199,0.381,0.925
2026-01-10T06:35:08.660Z,0.95,33,50.2,3.9,88.9,127,0.377,0.962
2026-01-10T06:36:08.661Z,0.8,120,55.9,0.3,89.7,304,0.396,0.850
2026-01-10T06:36:08.661Z,0.9,64,55.0,3.9,89.7,199,0.381,0.925
2026-01-10T06:36:08.661Z,0.95,33,50.2,3.9,88.9,127,0.377,0.962
2026-01-10T06:37:08.663Z,0.8,120,55.9,0.3,89.7,304,0.396,0.850
2026-01-10T06:37:08.663Z,0.9,64,55.0,3.9,89.7,199,0.381,0.925
2026-01-10T06:37:08.663Z,0.95,33,50.2,3.9,88.9,127,0.377,0.962
2026-01-10T06:38:08.666Z,0.8,120,55.9,0.3,89.7,304,0.396,0.850
2026-01-10T06:38:08.666Z,0.9,64,55.0,3.9,89.7,199,0.381,0.925
2026-01-10T06:38:08.666Z,0.95,33,50.2,3.9,88.9,127,0.377,0.962
2026-01-10T06:39:08.668Z,0.8,120,55.9,0.3,89.7,304,0.396,0.850
2026-01-10T06:39:08.668Z,0.9,64,55.0,3.9,89.7,199,0.381,0.925
2026-01-10T06:39:08.668Z,0.95,33,50.2,3.9,88.9,127,0.377,0.962
2026-01-10T06:40:08.663Z,0.8,120,55.9,0.3,89.7,304,0.396,0.850
2026-01-10T06:40:08.663Z,0.9,64,55.0,3.9,89.7,199,0.381,0.925
2026-01-10T06:40:08.663Z,0.95,33,50.2,3.9,88.9,127,0.377,0.962
2026-01-10T06:41:08.665Z,0.8,120,55.9,0.3,89.7,304,0.396,0.850
2026-01-10T06:41:08.665Z,0.9,64,55.0,3.9,89.7,199,0.381,0.925
2026-01-10T06:41:08.665Z,0.95,33,50.2,3.9,88.9,127,0.377,0.962
2026-01-10T06:42:08.665Z,0.8,120,55.9,0.3,89.7,304,0.396,0.850
2026-01-10T06:42:08.665Z,0.9,64,55.0,3.9,89.7,199,0.381,0.925
2026-01-10T06:42:08.665Z,0.95,33,50.2,3.9,88.9,127,0.377,0.962
2026-01-10T06:43:08.665Z,0.8,120,55.9,0.3,89.7,304,0.396,0.850
2026-01-10T06:43:08.665Z,0.9,64,55.0,3.9,89.7,199,0.381,0.925
2026-01-10T06:43:08.665Z,0.95,33,50.2,3.9,88.9,127,0.377,0.962
2026-01-10T06:44:08.667Z,0.8,121,56.1,0.3,89.7,302,0.397,0.849
2026-01-10T06:44:08.667Z,0.9,64,55.0,3.9,89.7,199,0.381,0.925
2026-01-10T06:44:08.667Z,0.95,33,50.2,3.9,88.9,127,0.377,0.962
2026-01-10T06:45:08.671Z,0.8,122,56.3,0.3,89.7,300,0.398,0.849
2026-01-10T06:45:08.671Z,0.9,64,55.0,3.9,89.7,199,0.381,0.925
2026-01-10T06:45:08.671Z,0.95,33,50.2,3.9,88.9,127,0.377,0.962
2026-01-10T06:46:08.672Z,0.8,122,56.3,0.3,89.7,300,0.398,0.849
2026-01-10T06:46:08.672Z,0.9,64,55.0,3.9,89.7,199,0.381,0.925
2026-01-10T06:46:08.672Z,0.95,33,50.2,3.9,88.9,127,0.377,0.962
2026-01-10T06:47:08.669Z,0.8,122,56.3,0.3,89.7,300,0.398,0.849
2026-01-10T06:47:08.669Z,0.9,64,55.0,3.9,89.7,199,0.381,0.925
2026-01-10T06:47:08.669Z,0.95,33,50.2,3.9,88.9,127,0.377,0.962
2026-01-10T06:48:08.672Z,0.8,122,56.3,0.3,89.7,300,0.398,0.849
2026-01-10T06:48:08.672Z,0.9,64,55.0,3.9,89.7,199,0.381,0.925
2026-01-10T06:48:08.672Z,0.95,33,50.2,3.9,88.9,127,0.377,0.962
2026-01-10T06:49:08.670Z,0.8,122,56.3,0.3,89.7,300,0.398,0.849
2026-01-10T06:49:08.670Z,0.9,64,55.0,3.9,89.7,199,0.381,0.925
2026-01-10T06:49:08.670Z,0.95,33,50.2,3.9,88.9,127,0.377,0.962
2026-01-10T06:50:08.670Z,0.8,122,56.3,0.3,89.7,300,0.398,0.849
2026-01-10T06:50:08.670Z,0.9,64,55.0,3.9,89.7,199,0.381,0.925
2026-01-10T06:50:08.670Z,0.95,33,50.2,3.9,88.9,127,0.377,0.962
2026-01-10T06:51:08.672Z,0.8,122,56.3,0.3,89.7,300,0.398,0.849
2026-01-10T06:51:08.672Z,0.9,64,55.0,3.9,89.7,199,0.381,0.925
2026-01-10T06:51:08.672Z,0.95,33,50.2,3.9,88.9,127,0.377,0.962
2026-01-10T06:52:08.676Z,0.8,122,56.3,0.3,89.7,300,0.398,0.849
2026-01-10T06:52:08.676Z,0.9,64,55.0,3.9,89.7,199,0.381,0.925
2026-01-10T06:52:08.676Z,0.95,33,50.2,3.9,88.9,127,0.377,0.962
2026-01-10T06:53:08.672Z,0.8,122,56.3,0.3,89.7,300,0.398,0.849
2026-01-10T06:53:08.672Z,0.9,64,55.0,3.9,89.7,199,0.381,0.925
2026-01-10T06:53:08.672Z,0.95,33,50.2,3.9,88.9,127,0.377,0.962
2026-01-10T06:54:08.673Z,0.8,122,56.3,0.3,89.7,300,0.398,0.849
2026-01-10T06:54:08.673Z,0.9,64,55.0,3.9,89.7,199,0.381,0.925
2026-01-10T06:54:08.673Z,0.95,33,50.2,3.9,88.9,127,0.377,0.962
2026-01-10T06:55:08.677Z,0.8,122,56.3,0.3,89.7,300,0.398,0.849
2026-01-10T06:55:08.677Z,0.9,64,55.0,3.9,89.7,199,0.381,0.925
2026-01-10T06:55:08.677Z,0.95,33,50.2,3.9,88.9,127,0.377,0.962
2026-01-10T06:56:08.676Z,0.8,122,56.3,0.3,89.7,300,0.398,0.849
2026-01-10T06:56:08.676Z,0.9,64,55.0,3.9,89.7,199,0.381,0.925
2026-01-10T06:56:08.676Z,0.95,33,50.2,3.9,88.9,127,0.377,0.962
2026-01-10T06:57:08.675Z,0.8,122,56.3,0.3,89.7,300,0.398,0.849
2026-01-10T06:57:08.675Z,0.9,64,55.0,3.9,89.7,199,0.381,0.925
2026-01-10T06:57:08.675Z,0.95,33,50.2,3.9,88.9,127,0.377,0.962
2026-01-10T06:58:08.676Z,0.8,122,56.3,0.3,89.7,300,0.398,0.849
2026-01-10T06:58:08.676Z,0.9,64,55.0,3.9,89.7,199,0.381,0.925
2026-01-10T06:58:08.676Z,0.95,33,50.2,3.9,88.9,127,0.377,0.962
2026-01-10T06:59:08.680Z,0.8,122,56.3,0.3,89.7,300,0.398,0.849
2026-01-10T06:59:08.680Z,0.9,64,55.0,3.9,89.7,199,0.381,0.925
2026-01-10T06:59:08.680Z,0.95,33,50.2,3.9,88.9,127,0.377,0.962
2026-01-10T07:00:08.677Z,0.8,122,56.3,0.3,89.7,300,0.398,0.849
2026-01-10T07:00:08.677Z,0.9,64,55.0,3.9,89.7,199,0.381,0.925
2026-01-10T07:00:08.677Z,0.95,33,50.2,3.9,88.9,127,0.377,0.962
2026-01-10T07:01:08.677Z,0.8,122,56.3,0.3,89.7,300,0.398,0.849
2026-01-10T07:01:08.677Z,0.9,64,55.0,3.9,89.7,199,0.381,0.925
2026-01-10T07:01:08.677Z,0.95,33,50.2,3.9,88.9,127,0.377,0.962
2026-01-10T07:02:08.678Z,0.8,122,56.3,0.3,89.7,300,0.398,0.849
2026-01-10T07:02:08.678Z,0.9,64,55.0,3.9,89.7,199,0.381,0.925
2026-01-10T07:02:08.678Z,0.95,33,50.2,3.9,88.9,127,0.377,0.962
2026-01-10T07:03:08.680Z,0.8,122,56.3,0.3,89.7,300,0.398,0.849
2026-01-10T07:03:08.680Z,0.9,64,55.0,3.9,89.7,199,0.381,0.925
2026-01-10T07:03:08.680Z,0.95,33,50.2,3.9,88.9,127,0.377,0.962
2026-01-10T07:04:08.679Z,0.8,122,56.3,0.3,89.7,300,0.398,0.849
2026-01-10T07:04:08.679Z,0.9,64,55.0,3.9,89.7,199,0.381,0.925
2026-01-10T07:04:08.679Z,0.95,33,50.2,3.9,88.9,127,0.377,0.962
2026-01-10T07:05:08.677Z,0.8,122,56.3,0.3,89.7,300,0.398,0.849
2026-01-10T07:05:08.677Z,0.9,64,55.0,3.9,89.7,199,0.381,0.925
2026-01-10T07:05:08.677Z,0.95,33,50.2,3.9,88.9,127,0.377,0.962
2026-01-10T07:06:08.677Z,0.8,122,56.3,0.3,89.7,300,0.398,0.849
2026-01-10T07:06:08.677Z,0.9,64,55.0,3.9,89.7,199,0.381,0.925
2026-01-10T07:06:08.677Z,0.95,33,50.2,3.9,88.9,127,0.377,0.962
2026-01-10T07:07:08.682Z,0.8,122,56.3,0.3,89.7,300,0.398,0.849
2026-01-10T07:07:08.682Z,0.9,64,55.0,3.9,89.7,199,0.381,0.925
2026-01-10T07:07:08.682Z,0.95,33,50.2,3.9,88.9,127,0.377,0.962
2026-01-10T07:08:08.680Z,0.8,122,56.3,0.3,89.7,300,0.398,0.849
2026-01-10T07:08:08.680Z,0.9,64,55.0,3.9,89.7,199,0.381,0.925
2026-01-10T07:08:08.680Z,0.95,33,50.2,3.9,88.9,127,0.377,0.962
2026-01-10T07:09:08.683Z,0.8,122,56.3,0.3,89.7,300,0.398,0.849
2026-01-10T07:09:08.683Z,0.9,64,55.0,3.9,89.7,199,0.381,0.925
2026-01-10T07:09:08.683Z,0.95,33,50.2,3.9,88.9,127,0.377,0.962
2026-01-10T07:10:08.683Z,0.8,122,56.3,0.3,89.7,300,0.398,0.849
2026-01-10T07:10:08.683Z,0.9,64,55.0,3.9,89.7,199,0.381,0.925
2026-01-10T07:10:08.683Z,0.95,33,50.2,3.9,88.9,127,0.377,0.962
2026-01-10T07:11:08.684Z,0.8,122,56.3,0.3,89.7,300,0.398,0.849
2026-01-10T07:11:08.684Z,0.9,64,55.0,3.9,89.7,199,0.381,0.925
2026-01-10T07:11:08.684Z,0.95,33,50.2,3.9,88.9,127,0.377,0.962
2026-01-10T07:12:08.683Z,0.8,122,56.3,0.3,89.7,300,0.398,0.849
2026-01-10T07:12:08.683Z,0.9,64,55.0,3.9,89.7,199,0.381,0.925
2026-01-10T07:12:08.683Z,0.95,33,50.2,3.9,88.9,127,0.377,0.962
2026-01-10T07:13:08.685Z,0.8,122,56.3,0.3,89.7,300,0.398,0.849
2026-01-10T07:13:08.685Z,0.9,64,55.0,3.9,89.7,199,0.381,0.925
2026-01-10T07:13:08.685Z,0.95,33,50.2,3.9,88.9,127,0.377,0.962
2026-01-10T07:14:08.682Z,0.8,122,56.3,0.3,89.7,300,0.398,0.849
2026-01-10T07:14:08.682Z,0.9,64,55.0,3.9,89.7,199,0.381,0.925
2026-01-10T07:14:08.682Z,0.95,33,50.2,3.9,88.9,127,0.377,0.962
2026-01-10T07:15:08.685Z,0.8,122,56.3,0.3,89.7,300,0.398,0.849
2026-01-10T07:15:08.685Z,0.9,64,55.0,3.9,89.7,199,0.381,0.925
2026-01-10T07:15:08.685Z,0.95,33,50.2,3.9,88.9,127,0.377,0.962
2026-01-10T07:16:08.687Z,0.8,122,56.3,0.3,89.7,300,0.398,0.849
2026-01-10T07:16:08.687Z,0.9,64,55.0,3.9,89.7,199,0.381,0.925
2026-01-10T07:16:08.687Z,0.95,33,50.2,3.9,88.9,127,0.377,0.962
2026-01-10T07:17:08.688Z,0.8,122,56.3,0.3,89.7,300,0.398,0.849
2026-01-10T07:17:08.688Z,0.9,64,55.0,3.9,89.7,199,0.381,0.925
2026-01-10T07:17:08.688Z,0.95,33,50.2,3.9,88.9,127,0.377,0.962
2026-01-10T07:18:08.688Z,0.8,122,56.3,0.3,89.7,300,0.398,0.849
2026-01-10T07:18:08.688Z,0.9,64,55.0,3.9,89.7,199,0.381,0.925
2026-01-10T07:18:08.688Z,0.95,33,50.2,3.9,88.9,127,0.377,0.962
2026-01-10T07:19:08.692Z,0.8,122,56.3,0.3,89.7,300,0.398,0.849
2026-01-10T07:19:08.692Z,0.9,64,55.0,3.9,89.7,199,0.381,0.925
2026-01-10T07:19:08.692Z,0.95,33,50.2,3.9,88.9,127,0.377,0.962
2026-01-10T07:20:08.688Z,0.8,122,56.3,0.3,89.7,300,0.398,0.849
2026-01-10T07:20:08.688Z,0.9,64,55.0,3.9,89.7,199,0.381,0.925
2026-01-10T07:20:08.688Z,0.95,33,50.2,3.9,88.9,127,0.377,0.962
2026-01-10T07:21:08.688Z,0.8,122,56.3,0.3,89.7,300,0.398,0.849
2026-01-10T07:21:08.688Z,0.9,64,55.0,3.9,89.7,199,0.381,0.925
2026-01-10T07:21:08.688Z,0.95,33,50.2,3.9,88.9,127,0.377,0.962
2026-01-10T07:22:08.691Z,0.8,122,56.3,0.3,89.7,300,0.398,0.849
2026-01-10T07:22:08.691Z,0.9,64,55.0,3.9,89.7,199,0.381,0.925
2026-01-10T07:22:08.691Z,0.95,33,50.2,3.9,88.9,127,0.377,0.962
2026-01-10T07:23:08.691Z,0.8,122,56.3,0.3,89.7,300,0.398,0.849
2026-01-10T07:23:08.691Z,0.9,64,55.0,3.9,89.7,199,0.381,0.925
2026-01-10T07:23:08.691Z,0.95,33,50.2,3.9,88.9,127,0.377,0.962
2026-01-10T07:24:08.690Z,0.8,122,56.3,0.3,89.7,300,0.398,0.849
2026-01-10T07:24:08.690Z,0.9,64,55.0,3.9,89.7,199,0.381,0.925
2026-01-10T07:24:08.690Z,0.95,33,50.2,3.9,88.9,127,0.377,0.962
2026-01-10T07:25:08.691Z,0.8,122,56.3,0.3,89.7,300,0.398,0.849
2026-01-10T07:25:08.691Z,0.9,64,55.0,3.9,89.7,199,0.381,0.925
2026-01-10T07:25:08.691Z,0.95,33,50.2,3.9,88.9,127,0.377,0.962
2026-01-10T07:26:08.695Z,0.8,122,56.3,0.3,89.7,300,0.398,0.849
2026-01-10T07:26:08.695Z,0.9,64,55.0,3.9,89.7,199,0.381,0.925
2026-01-10T07:26:08.695Z,0.95,33,50.2,3.9,88.9,127,0.377,0.962
2026-01-10T07:27:08.694Z,0.8,122,56.3,0.3,89.7,300,0.398,0.849
2026-01-10T07:27:08.694Z,0.9,64,55.0,3.9,89.7,199,0.381,0.925
2026-01-10T07:27:08.694Z,0.95,33,50.2,3.9,88.9,127,0.377,0.962
2026-01-10T07:28:08.698Z,0.8,122,56.3,0.3,89.7,300,0.398,0.849
2026-01-10T07:28:08.698Z,0.9,64,55.0,3.9,89.7,199,0.381,0.925
2026-01-10T07:28:08.698Z,0.95,33,50.2,3.9,88.9,127,0.377,0.962
2026-01-10T07:29:08.696Z,0.8,122,56.3,0.3,89.7,300,0.398,0.849
2026-01-10T07:29:08.696Z,0.9,64,55.0,3.9,89.7,199,0.381,0.925
2026-01-10T07:29:08.696Z,0.95,33,50.2,3.9,88.9,127,0.377,0.962
2026-01-10T07:30:08.697Z,0.8,122,56.3,0.3,89.7,300,0.398,0.849
2026-01-10T07:30:08.697Z,0.9,64,55.0,3.9,89.7,199,0.381,0.925
2026-01-10T07:30:08.697Z,0.95,33,50.2,3.9,88.9,127,0.377,0.962
2026-01-10T07:31:08.699Z,0.8,122,56.3,0.3,89.7,300,0.398,0.849
2026-01-10T07:31:08.699Z,0.9,64,55.0,3.9,89.7,199,0.381,0.925
2026-01-10T07:31:08.699Z,0.95,33,50.2,3.9,88.9,127,0.377,0.962
2026-01-10T07:32:08.700Z,0.8,122,56.3,0.3,89.7,300,0.398,0.849
2026-01-10T07:32:08.700Z,0.9,64,55.0,3.9,89.7,199,0.381,0.925
2026-01-10T07:32:08.700Z,0.95,33,50.2,3.9,88.9,127,0.377,0.962
2026-01-10T07:33:08.700Z,0.8,122,56.3,0.3,89.7,300,0.398,0.849
2026-01-10T07:33:08.700Z,0.9,64,55.0,3.9,89.7,199,0.381,0.925
2026-01-10T07:33:08.700Z,0.95,33,50.2,3.9,88.9,127,0.377,0.962
2026-01-10T07:34:08.701Z,0.8,122,56.3,0.3,89.7,300,0.398,0.849
2026-01-10T07:34:08.701Z,0.9,64,55.0,3.9,89.7,199,0.381,0.925
2026-01-10T07:34:08.701Z,0.95,33,50.2,3.9,88.9,127,0.377,0.962
2026-01-10T07:35:08.701Z,0.8,122,56.3,0.3,89.7,300,0.398,0.849
2026-01-10T07:35:08.701Z,0.9,64,55.0,3.9,89.7,199,0.381,0.925
2026-01-10T07:35:08.701Z,0.95,33,50.2,3.9,88.9,127,0.377,0.962
2026-01-10T07:36:08.701Z,0.8,122,56.3,0.3,89.7,300,0.398,0.849
2026-01-10T07:36:08.701Z,0.9,64,55.0,3.9,89.7,199,0.381,0.925
2026-01-10T07:36:08.701Z,0.95,33,50.2,3.9,88.9,127,0.377,0.962
2026-01-10T07:37:08.703Z,0.8,122,56.3,0.3,89.7,300,0.398,0.849
2026-01-10T07:37:08.703Z,0.9,64,55.0,3.9,89.7,199,0.381,0.925
2026-01-10T07:37:08.703Z,0.95,33,50.2,3.9,88.9,127,0.377,0.962
2026-01-10T07:38:08.703Z,0.8,122,56.3,0.3,89.7,300,0.398,0.849
2026-01-10T07:38:08.703Z,0.9,64,55.0,3.9,89.7,199,0.381,0.925
2026-01-10T07:38:08.703Z,0.95,33,50.2,3.9,88.9,127,0.377,0.962
2026-01-10T07:39:08.703Z,0.8,122,56.3,0.3,89.7,300,0.398,0.849
2026-01-10T07:39:08.703Z,0.9,64,55.0,3.9,89.7,199,0.381,0.925
2026-01-10T07:39:08.703Z,0.95,33,50.2,3.9,88.9,127,0.377,0.962
2026-01-10T07:40:08.706Z,0.8,122,56.3,0.3,89.7,300,0.398,0.849
2026-01-10T07:40:08.706Z,0.9,64,55.0,3.9,89.7,199,0.381,0.925
2026-01-10T07:40:08.706Z,0.95,33,50.2,3.9,88.9,127,0.377,0.962
2026-01-10T07:41:08.709Z,0.8,122,56.3,0.3,89.7,300,0.398,0.849
2026-01-10T07:41:08.709Z,0.9,64,55.0,3.9,89.7,199,0.381,0.925
2026-01-10T07:41:08.709Z,0.95,33,50.2,3.9,88.9,127,0.377,0.962
2026-01-10T07:42:08.706Z,0.8,122,56.3,0.3,89.7,300,0.398,0.849
2026-01-10T07:42:08.706Z,0.9,64,55.0,3.9,89.7,199,0.381,0.925
2026-01-10T07:42:08.706Z,0.95,33,50.2,3.9,88.9,127,0.377,0.962
2026-01-10T07:43:08.708Z,0.8,122,56.3,0.3,89.7,300,0.398,0.849
2026-01-10T07:43:08.708Z,0.9,64,55.0,3.9,89.7,199,0.381,0.925
2026-01-10T07:43:08.708Z,0.95,33,50.2,3.9,88.9,127,0.377,0.962
2026-01-10T07:44:08.710Z,0.8,122,56.3,0.3,89.7,300,0.398,0.849
2026-01-10T07:44:08.710Z,0.9,64,55.0,3.9,89.7,199,0.381,0.925
2026-01-10T07:44:08.710Z,0.95,33,50.2,3.9,88.9,127,0.377,0.962
2026-01-10T07:45:08.711Z,0.8,122,56.3,0.3,89.7,300,0.398,0.849
2026-01-10T07:45:08.711Z,0.9,64,55.0,3.9,89.7,199,0.381,0.925
2026-01-10T07:45:08.711Z,0.95,33,50.2,3.9,88.9,127,0.377,0.962
2026-01-10T07:46:08.716Z,0.8,122,56.3,0.3,89.7,300,0.398,0.849
2026-01-10T07:46:08.716Z,0.9,64,55.0,3.9,89.7,199,0.381,0.925
2026-01-10T07:46:08.716Z,0.95,33,50.2,3.9,88.9,127,0.377,0.962
2026-01-10T07:47:08.714Z,0.8,122,56.3,0.3,89.7,300,0.398,0.849
2026-01-10T07:47:08.714Z,0.9,64,55.0,3.9,89.7,199,0.381,0.925
2026-01-10T07:47:08.714Z,0.95,33,50.2,3.9,88.9,127,0.377,0.962
2026-01-10T07:48:08.718Z,0.8,122,56.3,0.3,89.7,300,0.398,0.849
2026-01-10T07:48:08.718Z,0.9,64,55.0,3.9,89.7,199,0.381,0.925
2026-01-10T07:48:08.718Z,0.95,33,50.2,3.9,88.9,127,0.377,0.962
2026-01-10T07:49:08.719Z,0.8,122,56.3,0.3,89.7,300,0.398,0.849
2026-01-10T07:49:08.719Z,0.9,64,55.0,3.9,89.7,199,0.381,0.925
2026-01-10T07:49:08.719Z,0.95,33,50.2,3.9,88.9,127,0.377,0.962
2026-01-10T07:50:08.719Z,0.8,122,56.3,0.3,89.7,300,0.398,0.849
2026-01-10T07:50:08.719Z,0.9,64,55.0,3.9,89.7,199,0.381,0.925
2026-01-10T07:50:08.719Z,0.95,33,50.2,3.9,88.9,127,0.377,0.962
2026-01-10T07:51:08.717Z,0.8,122,56.3,0.3,89.7,300,0.398,0.849
2026-01-10T07:51:08.717Z,0.9,64,55.0,3.9,89.7,199,0.381,0.925
2026-01-10T07:51:08.717Z,0.95,33,50.2,3.9,88.9,127,0.377,0.962
2026-01-10T07:52:08.719Z,0.8,122,56.3,0.3,89.7,300,0.398,0.849
2026-01-10T07:52:08.719Z,0.9,64,55.0,3.9,89.7,199,0.381,0.925
2026-01-10T07:52:08.719Z,0.95,33,50.2,3.9,88.9,127,0.377,0.962
2026-01-10T07:53:08.720Z,0.8,122,56.3,0.3,89.7,300,0.398,0.849
2026-01-10T07:53:08.720Z,0.9,64,55.0,3.9,89.7,199,0.381,0.925
2026-01-10T07:53:08.720Z,0.95,33,50.2,3.9,88.9,127,0.377,0.962
2026-01-10T07:54:08.720Z,0.8,122,56.3,0.3,89.7,300,0.398,0.849
2026-01-10T07:54:08.720Z,0.9,64,55.0,3.9,89.7,199,0.381,0.925
2026-01-10T07:54:08.720Z,0.95,33,50.2,3.9,88.9,127,0.377,0.962
2026-01-10T07:55:08.721Z,0.8,122,56.3,0.3,89.7,300,0.398,0.849
2026-01-10T07:55:08.721Z,0.9,64,55.0,3.9,89.7,199,0.381,0.925
2026-01-10T07:55:08.721Z,0.95,33,50.2,3.9,88.9,127,0.377,0.962
2026-01-10T07:56:08.721Z,0.8,122,56.3,0.3,89.7,300,0.398,0.849
2026-01-10T07:56:08.721Z,0.9,64,55.0,3.9,89.7,199,0.381,0.925
2026-01-10T07:56:08.721Z,0.95,33,50.2,3.9,88.9,127,0.377,0.962
2026-01-10T07:57:08.721Z,0.8,122,56.3,0.3,89.7,300,0.398,0.849
2026-01-10T07:57:08.721Z,0.9,64,55.0,3.9,89.7,199,0.381,0.925
2026-01-10T07:57:08.721Z,0.95,33,50.2,3.9,88.9,127,0.377,0.962
2026-01-10T07:58:08.727Z,0.8,122,56.3,0.3,89.7,300,0.398,0.849
2026-01-10T07:58:08.727Z,0.9,64,55.0,3.9,89.7,199,0.381,0.925
2026-01-10T07:58:08.727Z,0.95,33,50.2,3.9,88.9,127,0.377,0.962
2026-01-10T07:59:08.729Z,0.8,122,56.3,0.3,89.7,300,0.398,0.849
2026-01-10T07:59:08.729Z,0.9,64,55.0,3.9,89.7,199,0.381,0.925
2026-01-10T07:59:08.729Z,0.95,33,50.2,3.9,88.9,127,0.377,0.962
2026-01-10T08:00:08.729Z,0.8,122,56.3,0.3,89.7,300,0.398,0.849
2026-01-10T08:00:08.729Z,0.9,64,55.0,3.9,89.7,199,0.381,0.925
2026-01-10T08:00:08.729Z,0.95,33,50.2,3.9,88.9,127,0.377,0.962
2026-01-10T08:01:08.729Z,0.8,122,56.3,0.3,89.7,300,0.398,0.849
2026-01-10T08:01:08.729Z,0.9,64,55.0,3.9,89.7,199,0.381,0.925
2026-01-10T08:01:08.729Z,0.95,33,50.2,3.9,88.9,127,0.377,0.962
2026-01-10T08:02:08.729Z,0.8,122,56.3,0.3,89.7,300,0.398,0.849
2026-01-10T08:02:08.729Z,0.9,64,55.0,3.9,89.7,199,0.381,0.925
2026-01-10T08:02:08.729Z,0.95,33,50.2,3.9,88.9,127,0.377,0.962
2026-01-10T08:03:08.729Z,0.8,122,56.3,0.3,89.7,300,0.398,0.849
2026-01-10T08:03:08.729Z,0.9,64,55.0,3.9,89.7,199,0.381,0.925
2026-01-10T08:03:08.729Z,0.95,33,50.2,3.9,88.9,127,0.377,0.962
2026-01-10T08:04:08.730Z,0.8,122,56.3,0.3,89.7,300,0.398,0.849
2026-01-10T08:04:08.730Z,0.9,64,55.0,3.9,89.7,199,0.381,0.925
2026-01-10T08:04:08.730Z,0.95,33,50.2,3.9,88.9,127,0.377,0.962
2026-01-10T08:05:08.734Z,0.8,122,56.3,0.3,89.7,300,0.398,0.849
2026-01-10T08:05:08.734Z,0.9,64,55.0,3.9,89.7,199,0.381,0.925
2026-01-10T08:05:08.734Z,0.95,33,50.2,3.9,88.9,127,0.377,0.962
2026-01-10T08:06:08.736Z,0.8,122,56.3,0.3,89.7,300,0.398,0.849
2026-01-10T08:06:08.736Z,0.9,64,55.0,3.9,89.7,199,0.381,0.925
2026-01-10T08:06:08.736Z,0.95,33,50.2,3.9,88.9,127,0.377,0.962
2026-01-10T08:07:08.735Z,0.8,122,56.3,0.3,89.7,300,0.398,0.849
2026-01-10T08:07:08.735Z,0.9,64,55.0,3.9,89.7,199,0.381,0.925
2026-01-10T08:07:08.735Z,0.95,33,50.2,3.9,88.9,127,0.377,0.962
2026-01-10T08:08:08.737Z,0.8,122,56.3,0.3,89.7,300,0.398,0.849
2026-01-10T08:08:08.737Z,0.9,64,55.0,3.9,89.7,199,0.381,0.925
2026-01-10T08:08:08.737Z,0.95,33,50.2,3.9,88.9,127,0.377,0.962
2026-01-10T08:09:08.735Z,0.8,122,56.3,0.3,89.7,300,0.398,0.849
2026-01-10T08:09:08.735Z,0.9,64,55.0,3.9,89.7,199,0.381,0.925
2026-01-10T08:09:08.735Z,0.95,33,50.2,3.9,88.9,127,0.377,0.962
2026-01-10T08:10:08.738Z,0.8,122,56.3,0.3,89.7,300,0.398,0.849
2026-01-10T08:10:08.738Z,0.9,64,55.0,3.9,89.7,199,0.381,0.925
2026-01-10T08:10:08.738Z,0.95,33,50.2,3.9,88.9,127,0.377,0.962
2026-01-10T08:11:08.741Z,0.8,122,56.3,0.3,89.7,300,0.398,0.849
2026-01-10T08:11:08.741Z,0.9,64,55.0,3.9,89.7,199,0.381,0.925
2026-01-10T08:11:08.741Z,0.95,33,50.2,3.9,88.9,127,0.377,0.962
2026-01-10T08:12:08.739Z,0.8,123,56.5,0.3,89.7,299,0.398,0.849
2026-01-10T08:12:08.739Z,0.9,64,55.0,3.9,89.7,199,0.381,0.925
2026-01-10T08:12:08.739Z,0.95,33,50.2,3.9,88.9,127,0.377,0.962
2026-01-10T08:13:08.741Z,0.8,123,56.5,0.3,89.7,299,0.398,0.849
2026-01-10T08:13:08.741Z,0.9,64,55.0,3.9,89.7,199,0.381,0.925
2026-01-10T08:13:08.741Z,0.95,33,50.2,3.9,88.9,127,0.377,0.962
2026-01-10T08:14:08.741Z,0.8,123,56.5,0.3,89.7,299,0.398,0.849
2026-01-10T08:14:08.741Z,0.9,64,55.0,3.9,89.7,199,0.381,0.925
2026-01-10T08:14:08.741Z,0.95,33,50.2,3.9,88.9,127,0.377,0.962
2026-01-10T08:15:08.743Z,0.8,123,56.5,0.3,89.7,299,0.398,0.849
2026-01-10T08:15:08.743Z,0.9,64,55.0,3.9,89.7,199,0.381,0.925
2026-01-10T08:15:08.743Z,0.95,33,50.2,3.9,88.9,127,0.377,0.962
2026-01-10T08:16:08.747Z,0.8,123,56.5,0.3,89.7,299,0.398,0.849
2026-01-10T08:16:08.747Z,0.9,64,55.0,3.9,89.7,199,0.381,0.925
2026-01-10T08:16:08.747Z,0.95,33,50.2,3.9,88.9,127,0.377,0.962
2026-01-10T08:17:08.748Z,0.8,123,56.5,0.3,89.7,299,0.398,0.849
2026-01-10T08:17:08.748Z,0.9,64,55.0,3.9,89.7,199,0.381,0.925
2026-01-10T08:17:08.748Z,0.95,33,50.2,3.9,88.9,127,0.377,0.962
2026-01-10T08:18:08.748Z,0.8,123,56.5,0.3,89.7,299,0.398,0.849
2026-01-10T08:18:08.748Z,0.9,64,55.0,3.9,89.7,199,0.381,0.925
2026-01-10T08:18:08.748Z,0.95,33,50.2,3.9,88.9,127,0.377,0.962
2026-01-10T08:19:08.746Z,0.8,123,56.5,0.3,89.7,299,0.398,0.849
2026-01-10T08:19:08.746Z,0.9,64,55.0,3.9,89.7,199,0.381,0.925
2026-01-10T08:19:08.746Z,0.95,33,50.2,3.9,88.9,127,0.377,0.962
2026-01-10T08:20:08.747Z,0.8,123,56.5,0.3,89.7,299,0.398,0.849
2026-01-10T08:20:08.747Z,0.9,64,55.0,3.9,89.7,199,0.381,0.925
2026-01-10T08:20:08.747Z,0.95,33,50.2,3.9,88.9,127,0.377,0.962
2026-01-10T08:21:08.747Z,0.8,123,56.5,0.3,89.7,299,0.398,0.849
2026-01-10T08:21:08.747Z,0.9,64,55.0,3.9,89.7,199,0.381,0.925
2026-01-10T08:21:08.747Z,0.95,33,50.2,3.9,88.9,127,0.377,0.962
2026-01-10T08:22:08.751Z,0.8,123,56.5,0.3,89.7,299,0.398,0.849
2026-01-10T08:22:08.751Z,0.9,64,55.0,3.9,89.7,199,0.381,0.925
2026-01-10T08:22:08.751Z,0.95,33,50.2,3.9,88.9,127,0.377,0.962
2026-01-10T08:23:08.752Z,0.8,123,56.5,0.3,89.7,299,0.398,0.849
2026-01-10T08:23:08.752Z,0.9,64,55.0,3.9,89.7,199,0.381,0.925
2026-01-10T08:23:08.752Z,0.95,33,50.2,3.9,88.9,127,0.377,0.962
2026-01-10T08:24:08.751Z,0.8,123,56.5,0.3,89.7,299,0.398,0.849
2026-01-10T08:24:08.751Z,0.9,64,55.0,3.9,89.7,199,0.381,0.925
2026-01-10T08:24:08.751Z,0.95,33,50.2,3.9,88.9,127,0.377,0.962
2026-01-10T08:25:08.750Z,0.8,123,56.5,0.3,89.7,299,0.398,0.849
2026-01-10T08:25:08.750Z,0.9,64,55.0,3.9,89.7,199,0.381,0.925
2026-01-10T08:25:08.750Z,0.95,33,50.2,3.9,88.9,127,0.377,0.962
2026-01-10T08:26:08.750Z,0.8,123,56.5,0.3,89.7,299,0.398,0.849
2026-01-10T08:26:08.750Z,0.9,64,55.0,3.9,89.7,199,0.381,0.925
2026-01-10T08:26:08.750Z,0.95,33,50.2,3.9,88.9,127,0.377,0.962
2026-01-10T08:27:08.750Z,0.8,123,56.5,0.3,89.7,299,0.398,0.849
2026-01-10T08:27:08.750Z,0.9,64,55.0,3.9,89.7,199,0.381,0.925
2026-01-10T08:27:08.750Z,0.95,33,50.2,3.9,88.9,127,0.377,0.962
2026-01-10T08:28:08.753Z,0.8,123,56.5,0.3,89.7,299,0.398,0.849
2026-01-10T08:28:08.753Z,0.9,64,55.0,3.9,89.7,199,0.381,0.925
2026-01-10T08:28:08.753Z,0.95,33,50.2,3.9,88.9,127,0.377,0.962
2026-01-10T08:29:08.752Z,0.8,123,56.5,0.3,89.7,299,0.398,0.849
2026-01-10T08:29:08.752Z,0.9,64,55.0,3.9,89.7,199,0.381,0.925
2026-01-10T08:29:08.752Z,0.95,33,50.2,3.9,88.9,127,0.377,0.962
2026-01-10T08:30:08.753Z,0.8,123,56.5,0.3,89.7,299,0.398,0.849
2026-01-10T08:30:08.753Z,0.9,64,55.0,3.9,89.7,199,0.381,0.925
2026-01-10T08:30:08.753Z,0.95,33,50.2,3.9,88.9,127,0.377,0.962
2026-01-10T08:31:08.758Z,0.8,123,56.5,0.3,89.7,299,0.398,0.849
2026-01-10T08:31:08.758Z,0.9,64,55.0,3.9,89.7,199,0.381,0.925
2026-01-10T08:31:08.758Z,0.95,33,50.2,3.9,88.9,127,0.377,0.962
2026-01-10T08:32:08.762Z,0.8,123,56.5,0.3,89.7,299,0.398,0.849
2026-01-10T08:32:08.762Z,0.9,64,55.0,3.9,89.7,199,0.381,0.925
2026-01-10T08:32:08.762Z,0.95,33,50.2,3.9,88.9,127,0.377,0.962
2026-01-10T08:33:08.761Z,0.8,123,56.5,0.3,89.7,299,0.398,0.849
2026-01-10T08:33:08.761Z,0.9,64,55.0,3.9,89.7,199,0.381,0.925
2026-01-10T08:33:08.761Z,0.95,33,50.2,3.9,88.9,127,0.377,0.962
2026-01-10T08:34:08.761Z,0.8,123,56.5,0.3,89.7,299,0.398,0.849
2026-01-10T08:34:08.761Z,0.9,64,55.0,3.9,89.7,199,0.381,0.925
2026-01-10T08:34:08.761Z,0.95,33,50.2,3.9,88.9,127,0.377,0.962
2026-01-10T08:35:08.762Z,0.8,123,56.5,0.3,89.7,299,0.398,0.849
2026-01-10T08:35:08.762Z,0.9,64,55.0,3.9,89.7,199,0.381,0.925
2026-01-10T08:35:08.762Z,0.95,33,50.2,3.9,88.9,127,0.377,0.962
2026-01-10T08:36:08.764Z,0.8,123,56.5,0.3,89.7,299,0.398,0.849
2026-01-10T08:36:08.764Z,0.9,64,55.0,3.9,89.7,199,0.381,0.925
2026-01-10T08:36:08.764Z,0.95,33,50.2,3.9,88.9,127,0.377,0.962
2026-01-10T08:37:08.767Z,0.8,123,56.5,0.3,89.7,299,0.398,0.849
2026-01-10T08:37:08.767Z,0.9,64,55.0,3.9,89.7,199,0.381,0.925
2026-01-10T08:37:08.767Z,0.95,33,50.2,3.9,88.9,127,0.377,0.962
2026-01-10T08:38:08.766Z,0.8,123,56.5,0.3,89.7,299,0.398,0.849
2026-01-10T08:38:08.766Z,0.9,64,55.0,3.9,89.7,199,0.381,0.925
2026-01-10T08:38:08.766Z,0.95,33,50.2,3.9,88.9,127,0.377,0.962
2026-01-10T08:39:08.767Z,0.8,123,56.5,0.3,89.7,299,0.398,0.849
2026-01-10T08:39:08.767Z,0.9,64,55.0,3.9,89.7,199,0.381,0.925
2026-01-10T08:39:08.767Z,0.95,33,50.2,3.9,88.9,127,0.377,0.962
2026-01-10T08:40:08.768Z,0.8,123,56.5,0.3,89.7,299,0.398,0.849
2026-01-10T08:40:08.768Z,0.9,64,55.0,3.9,89.7,199,0.381,0.925
2026-01-10T08:40:08.768Z,0.95,33,50.2,3.9,88.9,127,0.377,0.962
2026-01-10T08:41:08.768Z,0.8,123,56.5,0.3,89.7,299,0.398,0.849
2026-01-10T08:41:08.768Z,0.9,64,55.0,3.9,89.7,199,0.381,0.925
2026-01-10T08:41:08.768Z,0.95,33,50.2,3.9,88.9,127,0.377,0.962
2026-01-10T08:42:08.769Z,0.8,123,56.5,0.3,89.7,299,0.398,0.849
2026-01-10T08:42:08.769Z,0.9,64,55.0,3.9,89.7,199,0.381,0.925
2026-01-10T08:42:08.769Z,0.95,33,50.2,3.9,88.9,127,0.377,0.962
2026-01-10T08:43:08.772Z,0.8,123,56.5,0.3,89.7,299,0.398,0.849
2026-01-10T08:43:08.772Z,0.9,64,55.0,3.9,89.7,199,0.381,0.925
2026-01-10T08:43:08.772Z,0.95,33,50.2,3.9,88.9,127,0.377,0.962
2026-01-10T08:44:08.773Z,0.8,123,56.5,0.3,89.7,299,0.398,0.849
2026-01-10T08:44:08.773Z,0.9,64,55.0,3.9,89.7,199,0.381,0.925
2026-01-10T08:44:08.773Z,0.95,33,50.2,3.9,88.9,127,0.377,0.962
2026-01-10T08:45:08.945Z,0.8,123,56.5,0.3,89.7,299,0.398,0.849
2026-01-10T08:45:08.945Z,0.9,64,55.0,3.9,89.7,199,0.381,0.925
2026-01-10T08:45:08.945Z,0.95,33,50.2,3.9,88.9,127,0.377,0.962
2026-01-10T08:46:08.947Z,0.8,123,56.5,0.3,89.7,299,0.398,0.849
2026-01-10T08:46:08.947Z,0.9,64,55.0,3.9,89.7,199,0.381,0.925
2026-01-10T08:46:08.947Z,0.95,33,50.2,3.9,88.9,127,0.377,0.962
2026-01-10T08:47:08.949Z,0.8,123,56.5,0.3,89.7,299,0.398,0.849
2026-01-10T08:47:08.949Z,0.9,64,55.0,3.9,89.7,199,0.381,0.925
2026-01-10T08:47:08.949Z,0.95,33,50.2,3.9,88.9,127,0.377,0.962
2026-01-10T08:48:08.951Z,0.8,123,56.5,0.3,89.7,299,0.398,0.849
2026-01-10T08:48:08.951Z,0.9,64,55.0,3.9,89.7,199,0.381,0.925
2026-01-10T08:48:08.951Z,0.95,33,50.2,3.9,88.9,127,0.377,0.962
2026-01-10T08:49:08.951Z,0.8,123,56.5,0.3,89.7,299,0.398,0.849
2026-01-10T08:49:08.951Z,0.9,64,55.0,3.9,89.7,199,0.381,0.925
2026-01-10T08:49:08.951Z,0.95,33,50.2,3.9,88.9,127,0.377,0.962
2026-01-10T08:50:08.949Z,0.8,123,56.5,0.3,89.7,299,0.398,0.849
2026-01-10T08:50:08.949Z,0.9,64,55.0,3.9,89.7,199,0.381,0.925
2026-01-10T08:50:08.949Z,0.95,33,50.2,3.9,88.9,127,0.377,0.962
2026-01-10T08:51:08.954Z,0.8,123,56.5,0.3,89.7,299,0.398,0.849
2026-01-10T08:51:08.954Z,0.9,64,55.0,3.9,89.7,199,0.381,0.925
2026-01-10T08:51:08.954Z,0.95,33,50.2,3.9,88.9,127,0.377,0.962
2026-01-10T08:52:08.954Z,0.8,123,56.5,0.3,89.7,299,0.398,0.849
2026-01-10T08:52:08.954Z,0.9,64,55.0,3.9,89.7,199,0.381,0.925
2026-01-10T08:52:08.954Z,0.95,33,50.2,3.9,88.9,127,0.377,0.962
2026-01-10T08:53:08.954Z,0.8,123,56.5,0.3,89.7,299,0.398,0.849
2026-01-10T08:53:08.954Z,0.9,64,55.0,3.9,89.7,199,0.381,0.925
2026-01-10T08:53:08.954Z,0.95,33,50.2,3.9,88.9,127,0.377,0.962
2026-01-10T08:54:08.954Z,0.8,123,56.5,0.3,89.7,299,0.398,0.849
2026-01-10T08:54:08.954Z,0.9,64,55.0,3.9,89.7,199,0.381,0.925
2026-01-10T08:54:08.954Z,0.95,33,50.2,3.9,88.9,127,0.377,0.962
2026-01-10T08:55:08.954Z,0.8,123,56.5,0.3,89.7,299,0.398,0.849
2026-01-10T08:55:08.954Z,0.9,64,55.0,3.9,89.7,199,0.381,0.925
2026-01-10T08:55:08.954Z,0.95,33,50.2,3.9,88.9,127,0.377,0.962
2026-01-10T08:56:08.954Z,0.8,123,56.5,0.3,89.7,299,0.398,0.849
2026-01-10T08:56:08.954Z,0.9,64,55.0,3.9,89.7,199,0.381,0.925
2026-01-10T08:56:08.954Z,0.95,33,50.2,3.9,88.9,127,0.377,0.962
2026-01-10T08:57:08.957Z,0.8,123,56.5,0.3,89.7,299,0.398,0.849
2026-01-10T08:57:08.957Z,0.9,64,55.0,3.9,89.7,199,0.381,0.925
2026-01-10T08:57:08.957Z,0.95,33,50.2,3.9,88.9,127,0.377,0.962
2026-01-10T08:58:08.959Z,0.8,123,56.5,0.3,89.7,299,0.398,0.849
2026-01-10T08:58:08.959Z,0.9,64,55.0,3.9,89.7,199,0.381,0.925
2026-01-10T08:58:08.959Z,0.95,33,50.2,3.9,88.9,127,0.377,0.962
2026-01-10T08:59:08.960Z,0.8,123,56.5,0.3,89.7,299,0.398,0.849
2026-01-10T08:59:08.960Z,0.9,64,55.0,3.9,89.7,199,0.381,0.925
2026-01-10T08:59:08.960Z,0.95,33,50.2,3.9,88.9,127,0.377,0.962
2026-01-10T09:00:08.957Z,0.8,123,56.5,0.3,89.7,299,0.398,0.849
2026-01-10T09:00:08.957Z,0.9,64,55.0,3.9,89.7,199,0.381,0.925
2026-01-10T09:00:08.957Z,0.95,33,50.2,3.9,88.9,127,0.377,0.962
2026-01-10T09:01:08.961Z,0.8,123,56.5,0.3,89.7,299,0.398,0.849
2026-01-10T09:01:08.961Z,0.9,64,55.0,3.9,89.7,199,0.381,0.925
2026-01-10T09:01:08.961Z,0.95,33,50.2,3.9,88.9,127,0.377,0.962
2026-01-10T09:02:08.959Z,0.8,123,56.5,0.3,89.7,299,0.398,0.849
2026-01-10T09:02:08.959Z,0.9,64,55.0,3.9,89.7,199,0.381,0.925
2026-01-10T09:02:08.959Z,0.95,33,50.2,3.9,88.9,127,0.377,0.962
2026-01-10T09:03:08.957Z,0.8,123,56.5,0.3,89.7,299,0.398,0.849
2026-01-10T09:03:08.957Z,0.9,64,55.0,3.9,89.7,199,0.381,0.925
2026-01-10T09:03:08.957Z,0.95,33,50.2,3.9,88.9,127,0.377,0.962
2026-01-10T09:04:08.956Z,0.8,124,56.8,0.3,89.7,302,0.399,0.849
2026-01-10T09:04:08.956Z,0.9,64,55.0,3.9,89.7,199,0.381,0.925
2026-01-10T09:04:08.956Z,0.95,33,50.2,3.9,88.9,127,0.377,0.962
2026-01-10T09:05:08.962Z,0.8,124,56.8,0.3,89.7,302,0.399,0.849
2026-01-10T09:05:08.962Z,0.9,64,55.0,3.9,89.7,199,0.381,0.925
2026-01-10T09:05:08.962Z,0.95,33,50.2,3.9,88.9,127,0.377,0.962
2026-01-10T09:06:08.958Z,0.8,124,56.8,0.3,89.7,302,0.399,0.849
2026-01-10T09:06:08.958Z,0.9,64,55.0,3.9,89.7,199,0.381,0.925
2026-01-10T09:06:08.958Z,0.95,33,50.2,3.9,88.9,127,0.377,0.962
2026-01-10T09:07:08.958Z,0.8,124,56.8,0.3,89.7,302,0.399,0.849
2026-01-10T09:07:08.958Z,0.9,64,55.0,3.9,89.7,199,0.381,0.925
2026-01-10T09:07:08.958Z,0.95,33,50.2,3.9,88.9,127,0.377,0.962
2026-01-10T09:08:08.960Z,0.8,124,56.8,0.3,89.7,302,0.399,0.849
2026-01-10T09:08:08.960Z,0.9,64,55.0,3.9,89.7,199,0.381,0.925
2026-01-10T09:08:08.960Z,0.95,33,50.2,3.9,88.9,127,0.377,0.962
2026-01-10T09:09:08.960Z,0.8,124,56.8,0.3,89.7,302,0.399,0.849
2026-01-10T09:09:08.960Z,0.9,64,55.0,3.9,89.7,199,0.381,0.925
2026-01-10T09:09:08.960Z,0.95,33,50.2,3.9,88.9,127,0.377,0.962
2026-01-10T09:10:08.959Z,0.8,125,57.0,0.3,90.0,302,0.399,0.849
2026-01-10T09:10:08.959Z,0.9,64,55.0,3.9,89.7,199,0.381,0.925
2026-01-10T09:10:08.959Z,0.95,33,50.2,3.9,88.9,127,0.377,0.962
2026-01-10T09:11:08.962Z,0.8,125,57.0,0.3,90.0,302,0.399,0.849
2026-01-10T09:11:08.962Z,0.9,64,55.0,3.9,89.7,199,0.381,0.925
2026-01-10T09:11:08.962Z,0.95,33,50.2,3.9,88.9,127,0.377,0.962
2026-01-10T09:12:08.961Z,0.8,125,57.0,0.3,90.0,302,0.399,0.849
2026-01-10T09:12:08.961Z,0.9,64,55.0,3.9,89.7,199,0.381,0.925
2026-01-10T09:12:08.961Z,0.95,33,50.2,3.9,88.9,127,0.377,0.962
2026-01-10T09:13:08.964Z,0.8,125,57.0,0.3,90.0,302,0.399,0.849
2026-01-10T09:13:08.964Z,0.9,64,55.0,3.9,89.7,199,0.381,0.925
2026-01-10T09:13:08.964Z,0.95,33,50.2,3.9,88.9,127,0.377,0.962
2026-01-10T09:14:08.962Z,0.8,125,57.0,0.3,90.0,302,0.399,0.849
2026-01-10T09:14:08.962Z,0.9,64,55.0,3.9,89.7,199,0.381,0.925
2026-01-10T09:14:08.962Z,0.95,33,50.2,3.9,88.9,127,0.377,0.962
2026-01-10T09:15:08.968Z,0.8,125,57.0,0.3,90.0,302,0.399,0.849
2026-01-10T09:15:08.968Z,0.9,64,55.0,3.9,89.7,199,0.381,0.925
2026-01-10T09:15:08.968Z,0.95,33,50.2,3.9,88.9,127,0.377,0.962
2026-01-10T09:16:08.965Z,0.8,125,57.0,0.3,90.0,302,0.399,0.849
2026-01-10T09:16:08.965Z,0.9,64,55.0,3.9,89.7,199,0.381,0.925
2026-01-10T09:16:08.965Z,0.95,33,50.2,3.9,88.9,127,0.377,0.962
2026-01-10T09:17:08.966Z,0.8,125,57.0,0.3,90.0,302,0.399,0.849
2026-01-10T09:17:08.966Z,0.9,64,55.0,3.9,89.7,199,0.381,0.925
2026-01-10T09:17:08.966Z,0.95,33,50.2,3.9,88.9,127,0.377,0.962
2026-01-10T09:18:08.961Z,0.8,125,57.0,0.3,90.0,302,0.399,0.849
2026-01-10T09:18:08.961Z,0.9,64,55.0,3.9,89.7,199,0.381,0.925
2026-01-10T09:18:08.961Z,0.95,33,50.2,3.9,88.9,127,0.377,0.962
2026-01-10T09:19:08.965Z,0.8,125,57.0,0.3,90.0,302,0.399,0.849
2026-01-10T09:19:08.965Z,0.9,64,55.0,3.9,89.7,199,0.381,0.925
2026-01-10T09:19:08.965Z,0.95,33,50.2,3.9,88.9,127,0.377,0.962
2026-01-10T09:20:08.964Z,0.8,125,57.0,0.3,90.0,302,0.399,0.849
2026-01-10T09:20:08.964Z,0.9,64,55.0,3.9,89.7,199,0.381,0.925
2026-01-10T09:20:08.964Z,0.95,33,50.2,3.9,88.9,127,0.377,0.962
2026-01-10T09:21:08.965Z,0.8,126,57.3,0.3,90.0,304,0.400,0.849
2026-01-10T09:21:08.965Z,0.9,64,55.0,3.9,89.7,199,0.381,0.925
2026-01-10T09:21:08.965Z,0.95,33,50.2,3.9,88.9,127,0.377,0.962
2026-01-10T09:22:08.966Z,0.8,126,57.3,0.3,90.0,304,0.400,0.849
2026-01-10T09:22:08.966Z,0.9,64,55.0,3.9,89.7,199,0.381,0.925
2026-01-10T09:22:08.966Z,0.95,33,50.2,3.9,88.9,127,0.377,0.962
2026-01-10T09:23:08.975Z,0.8,126,57.3,0.3,90.0,304,0.400,0.849
2026-01-10T09:23:08.975Z,0.9,64,55.0,3.9,89.7,199,0.381,0.925
2026-01-10T09:23:08.975Z,0.95,33,50.2,3.9,88.9,127,0.377,0.962
2026-01-10T09:24:08.972Z,0.8,126,57.3,0.3,90.0,304,0.400,0.849
2026-01-10T09:24:08.972Z,0.9,64,55.0,3.9,89.7,199,0.381,0.925
2026-01-10T09:24:08.972Z,0.95,33,50.2,3.9,88.9,127,0.377,0.962
2026-01-10T09:25:08.970Z,0.8,126,57.3,0.3,90.0,304,0.400,0.849
2026-01-10T09:25:08.970Z,0.9,64,55.0,3.9,89.7,199,0.381,0.925
2026-01-10T09:25:08.970Z,0.95,33,50.2,3.9,88.9,127,0.377,0.962
2026-01-10T09:26:08.973Z,0.8,126,57.3,0.3,90.0,304,0.400,0.849
2026-01-10T09:26:08.973Z,0.9,64,55.0,3.9,89.7,199,0.381,0.925
2026-01-10T09:26:08.973Z,0.95,33,50.2,3.9,88.9,127,0.377,0.962
2026-01-10T09:27:08.973Z,0.8,126,57.3,0.3,90.0,304,0.400,0.849
2026-01-10T09:27:08.973Z,0.9,64,55.0,3.9,89.7,199,0.381,0.925
2026-01-10T09:27:08.973Z,0.95,33,50.2,3.9,88.9,127,0.377,0.962
2026-01-10T09:28:08.974Z,0.8,126,57.3,0.3,90.0,304,0.400,0.849
2026-01-10T09:28:08.974Z,0.9,64,55.0,3.9,89.7,199,0.381,0.925
2026-01-10T09:28:08.974Z,0.95,33,50.2,3.9,88.9,127,0.377,0.962
2026-01-10T09:29:08.973Z,0.8,126,57.3,0.3,90.0,304,0.400,0.849
2026-01-10T09:29:08.973Z,0.9,64,55.0,3.9,89.7,199,0.381,0.925
2026-01-10T09:29:08.973Z,0.95,33,50.2,3.9,88.9,127,0.377,0.962
2026-01-10T09:30:08.975Z,0.8,126,57.3,0.3,90.0,304,0.400,0.849
2026-01-10T09:30:08.975Z,0.9,64,55.0,3.9,89.7,199,0.381,0.925
2026-01-10T09:30:08.975Z,0.95,33,50.2,3.9,88.9,127,0.377,0.962
2026-01-10T09:31:08.979Z,0.8,126,57.3,0.3,90.0,304,0.400,0.849
2026-01-10T09:31:08.979Z,0.9,64,55.0,3.9,89.7,199,0.381,0.925
2026-01-10T09:31:08.979Z,0.95,33,50.2,3.9,88.9,127,0.377,0.962
2026-01-10T09:32:08.980Z,0.8,126,57.3,0.3,90.0,304,0.400,0.849
2026-01-10T09:32:08.980Z,0.9,64,55.0,3.9,89.7,199,0.381,0.925
2026-01-10T09:32:08.980Z,0.95,33,50.2,3.9,88.9,127,0.377,0.962
2026-01-10T09:33:08.983Z,0.8,126,57.3,0.3,90.0,304,0.400,0.849
2026-01-10T09:33:08.983Z,0.9,64,55.0,3.9,89.7,199,0.381,0.925
2026-01-10T09:33:08.983Z,0.95,33,50.2,3.9,88.9,127,0.377,0.962
2026-01-10T09:34:08.984Z,0.8,126,57.3,0.3,90.0,304,0.400,0.849
2026-01-10T09:34:08.984Z,0.9,64,55.0,3.9,89.7,199,0.381,0.925
2026-01-10T09:34:08.984Z,0.95,33,50.2,3.9,88.9,127,0.377,0.962
2026-01-10T09:35:08.987Z,0.8,126,57.3,0.3,90.0,304,0.400,0.849
2026-01-10T09:35:08.987Z,0.9,64,55.0,3.9,89.7,199,0.381,0.925
2026-01-10T09:35:08.987Z,0.95,33,50.2,3.9,88.9,127,0.377,0.962
2026-01-10T09:36:08.988Z,0.8,126,57.3,0.3,90.0,304,0.400,0.849
2026-01-10T09:36:08.988Z,0.9,64,55.0,3.9,89.7,199,0.381,0.925
2026-01-10T09:36:08.988Z,0.95,33,50.2,3.9,88.9,127,0.377,0.962
2026-01-10T09:37:08.989Z,0.8,126,57.3,0.3,90.0,304,0.400,0.849
2026-01-10T09:37:08.989Z,0.9,64,55.0,3.9,89.7,199,0.381,0.925
2026-01-10T09:37:08.989Z,0.95,33,50.2,3.9,88.9,127,0.377,0.962
2026-01-10T09:38:08.991Z,0.8,126,57.3,0.3,90.0,304,0.400,0.849
2026-01-10T09:38:08.991Z,0.9,64,55.0,3.9,89.7,199,0.381,0.925
2026-01-10T09:38:08.991Z,0.95,33,50.2,3.9,88.9,127,0.377,0.962
2026-01-10T09:39:08.991Z,0.8,126,57.3,0.3,90.0,304,0.400,0.849
2026-01-10T09:39:08.991Z,0.9,65,55.5,3.9,89.7,202,0.382,0.925
2026-01-10T09:39:08.991Z,0.95,33,50.2,3.9,88.9,127,0.377,0.962
2026-01-10T09:40:08.990Z,0.8,126,57.3,0.3,90.0,304,0.400,0.849
2026-01-10T09:40:08.990Z,0.9,65,55.5,3.9,89.7,202,0.382,0.925
2026-01-10T09:40:08.990Z,0.95,33,50.2,3.9,88.9,127,0.377,0.962
2026-01-10T09:41:08.998Z,0.8,126,57.3,0.3,90.0,304,0.400,0.849
2026-01-10T09:41:08.998Z,0.9,65,55.5,3.9,89.7,202,0.382,0.925
2026-01-10T09:41:08.998Z,0.95,33,50.2,3.9,88.9,127,0.377,0.962
2026-01-10T09:42:08.993Z,0.8,126,57.3,0.3,90.0,304,0.400,0.849
2026-01-10T09:42:08.993Z,0.9,65,55.5,3.9,89.7,202,0.382,0.925
2026-01-10T09:42:08.993Z,0.95,33,50.2,3.9,88.9,127,0.377,0.962
2026-01-10T09:43:08.994Z,0.8,126,57.3,0.3,90.0,304,0.400,0.849
2026-01-10T09:43:08.994Z,0.9,65,55.5,3.9,89.7,202,0.382,0.925
2026-01-10T09:43:08.994Z,0.95,33,50.2,3.9,88.9,127,0.377,0.962
2026-01-10T09:44:09.000Z,0.8,126,57.3,0.3,90.0,304,0.400,0.849
2026-01-10T09:44:09.000Z,0.9,65,55.5,3.9,89.7,202,0.382,0.925
2026-01-10T09:44:09.000Z,0.95,33,50.2,3.9,88.9,127,0.377,0.962
2026-01-10T09:45:08.997Z,0.8,126,57.3,0.3,90.0,304,0.400,0.849
2026-01-10T09:45:08.997Z,0.9,65,55.5,3.9,89.7,202,0.382,0.925
2026-01-10T09:45:08.997Z,0.95,33,50.2,3.9,88.9,127,0.377,0.962
2026-01-10T09:46:08.997Z,0.8,126,57.3,0.3,90.0,304,0.400,0.849
2026-01-10T09:46:08.997Z,0.9,65,55.5,3.9,89.7,202,0.382,0.925
2026-01-10T09:46:08.997Z,0.95,33,50.2,3.9,88.9,127,0.377,0.962
2026-01-10T09:47:09.000Z,0.8,126,57.3,0.3,90.0,304,0.400,0.849
2026-01-10T09:47:09.000Z,0.9,65,55.5,3.9,89.7,202,0.382,0.925
2026-01-10T09:47:09.000Z,0.95,33,50.2,3.9,88.9,127,0.377,0.962
2026-01-10T09:48:09.005Z,0.8,126,57.3,0.3,90.0,304,0.400,0.849
2026-01-10T09:48:09.005Z,0.9,66,56.0,3.9,89.9,210,0.383,0.925
2026-01-10T09:48:09.005Z,0.95,33,50.2,3.9,88.9,127,0.377,0.962
2026-01-10T09:49:09.006Z,0.8,126,57.3,0.3,90.0,304,0.400,0.849
2026-01-10T09:49:09.006Z,0.9,66,56.0,3.9,89.9,210,0.383,0.925
2026-01-10T09:49:09.006Z,0.95,33,50.2,3.9,88.9,127,0.377,0.962
2026-01-10T09:50:09.010Z,0.8,126,57.3,0.3,90.0,304,0.400,0.849
2026-01-10T09:50:09.010Z,0.9,66,56.0,3.9,89.9,210,0.383,0.925
2026-01-10T09:50:09.010Z,0.95,33,50.2,3.9,88.9,127,0.377,0.962
2026-01-10T09:51:09.010Z,0.8,126,57.3,0.3,90.0,304,0.400,0.849
2026-01-10T09:51:09.010Z,0.9,66,56.0,3.9,89.9,210,0.383,0.925
2026-01-10T09:51:09.010Z,0.95,33,50.2,3.9,88.9,127,0.377,0.962
2026-01-10T09:52:09.013Z,0.8,126,57.3,0.3,90.0,304,0.400,0.849
2026-01-10T09:52:09.013Z,0.9,66,56.0,3.9,89.9,210,0.383,0.925
2026-01-10T09:52:09.013Z,0.95,33,50.2,3.9,88.9,127,0.377,0.962
2026-01-10T09:53:09.015Z,0.8,126,57.3,0.3,90.0,304,0.400,0.849
2026-01-10T09:53:09.015Z,0.9,66,56.0,3.9,89.9,210,0.383,0.925
2026-01-10T09:53:09.015Z,0.95,33,50.2,3.9,88.9,127,0.377,0.962
2026-01-10T09:54:09.016Z,0.8,126,57.3,0.3,90.0,304,0.400,0.849
2026-01-10T09:54:09.016Z,0.9,66,56.0,3.9,89.9,210,0.383,0.925
2026-01-10T09:54:09.016Z,0.95,33,50.2,3.9,88.9,127,0.377,0.962
2026-01-10T09:55:09.012Z,0.8,126,57.3,0.3,90.0,304,0.400,0.849
2026-01-10T09:55:09.012Z,0.9,66,56.0,3.9,89.9,210,0.383,0.925
2026-01-10T09:55:09.012Z,0.95,33,50.2,3.9,88.9,127,0.377,0.962
2026-01-10T09:56:09.014Z,0.8,126,57.3,0.3,90.0,304,0.400,0.849
2026-01-10T09:56:09.014Z,0.9,66,56.0,3.9,89.9,210,0.383,0.925
2026-01-10T09:56:09.014Z,0.95,33,50.2,3.9,88.9,127,0.377,0.962
2026-01-10T09:57:09.016Z,0.8,126,57.3,0.3,90.0,304,0.400,0.849
2026-01-10T09:57:09.016Z,0.9,66,56.0,3.9,89.9,210,0.383,0.925
2026-01-10T09:57:09.016Z,0.95,33,50.2,3.9,88.9,127,0.377,0.962
2026-01-10T09:58:09.019Z,0.8,126,57.3,0.3,90.0,304,0.400,0.849
2026-01-10T09:58:09.019Z,0.9,66,56.0,3.9,89.9,210,0.383,0.925
2026-01-10T09:58:09.019Z,0.95,33,50.2,3.9,88.9,127,0.377,0.962
2026-01-10T09:59:09.019Z,0.8,126,57.3,0.3,90.0,304,0.400,0.849
2026-01-10T09:59:09.019Z,0.9,66,56.0,3.9,89.9,210,0.383,0.925
2026-01-10T09:59:09.019Z,0.95,33,50.2,3.9,88.9,127,0.377,0.962
2026-01-10T10:00:09.020Z,0.8,126,57.3,0.3,90.0,304,0.400,0.849
2026-01-10T10:00:09.020Z,0.9,66,56.0,3.9,89.9,210,0.383,0.925
2026-01-10T10:00:09.020Z,0.95,33,50.2,3.9,88.9,127,0.377,0.962
2026-01-10T10:01:09.023Z,0.8,126,57.3,0.3,90.0,304,0.400,0.849
2026-01-10T10:01:09.023Z,0.9,66,56.0,3.9,89.9,210,0.383,0.925
2026-01-10T10:01:09.023Z,0.95,33,50.2,3.9,88.9,127,0.377,0.962
2026-01-10T10:02:09.023Z,0.8,126,57.3,0.3,90.0,304,0.400,0.849
2026-01-10T10:02:09.023Z,0.9,66,56.0,3.9,89.9,210,0.383,0.925
2026-01-10T10:02:09.023Z,0.95,33,50.2,3.9,88.9,127,0.377,0.962
2026-01-10T10:03:09.023Z,0.8,126,57.3,0.3,90.0,304,0.400,0.849
2026-01-10T10:03:09.023Z,0.9,66,56.0,3.9,89.9,210,0.383,0.925
2026-01-10T10:03:09.023Z,0.95,33,50.2,3.9,88.9,127,0.377,0.962
2026-01-10T10:04:09.024Z,0.8,126,57.3,0.3,90.0,304,0.400,0.849
2026-01-10T10:04:09.024Z,0.9,66,56.0,3.9,89.9,210,0.383,0.925
2026-01-10T10:04:09.024Z,0.95,33,50.2,3.9,88.9,127,0.377,0.962
2026-01-10T10:05:09.025Z,0.8,126,57.3,0.3,90.0,304,0.400,0.849
2026-01-10T10:05:09.025Z,0.9,66,56.0,3.9,89.9,210,0.383,0.925
2026-01-10T10:05:09.025Z,0.95,33,50.2,3.9,88.9,127,0.377,0.962
2026-01-10T10:06:09.027Z,0.8,126,57.3,0.3,90.0,304,0.400,0.849
2026-01-10T10:06:09.027Z,0.9,66,56.0,3.9,89.9,210,0.383,0.925
2026-01-10T10:06:09.027Z,0.95,33,50.2,3.9,88.9,127,0.377,0.962
2026-01-10T10:07:09.028Z,0.8,126,57.3,0.3,90.0,304,0.400,0.849
2026-01-10T10:07:09.028Z,0.9,66,56.0,3.9,89.9,210,0.383,0.925
2026-01-10T10:07:09.028Z,0.95,33,50.2,3.9,88.9,127,0.377,0.962
2026-01-10T10:08:09.029Z,0.8,126,57.3,0.3,90.0,304,0.400,0.849
2026-01-10T10:08:09.029Z,0.9,66,56.0,3.9,89.9,210,0.383,0.925
2026-01-10T10:08:09.029Z,0.95,33,50.2,3.9,88.9,127,0.377,0.962
2026-01-10T10:09:09.029Z,0.8,126,57.3,0.3,90.0,304,0.400,0.849
2026-01-10T10:09:09.029Z,0.9,66,56.0,3.9,89.9,210,0.383,0.925
2026-01-10T10:09:09.029Z,0.95,33,50.2,3.9,88.9,127,0.377,0.962
2026-01-10T10:10:09.032Z,0.8,126,57.3,0.3,90.0,304,0.400,0.849
2026-01-10T10:10:09.032Z,0.9,66,56.0,3.9,89.9,210,0.383,0.925
2026-01-10T10:10:09.032Z,0.95,33,50.2,3.9,88.9,127,0.377,0.962
2026-01-10T10:11:09.032Z,0.8,126,57.3,0.3,90.0,304,0.400,0.849
2026-01-10T10:11:09.032Z,0.9,66,56.0,3.9,89.9,210,0.383,0.925
2026-01-10T10:11:09.032Z,0.95,33,50.2,3.9,88.9,127,0.377,0.962
2026-01-10T10:12:09.031Z,0.8,126,57.3,0.3,90.0,304,0.400,0.849
2026-01-10T10:12:09.031Z,0.9,66,56.0,3.9,89.9,210,0.383,0.925
2026-01-10T10:12:09.031Z,0.95,33,50.2,3.9,88.9,127,0.377,0.962
2026-01-10T10:13:09.033Z,0.8,126,57.3,0.3,90.0,304,0.400,0.849
2026-01-10T10:13:09.033Z,0.9,66,56.0,3.9,89.9,210,0.383,0.925
2026-01-10T10:13:09.033Z,0.95,33,50.2,3.9,88.9,127,0.377,0.962
2026-01-10T10:14:09.033Z,0.8,126,57.3,0.3,90.0,304,0.400,0.849
2026-01-10T10:14:09.033Z,0.9,66,56.0,3.9,89.9,210,0.383,0.925
2026-01-10T10:14:09.033Z,0.95,33,50.2,3.9,88.9,127,0.377,0.962
2026-01-10T10:15:09.034Z,0.8,127,57.3,0.3,90.0,302,0.400,0.849
2026-01-10T10:15:09.034Z,0.9,66,56.0,3.9,89.9,210,0.383,0.925
2026-01-10T10:15:09.034Z,0.95,33,50.2,3.9,88.9,127,0.377,0.962
2026-01-10T10:16:09.034Z,0.8,127,57.3,0.3,90.0,302,0.400,0.849
2026-01-10T10:16:09.034Z,0.9,66,56.0,3.9,89.9,210,0.383,0.925
2026-01-10T10:16:09.034Z,0.95,33,50.2,3.9,88.9,127,0.377,0.962
2026-01-10T10:17:09.033Z,0.8,127,57.3,0.3,90.0,302,0.400,0.849
2026-01-10T10:17:09.033Z,0.9,66,56.0,3.9,89.9,210,0.383,0.925
2026-01-10T10:17:09.033Z,0.95,33,50.2,3.9,88.9,127,0.377,0.962
2026-01-10T10:18:09.035Z,0.8,127,57.3,0.3,90.0,302,0.400,0.849
2026-01-10T10:18:09.035Z,0.9,66,56.0,3.9,89.9,210,0.383,0.925
2026-01-10T10:18:09.035Z,0.95,33,50.2,3.9,88.9,127,0.377,0.962
2026-01-10T10:19:09.035Z,0.8,127,57.3,0.3,90.0,302,0.400,0.849
2026-01-10T10:19:09.035Z,0.9,66,56.0,3.9,89.9,210,0.383,0.925
2026-01-10T10:19:09.035Z,0.95,33,50.2,3.9,88.9,127,0.377,0.962
2026-01-10T10:20:09.037Z,0.8,127,57.3,0.3,90.0,302,0.400,0.849
2026-01-10T10:20:09.037Z,0.9,66,56.0,3.9,89.9,210,0.383,0.925
2026-01-10T10:20:09.037Z,0.95,33,50.2,3.9,88.9,127,0.377,0.962
2026-01-10T10:21:09.037Z,0.8,127,57.3,0.3,90.0,302,0.400,0.849
2026-01-10T10:21:09.037Z,0.9,66,56.0,3.9,89.9,210,0.383,0.925
2026-01-10T10:21:09.037Z,0.95,33,50.2,3.9,88.9,127,0.377,0.962
2026-01-10T10:22:09.038Z,0.8,127,57.3,0.3,90.0,302,0.400,0.849
2026-01-10T10:22:09.038Z,0.9,66,56.0,3.9,89.9,210,0.383,0.925
2026-01-10T10:22:09.038Z,0.95,33,50.2,3.9,88.9,127,0.377,0.962
2026-01-10T10:23:09.038Z,0.8,127,57.3,0.3,90.0,302,0.400,0.849
2026-01-10T10:23:09.038Z,0.9,66,56.0,3.9,89.9,210,0.383,0.925
2026-01-10T10:23:09.038Z,0.95,33,50.2,3.9,88.9,127,0.377,0.962
2026-01-10T10:24:09.038Z,0.8,127,57.3,0.3,90.0,302,0.400,0.849
2026-01-10T10:24:09.038Z,0.9,66,56.0,3.9,89.9,210,0.383,0.925
2026-01-10T10:24:09.038Z,0.95,33,50.2,3.9,88.9,127,0.377,0.962
2026-01-10T10:25:09.039Z,0.8,127,57.3,0.3,90.0,302,0.400,0.849
2026-01-10T10:25:09.039Z,0.9,66,56.0,3.9,89.9,210,0.383,0.925
2026-01-10T10:25:09.039Z,0.95,33,50.2,3.9,88.9,127,0.377,0.962
2026-01-10T10:26:09.039Z,0.8,127,57.3,0.3,90.0,302,0.400,0.849
2026-01-10T10:26:09.039Z,0.9,66,56.0,3.9,89.9,210,0.383,0.925
2026-01-10T10:26:09.039Z,0.95,33,50.2,3.9,88.9,127,0.377,0.962
2026-01-10T10:27:09.040Z,0.8,127,57.3,0.3,90.0,302,0.400,0.849
2026-01-10T10:27:09.040Z,0.9,66,56.0,3.9,89.9,210,0.383,0.925
2026-01-10T10:27:09.040Z,0.95,33,50.2,3.9,88.9,127,0.377,0.962
2026-01-10T10:28:09.041Z,0.8,127,57.3,0.3,90.0,302,0.400,0.849
2026-01-10T10:28:09.041Z,0.9,66,56.0,3.9,89.9,210,0.383,0.925
2026-01-10T10:28:09.041Z,0.95,33,50.2,3.9,88.9,127,0.377,0.962
2026-01-10T10:29:09.041Z,0.8,128,56.9,0.3,90.0,300,0.400,0.849
2026-01-10T10:29:09.041Z,0.9,66,56.0,3.9,89.9,210,0.383,0.925
2026-01-10T10:29:09.041Z,0.95,33,50.2,3.9,88.9,127,0.377,0.962
2026-01-10T10:30:09.043Z,0.8,128,56.9,0.3,90.0,300,0.400,0.849
2026-01-10T10:30:09.043Z,0.9,66,56.0,3.9,89.9,210,0.383,0.925
2026-01-10T10:30:09.043Z,0.95,33,50.2,3.9,88.9,127,0.377,0.962
2026-01-10T10:31:09.045Z,0.8,128,56.9,0.3,90.0,300,0.400,0.849
2026-01-10T10:31:09.045Z,0.9,66,56.0,3.9,89.9,210,0.383,0.925
2026-01-10T10:31:09.045Z,0.95,33,50.2,3.9,88.9,127,0.377,0.962
2026-01-10T10:32:09.046Z,0.8,128,56.9,0.3,90.0,300,0.400,0.849
2026-01-10T10:32:09.046Z,0.9,66,56.0,3.9,89.9,210,0.383,0.925
2026-01-10T10:32:09.046Z,0.95,33,50.2,3.9,88.9,127,0.377,0.962
2026-01-10T10:33:09.048Z,0.8,128,56.9,0.3,90.0,300,0.400,0.849
2026-01-10T10:33:09.048Z,0.9,66,56.0,3.9,89.9,210,0.383,0.925
2026-01-10T10:33:09.048Z,0.95,33,50.2,3.9,88.9,127,0.377,0.962
2026-01-10T10:34:09.053Z,0.8,128,56.9,0.3,90.0,300,0.400,0.849
2026-01-10T10:34:09.053Z,0.9,66,56.0,3.9,89.9,210,0.383,0.925
2026-01-10T10:34:09.053Z,0.95,33,50.2,3.9,88.9,127,0.377,0.962
2026-01-10T10:35:09.048Z,0.8,128,56.9,0.3,90.0,300,0.400,0.849
2026-01-10T10:35:09.048Z,0.9,66,56.0,3.9,89.9,210,0.383,0.925
2026-01-10T10:35:09.048Z,0.95,33,50.2,3.9,88.9,127,0.377,0.962
2026-01-10T10:36:09.049Z,0.8,128,56.9,0.3,90.0,300,0.400,0.849
2026-01-10T10:36:09.049Z,0.9,66,56.0,3.9,89.9,210,0.383,0.925
2026-01-10T10:36:09.049Z,0.95,33,50.2,3.9,88.9,127,0.377,0.962
2026-01-10T10:37:09.050Z,0.8,128,56.9,0.3,90.0,300,0.400,0.849
2026-01-10T10:37:09.050Z,0.9,66,56.0,3.9,89.9,210,0.383,0.925
2026-01-10T10:37:09.050Z,0.95,33,50.2,3.9,88.9,127,0.377,0.962
2026-01-10T10:38:09.051Z,0.8,128,56.9,0.3,90.0,300,0.400,0.849
2026-01-10T10:38:09.051Z,0.9,66,56.0,3.9,89.9,210,0.383,0.925
2026-01-10T10:38:09.051Z,0.95,33,50.2,3.9,88.9,127,0.377,0.962
2026-01-10T10:39:09.051Z,0.8,128,56.9,0.3,90.0,300,0.400,0.849
2026-01-10T10:39:09.051Z,0.9,66,56.0,3.9,89.9,210,0.383,0.925
2026-01-10T10:39:09.051Z,0.95,33,50.2,3.9,88.9,127,0.377,0.962
2026-01-10T10:40:09.052Z,0.8,128,56.9,0.3,90.0,300,0.400,0.849
2026-01-10T10:40:09.052Z,0.9,66,56.0,3.9,89.9,210,0.383,0.925
2026-01-10T10:40:09.052Z,0.95,33,50.2,3.9,88.9,127,0.377,0.962
2026-01-10T10:41:09.054Z,0.8,128,56.9,0.3,90.0,300,0.400,0.849
2026-01-10T10:41:09.054Z,0.9,66,56.0,3.9,89.9,210,0.383,0.925
2026-01-10T10:41:09.054Z,0.95,33,50.2,3.9,88.9,127,0.377,0.962
2026-01-10T10:42:09.056Z,0.8,128,56.9,0.3,90.0,300,0.400,0.849
2026-01-10T10:42:09.056Z,0.9,66,56.0,3.9,89.9,210,0.383,0.925
2026-01-10T10:42:09.056Z,0.95,33,50.2,3.9,88.9,127,0.377,0.962
2026-01-10T10:43:09.056Z,0.8,128,56.9,0.3,90.0,300,0.400,0.849
2026-01-10T10:43:09.056Z,0.9,66,56.0,3.9,89.9,210,0.383,0.925
2026-01-10T10:43:09.056Z,0.95,33,50.2,3.9,88.9,127,0.377,0.962
2026-01-10T10:44:09.056Z,0.8,128,56.9,0.3,90.0,300,0.400,0.849
2026-01-10T10:44:09.056Z,0.9,66,56.0,3.9,89.9,210,0.383,0.925
2026-01-10T10:44:09.056Z,0.95,33,50.2,3.9,88.9,127,0.377,0.962
2026-01-10T10:45:09.058Z,0.8,128,56.9,0.3,90.0,300,0.400,0.849
2026-01-10T10:45:09.058Z,0.9,66,56.0,3.9,89.9,210,0.383,0.925
2026-01-10T10:45:09.058Z,0.95,33,50.2,3.9,88.9,127,0.377,0.962
2026-01-10T10:46:09.060Z,0.8,128,56.9,0.3,90.0,300,0.400,0.849
2026-01-10T10:46:09.060Z,0.9,66,56.0,3.9,89.9,210,0.383,0.925
2026-01-10T10:46:09.060Z,0.95,33,50.2,3.9,88.9,127,0.377,0.962
2026-01-10T10:47:09.061Z,0.8,128,56.9,0.3,90.0,300,0.400,0.849
2026-01-10T10:47:09.061Z,0.9,66,56.0,3.9,89.9,210,0.383,0.925
2026-01-10T10:47:09.061Z,0.95,33,50.2,3.9,88.9,127,0.377,0.962
2026-01-10T10:48:09.061Z,0.8,128,56.9,0.3,90.0,300,0.400,0.849
2026-01-10T10:48:09.061Z,0.9,66,56.0,3.9,89.9,210,0.383,0.925
2026-01-10T10:48:09.061Z,0.95,33,50.2,3.9,88.9,127,0.377,0.962
2026-01-10T10:49:09.062Z,0.8,128,56.9,0.3,90.0,300,0.400,0.849
2026-01-10T10:49:09.062Z,0.9,66,56.0,3.9,89.9,210,0.383,0.925
2026-01-10T10:49:09.062Z,0.95,33,50.2,3.9,88.9,127,0.377,0.962
2026-01-10T10:50:09.062Z,0.8,128,56.9,0.3,90.0,300,0.400,0.849
2026-01-10T10:50:09.062Z,0.9,66,56.0,3.9,89.9,210,0.383,0.925
2026-01-10T10:50:09.062Z,0.95,33,50.2,3.9,88.9,127,0.377,0.962
2026-01-10T10:51:09.063Z,0.8,128,56.9,0.3,90.0,300,0.400,0.849
2026-01-10T10:51:09.063Z,0.9,66,56.0,3.9,89.9,210,0.383,0.925
2026-01-10T10:51:09.063Z,0.95,33,50.2,3.9,88.9,127,0.377,0.962
2026-01-10T10:52:09.064Z,0.8,128,56.9,0.3,90.0,300,0.400,0.849
2026-01-10T10:52:09.064Z,0.9,66,56.0,3.9,89.9,210,0.383,0.925
2026-01-10T10:52:09.064Z,0.95,33,50.2,3.9,88.9,127,0.377,0.962
2026-01-10T10:53:09.067Z,0.8,128,56.9,0.3,90.0,300,0.400,0.849
2026-01-10T10:53:09.067Z,0.9,66,56.0,3.9,89.9,210,0.383,0.925
2026-01-10T10:53:09.067Z,0.95,33,50.2,3.9,88.9,127,0.377,0.962
2026-01-10T10:54:09.067Z,0.8,128,56.9,0.3,90.0,300,0.400,0.849
2026-01-10T10:54:09.067Z,0.9,66,56.0,3.9,89.9,210,0.383,0.925
2026-01-10T10:54:09.067Z,0.95,33,50.2,3.9,88.9,127,0.377,0.962
2026-01-10T10:55:09.067Z,0.8,128,56.9,0.3,90.0,300,0.400,0.849
2026-01-10T10:55:09.067Z,0.9,66,56.0,3.9,89.9,210,0.383,0.925
2026-01-10T10:55:09.067Z,0.95,33,50.2,3.9,88.9,127,0.377,0.962
2026-01-10T10:56:09.069Z,0.8,128,56.9,0.3,90.0,300,0.400,0.849
2026-01-10T10:56:09.069Z,0.9,66,56.0,3.9,89.9,210,0.383,0.925
2026-01-10T10:56:09.069Z,0.95,33,50.2,3.9,88.9,127,0.377,0.962
2026-01-10T10:57:09.071Z,0.8,128,56.9,0.3,90.0,300,0.400,0.849
2026-01-10T10:57:09.071Z,0.9,66,56.0,3.9,89.9,210,0.383,0.925
2026-01-10T10:57:09.071Z,0.95,33,50.2,3.9,88.9,127,0.377,0.962
2026-01-10T10:58:09.071Z,0.8,128,56.9,0.3,90.0,300,0.400,0.849
2026-01-10T10:58:09.071Z,0.9,66,56.0,3.9,89.9,210,0.383,0.925
2026-01-10T10:58:09.071Z,0.95,33,50.2,3.9,88.9,127,0.377,0.962
2026-01-10T10:59:09.072Z,0.8,128,56.9,0.3,90.0,300,0.400,0.849
2026-01-10T10:59:09.072Z,0.9,66,56.0,3.9,89.9,210,0.383,0.925
2026-01-10T10:59:09.072Z,0.95,33,50.2,3.9,88.9,127,0.377,0.962
2026-01-10T11:00:09.074Z,0.8,128,56.9,0.3,90.0,300,0.400,0.849
2026-01-10T11:00:09.074Z,0.9,66,56.0,3.9,89.9,210,0.383,0.925
2026-01-10T11:00:09.074Z,0.95,33,50.2,3.9,88.9,127,0.377,0.962
2026-01-10T11:01:09.076Z,0.8,128,56.9,0.3,90.0,300,0.400,0.849
2026-01-10T11:01:09.076Z,0.9,66,56.0,3.9,89.9,210,0.383,0.925
2026-01-10T11:01:09.076Z,0.95,33,50.2,3.9,88.9,127,0.377,0.962
2026-01-10T11:02:09.077Z,0.8,128,56.9,0.3,90.0,300,0.400,0.849
2026-01-10T11:02:09.077Z,0.9,66,56.0,3.9,89.9,210,0.383,0.925
2026-01-10T11:02:09.077Z,0.95,33,50.2,3.9,88.9,127,0.377,0.962
2026-01-10T11:03:09.077Z,0.8,128,56.9,0.3,90.0,300,0.400,0.849
2026-01-10T11:03:09.077Z,0.9,66,56.0,3.9,89.9,210,0.383,0.925
2026-01-10T11:03:09.077Z,0.95,33,50.2,3.9,88.9,127,0.377,0.962
2026-01-10T11:04:09.095Z,0.8,128,56.9,0.3,90.0,300,0.400,0.849
2026-01-10T11:04:09.095Z,0.9,66,56.0,3.9,89.9,210,0.383,0.925
2026-01-10T11:04:09.095Z,0.95,33,50.2,3.9,88.9,127,0.377,0.962
2026-01-10T11:05:09.080Z,0.8,128,56.9,0.3,90.0,300,0.400,0.849
2026-01-10T11:05:09.080Z,0.9,66,56.0,3.9,89.9,210,0.383,0.925
2026-01-10T11:05:09.080Z,0.95,33,50.2,3.9,88.9,127,0.377,0.962
2026-01-10T11:06:09.082Z,0.8,128,56.9,0.3,90.0,300,0.400,0.849
2026-01-10T11:06:09.082Z,0.9,66,56.0,3.9,89.9,210,0.383,0.925
2026-01-10T11:06:09.082Z,0.95,33,50.2,3.9,88.9,127,0.377,0.962
2026-01-10T11:07:09.083Z,0.8,128,56.9,0.3,90.0,300,0.400,0.849
2026-01-10T11:07:09.083Z,0.9,66,56.0,3.9,89.9,210,0.383,0.925
2026-01-10T11:07:09.083Z,0.95,33,50.2,3.9,88.9,127,0.377,0.962
2026-01-10T11:08:09.083Z,0.8,128,56.9,0.3,90.0,300,0.400,0.849
2026-01-10T11:08:09.083Z,0.9,66,56.0,3.9,89.9,210,0.383,0.925
2026-01-10T11:08:09.083Z,0.95,33,50.2,3.9,88.9,127,0.377,0.962
2026-01-10T11:09:09.085Z,0.8,128,56.9,0.3,90.0,300,0.400,0.849
2026-01-10T11:09:09.085Z,0.9,66,56.0,3.9,89.9,210,0.383,0.925
2026-01-10T11:09:09.085Z,0.95,33,50.2,3.9,88.9,127,0.377,0.962
2026-01-10T11:10:09.085Z,0.8,128,56.9,0.3,90.0,300,0.400,0.849
2026-01-10T11:10:09.085Z,0.9,66,56.0,3.9,89.9,210,0.383,0.925
2026-01-10T11:10:09.085Z,0.95,33,50.2,3.9,88.9,127,0.377,0.962
2026-01-10T11:11:09.085Z,0.8,128,56.9,0.3,90.0,300,0.400,0.849
2026-01-10T11:11:09.085Z,0.9,66,56.0,3.9,89.9,210,0.383,0.925
2026-01-10T11:11:09.085Z,0.95,33,50.2,3.9,88.9,127,0.377,0.962
2026-01-10T11:12:09.086Z,0.8,128,56.9,0.3,90.0,300,0.400,0.849
2026-01-10T11:12:09.086Z,0.9,66,56.0,3.9,89.9,210,0.383,0.925
2026-01-10T11:12:09.086Z,0.95,33,50.2,3.9,88.9,127,0.377,0.962
2026-01-10T11:13:09.087Z,0.8,128,56.9,0.3,90.0,300,0.400,0.849
2026-01-10T11:13:09.087Z,0.9,66,56.0,3.9,89.9,210,0.383,0.925
2026-01-10T11:13:09.087Z,0.95,33,50.2,3.9,88.9,127,0.377,0.962
2026-01-10T11:14:09.089Z,0.8,128,56.9,0.3,90.0,300,0.400,0.849
2026-01-10T11:14:09.089Z,0.9,66,56.0,3.9,89.9,210,0.383,0.925
2026-01-10T11:14:09.089Z,0.95,33,50.2,3.9,88.9,127,0.377,0.962
2026-01-10T11:15:09.090Z,0.8,128,56.9,0.3,90.0,300,0.400,0.849
2026-01-10T11:15:09.090Z,0.9,66,56.0,3.9,89.9,210,0.383,0.925
2026-01-10T11:15:09.090Z,0.95,33,50.2,3.9,88.9,127,0.377,0.962
2026-01-10T11:16:09.091Z,0.8,128,56.9,0.3,90.0,300,0.400,0.849
2026-01-10T11:16:09.091Z,0.9,66,56.0,3.9,89.9,210,0.383,0.925
2026-01-10T11:16:09.091Z,0.95,33,50.2,3.9,88.9,127,0.377,0.962
2026-01-10T11:17:09.091Z,0.8,128,56.9,0.3,90.0,300,0.400,0.849
2026-01-10T11:17:09.091Z,0.9,66,56.0,3.9,89.9,210,0.383,0.925
2026-01-10T11:17:09.091Z,0.95,33,50.2,3.9,88.9,127,0.377,0.962
2026-01-10T11:18:09.090Z,0.8,128,56.9,0.3,90.0,300,0.400,0.849
2026-01-10T11:18:09.090Z,0.9,66,56.0,3.9,89.9,210,0.383,0.925
2026-01-10T11:18:09.090Z,0.95,33,50.2,3.9,88.9,127,0.377,0.962
2026-01-10T11:19:09.091Z,0.8,128,56.9,0.3,90.0,300,0.400,0.849
2026-01-10T11:19:09.091Z,0.9,66,56.0,3.9,89.9,210,0.383,0.925
2026-01-10T11:19:09.091Z,0.95,33,50.2,3.9,88.9,127,0.377,0.962
2026-01-10T11:20:09.092Z,0.8,128,56.9,0.3,90.0,300,0.400,0.849
2026-01-10T11:20:09.092Z,0.9,66,56.0,3.9,89.9,210,0.383,0.925
2026-01-10T11:20:09.092Z,0.95,33,50.2,3.9,88.9,127,0.377,0.962
2026-01-10T11:21:09.093Z,0.8,128,56.9,0.3,90.0,300,0.400,0.849
2026-01-10T11:21:09.093Z,0.9,66,56.0,3.9,89.9,210,0.383,0.925
2026-01-10T11:21:09.093Z,0.95,33,50.2,3.9,88.9,127,0.377,0.962
2026-01-10T11:22:09.093Z,0.8,128,56.9,0.3,90.0,300,0.400,0.849
2026-01-10T11:22:09.093Z,0.9,66,56.0,3.9,89.9,210,0.383,0.925
2026-01-10T11:22:09.093Z,0.95,33,50.2,3.9,88.9,127,0.377,0.962
2026-01-10T11:23:09.094Z,0.8,128,56.9,0.3,90.0,300,0.400,0.849
2026-01-10T11:23:09.094Z,0.9,66,56.0,3.9,89.9,210,0.383,0.925
2026-01-10T11:23:09.094Z,0.95,33,50.2,3.9,88.9,127,0.377,0.962
2026-01-10T11:24:09.094Z,0.8,128,56.9,0.3,90.0,300,0.400,0.849
2026-01-10T11:24:09.094Z,0.9,66,56.0,3.9,89.9,210,0.383,0.925
2026-01-10T11:24:09.094Z,0.95,33,50.2,3.9,88.9,127,0.377,0.962
2026-01-10T11:25:09.094Z,0.8,128,56.9,0.3,90.0,300,0.400,0.849
2026-01-10T11:25:09.094Z,0.9,66,56.0,3.9,89.9,210,0.383,0.925
2026-01-10T11:25:09.094Z,0.95,33,50.2,3.9,88.9,127,0.377,0.962
2026-01-10T11:26:09.095Z,0.8,128,56.9,0.3,90.0,300,0.400,0.849
2026-01-10T11:26:09.095Z,0.9,66,56.0,3.9,89.9,210,0.383,0.925
2026-01-10T11:26:09.095Z,0.95,33,50.2,3.9,88.9,127,0.377,0.962
2026-01-10T11:27:09.098Z,0.8,128,56.9,0.3,90.0,300,0.400,0.849
2026-01-10T11:27:09.098Z,0.9,66,56.0,3.9,89.9,210,0.383,0.925
2026-01-10T11:27:09.098Z,0.95,33,50.2,3.9,88.9,127,0.377,0.962
2026-01-10T11:28:09.097Z,0.8,128,56.9,0.3,90.0,300,0.400,0.849
2026-01-10T11:28:09.097Z,0.9,66,56.0,3.9,89.9,210,0.383,0.925
2026-01-10T11:28:09.097Z,0.95,33,50.2,3.9,88.9,127,0.377,0.962
2026-01-10T11:29:09.100Z,0.8,128,56.9,0.3,90.0,300,0.400,0.849
2026-01-10T11:29:09.100Z,0.9,66,56.0,3.9,89.9,210,0.383,0.925
2026-01-10T11:29:09.100Z,0.95,33,50.2,3.9,88.9,127,0.377,0.962
2026-01-10T11:30:09.100Z,0.8,128,56.9,0.3,90.0,300,0.400,0.849
2026-01-10T11:30:09.100Z,0.9,66,56.0,3.9,89.9,210,0.383,0.925
2026-01-10T11:30:09.100Z,0.95,33,50.2,3.9,88.9,127,0.377,0.962
2026-01-10T11:31:09.102Z,0.8,128,56.9,0.3,90.0,300,0.400,0.849
2026-01-10T11:31:09.102Z,0.9,66,56.0,3.9,89.9,210,0.383,0.925
2026-01-10T11:31:09.102Z,0.95,33,50.2,3.9,88.9,127,0.377,0.962
2026-01-10T11:32:09.106Z,0.8,128,56.9,0.3,90.0,300,0.400,0.849
2026-01-10T11:32:09.106Z,0.9,66,56.0,3.9,89.9,210,0.383,0.925
2026-01-10T11:32:09.106Z,0.95,33,50.2,3.9,88.9,127,0.377,0.962
2026-01-10T11:33:09.106Z,0.8,128,56.9,0.3,90.0,300,0.400,0.849
2026-01-10T11:33:09.106Z,0.9,66,56.0,3.9,89.9,210,0.383,0.925
2026-01-10T11:33:09.106Z,0.95,33,50.2,3.9,88.9,127,0.377,0.962
2026-01-10T11:34:09.106Z,0.8,128,56.9,0.3,90.0,300,0.400,0.849
2026-01-10T11:34:09.106Z,0.9,66,56.0,3.9,89.9,210,0.383,0.925
2026-01-10T11:34:09.106Z,0.95,33,50.2,3.9,88.9,127,0.377,0.962
2026-01-10T11:35:09.106Z,0.8,128,56.9,0.3,90.0,300,0.400,0.849
2026-01-10T11:35:09.106Z,0.9,66,56.0,3.9,89.9,210,0.383,0.925
2026-01-10T11:35:09.106Z,0.95,33,50.2,3.9,88.9,127,0.377,0.962
2026-01-10T11:36:09.108Z,0.8,128,56.9,0.3,90.0,300,0.400,0.849
2026-01-10T11:36:09.108Z,0.9,66,56.0,3.9,89.9,210,0.383,0.925
2026-01-10T11:36:09.108Z,0.95,33,50.2,3.9,88.9,127,0.377,0.962
2026-01-10T11:37:09.108Z,0.8,128,56.9,0.3,90.0,300,0.400,0.849
2026-01-10T11:37:09.108Z,0.9,66,56.0,3.9,89.9,210,0.383,0.925
2026-01-10T11:37:09.108Z,0.95,33,50.2,3.9,88.9,127,0.377,0.962
2026-01-10T11:38:09.111Z,0.8,128,56.9,0.3,90.0,300,0.400,0.849
2026-01-10T11:38:09.111Z,0.9,66,56.0,3.9,89.9,210,0.383,0.925
2026-01-10T11:38:09.111Z,0.95,33,50.2,3.9,88.9,127,0.377,0.962
2026-01-10T11:39:09.112Z,0.8,128,56.9,0.3,90.0,300,0.400,0.849
2026-01-10T11:39:09.112Z,0.9,66,56.0,3.9,89.9,210,0.383,0.925
2026-01-10T11:39:09.112Z,0.95,33,50.2,3.9,88.9,127,0.377,0.962
2026-01-10T11:40:09.115Z,0.8,128,56.9,0.3,90.0,300,0.400,0.849
2026-01-10T11:40:09.115Z,0.9,66,56.0,3.9,89.9,210,0.383,0.925
2026-01-10T11:40:09.115Z,0.95,33,50.2,3.9,88.9,127,0.377,0.962
2026-01-10T11:41:09.116Z,0.8,128,56.9,0.3,90.0,300,0.400,0.849
2026-01-10T11:41:09.116Z,0.9,66,56.0,3.9,89.9,210,0.383,0.925
2026-01-10T11:41:09.116Z,0.95,33,50.2,3.9,88.9,127,0.377,0.962
2026-01-10T11:42:09.116Z,0.8,128,56.9,0.3,90.0,300,0.400,0.849
2026-01-10T11:42:09.116Z,0.9,66,56.0,3.9,89.9,210,0.383,0.925
2026-01-10T11:42:09.116Z,0.95,33,50.2,3.9,88.9,127,0.377,0.962
2026-01-10T11:43:09.118Z,0.8,128,56.9,0.3,90.0,300,0.400,0.849
2026-01-10T11:43:09.118Z,0.9,66,56.0,3.9,89.9,210,0.383,0.925
2026-01-10T11:43:09.118Z,0.95,33,50.2,3.9,88.9,127,0.377,0.962
2026-01-10T11:44:09.120Z,0.8,128,56.9,0.3,90.0,300,0.400,0.849
2026-01-10T11:44:09.120Z,0.9,66,56.0,3.9,89.9,210,0.383,0.925
2026-01-10T11:44:09.120Z,0.95,33,50.2,3.9,88.9,127,0.377,0.962
2026-01-10T11:45:09.121Z,0.8,128,56.9,0.3,90.0,300,0.400,0.849
2026-01-10T11:45:09.121Z,0.9,66,56.0,3.9,89.9,210,0.383,0.925
2026-01-10T11:45:09.121Z,0.95,33,50.2,3.9,88.9,127,0.377,0.962
2026-01-10T11:46:09.122Z,0.8,128,56.9,0.3,90.0,300,0.400,0.849
2026-01-10T11:46:09.122Z,0.9,66,56.0,3.9,89.9,210,0.383,0.925
2026-01-10T11:46:09.122Z,0.95,33,50.2,3.9,88.9,127,0.377,0.962
2026-01-10T11:47:09.125Z,0.8,128,56.9,0.3,90.0,300,0.400,0.849
2026-01-10T11:47:09.125Z,0.9,66,56.0,3.9,89.9,210,0.383,0.925
2026-01-10T11:47:09.125Z,0.95,33,50.2,3.9,88.9,127,0.377,0.962
2026-01-10T11:48:09.126Z,0.8,128,56.9,0.3,90.0,300,0.400,0.849
2026-01-10T11:48:09.126Z,0.9,66,56.0,3.9,89.9,210,0.383,0.925
2026-01-10T11:48:09.126Z,0.95,33,50.2,3.9,88.9,127,0.377,0.962
2026-01-10T11:49:09.129Z,0.8,128,56.9,0.3,90.0,300,0.400,0.849
2026-01-10T11:49:09.129Z,0.9,66,56.0,3.9,89.9,210,0.383,0.925
2026-01-10T11:49:09.129Z,0.95,33,50.2,3.9,88.9,127,0.377,0.962
2026-01-10T11:50:09.130Z,0.8,128,56.9,0.3,90.0,300,0.400,0.849
2026-01-10T11:50:09.130Z,0.9,66,56.0,3.9,89.9,210,0.383,0.925
2026-01-10T11:50:09.130Z,0.95,33,50.2,3.9,88.9,127,0.377,0.962
2026-01-10T11:51:09.130Z,0.8,128,56.9,0.3,90.0,300,0.400,0.849
2026-01-10T11:51:09.130Z,0.9,66,56.0,3.9,89.9,210,0.383,0.925
2026-01-10T11:51:09.130Z,0.95,33,50.2,3.9,88.9,127,0.377,0.962
2026-01-10T11:52:09.131Z,0.8,128,56.9,0.3,90.0,300,0.400,0.849
2026-01-10T11:52:09.131Z,0.9,66,56.0,3.9,89.9,210,0.383,0.925
2026-01-10T11:52:09.131Z,0.95,33,50.2,3.9,88.9,127,0.377,0.962
2026-01-10T11:53:09.133Z,0.8,128,56.9,0.3,90.0,300,0.400,0.849
2026-01-10T11:53:09.133Z,0.9,66,56.0,3.9,89.9,210,0.383,0.925
2026-01-10T11:53:09.133Z,0.95,33,50.2,3.9,88.9,127,0.377,0.962
2026-01-10T11:54:09.134Z,0.8,128,56.9,0.3,90.0,300,0.400,0.849
2026-01-10T11:54:09.134Z,0.9,66,56.0,3.9,89.9,210,0.383,0.925
2026-01-10T11:54:09.134Z,0.95,33,50.2,3.9,88.9,127,0.377,0.962
2026-01-10T11:55:09.135Z,0.8,128,56.9,0.3,90.0,300,0.400,0.849
2026-01-10T11:55:09.135Z,0.9,66,56.0,3.9,89.9,210,0.383,0.925
2026-01-10T11:55:09.135Z,0.95,33,50.2,3.9,88.9,127,0.377,0.962
2026-01-10T11:56:09.135Z,0.8,128,56.9,0.3,90.0,300,0.400,0.849
2026-01-10T11:56:09.135Z,0.9,66,56.0,3.9,89.9,210,0.383,0.925
2026-01-10T11:56:09.135Z,0.95,33,50.2,3.9,88.9,127,0.377,0.962
2026-01-10T11:57:09.137Z,0.8,128,56.9,0.3,90.0,300,0.400,0.849
2026-01-10T11:57:09.137Z,0.9,66,56.0,3.9,89.9,210,0.383,0.925
2026-01-10T11:57:09.137Z,0.95,33,50.2,3.9,88.9,127,0.377,0.962
2026-01-10T11:58:09.137Z,0.8,128,56.9,0.3,90.0,300,0.400,0.849
2026-01-10T11:58:09.137Z,0.9,66,56.0,3.9,89.9,210,0.383,0.925
2026-01-10T11:58:09.137Z,0.95,33,50.2,3.9,88.9,127,0.377,0.962
2026-01-10T11:59:09.139Z,0.8,128,56.9,0.3,90.0,300,0.400,0.849
2026-01-10T11:59:09.139Z,0.9,66,56.0,3.9,89.9,210,0.383,0.925
2026-01-10T11:59:09.139Z,0.95,33,50.2,3.9,88.9,127,0.377,0.962
2026-01-10T12:00:09.141Z,0.8,131,57.2,0.3,90.0,294,0.401,0.850
2026-01-10T12:00:09.141Z,0.9,71,57.3,3.9,89.9,196,0.388,0.927
2026-01-10T12:00:09.141Z,0.95,37,52.8,3.9,88.9,114,0.383,0.964
2026-01-10T12:01:09.141Z,0.8,131,57.2,0.3,90.0,294,0.401,0.850
2026-01-10T12:01:09.141Z,0.9,71,57.3,3.9,89.9,196,0.388,0.927
2026-01-10T12:01:09.141Z,0.95,37,52.8,3.9,88.9,114,0.383,0.964
2026-01-10T12:02:09.144Z,0.8,131,57.2,0.3,90.0,294,0.401,0.850
2026-01-10T12:02:09.144Z,0.9,71,57.3,3.9,89.9,196,0.388,0.927
2026-01-10T12:02:09.144Z,0.95,37,52.8,3.9,88.9,114,0.383,0.964
2026-01-10T12:03:09.143Z,0.8,131,57.2,0.3,90.0,294,0.401,0.850
2026-01-10T12:03:09.143Z,0.9,71,57.3,3.9,89.9,196,0.388,0.927
2026-01-10T12:03:09.143Z,0.95,37,52.8,3.9,88.9,114,0.383,0.964
2026-01-10T12:04:09.144Z,0.8,131,57.2,0.3,90.0,294,0.401,0.850
2026-01-10T12:04:09.144Z,0.9,71,57.3,3.9,89.9,196,0.388,0.927
2026-01-10T12:04:09.144Z,0.95,37,52.8,3.9,88.9,114,0.383,0.964
2026-01-10T12:05:09.147Z,0.8,131,57.2,0.3,90.0,294,0.401,0.850
2026-01-10T12:05:09.147Z,0.9,71,57.3,3.9,89.9,196,0.388,0.927
2026-01-10T12:05:09.147Z,0.95,37,52.8,3.9,88.9,114,0.383,0.964
2026-01-10T12:06:09.150Z,0.8,131,57.2,0.3,90.0,294,0.401,0.850
2026-01-10T12:06:09.150Z,0.9,71,57.3,3.9,89.9,196,0.388,0.927
2026-01-10T12:06:09.150Z,0.95,37,52.8,3.9,88.9,114,0.383,0.964
2026-01-10T12:07:09.151Z,0.8,131,57.2,0.3,90.0,294,0.401,0.850
2026-01-10T12:07:09.151Z,0.9,71,57.3,3.9,89.9,196,0.388,0.927
2026-01-10T12:07:09.151Z,0.95,37,52.8,3.9,88.9,114,0.383,0.964
2026-01-10T12:08:09.152Z,0.8,131,57.2,0.3,90.0,294,0.401,0.850
2026-01-10T12:08:09.152Z,0.9,71,57.3,3.9,89.9,196,0.388,0.927
2026-01-10T12:08:09.152Z,0.95,37,52.8,3.9,88.9,114,0.383,0.964
2026-01-10T12:09:09.154Z,0.8,131,57.2,0.3,90.0,294,0.401,0.850
2026-01-10T12:09:09.154Z,0.9,71,57.3,3.9,89.9,196,0.388,0.927
2026-01-10T12:09:09.154Z,0.95,37,52.8,3.9,88.9,114,0.383,0.964
2026-01-10T12:10:09.158Z,0.8,131,57.2,0.3,90.0,294,0.401,0.850
2026-01-10T12:10:09.158Z,0.9,71,57.3,3.9,89.9,196,0.388,0.927
2026-01-10T12:10:09.158Z,0.95,37,52.8,3.9,88.9,114,0.383,0.964
2026-01-10T12:11:09.162Z,0.8,131,57.2,0.3,90.0,294,0.401,0.850
2026-01-10T12:11:09.162Z,0.9,71,57.3,3.9,89.9,196,0.388,0.927
2026-01-10T12:11:09.162Z,0.95,37,52.8,3.9,88.9,114,0.383,0.964
2026-01-10T12:12:09.164Z,0.8,131,57.2,0.3,90.0,294,0.401,0.850
2026-01-10T12:12:09.164Z,0.9,71,57.3,3.9,89.9,196,0.388,0.927
2026-01-10T12:12:09.164Z,0.95,37,52.8,3.9,88.9,114,0.383,0.964
2026-01-10T12:13:09.165Z,0.8,131,57.2,0.3,90.0,294,0.401,0.850
2026-01-10T12:13:09.165Z,0.9,71,57.3,3.9,89.9,196,0.388,0.927
2026-01-10T12:13:09.165Z,0.95,37,52.8,3.9,88.9,114,0.383,0.964
2026-01-10T12:14:09.167Z,0.8,131,57.2,0.3,90.0,294,0.401,0.850
2026-01-10T12:14:09.167Z,0.9,71,57.3,3.9,89.9,196,0.388,0.927
2026-01-10T12:14:09.167Z,0.95,37,52.8,3.9,88.9,114,0.383,0.964
2026-01-10T12:15:09.167Z,0.8,131,57.2,0.3,90.0,294,0.401,0.850
2026-01-10T12:15:09.167Z,0.9,71,57.3,3.9,89.9,196,0.388,0.927
2026-01-10T12:15:09.167Z,0.95,37,52.8,3.9,88.9,114,0.383,0.964
2026-01-10T12:16:09.168Z,0.8,131,57.2,0.3,90.0,294,0.401,0.850
2026-01-10T12:16:09.168Z,0.9,71,57.3,3.9,89.9,196,0.388,0.927
2026-01-10T12:16:09.168Z,0.95,37,52.8,3.9,88.9,114,0.383,0.964
2026-01-10T12:17:09.168Z,0.8,131,57.2,0.3,90.0,294,0.401,0.850
2026-01-10T12:17:09.168Z,0.9,71,57.3,3.9,89.9,196,0.388,0.927
2026-01-10T12:17:09.168Z,0.95,37,52.8,3.9,88.9,114,0.383,0.964
2026-01-10T12:18:09.169Z,0.8,131,57.2,0.3,90.0,294,0.401,0.850
2026-01-10T12:18:09.169Z,0.9,71,57.3,3.9,89.9,196,0.388,0.927
2026-01-10T12:18:09.169Z,0.95,37,52.8,3.9,88.9,114,0.383,0.964
2026-01-10T12:19:09.169Z,0.8,131,57.2,0.3,90.0,294,0.401,0.850
2026-01-10T12:19:09.169Z,0.9,71,57.3,3.9,89.9,196,0.388,0.927
2026-01-10T12:19:09.169Z,0.95,37,52.8,3.9,88.9,114,0.383,0.964
2026-01-10T12:20:09.171Z,0.8,131,57.2,0.3,90.0,294,0.401,0.850
2026-01-10T12:20:09.171Z,0.9,71,57.3,3.9,89.9,196,0.388,0.927
2026-01-10T12:20:09.171Z,0.95,37,52.8,3.9,88.9,114,0.383,0.964
2026-01-10T12:21:09.172Z,0.8,131,57.2,0.3,90.0,294,0.401,0.850
2026-01-10T12:21:09.172Z,0.9,71,57.3,3.9,89.9,196,0.388,0.927
2026-01-10T12:21:09.172Z,0.95,37,52.8,3.9,88.9,114,0.383,0.964
2026-01-10T12:22:09.172Z,0.8,131,57.2,0.3,90.0,294,0.401,0.850
2026-01-10T12:22:09.172Z,0.9,71,57.3,3.9,89.9,196,0.388,0.927
2026-01-10T12:22:09.172Z,0.95,37,52.8,3.9,88.9,114,0.383,0.964
2026-01-10T12:23:09.171Z,0.8,131,57.2,0.3,90.0,294,0.401,0.850
2026-01-10T12:23:09.171Z,0.9,71,57.3,3.9,89.9,196,0.388,0.927
2026-01-10T12:23:09.171Z,0.95,37,52.8,3.9,88.9,114,0.383,0.964
2026-01-10T12:24:09.172Z,0.8,131,57.2,0.3,90.0,294,0.401,0.850
2026-01-10T12:24:09.172Z,0.9,71,57.3,3.9,89.9,196,0.388,0.927
2026-01-10T12:24:09.172Z,0.95,37,52.8,3.9,88.9,114,0.383,0.964
2026-01-10T12:25:09.172Z,0.8,131,57.2,0.3,90.0,294,0.401,0.850
2026-01-10T12:25:09.172Z,0.9,71,57.3,3.9,89.9,196,0.388,0.927
2026-01-10T12:25:09.172Z,0.95,37,52.8,3.9,88.9,114,0.383,0.964
2026-01-10T12:26:09.173Z,0.8,131,57.2,0.3,90.0,294,0.401,0.850
2026-01-10T12:26:09.173Z,0.9,71,57.3,3.9,89.9,196,0.388,0.927
2026-01-10T12:26:09.173Z,0.95,37,52.8,3.9,88.9,114,0.383,0.964
2026-01-10T12:27:09.173Z,0.8,131,57.2,0.3,90.0,294,0.401,0.850
2026-01-10T12:27:09.173Z,0.9,71,57.3,3.9,89.9,196,0.388,0.927
2026-01-10T12:27:09.173Z,0.95,37,52.8,3.9,88.9,114,0.383,0.964
2026-01-10T12:28:09.175Z,0.8,131,57.2,0.3,90.0,294,0.401,0.850
2026-01-10T12:28:09.175Z,0.9,71,57.3,3.9,89.9,196,0.388,0.927
2026-01-10T12:28:09.175Z,0.95,37,52.8,3.9,88.9,114,0.383,0.964
2026-01-10T12:29:09.175Z,0.8,131,57.2,0.3,90.0,294,0.401,0.850
2026-01-10T12:29:09.175Z,0.9,71,57.3,3.9,89.9,196,0.388,0.927
2026-01-10T12:29:09.175Z,0.95,37,52.8,3.9,88.9,114,0.383,0.964
2026-01-10T12:30:09.176Z,0.8,131,57.2,0.3,90.0,294,0.401,0.850
2026-01-10T12:30:09.176Z,0.9,71,57.3,3.9,89.9,196,0.388,0.927
2026-01-10T12:30:09.176Z,0.95,37,52.8,3.9,88.9,114,0.383,0.964
2026-01-10T12:31:09.177Z,0.8,131,57.2,0.3,90.0,294,0.401,0.850
2026-01-10T12:31:09.177Z,0.9,71,57.3,3.9,89.9,196,0.388,0.927
2026-01-10T12:31:09.177Z,0.95,37,52.8,3.9,88.9,114,0.383,0.964
2026-01-10T12:32:09.179Z,0.8,131,57.2,0.3,90.0,294,0.401,0.850
2026-01-10T12:32:09.179Z,0.9,71,57.3,3.9,89.9,196,0.388,0.927
2026-01-10T12:32:09.179Z,0.95,37,52.8,3.9,88.9,114,0.383,0.964
2026-01-10T12:33:09.179Z,0.8,131,57.2,0.3,90.0,294,0.401,0.850
2026-01-10T12:33:09.179Z,0.9,71,57.3,3.9,89.9,196,0.388,0.927
2026-01-10T12:33:09.179Z,0.95,37,52.8,3.9,88.9,114,0.383,0.964
2026-01-10T12:34:09.180Z,0.8,131,57.2,0.3,90.0,294,0.401,0.850
2026-01-10T12:34:09.180Z,0.9,71,57.3,3.9,89.9,196,0.388,0.927
2026-01-10T12:34:09.180Z,0.95,37,52.8,3.9,88.9,114,0.383,0.964
2026-01-10T12:35:09.180Z,0.8,131,57.2,0.3,90.0,294,0.401,0.850
2026-01-10T12:35:09.180Z,0.9,71,57.3,3.9,89.9,196,0.388,0.927
2026-01-10T12:35:09.180Z,0.95,37,52.8,3.9,88.9,114,0.383,0.964
2026-01-10T12:36:09.181Z,0.8,131,57.2,0.3,90.0,294,0.401,0.850
2026-01-10T12:36:09.181Z,0.9,71,57.3,3.9,89.9,196,0.388,0.927
2026-01-10T12:36:09.181Z,0.95,37,52.8,3.9,88.9,114,0.383,0.964
2026-01-10T12:37:09.183Z,0.8,131,57.2,0.3,90.0,294,0.401,0.850
2026-01-10T12:37:09.183Z,0.9,71,57.3,3.9,89.9,196,0.388,0.927
2026-01-10T12:37:09.183Z,0.95,37,52.8,3.9,88.9,114,0.383,0.964
2026-01-10T12:38:09.183Z,0.8,131,57.2,0.3,90.0,294,0.401,0.850
2026-01-10T12:38:09.183Z,0.9,71,57.3,3.9,89.9,196,0.388,0.927
2026-01-10T12:38:09.183Z,0.95,37,52.8,3.9,88.9,114,0.383,0.964
2026-01-10T12:39:09.182Z,0.8,131,57.2,0.3,90.0,294,0.401,0.850
2026-01-10T12:39:09.182Z,0.9,71,57.3,3.9,89.9,196,0.388,0.927
2026-01-10T12:39:09.182Z,0.95,37,52.8,3.9,88.9,114,0.383,0.964
2026-01-10T12:40:09.183Z,0.8,131,57.2,0.3,90.0,294,0.401,0.850
2026-01-10T12:40:09.183Z,0.9,71,57.3,3.9,89.9,196,0.388,0.927
2026-01-10T12:40:09.183Z,0.95,37,52.8,3.9,88.9,114,0.383,0.964
2026-01-10T12:41:09.184Z,0.8,131,57.2,0.3,90.0,294,0.401,0.850
2026-01-10T12:41:09.184Z,0.9,71,57.3,3.9,89.9,196,0.388,0.927
2026-01-10T12:41:09.184Z,0.95,37,52.8,3.9,88.9,114,0.383,0.964
2026-01-10T12:42:09.186Z,0.8,131,57.2,0.3,90.0,294,0.401,0.850
2026-01-10T12:42:09.186Z,0.9,71,57.3,3.9,89.9,196,0.388,0.927
2026-01-10T12:42:09.186Z,0.95,37,52.8,3.9,88.9,114,0.383,0.964
2026-01-10T12:43:09.187Z,0.8,131,57.2,0.3,90.0,294,0.401,0.850
2026-01-10T12:43:09.187Z,0.9,71,57.3,3.9,89.9,196,0.388,0.927
2026-01-10T12:43:09.187Z,0.95,37,52.8,3.9,88.9,114,0.383,0.964
2026-01-10T12:44:09.188Z,0.8,131,57.2,0.3,90.0,294,0.401,0.850
2026-01-10T12:44:09.188Z,0.9,71,57.3,3.9,89.9,196,0.388,0.927
2026-01-10T12:44:09.188Z,0.95,37,52.8,3.9,88.9,114,0.383,0.964
2026-01-10T12:45:09.189Z,0.8,131,57.2,0.3,90.0,294,0.401,0.850
2026-01-10T12:45:09.189Z,0.9,71,57.3,3.9,89.9,196,0.388,0.927
2026-01-10T12:45:09.189Z,0.95,37,52.8,3.9,88.9,114,0.383,0.964
2026-01-10T12:46:09.189Z,0.8,131,57.2,0.3,90.0,294,0.401,0.850
2026-01-10T12:46:09.189Z,0.9,71,57.3,3.9,89.9,196,0.388,0.927
2026-01-10T12:46:09.189Z,0.95,37,52.8,3.9,88.9,114,0.383,0.964
2026-01-10T12:47:09.190Z,0.8,131,57.2,0.3,90.0,294,0.401,0.850
2026-01-10T12:47:09.190Z,0.9,71,57.3,3.9,89.9,196,0.388,0.927
2026-01-10T12:47:09.190Z,0.95,37,52.8,3.9,88.9,114,0.383,0.964
2026-01-10T12:48:09.189Z,0.8,131,57.2,0.3,90.0,294,0.401,0.850
2026-01-10T12:48:09.189Z,0.9,71,57.3,3.9,89.9,196,0.388,0.927
2026-01-10T12:48:09.189Z,0.95,37,52.8,3.9,88.9,114,0.383,0.964
2026-01-10T12:49:09.190Z,0.8,131,57.2,0.3,90.0,294,0.401,0.850
2026-01-10T12:49:09.190Z,0.9,71,57.3,3.9,89.9,196,0.388,0.927
2026-01-10T12:49:09.190Z,0.95,37,52.8,3.9,88.9,114,0.383,0.964
2026-01-10T12:50:09.192Z,0.8,131,57.2,0.3,90.0,294,0.401,0.850
2026-01-10T12:50:09.192Z,0.9,71,57.3,3.9,89.9,196,0.388,0.927
2026-01-10T12:50:09.192Z,0.95,37,52.8,3.9,88.9,114,0.383,0.964
2026-01-10T12:51:09.192Z,0.8,131,57.2,0.3,90.0,294,0.401,0.850
2026-01-10T12:51:09.192Z,0.9,71,57.3,3.9,89.9,196,0.388,0.927
2026-01-10T12:51:09.192Z,0.95,37,52.8,3.9,88.9,114,0.383,0.964
2026-01-10T12:52:09.192Z,0.8,131,57.2,0.3,90.0,294,0.401,0.850
2026-01-10T12:52:09.192Z,0.9,71,57.3,3.9,89.9,196,0.388,0.927
2026-01-10T12:52:09.192Z,0.95,37,52.8,3.9,88.9,114,0.383,0.964
2026-01-10T12:53:09.193Z,0.8,131,57.2,0.3,90.0,294,0.401,0.850
2026-01-10T12:53:09.193Z,0.9,71,57.3,3.9,89.9,196,0.388,0.927
2026-01-10T12:53:09.193Z,0.95,37,52.8,3.9,88.9,114,0.383,0.964
2026-01-10T12:54:09.195Z,0.8,131,57.2,0.3,90.0,294,0.401,0.850
2026-01-10T12:54:09.195Z,0.9,71,57.3,3.9,89.9,196,0.388,0.927
2026-01-10T12:54:09.195Z,0.95,37,52.8,3.9,88.9,114,0.383,0.964
2026-01-10T12:55:09.202Z,0.8,131,57.2,0.3,90.0,294,0.401,0.850
2026-01-10T12:55:09.202Z,0.9,71,57.3,3.9,89.9,196,0.388,0.927
2026-01-10T12:55:09.202Z,0.95,37,52.8,3.9,88.9,114,0.383,0.964
2026-01-10T12:56:09.196Z,0.8,131,57.2,0.3,90.0,294,0.401,0.850
2026-01-10T12:56:09.196Z,0.9,71,57.3,3.9,89.9,196,0.388,0.927
2026-01-10T12:56:09.196Z,0.95,37,52.8,3.9,88.9,114,0.383,0.964
2026-01-10T12:57:09.196Z,0.8,131,57.2,0.3,90.0,294,0.401,0.850
2026-01-10T12:57:09.196Z,0.9,71,57.3,3.9,89.9,196,0.388,0.927
2026-01-10T12:57:09.196Z,0.95,37,52.8,3.9,88.9,114,0.383,0.964
2026-01-10T12:58:09.197Z,0.8,131,57.2,0.3,90.0,294,0.401,0.850
2026-01-10T12:58:09.197Z,0.9,71,57.3,3.9,89.9,196,0.388,0.927
2026-01-10T12:58:09.197Z,0.95,37,52.8,3.9,88.9,114,0.383,0.964
2026-01-10T12:59:09.199Z,0.8,131,57.2,0.3,90.0,294,0.401,0.850
2026-01-10T12:59:09.199Z,0.9,71,57.3,3.9,89.9,196,0.388,0.927
2026-01-10T12:59:09.199Z,0.95,37,52.8,3.9,88.9,114,0.383,0.964
2026-01-10T13:00:09.199Z,0.8,132,57.2,0.3,90.0,291,0.401,0.851
2026-01-10T13:00:09.199Z,0.9,73,57.3,3.9,89.9,191,0.390,0.928
2026-01-10T13:00:09.199Z,0.95,41,54.0,3.9,88.9,105,0.390,0.965
2026-01-10T13:01:09.201Z,0.8,132,57.2,0.3,90.0,291,0.401,0.851
2026-01-10T13:01:09.201Z,0.9,73,57.3,3.9,89.9,191,0.390,0.928
2026-01-10T13:01:09.201Z,0.95,41,54.0,3.9,88.9,105,0.390,0.965
2026-01-10T13:02:09.203Z,0.8,132,57.2,0.3,90.0,291,0.401,0.851
2026-01-10T13:02:09.203Z,0.9,73,57.3,3.9,89.9,191,0.390,0.928
2026-01-10T13:02:09.203Z,0.95,41,54.0,3.9,88.9,105,0.390,0.965
2026-01-10T13:03:09.203Z,0.8,132,57.2,0.3,90.0,291,0.401,0.851
2026-01-10T13:03:09.203Z,0.9,73,57.3,3.9,89.9,191,0.390,0.928
2026-01-10T13:03:09.203Z,0.95,41,54.0,3.9,88.9,105,0.390,0.965
2026-01-10T13:04:09.203Z,0.8,132,57.2,0.3,90.0,291,0.401,0.851
2026-01-10T13:04:09.203Z,0.9,73,57.3,3.9,89.9,191,0.390,0.928
2026-01-10T13:04:09.203Z,0.95,41,54.0,3.9,88.9,105,0.390,0.965
2026-01-10T13:05:09.203Z,0.8,132,57.2,0.3,90.0,291,0.401,0.851
2026-01-10T13:05:09.203Z,0.9,73,57.3,3.9,89.9,191,0.390,0.928
2026-01-10T13:05:09.203Z,0.95,41,54.0,3.9,88.9,105,0.390,0.965
2026-01-10T13:06:09.204Z,0.8,132,57.2,0.3,90.0,291,0.401,0.851
2026-01-10T13:06:09.204Z,0.9,73,57.3,3.9,89.9,191,0.390,0.928
2026-01-10T13:06:09.204Z,0.95,41,54.0,3.9,88.9,105,0.390,0.965
2026-01-10T13:07:09.205Z,0.8,132,57.2,0.3,90.0,291,0.401,0.851
2026-01-10T13:07:09.205Z,0.9,73,57.3,3.9,89.9,191,0.390,0.928
2026-01-10T13:07:09.205Z,0.95,41,54.0,3.9,88.9,105,0.390,0.965
2026-01-10T13:08:09.205Z,0.8,132,57.2,0.3,90.0,291,0.401,0.851
2026-01-10T13:08:09.205Z,0.9,73,57.3,3.9,89.9,191,0.390,0.928
2026-01-10T13:08:09.205Z,0.95,41,54.0,3.9,88.9,105,0.390,0.965
2026-01-10T13:09:09.208Z,0.8,132,57.2,0.3,90.0,291,0.401,0.851
2026-01-10T13:09:09.208Z,0.9,73,57.3,3.9,89.9,191,0.390,0.928
2026-01-10T13:09:09.208Z,0.95,41,54.0,3.9,88.9,105,0.390,0.965
2026-01-10T13:10:09.209Z,0.8,132,57.2,0.3,90.0,291,0.401,0.851
2026-01-10T13:10:09.209Z,0.9,73,57.3,3.9,89.9,191,0.390,0.928
2026-01-10T13:10:09.209Z,0.95,41,54.0,3.9,88.9,105,0.390,0.965
2026-01-10T13:11:09.209Z,0.8,132,57.2,0.3,90.0,291,0.401,0.851
2026-01-10T13:11:09.209Z,0.9,73,57.3,3.9,89.9,191,0.390,0.928
2026-01-10T13:11:09.209Z,0.95,41,54.0,3.9,88.9,105,0.390,0.965
2026-01-10T13:12:09.210Z,0.8,132,57.2,0.3,90.0,291,0.401,0.851
2026-01-10T13:12:09.210Z,0.9,73,57.3,3.9,89.9,191,0.390,0.928
2026-01-10T13:12:09.210Z,0.95,41,54.0,3.9,88.9,105,0.390,0.965
2026-01-10T13:13:09.210Z,0.8,132,57.2,0.3,90.0,291,0.401,0.851
2026-01-10T13:13:09.210Z,0.9,73,57.3,3.9,89.9,191,0.390,0.928
2026-01-10T13:13:09.210Z,0.95,41,54.0,3.9,88.9,105,0.390,0.965
2026-01-10T13:14:09.210Z,0.8,132,57.2,0.3,90.0,291,0.401,0.851
2026-01-10T13:14:09.210Z,0.9,73,57.3,3.9,89.9,191,0.390,0.928
2026-01-10T13:14:09.210Z,0.95,41,54.0,3.9,88.9,105,0.390,0.965
2026-01-10T13:15:09.211Z,0.8,132,57.2,0.3,90.0,291,0.401,0.851
2026-01-10T13:15:09.211Z,0.9,73,57.3,3.9,89.9,191,0.390,0.928
2026-01-10T13:15:09.211Z,0.95,41,54.0,3.9,88.9,105,0.390,0.965
2026-01-10T13:16:09.212Z,0.8,132,57.2,0.3,90.0,291,0.401,0.851
2026-01-10T13:16:09.212Z,0.9,73,57.3,3.9,89.9,191,0.390,0.928
2026-01-10T13:16:09.212Z,0.95,41,54.0,3.9,88.9,105,0.390,0.965
2026-01-10T13:17:09.213Z,0.8,134,57.4,0.3,90.0,299,0.403,0.850
2026-01-10T13:17:09.213Z,0.9,73,57.3,3.9,89.9,191,0.390,0.928
2026-01-10T13:17:09.213Z,0.95,41,54.0,3.9,88.9,105,0.390,0.965
2026-01-10T13:18:09.214Z,0.8,134,57.4,0.3,90.0,299,0.403,0.850
2026-01-10T13:18:09.214Z,0.9,73,57.3,3.9,89.9,191,0.390,0.928
2026-01-10T13:18:09.214Z,0.95,41,54.0,3.9,88.9,105,0.390,0.965
2026-01-10T13:19:09.214Z,0.8,134,57.4,0.3,90.0,299,0.403,0.850
2026-01-10T13:19:09.214Z,0.9,73,57.3,3.9,89.9,191,0.390,0.928
2026-01-10T13:19:09.214Z,0.95,41,54.0,3.9,88.9,105,0.390,0.965
2026-01-10T13:20:09.217Z,0.8,134,57.4,0.3,90.0,299,0.403,0.850
2026-01-10T13:20:09.217Z,0.9,73,57.3,3.9,89.9,191,0.390,0.928
2026-01-10T13:20:09.217Z,0.95,41,54.0,3.9,88.9,105,0.390,0.965
2026-01-10T13:21:09.218Z,0.8,134,57.4,0.3,90.0,299,0.403,0.850
2026-01-10T13:21:09.218Z,0.9,73,57.3,3.9,89.9,191,0.390,0.928
2026-01-10T13:21:09.218Z,0.95,41,54.0,3.9,88.9,105,0.390,0.965
2026-01-10T13:22:09.220Z,0.8,134,57.4,0.3,90.0,299,0.403,0.850
2026-01-10T13:22:09.220Z,0.9,73,57.3,3.9,89.9,191,0.390,0.928
2026-01-10T13:22:09.220Z,0.95,41,54.0,3.9,88.9,105,0.390,0.965
2026-01-10T13:23:09.224Z,0.8,134,57.4,0.3,90.0,299,0.403,0.850
2026-01-10T13:23:09.224Z,0.9,73,57.3,3.9,89.9,191,0.390,0.928
2026-01-10T13:23:09.224Z,0.95,41,54.0,3.9,88.9,105,0.390,0.965
2026-01-10T13:24:09.225Z,0.8,134,57.4,0.3,90.0,299,0.403,0.850
2026-01-10T13:24:09.225Z,0.9,73,57.3,3.9,89.9,191,0.390,0.928
2026-01-10T13:24:09.225Z,0.95,41,54.0,3.9,88.9,105,0.390,0.965
2026-01-10T13:25:09.224Z,0.8,134,57.4,0.3,90.0,299,0.403,0.850
2026-01-10T13:25:09.224Z,0.9,73,57.3,3.9,89.9,191,0.390,0.928
2026-01-10T13:25:09.224Z,0.95,41,54.0,3.9,88.9,105,0.390,0.965
2026-01-10T13:26:09.225Z,0.8,136,57.2,0.3,90.0,298,0.401,0.851
2026-01-10T13:26:09.225Z,0.9,75,57.0,3.9,89.9,193,0.388,0.928
2026-01-10T13:26:09.225Z,0.95,41,54.0,3.9,88.9,105,0.390,0.965
2026-01-10T13:27:09.226Z,0.8,136,57.2,0.3,90.0,298,0.401,0.851
2026-01-10T13:27:09.226Z,0.9,75,57.0,3.9,89.9,193,0.388,0.928
2026-01-10T13:27:09.226Z,0.95,41,54.0,3.9,88.9,105,0.390,0.965
2026-01-10T13:28:09.226Z,0.8,136,57.2,0.3,90.0,298,0.401,0.851
2026-01-10T13:28:09.226Z,0.9,75,57.0,3.9,89.9,193,0.388,0.928
2026-01-10T13:28:09.226Z,0.95,41,54.0,3.9,88.9,105,0.390,0.965
2026-01-10T13:29:09.228Z,0.8,136,57.2,0.3,90.0,298,0.401,0.851
2026-01-10T13:29:09.228Z,0.9,75,57.0,3.9,89.9,193,0.388,0.928
2026-01-10T13:29:09.228Z,0.95,41,54.0,3.9,88.9,105,0.390,0.965
2026-01-10T13:30:09.228Z,0.8,136,57.2,0.3,90.0,298,0.401,0.851
2026-01-10T13:30:09.228Z,0.9,75,57.0,3.9,89.9,193,0.388,0.928
2026-01-10T13:30:09.228Z,0.95,41,54.0,3.9,88.9,105,0.390,0.965
2026-01-10T13:31:09.228Z,0.8,136,57.2,0.3,90.0,298,0.401,0.851
2026-01-10T13:31:09.228Z,0.9,75,57.0,3.9,89.9,193,0.388,0.928
2026-01-10T13:31:09.228Z,0.95,41,54.0,3.9,88.9,105,0.390,0.965
2026-01-10T13:32:09.229Z,0.8,136,57.2,0.3,90.0,298,0.401,0.851
2026-01-10T13:32:09.229Z,0.9,75,57.0,3.9,89.9,193,0.388,0.928
2026-01-10T13:32:09.229Z,0.95,41,54.0,3.9,88.9,105,0.390,0.965
2026-01-10T13:33:09.230Z,0.8,136,57.2,0.3,90.0,298,0.401,0.851
2026-01-10T13:33:09.230Z,0.9,75,57.0,3.9,89.9,193,0.388,0.928
2026-01-10T13:33:09.230Z,0.95,41,54.0,3.9,88.9,105,0.390,0.965
2026-01-10T13:34:09.230Z,0.8,136,57.2,0.3,90.0,298,0.401,0.851
2026-01-10T13:34:09.230Z,0.9,75,57.0,3.9,89.9,193,0.388,0.928
2026-01-10T13:34:09.230Z,0.95,41,54.0,3.9,88.9,105,0.390,0.965
2026-01-10T13:35:09.230Z,0.8,136,57.2,0.3,90.0,298,0.401,0.851
2026-01-10T13:35:09.230Z,0.9,75,57.0,3.9,89.9,193,0.388,0.928
2026-01-10T13:35:09.230Z,0.95,41,54.0,3.9,88.9,105,0.390,0.965
2026-01-10T13:36:09.232Z,0.8,136,57.2,0.3,90.0,298,0.401,0.851
2026-01-10T13:36:09.232Z,0.9,75,57.0,3.9,89.9,193,0.388,0.928
2026-01-10T13:36:09.232Z,0.95,41,54.0,3.9,88.9,105,0.390,0.965
2026-01-10T13:37:09.235Z,0.8,136,57.2,0.3,90.0,298,0.401,0.851
2026-01-10T13:37:09.235Z,0.9,75,57.0,3.9,89.9,193,0.388,0.928
2026-01-10T13:37:09.235Z,0.95,41,54.0,3.9,88.9,105,0.390,0.965
2026-01-10T13:38:09.235Z,0.8,136,57.2,0.3,90.0,298,0.401,0.851
2026-01-10T13:38:09.235Z,0.9,75,57.0,3.9,89.9,193,0.388,0.928
2026-01-10T13:38:09.235Z,0.95,41,54.0,3.9,88.9,105,0.390,0.965
2026-01-10T13:39:09.235Z,0.8,136,57.2,0.3,90.0,298,0.401,0.851
2026-01-10T13:39:09.235Z,0.9,75,57.0,3.9,89.9,193,0.388,0.928
2026-01-10T13:39:09.235Z,0.95,41,54.0,3.9,88.9,105,0.390,0.965
2026-01-10T13:40:09.237Z,0.8,136,57.2,0.3,90.0,298,0.401,0.851
2026-01-10T13:40:09.237Z,0.9,75,57.0,3.9,89.9,193,0.388,0.928
2026-01-10T13:40:09.237Z,0.95,41,54.0,3.9,88.9,105,0.390,0.965
2026-01-10T13:41:09.238Z,0.8,136,57.2,0.3,90.0,298,0.401,0.851
2026-01-10T13:41:09.238Z,0.9,75,57.0,3.9,89.9,193,0.388,0.928
2026-01-10T13:41:09.238Z,0.95,41,54.0,3.9,88.9,105,0.390,0.965
2026-01-10T13:42:09.239Z,0.8,136,57.2,0.3,90.0,298,0.401,0.851
2026-01-10T13:42:09.239Z,0.9,75,57.0,3.9,89.9,193,0.388,0.928
2026-01-10T13:42:09.239Z,0.95,41,54.0,3.9,88.9,105,0.390,0.965
2026-01-10T13:43:09.240Z,0.8,136,57.2,0.3,90.0,298,0.401,0.851
2026-01-10T13:43:09.240Z,0.9,75,57.0,3.9,89.9,193,0.388,0.928
2026-01-10T13:43:09.240Z,0.95,41,54.0,3.9,88.9,105,0.390,0.965
2026-01-10T13:44:09.241Z,0.8,136,57.2,0.3,90.0,298,0.401,0.851
2026-01-10T13:44:09.241Z,0.9,75,57.0,3.9,89.9,193,0.388,0.928
2026-01-10T13:44:09.241Z,0.95,41,54.0,3.9,88.9,105,0.390,0.965
2026-01-10T13:45:09.243Z,0.8,136,57.2,0.3,90.0,298,0.401,0.851
2026-01-10T13:45:09.243Z,0.9,75,57.0,3.9,89.9,193,0.388,0.928
2026-01-10T13:45:09.243Z,0.95,41,54.0,3.9,88.9,105,0.390,0.965
2026-01-10T13:46:09.243Z,0.8,136,57.2,0.3,90.0,298,0.401,0.851
2026-01-10T13:46:09.243Z,0.9,75,57.0,3.9,89.9,193,0.388,0.928
2026-01-10T13:46:09.243Z,0.95,41,54.0,3.9,88.9,105,0.390,0.965
2026-01-10T13:47:09.244Z,0.8,136,57.2,0.3,90.0,298,0.401,0.851
2026-01-10T13:47:09.244Z,0.9,75,57.0,3.9,89.9,193,0.388,0.928
2026-01-10T13:47:09.244Z,0.95,41,54.0,3.9,88.9,105,0.390,0.965
2026-01-10T13:48:09.245Z,0.8,136,57.2,0.3,90.0,298,0.401,0.851
2026-01-10T13:48:09.245Z,0.9,75,57.0,3.9,89.9,193,0.388,0.928
2026-01-10T13:48:09.245Z,0.95,41,54.0,3.9,88.9,105,0.390,0.965
2026-01-10T13:49:09.247Z,0.8,136,57.2,0.3,90.0,298,0.401,0.851
2026-01-10T13:49:09.247Z,0.9,75,57.0,3.9,89.9,193,0.388,0.928
2026-01-10T13:49:09.247Z,0.95,41,54.0,3.9,88.9,105,0.390,0.965
2026-01-10T13:50:09.249Z,0.8,136,57.2,0.3,90.0,298,0.401,0.851
2026-01-10T13:50:09.249Z,0.9,75,57.0,3.9,89.9,193,0.388,0.928
2026-01-10T13:50:09.249Z,0.95,41,54.0,3.9,88.9,105,0.390,0.965
2026-01-10T13:51:09.250Z,0.8,136,57.2,0.3,90.0,298,0.401,0.851
2026-01-10T13:51:09.250Z,0.9,75,57.0,3.9,89.9,193,0.388,0.928
2026-01-10T13:51:09.250Z,0.95,41,54.0,3.9,88.9,105,0.390,0.965
2026-01-10T13:52:09.250Z,0.8,136,57.2,0.3,90.0,298,0.401,0.851
2026-01-10T13:52:09.250Z,0.9,75,57.0,3.9,89.9,193,0.388,0.928
2026-01-10T13:52:09.250Z,0.95,41,54.0,3.9,88.9,105,0.390,0.965
2026-01-10T13:53:09.254Z,0.8,136,57.2,0.3,90.0,298,0.401,0.851
2026-01-10T13:53:09.254Z,0.9,75,57.0,3.9,89.9,193,0.388,0.928
2026-01-10T13:53:09.254Z,0.95,41,54.0,3.9,88.9,105,0.390,0.965
2026-01-10T13:54:09.255Z,0.8,136,57.2,0.3,90.0,298,0.401,0.851
2026-01-10T13:54:09.255Z,0.9,75,57.0,3.9,89.9,193,0.388,0.928
2026-01-10T13:54:09.255Z,0.95,41,54.0,3.9,88.9,105,0.390,0.965
2026-01-10T13:55:09.255Z,0.8,136,57.2,0.3,90.0,298,0.401,0.851
2026-01-10T13:55:09.255Z,0.9,75,57.0,3.9,89.9,193,0.388,0.928
2026-01-10T13:55:09.255Z,0.95,41,54.0,3.9,88.9,105,0.390,0.965
2026-01-10T13:56:09.255Z,0.8,136,57.2,0.3,90.0,298,0.401,0.851
2026-01-10T13:56:09.255Z,0.9,75,57.0,3.9,89.9,193,0.388,0.928
2026-01-10T13:56:09.255Z,0.95,41,54.0,3.9,88.9,105,0.390,0.965
2026-01-10T13:57:09.257Z,0.8,136,57.2,0.3,90.0,298,0.401,0.851
2026-01-10T13:57:09.257Z,0.9,75,57.0,3.9,89.9,193,0.388,0.928
2026-01-10T13:57:09.257Z,0.95,41,54.0,3.9,88.9,105,0.390,0.965
2026-01-10T13:58:09.259Z,0.8,136,57.2,0.3,90.0,298,0.401,0.851
2026-01-10T13:58:09.259Z,0.9,75,57.0,3.9,89.9,193,0.388,0.928
2026-01-10T13:58:09.259Z,0.95,41,54.0,3.9,88.9,105,0.390,0.965
2026-01-10T13:59:09.259Z,0.8,136,57.2,0.3,90.0,298,0.401,0.851
2026-01-10T13:59:09.259Z,0.9,75,57.0,3.9,89.9,193,0.388,0.928
2026-01-10T13:59:09.259Z,0.95,41,54.0,3.9,88.9,105,0.390,0.965
2026-01-10T14:00:09.260Z,0.8,136,57.2,0.3,90.0,298,0.401,0.851
2026-01-10T14:00:09.260Z,0.9,75,57.0,3.9,89.9,193,0.388,0.928
2026-01-10T14:00:09.260Z,0.95,41,54.0,3.9,88.9,105,0.390,0.965
2026-01-10T14:01:09.261Z,0.8,136,57.2,0.3,90.0,298,0.401,0.851
2026-01-10T14:01:09.261Z,0.9,75,57.0,3.9,89.9,193,0.388,0.928
2026-01-10T14:01:09.261Z,0.95,41,54.0,3.9,88.9,105,0.390,0.965
2026-01-10T14:02:09.261Z,0.8,136,57.2,0.3,90.0,298,0.401,0.851
2026-01-10T14:02:09.261Z,0.9,75,57.0,3.9,89.9,193,0.388,0.928
2026-01-10T14:02:09.261Z,0.95,41,54.0,3.9,88.9,105,0.390,0.965
2026-01-10T14:03:09.263Z,0.8,136,57.2,0.3,90.0,298,0.401,0.851
2026-01-10T14:03:09.263Z,0.9,75,57.0,3.9,89.9,193,0.388,0.928
2026-01-10T14:03:09.263Z,0.95,41,54.0,3.9,88.9,105,0.390,0.965
2026-01-10T14:04:09.263Z,0.8,136,57.2,0.3,90.0,298,0.401,0.851
2026-01-10T14:04:09.263Z,0.9,75,57.0,3.9,89.9,193,0.388,0.928
2026-01-10T14:04:09.263Z,0.95,41,54.0,3.9,88.9,105,0.390,0.965
2026-01-10T14:05:09.266Z,0.8,136,57.2,0.3,90.0,298,0.401,0.851
2026-01-10T14:05:09.266Z,0.9,75,57.0,3.9,89.9,193,0.388,0.928
2026-01-10T14:05:09.266Z,0.95,41,54.0,3.9,88.9,105,0.390,0.965
2026-01-10T14:06:09.266Z,0.8,136,57.2,0.3,90.0,298,0.401,0.851
2026-01-10T14:06:09.266Z,0.9,75,57.0,3.9,89.9,193,0.388,0.928
2026-01-10T14:06:09.266Z,0.95,41,54.0,3.9,88.9,105,0.390,0.965
2026-01-10T14:07:09.267Z,0.8,136,57.2,0.3,90.0,298,0.401,0.851
2026-01-10T14:07:09.267Z,0.9,75,57.0,3.9,89.9,193,0.388,0.928
2026-01-10T14:07:09.267Z,0.95,41,54.0,3.9,88.9,105,0.390,0.965
2026-01-10T14:08:09.270Z,0.8,136,57.2,0.3,90.0,298,0.401,0.851
2026-01-10T14:08:09.270Z,0.9,75,57.0,3.9,89.9,193,0.388,0.928
2026-01-10T14:08:09.270Z,0.95,41,54.0,3.9,88.9,105,0.390,0.965
2026-01-10T14:09:09.271Z,0.8,136,57.2,0.3,90.0,298,0.401,0.851
2026-01-10T14:09:09.271Z,0.9,75,57.0,3.9,89.9,193,0.388,0.928
2026-01-10T14:09:09.271Z,0.95,41,54.0,3.9,88.9,105,0.390,0.965
2026-01-10T14:10:09.273Z,0.8,136,57.2,0.3,90.0,298,0.401,0.851
2026-01-10T14:10:09.273Z,0.9,75,57.0,3.9,89.9,193,0.388,0.928
2026-01-10T14:10:09.273Z,0.95,41,54.0,3.9,88.9,105,0.390,0.965
2026-01-10T14:11:09.273Z,0.8,136,57.2,0.3,90.0,298,0.401,0.851
2026-01-10T14:11:09.273Z,0.9,75,57.0,3.9,89.9,193,0.388,0.928
2026-01-10T14:11:09.273Z,0.95,41,54.0,3.9,88.9,105,0.390,0.965
2026-01-10T14:12:09.273Z,0.8,136,57.2,0.3,90.0,298,0.401,0.851
2026-01-10T14:12:09.273Z,0.9,77,56.7,2.7,89.9,194,0.389,0.929
2026-01-10T14:12:09.273Z,0.95,43,55.5,3.9,88.9,110,0.395,0.965
2026-01-10T14:13:09.274Z,0.8,136,57.2,0.3,90.0,298,0.401,0.851
2026-01-10T14:13:09.274Z,0.9,77,56.7,2.7,89.9,194,0.389,0.929
2026-01-10T14:13:09.274Z,0.95,43,55.5,3.9,88.9,110,0.395,0.965
2026-01-10T14:14:09.276Z,0.8,136,57.2,0.3,90.0,298,0.401,0.851
2026-01-10T14:14:09.276Z,0.9,77,56.7,2.7,89.9,194,0.389,0.929
2026-01-10T14:14:09.276Z,0.95,43,55.5,3.9,88.9,110,0.395,0.965
2026-01-10T14:15:09.277Z,0.8,136,57.2,0.3,90.0,298,0.401,0.851
2026-01-10T14:15:09.277Z,0.9,77,56.7,2.7,89.9,194,0.389,0.929
2026-01-10T14:15:09.277Z,0.95,43,55.5,3.9,88.9,110,0.395,0.965
2026-01-10T14:16:09.280Z,0.8,136,57.2,0.3,90.0,298,0.401,0.851
2026-01-10T14:16:09.280Z,0.9,77,56.7,2.7,89.9,194,0.389,0.929
2026-01-10T14:16:09.280Z,0.95,43,55.5,3.9,88.9,110,0.395,0.965
2026-01-10T14:17:09.280Z,0.8,136,57.2,0.3,90.0,298,0.401,0.851
2026-01-10T14:17:09.280Z,0.9,77,56.7,2.7,89.9,194,0.389,0.929
2026-01-10T14:17:09.280Z,0.95,43,55.5,3.9,88.9,110,0.395,0.965
2026-01-10T14:18:09.282Z,0.8,136,57.2,0.3,90.0,298,0.401,0.851
2026-01-10T14:18:09.282Z,0.9,77,56.7,2.7,89.9,194,0.389,0.929
2026-01-10T14:18:09.282Z,0.95,43,55.5,3.9,88.9,110,0.395,0.965
2026-01-10T14:19:09.282Z,0.8,136,57.2,0.3,90.0,298,0.401,0.851
2026-01-10T14:19:09.282Z,0.9,77,56.7,2.7,89.9,194,0.389,0.929
2026-01-10T14:19:09.282Z,0.95,43,55.5,3.9,88.9,110,0.395,0.965
2026-01-10T14:20:09.282Z,0.8,136,57.2,0.3,90.0,298,0.401,0.851
2026-01-10T14:20:09.282Z,0.9,77,56.7,2.7,89.9,194,0.389,0.929
2026-01-10T14:20:09.282Z,0.95,43,55.5,3.9,88.9,110,0.395,0.965
2026-01-10T14:21:09.285Z,0.8,136,57.2,0.3,90.0,298,0.401,0.851
2026-01-10T14:21:09.285Z,0.9,77,56.7,2.7,89.9,194,0.389,0.929
2026-01-10T14:21:09.285Z,0.95,43,55.5,3.9,88.9,110,0.395,0.965
2026-01-10T14:22:09.287Z,0.8,136,57.2,0.3,90.0,298,0.401,0.851
2026-01-10T14:22:09.287Z,0.9,77,56.7,2.7,89.9,194,0.389,0.929
2026-01-10T14:22:09.287Z,0.95,43,55.5,3.9,88.9,110,0.395,0.965
2026-01-10T14:23:09.288Z,0.8,136,57.2,0.3,90.0,298,0.401,0.851
2026-01-10T14:23:09.288Z,0.9,77,56.7,2.7,89.9,194,0.389,0.929
2026-01-10T14:23:09.288Z,0.95,43,55.5,3.9,88.9,110,0.395,0.965
2026-01-10T14:24:09.288Z,0.8,136,57.2,0.3,90.0,298,0.401,0.851
2026-01-10T14:24:09.288Z,0.9,77,56.7,2.7,89.9,194,0.389,0.929
2026-01-10T14:24:09.288Z,0.95,43,55.5,3.9,88.9,110,0.395,0.965
2026-01-10T14:25:09.289Z,0.8,136,57.2,0.3,90.0,298,0.401,0.851
2026-01-10T14:25:09.289Z,0.9,77,56.7,2.7,89.9,194,0.389,0.929
2026-01-10T14:25:09.289Z,0.95,43,55.5,3.9,88.9,110,0.395,0.965
2026-01-10T14:26:09.290Z,0.8,136,57.2,0.3,90.0,298,0.401,0.851
2026-01-10T14:26:09.290Z,0.9,77,56.7,2.7,89.9,194,0.389,0.929
2026-01-10T14:26:09.290Z,0.95,43,55.5,3.9,88.9,110,0.395,0.965
2026-01-10T14:27:09.292Z,0.8,136,57.2,0.3,90.0,298,0.401,0.851
2026-01-10T14:27:09.292Z,0.9,77,56.7,2.7,89.9,194,0.389,0.929
2026-01-10T14:27:09.292Z,0.95,43,55.5,3.9,88.9,110,0.395,0.965
2026-01-10T14:28:09.293Z,0.8,136,57.2,0.3,90.0,298,0.401,0.851
2026-01-10T14:28:09.293Z,0.9,77,56.7,2.7,89.9,194,0.389,0.929
2026-01-10T14:28:09.293Z,0.95,43,55.5,3.9,88.9,110,0.395,0.965
2026-01-10T14:29:09.295Z,0.8,136,57.2,0.3,90.0,298,0.401,0.851
2026-01-10T14:29:09.295Z,0.9,77,56.7,2.7,89.9,194,0.389,0.929
2026-01-10T14:29:09.295Z,0.95,43,55.5,3.9,88.9,110,0.395,0.965
2026-01-10T14:30:09.296Z,0.8,136,57.2,0.3,90.0,298,0.401,0.851
2026-01-10T14:30:09.296Z,0.9,77,56.7,2.7,89.9,194,0.389,0.929
2026-01-10T14:30:09.296Z,0.95,43,55.5,3.9,88.9,110,0.395,0.965
2026-01-10T14:31:09.297Z,0.8,136,57.2,0.3,90.0,298,0.401,0.851
2026-01-10T14:31:09.297Z,0.9,77,56.7,2.7,89.9,194,0.389,0.929
2026-01-10T14:31:09.297Z,0.95,43,55.5,3.9,88.9,110,0.395,0.965
2026-01-10T14:32:09.297Z,0.8,136,57.2,0.3,90.0,298,0.401,0.851
2026-01-10T14:32:09.297Z,0.9,77,56.7,2.7,89.9,194,0.389,0.929
2026-01-10T14:32:09.297Z,0.95,43,55.5,3.9,88.9,110,0.395,0.965
2026-01-10T14:33:09.298Z,0.8,136,57.2,0.3,90.0,298,0.401,0.851
2026-01-10T14:33:09.298Z,0.9,77,56.7,2.7,89.9,194,0.389,0.929
2026-01-10T14:33:09.298Z,0.95,43,55.5,3.9,88.9,110,0.395,0.965
2026-01-10T14:34:09.300Z,0.8,136,57.2,0.3,90.0,298,0.401,0.851
2026-01-10T14:34:09.300Z,0.9,77,56.7,2.7,89.9,194,0.389,0.929
2026-01-10T14:34:09.300Z,0.95,43,55.5,3.9,88.9,110,0.395,0.965
2026-01-10T14:35:09.302Z,0.8,136,57.2,0.3,90.0,298,0.401,0.851
2026-01-10T14:35:09.302Z,0.9,77,56.7,2.7,89.9,194,0.389,0.929
2026-01-10T14:35:09.302Z,0.95,43,55.5,3.9,88.9,110,0.395,0.965
2026-01-10T14:36:09.303Z,0.8,136,57.2,0.3,90.0,298,0.401,0.851
2026-01-10T14:36:09.303Z,0.9,77,56.7,2.7,89.9,194,0.389,0.929
2026-01-10T14:36:09.303Z,0.95,43,55.5,3.9,88.9,110,0.395,0.965
2026-01-10T14:37:09.304Z,0.8,136,57.2,0.3,90.0,298,0.401,0.851
2026-01-10T14:37:09.304Z,0.9,77,56.7,2.7,89.9,194,0.389,0.929
2026-01-10T14:37:09.304Z,0.95,43,55.5,3.9,88.9,110,0.395,0.965
2026-01-10T14:38:09.306Z,0.8,136,57.2,0.3,90.0,298,0.401,0.851
2026-01-10T14:38:09.306Z,0.9,77,56.7,2.7,89.9,194,0.389,0.929
2026-01-10T14:38:09.306Z,0.95,43,55.5,3.9,88.9,110,0.395,0.965
2026-01-10T14:39:09.308Z,0.8,136,57.2,0.3,90.0,298,0.401,0.851
2026-01-10T14:39:09.308Z,0.9,77,56.7,2.7,89.9,194,0.389,0.929
2026-01-10T14:39:09.308Z,0.95,43,55.5,3.9,88.9,110,0.395,0.965
2026-01-10T14:40:09.309Z,0.8,136,57.2,0.3,90.0,298,0.401,0.851
2026-01-10T14:40:09.309Z,0.9,77,56.7,2.7,89.9,194,0.389,0.929
2026-01-10T14:40:09.309Z,0.95,43,55.5,3.9,88.9,110,0.395,0.965
2026-01-10T14:41:09.310Z,0.8,136,57.2,0.3,90.0,298,0.401,0.851
2026-01-10T14:41:09.310Z,0.9,77,56.7,2.7,89.9,194,0.389,0.929
2026-01-10T14:41:09.310Z,0.95,43,55.5,3.9,88.9,110,0.395,0.965
2026-01-10T14:42:09.312Z,0.8,136,57.2,0.3,90.0,298,0.401,0.851
2026-01-10T14:42:09.312Z,0.9,77,56.7,2.7,89.9,194,0.389,0.929
2026-01-10T14:42:09.312Z,0.95,43,55.5,3.9,88.9,110,0.395,0.965
2026-01-10T14:43:09.312Z,0.8,136,57.2,0.3,90.0,298,0.401,0.851
2026-01-10T14:43:09.312Z,0.9,77,56.7,2.7,89.9,194,0.389,0.929
2026-01-10T14:43:09.312Z,0.95,43,55.5,3.9,88.9,110,0.395,0.965
2026-01-10T14:44:09.313Z,0.8,137,57.1,0.3,90.0,297,0.399,0.852
2026-01-10T14:44:09.313Z,0.9,78,56.6,2.7,89.9,192,0.385,0.929
2026-01-10T14:44:09.313Z,0.95,44,55.3,3.9,88.9,109,0.388,0.965
2026-01-10T14:45:09.314Z,0.8,137,57.1,0.3,90.0,297,0.399,0.852
2026-01-10T14:45:09.314Z,0.9,78,56.6,2.7,89.9,192,0.385,0.929
2026-01-10T14:45:09.314Z,0.95,44,55.3,3.9,88.9,109,0.388,0.965
2026-01-10T14:46:09.315Z,0.8,137,57.1,0.3,90.0,297,0.399,0.852
2026-01-10T14:46:09.315Z,0.9,78,56.6,2.7,89.9,192,0.385,0.929
2026-01-10T14:46:09.315Z,0.95,44,55.3,3.9,88.9,109,0.388,0.965
2026-01-10T14:47:09.317Z,0.8,137,57.1,0.3,90.0,297,0.399,0.852
2026-01-10T14:47:09.317Z,0.9,78,56.6,2.7,89.9,192,0.385,0.929
2026-01-10T14:47:09.317Z,0.95,44,55.3,3.9,88.9,109,0.388,0.965
2026-01-10T14:48:09.317Z,0.8,137,57.1,0.3,90.0,297,0.399,0.852
2026-01-10T14:48:09.317Z,0.9,78,56.6,2.7,89.9,192,0.385,0.929
2026-01-10T14:48:09.317Z,0.95,44,55.3,3.9,88.9,109,0.388,0.965
2026-01-10T14:49:09.320Z,0.8,137,57.1,0.3,90.0,297,0.399,0.852
2026-01-10T14:49:09.320Z,0.9,78,56.6,2.7,89.9,192,0.385,0.929
2026-01-10T14:49:09.320Z,0.95,44,55.3,3.9,88.9,109,0.388,0.965
2026-01-10T14:50:09.320Z,0.8,137,57.1,0.3,90.0,297,0.399,0.852
2026-01-10T14:50:09.320Z,0.9,78,56.6,2.7,89.9,192,0.385,0.929
2026-01-10T14:50:09.320Z,0.95,44,55.3,3.9,88.9,109,0.388,0.965
2026-01-10T14:51:09.321Z,0.8,137,57.1,0.3,90.0,297,0.399,0.852
2026-01-10T14:51:09.321Z,0.9,78,56.6,2.7,89.9,192,0.385,0.929
2026-01-10T14:51:09.321Z,0.95,44,55.3,3.9,88.9,109,0.388,0.965
2026-01-10T14:52:09.324Z,0.8,137,57.1,0.3,90.0,297,0.399,0.852
2026-01-10T14:52:09.324Z,0.9,78,56.6,2.7,89.9,192,0.385,0.929
2026-01-10T14:52:09.324Z,0.95,44,55.3,3.9,88.9,109,0.388,0.965
2026-01-10T14:53:09.324Z,0.8,137,57.1,0.3,90.0,297,0.399,0.852
2026-01-10T14:53:09.324Z,0.9,78,56.6,2.7,89.9,192,0.385,0.929
2026-01-10T14:53:09.324Z,0.95,44,55.3,3.9,88.9,109,0.388,0.965
2026-01-10T14:54:09.324Z,0.8,137,57.1,0.3,90.0,297,0.399,0.852
2026-01-10T14:54:09.324Z,0.9,78,56.6,2.7,89.9,192,0.385,0.929
2026-01-10T14:54:09.324Z,0.95,44,55.3,3.9,88.9,109,0.388,0.965
2026-01-10T14:55:09.326Z,0.8,137,57.1,0.3,90.0,297,0.399,0.852
2026-01-10T14:55:09.326Z,0.9,78,56.6,2.7,89.9,192,0.385,0.929
2026-01-10T14:55:09.326Z,0.95,44,55.3,3.9,88.9,109,0.388,0.965
2026-01-10T14:56:09.328Z,0.8,137,57.1,0.3,90.0,297,0.399,0.852
2026-01-10T14:56:09.328Z,0.9,78,56.6,2.7,89.9,192,0.385,0.929
2026-01-10T14:56:09.328Z,0.95,44,55.3,3.9,88.9,109,0.388,0.965
2026-01-10T14:57:09.328Z,0.8,137,57.1,0.3,90.0,297,0.399,0.852
2026-01-10T14:57:09.328Z,0.9,78,56.6,2.7,89.9,192,0.385,0.929
2026-01-10T14:57:09.328Z,0.95,44,55.3,3.9,88.9,109,0.388,0.965
2026-01-10T14:58:09.329Z,0.8,137,57.1,0.3,90.0,297,0.399,0.852
2026-01-10T14:58:09.329Z,0.9,78,56.6,2.7,89.9,192,0.385,0.929
2026-01-10T14:58:09.329Z,0.95,44,55.3,3.9,88.9,109,0.388,0.965
2026-01-10T14:59:09.330Z,0.8,137,57.1,0.3,90.0,297,0.399,0.852
2026-01-10T14:59:09.330Z,0.9,78,56.6,2.7,89.9,192,0.385,0.929
2026-01-10T14:59:09.330Z,0.95,44,55.3,3.9,88.9,109,0.388,0.965
2026-01-10T15:00:09.332Z,0.8,137,57.1,0.3,90.0,297,0.399,0.852
2026-01-10T15:00:09.332Z,0.9,78,56.6,2.7,89.9,192,0.385,0.929
2026-01-10T15:00:09.332Z,0.95,44,55.3,3.9,88.9,109,0.388,0.965
2026-01-10T15:01:09.335Z,0.8,137,57.1,0.3,90.0,297,0.399,0.852
2026-01-10T15:01:09.335Z,0.9,78,56.6,2.7,89.9,192,0.385,0.929
2026-01-10T15:01:09.335Z,0.95,44,55.3,3.9,88.9,109,0.388,0.965
2026-01-10T15:02:09.334Z,0.8,137,57.1,0.3,90.0,297,0.399,0.852
2026-01-10T15:02:09.334Z,0.9,78,56.6,2.7,89.9,192,0.385,0.929
2026-01-10T15:02:09.334Z,0.95,44,55.3,3.9,88.9,109,0.388,0.965
2026-01-10T15:03:09.335Z,0.8,137,57.1,0.3,90.0,297,0.399,0.852
2026-01-10T15:03:09.335Z,0.9,78,56.6,2.7,89.9,192,0.385,0.929
2026-01-10T15:03:09.335Z,0.95,44,55.3,3.9,88.9,109,0.388,0.965
2026-01-10T15:04:09.336Z,0.8,137,57.1,0.3,90.0,297,0.399,0.852
2026-01-10T15:04:09.336Z,0.9,78,56.6,2.7,89.9,192,0.385,0.929
2026-01-10T15:04:09.336Z,0.95,44,55.3,3.9,88.9,109,0.388,0.965
2026-01-10T15:05:09.338Z,0.8,137,57.1,0.3,90.0,297,0.399,0.852
2026-01-10T15:05:09.338Z,0.9,78,56.6,2.7,89.9,192,0.385,0.929
2026-01-10T15:05:09.338Z,0.95,44,55.3,3.9,88.9,109,0.388,0.965
2026-01-10T15:06:09.338Z,0.8,137,57.1,0.3,90.0,297,0.399,0.852
2026-01-10T15:06:09.338Z,0.9,78,56.6,2.7,89.9,192,0.385,0.929
2026-01-10T15:06:09.338Z,0.95,44,55.3,3.9,88.9,109,0.388,0.965
2026-01-10T15:07:09.338Z,0.8,137,57.1,0.3,90.0,297,0.399,0.852
2026-01-10T15:07:09.338Z,0.9,78,56.6,2.7,89.9,192,0.385,0.929
2026-01-10T15:07:09.338Z,0.95,44,55.3,3.9,88.9,109,0.388,0.965
2026-01-10T15:08:09.339Z,0.8,137,57.1,0.3,90.0,297,0.399,0.852
2026-01-10T15:08:09.339Z,0.9,78,56.6,2.7,89.9,192,0.385,0.929
2026-01-10T15:08:09.339Z,0.95,44,55.3,3.9,88.9,109,0.388,0.965
2026-01-10T15:09:09.339Z,0.8,137,57.1,0.3,90.0,297,0.399,0.852
2026-01-10T15:09:09.339Z,0.9,78,56.6,2.7,89.9,192,0.385,0.929
2026-01-10T15:09:09.339Z,0.95,44,55.3,3.9,88.9,109,0.388,0.965
2026-01-10T15:10:09.340Z,0.8,137,57.1,0.3,90.0,297,0.399,0.852
2026-01-10T15:10:09.340Z,0.9,78,56.6,2.7,89.9,192,0.385,0.929
2026-01-10T15:10:09.340Z,0.95,44,55.3,3.9,88.9,109,0.388,0.965
2026-01-10T15:11:09.341Z,0.8,137,57.1,0.3,90.0,297,0.399,0.852
2026-01-10T15:11:09.341Z,0.9,78,56.6,2.7,89.9,192,0.385,0.929
2026-01-10T15:11:09.341Z,0.95,44,55.3,3.9,88.9,109,0.388,0.965
2026-01-10T15:12:09.342Z,0.8,137,57.1,0.3,90.0,297,0.399,0.852
2026-01-10T15:12:09.342Z,0.9,78,56.6,2.7,89.9,192,0.385,0.929
2026-01-10T15:12:09.342Z,0.95,44,55.3,3.9,88.9,109,0.388,0.965
2026-01-10T15:13:09.342Z,0.8,137,57.1,0.3,90.0,297,0.399,0.852
2026-01-10T15:13:09.342Z,0.9,78,56.6,2.7,89.9,192,0.385,0.929
2026-01-10T15:13:09.342Z,0.95,44,55.3,3.9,88.9,109,0.388,0.965
2026-01-10T15:14:09.343Z,0.8,137,57.1,0.3,90.0,297,0.399,0.852
2026-01-10T15:14:09.343Z,0.9,78,56.6,2.7,89.9,192,0.385,0.929
2026-01-10T15:14:09.343Z,0.95,44,55.3,3.9,88.9,109,0.388,0.965
2026-01-10T15:15:09.343Z,0.8,137,57.1,0.3,90.0,297,0.399,0.852
2026-01-10T15:15:09.343Z,0.9,78,56.6,2.7,89.9,192,0.385,0.929
2026-01-10T15:15:09.343Z,0.95,44,55.3,3.9,88.9,109,0.388,0.965
2026-01-10T15:16:09.343Z,0.8,137,57.1,0.3,90.0,297,0.399,0.852
2026-01-10T15:16:09.343Z,0.9,78,56.6,2.7,89.9,192,0.385,0.929
2026-01-10T15:16:09.343Z,0.95,44,55.3,3.9,88.9,109,0.388,0.965
2026-01-10T15:17:09.345Z,0.8,137,57.1,0.3,90.0,297,0.399,0.852
2026-01-10T15:17:09.345Z,0.9,78,56.6,2.7,89.9,192,0.385,0.929
2026-01-10T15:17:09.345Z,0.95,44,55.3,3.9,88.9,109,0.388,0.965
2026-01-10T15:18:09.344Z,0.8,137,57.1,0.3,90.0,297,0.399,0.852
2026-01-10T15:18:09.344Z,0.9,78,56.6,2.7,89.9,192,0.385,0.929
2026-01-10T15:18:09.344Z,0.95,44,55.3,3.9,88.9,109,0.388,0.965
2026-01-10T15:19:09.346Z,0.8,137,57.1,0.3,90.0,297,0.399,0.852
2026-01-10T15:19:09.346Z,0.9,78,56.6,2.7,89.9,192,0.385,0.929
2026-01-10T15:19:09.346Z,0.95,44,55.3,3.9,88.9,109,0.388,0.965
2026-01-10T15:20:09.347Z,0.8,137,57.1,0.3,90.0,297,0.399,0.852
2026-01-10T15:20:09.347Z,0.9,78,56.6,2.7,89.9,192,0.385,0.929
2026-01-10T15:20:09.347Z,0.95,44,55.3,3.9,88.9,109,0.388,0.965
2026-01-10T15:21:09.348Z,0.8,137,57.1,0.3,90.0,297,0.399,0.852
2026-01-10T15:21:09.348Z,0.9,78,56.6,2.7,89.9,192,0.385,0.929
2026-01-10T15:21:09.348Z,0.95,44,55.3,3.9,88.9,109,0.388,0.965
2026-01-10T15:22:09.349Z,0.8,137,57.1,0.3,90.0,297,0.399,0.852
2026-01-10T15:22:09.349Z,0.9,78,56.6,2.7,89.9,192,0.385,0.929
2026-01-10T15:22:09.349Z,0.95,44,55.3,3.9,88.9,109,0.388,0.965
2026-01-10T15:23:09.351Z,0.8,137,57.1,0.3,90.0,297,0.399,0.852
2026-01-10T15:23:09.351Z,0.9,78,56.6,2.7,89.9,192,0.385,0.929
2026-01-10T15:23:09.351Z,0.95,44,55.3,3.9,88.9,109,0.388,0.965
2026-01-10T15:24:09.352Z,0.8,137,57.1,0.3,90.0,297,0.399,0.852
2026-01-10T15:24:09.352Z,0.9,78,56.6,2.7,89.9,192,0.385,0.929
2026-01-10T15:24:09.352Z,0.95,44,55.3,3.9,88.9,109,0.388,0.965
2026-01-10T15:25:09.353Z,0.8,137,57.1,0.3,90.0,297,0.399,0.852
2026-01-10T15:25:09.353Z,0.9,78,56.6,2.7,89.9,192,0.385,0.929
2026-01-10T15:25:09.353Z,0.95,44,55.3,3.9,88.9,109,0.388,0.965
2026-01-10T15:26:09.355Z,0.8,138,56.7,0.3,90.0,296,0.399,0.851
2026-01-10T15:26:09.355Z,0.9,78,56.6,2.7,89.9,192,0.385,0.929
2026-01-10T15:26:09.355Z,0.95,44,55.3,3.9,88.9,109,0.388,0.965
2026-01-10T15:27:09.355Z,0.8,139,56.7,0.3,90.0,296,0.399,0.851
2026-01-10T15:27:09.355Z,0.9,78,56.6,2.7,89.9,192,0.385,0.929
2026-01-10T15:27:09.355Z,0.95,44,55.3,3.9,88.9,109,0.388,0.965
2026-01-10T15:28:09.357Z,0.8,139,56.7,0.3,90.0,296,0.399,0.851
2026-01-10T15:28:09.357Z,0.9,78,56.6,2.7,89.9,192,0.385,0.929
2026-01-10T15:28:09.357Z,0.95,44,55.3,3.9,88.9,109,0.388,0.965
2026-01-10T15:29:09.357Z,0.8,139,56.7,0.3,90.0,296,0.399,0.851
2026-01-10T15:29:09.357Z,0.9,78,56.6,2.7,89.9,192,0.385,0.929
2026-01-10T15:29:09.357Z,0.95,44,55.3,3.9,88.9,109,0.388,0.965
2026-01-10T15:30:09.360Z,0.8,139,56.7,0.3,90.0,296,0.399,0.851
2026-01-10T15:30:09.360Z,0.9,78,56.6,2.7,89.9,192,0.385,0.929
2026-01-10T15:30:09.360Z,0.95,44,55.3,3.9,88.9,109,0.388,0.965
2026-01-10T15:31:09.359Z,0.8,139,56.7,0.3,90.0,296,0.399,0.851
2026-01-10T15:31:09.359Z,0.9,78,56.6,2.7,89.9,192,0.385,0.929
2026-01-10T15:31:09.359Z,0.95,44,55.3,3.9,88.9,109,0.388,0.965
2026-01-10T15:32:09.360Z,0.8,139,56.7,0.3,90.0,296,0.399,0.851
2026-01-10T15:32:09.360Z,0.9,78,56.6,2.7,89.9,192,0.385,0.929
2026-01-10T15:32:09.360Z,0.95,44,55.3,3.9,88.9,109,0.388,0.965
2026-01-10T15:33:09.362Z,0.8,139,56.7,0.3,90.0,296,0.399,0.851
2026-01-10T15:33:09.362Z,0.9,78,56.6,2.7,89.9,192,0.385,0.929
2026-01-10T15:33:09.362Z,0.95,44,55.3,3.9,88.9,109,0.388,0.965
2026-01-10T15:34:09.363Z,0.8,139,56.7,0.3,90.0,296,0.399,0.851
2026-01-10T15:34:09.363Z,0.9,78,56.6,2.7,89.9,192,0.385,0.929
2026-01-10T15:34:09.363Z,0.95,44,55.3,3.9,88.9,109,0.388,0.965
2026-01-10T15:35:09.364Z,0.8,139,56.7,0.3,90.0,296,0.399,0.851
2026-01-10T15:35:09.364Z,0.9,78,56.6,2.7,89.9,192,0.385,0.929
2026-01-10T15:35:09.364Z,0.95,44,55.3,3.9,88.9,109,0.388,0.965
2026-01-10T15:36:09.365Z,0.8,139,56.7,0.3,90.0,296,0.399,0.851
2026-01-10T15:36:09.365Z,0.9,78,56.6,2.7,89.9,192,0.385,0.929
2026-01-10T15:36:09.365Z,0.95,44,55.3,3.9,88.9,109,0.388,0.965
2026-01-10T15:37:09.364Z,0.8,139,56.7,0.3,90.0,296,0.399,0.851
2026-01-10T15:37:09.364Z,0.9,78,56.6,2.7,89.9,192,0.385,0.929
2026-01-10T15:37:09.364Z,0.95,44,55.3,3.9,88.9,109,0.388,0.965
2026-01-10T15:38:09.365Z,0.8,139,56.7,0.3,90.0,296,0.399,0.851
2026-01-10T15:38:09.365Z,0.9,78,56.6,2.7,89.9,192,0.385,0.929
2026-01-10T15:38:09.365Z,0.95,44,55.3,3.9,88.9,109,0.388,0.965
2026-01-10T15:39:09.365Z,0.8,139,56.7,0.3,90.0,296,0.399,0.851
2026-01-10T15:39:09.365Z,0.9,78,56.6,2.7,89.9,192,0.385,0.929
2026-01-10T15:39:09.365Z,0.95,44,55.3,3.9,88.9,109,0.388,0.965
2026-01-10T15:40:09.365Z,0.8,139,56.7,0.3,90.0,296,0.399,0.851
2026-01-10T15:40:09.365Z,0.9,78,56.6,2.7,89.9,192,0.385,0.929
2026-01-10T15:40:09.365Z,0.95,44,55.3,3.9,88.9,109,0.388,0.965
2026-01-10T15:41:09.366Z,0.8,139,56.7,0.3,90.0,296,0.399,0.851
2026-01-10T15:41:09.366Z,0.9,78,56.6,2.7,89.9,192,0.385,0.929
2026-01-10T15:41:09.366Z,0.95,44,55.3,3.9,88.9,109,0.388,0.965
2026-01-10T15:42:09.367Z,0.8,139,56.7,0.3,90.0,296,0.399,0.851
2026-01-10T15:42:09.367Z,0.9,78,56.6,2.7,89.9,192,0.385,0.929
2026-01-10T15:42:09.367Z,0.95,44,55.3,3.9,88.9,109,0.388,0.965
2026-01-10T15:43:09.371Z,0.8,139,56.7,0.3,90.0,296,0.399,0.851
2026-01-10T15:43:09.371Z,0.9,78,56.6,2.7,89.9,192,0.385,0.929
2026-01-10T15:43:09.371Z,0.95,44,55.3,3.9,88.9,109,0.388,0.965
2026-01-10T15:44:09.369Z,0.8,139,56.7,0.3,90.0,296,0.399,0.851
2026-01-10T15:44:09.369Z,0.9,78,56.6,2.7,89.9,192,0.385,0.929
2026-01-10T15:44:09.369Z,0.95,44,55.3,3.9,88.9,109,0.388,0.965
2026-01-10T15:45:09.370Z,0.8,139,56.7,0.3,90.0,296,0.399,0.851
2026-01-10T15:45:09.370Z,0.9,78,56.6,2.7,89.9,192,0.385,0.929
2026-01-10T15:45:09.370Z,0.95,44,55.3,3.9,88.9,109,0.388,0.965
2026-01-10T15:46:09.370Z,0.8,139,56.7,0.3,90.0,296,0.399,0.851
2026-01-10T15:46:09.370Z,0.9,78,56.6,2.7,89.9,192,0.385,0.929
2026-01-10T15:46:09.370Z,0.95,44,55.3,3.9,88.9,109,0.388,0.965
2026-01-10T15:47:09.370Z,0.8,139,56.7,0.3,90.0,296,0.399,0.851
2026-01-10T15:47:09.370Z,0.9,78,56.6,2.7,89.9,192,0.385,0.929
2026-01-10T15:47:09.370Z,0.95,44,55.3,3.9,88.9,109,0.388,0.965
2026-01-10T15:48:09.371Z,0.8,139,56.7,0.3,90.0,296,0.399,0.851
2026-01-10T15:48:09.371Z,0.9,78,56.6,2.7,89.9,192,0.385,0.929
2026-01-10T15:48:09.371Z,0.95,44,55.3,3.9,88.9,109,0.388,0.965
2026-01-10T15:49:09.371Z,0.8,139,56.7,0.3,90.0,296,0.399,0.851
2026-01-10T15:49:09.371Z,0.9,78,56.6,2.7,89.9,192,0.385,0.929
2026-01-10T15:49:09.371Z,0.95,44,55.3,3.9,88.9,109,0.388,0.965
2026-01-10T15:50:09.371Z,0.8,139,56.7,0.3,90.0,296,0.399,0.851
2026-01-10T15:50:09.371Z,0.9,78,56.6,2.7,89.9,192,0.385,0.929
2026-01-10T15:50:09.371Z,0.95,44,55.3,3.9,88.9,109,0.388,0.965
2026-01-10T15:51:09.373Z,0.8,139,56.7,0.3,90.0,296,0.399,0.851
2026-01-10T15:51:09.373Z,0.9,78,56.6,2.7,89.9,192,0.385,0.929
2026-01-10T15:51:09.373Z,0.95,44,55.3,3.9,88.9,109,0.388,0.965
2026-01-10T15:52:09.375Z,0.8,139,56.7,0.3,90.0,296,0.399,0.851
2026-01-10T15:52:09.375Z,0.9,78,56.6,2.7,89.9,192,0.385,0.929
2026-01-10T15:52:09.375Z,0.95,44,55.3,3.9,88.9,109,0.388,0.965
2026-01-10T15:53:09.374Z,0.8,139,56.7,0.3,90.0,296,0.399,0.851
2026-01-10T15:53:09.374Z,0.9,78,56.6,2.7,89.9,192,0.385,0.929
2026-01-10T15:53:09.374Z,0.95,44,55.3,3.9,88.9,109,0.388,0.965
2026-01-10T15:54:09.375Z,0.8,139,56.7,0.3,90.0,296,0.399,0.851
2026-01-10T15:54:09.375Z,0.9,78,56.6,2.7,89.9,192,0.385,0.929
2026-01-10T15:54:09.375Z,0.95,44,55.3,3.9,88.9,109,0.388,0.965
2026-01-10T15:55:09.376Z,0.8,139,56.7,0.3,90.0,296,0.399,0.851
2026-01-10T15:55:09.376Z,0.9,78,56.6,2.7,89.9,192,0.385,0.929
2026-01-10T15:55:09.376Z,0.95,44,55.3,3.9,88.9,109,0.388,0.965
2026-01-10T15:56:09.378Z,0.8,139,56.7,0.3,90.0,296,0.399,0.851
2026-01-10T15:56:09.378Z,0.9,78,56.6,2.7,89.9,192,0.385,0.929
2026-01-10T15:56:09.378Z,0.95,44,55.3,3.9,88.9,109,0.388,0.965
2026-01-10T15:57:09.378Z,0.8,139,56.7,0.3,90.0,296,0.399,0.851
2026-01-10T15:57:09.378Z,0.9,78,56.6,2.7,89.9,192,0.385,0.929
2026-01-10T15:57:09.378Z,0.95,44,55.3,3.9,88.9,109,0.388,0.965
2026-01-10T15:58:09.380Z,0.8,139,56.7,0.3,90.0,296,0.399,0.851
2026-01-10T15:58:09.380Z,0.9,78,56.6,2.7,89.9,192,0.385,0.929
2026-01-10T15:58:09.380Z,0.95,44,55.3,3.9,88.9,109,0.388,0.965
2026-01-10T15:59:09.381Z,0.8,139,56.7,0.3,90.0,296,0.399,0.851
2026-01-10T15:59:09.381Z,0.9,78,56.6,2.7,89.9,192,0.385,0.929
2026-01-10T15:59:09.381Z,0.95,44,55.3,3.9,88.9,109,0.388,0.965
2026-01-10T16:00:09.381Z,0.8,140,56.8,0.3,90.0,294,0.399,0.852
2026-01-10T16:00:09.381Z,0.9,79,56.7,2.7,89.9,190,0.386,0.930
2026-01-10T16:00:09.381Z,0.95,44,55.3,3.9,88.9,109,0.388,0.965
2026-01-10T16:01:09.383Z,0.8,140,56.8,0.3,90.0,294,0.399,0.852
2026-01-10T16:01:09.383Z,0.9,79,56.7,2.7,89.9,190,0.386,0.930
2026-01-10T16:01:09.383Z,0.95,44,55.3,3.9,88.9,109,0.388,0.965
2026-01-10T16:02:09.384Z,0.8,140,56.8,0.3,90.0,294,0.399,0.852
2026-01-10T16:02:09.384Z,0.9,79,56.7,2.7,89.9,190,0.386,0.930
2026-01-10T16:02:09.384Z,0.95,44,55.3,3.9,88.9,109,0.388,0.965
2026-01-10T16:03:09.384Z,0.8,140,56.8,0.3,90.0,294,0.399,0.852
2026-01-10T16:03:09.384Z,0.9,79,56.7,2.7,89.9,190,0.386,0.930
2026-01-10T16:03:09.384Z,0.95,44,55.3,3.9,88.9,109,0.388,0.965
2026-01-10T16:04:09.386Z,0.8,140,56.8,0.3,90.0,294,0.399,0.852
2026-01-10T16:04:09.386Z,0.9,79,56.7,2.7,89.9,190,0.386,0.930
2026-01-10T16:04:09.386Z,0.95,44,55.3,3.9,88.9,109,0.388,0.965
2026-01-10T16:05:09.387Z,0.8,140,56.8,0.3,90.0,294,0.399,0.852
2026-01-10T16:05:09.387Z,0.9,79,56.7,2.7,89.9,190,0.386,0.930
2026-01-10T16:05:09.387Z,0.95,44,55.3,3.9,88.9,109,0.388,0.965
2026-01-10T16:06:09.389Z,0.8,140,56.8,0.3,90.0,294,0.399,0.852
2026-01-10T16:06:09.389Z,0.9,79,56.7,2.7,89.9,190,0.386,0.930
2026-01-10T16:06:09.389Z,0.95,44,55.3,3.9,88.9,109,0.388,0.965
2026-01-10T16:07:09.391Z,0.8,140,56.8,0.3,90.0,294,0.399,0.852
2026-01-10T16:07:09.391Z,0.9,79,56.7,2.7,89.9,190,0.386,0.930
2026-01-10T16:07:09.391Z,0.95,44,55.3,3.9,88.9,109,0.388,0.965
2026-01-10T16:08:09.392Z,0.8,140,56.8,0.3,90.0,294,0.399,0.852
2026-01-10T16:08:09.392Z,0.9,79,56.7,2.7,89.9,190,0.386,0.930
2026-01-10T16:08:09.392Z,0.95,44,55.3,3.9,88.9,109,0.388,0.965
2026-01-10T16:09:09.393Z,0.8,140,56.8,0.3,90.0,294,0.399,0.852
2026-01-10T16:09:09.393Z,0.9,79,56.7,2.7,89.9,190,0.386,0.930
2026-01-10T16:09:09.393Z,0.95,44,55.3,3.9,88.9,109,0.388,0.965
2026-01-10T16:10:09.393Z,0.8,140,56.8,0.3,90.0,294,0.399,0.852
2026-01-10T16:10:09.393Z,0.9,79,56.7,2.7,89.9,190,0.386,0.930
2026-01-10T16:10:09.393Z,0.95,44,55.3,3.9,88.9,109,0.388,0.965
2026-01-10T16:11:09.394Z,0.8,140,56.8,0.3,90.0,294,0.399,0.852
2026-01-10T16:11:09.394Z,0.9,79,56.7,2.7,89.9,190,0.386,0.930
2026-01-10T16:11:09.394Z,0.95,44,55.3,3.9,88.9,109,0.388,0.965
2026-01-10T16:12:09.394Z,0.8,142,56.7,0.3,90.0,292,0.395,0.852
2026-01-10T16:12:09.394Z,0.9,81,56.5,2.7,89.9,190,0.380,0.930
2026-01-10T16:12:09.394Z,0.95,48,53.8,3.9,88.9,115,0.375,0.964
2026-01-10T16:13:09.397Z,0.8,143,56.4,0.3,90.0,291,0.396,0.853
2026-01-10T16:13:09.397Z,0.9,82,56.0,2.7,89.9,190,0.380,0.931
2026-01-10T16:13:09.397Z,0.95,49,53.1,3.9,88.9,116,0.375,0.964
2026-01-10T16:14:09.398Z,0.8,143,56.4,0.3,90.0,291,0.396,0.853
2026-01-10T16:14:09.398Z,0.9,82,56.0,2.7,89.9,190,0.380,0.931
2026-01-10T16:14:09.398Z,0.95,49,53.1,3.9,88.9,116,0.375,0.964
2026-01-10T16:15:09.399Z,0.8,143,56.4,0.3,90.0,291,0.396,0.853
2026-01-10T16:15:09.399Z,0.9,82,56.0,2.7,89.9,190,0.380,0.931
2026-01-10T16:15:09.399Z,0.95,49,53.1,3.9,88.9,116,0.375,0.964
2026-01-10T16:16:09.400Z,0.8,143,56.4,0.3,90.0,291,0.396,0.853
2026-01-10T16:16:09.400Z,0.9,82,56.0,2.7,89.9,190,0.380,0.931
2026-01-10T16:16:09.400Z,0.95,49,53.1,3.9,88.9,116,0.375,0.964
2026-01-10T16:17:09.400Z,0.8,143,56.4,0.3,90.0,291,0.396,0.853
2026-01-10T16:17:09.400Z,0.9,82,56.0,2.7,89.9,190,0.380,0.931
2026-01-10T16:17:09.400Z,0.95,49,53.1,3.9,88.9,116,0.375,0.964
2026-01-10T16:18:09.401Z,0.8,143,56.4,0.3,90.0,291,0.396,0.853
2026-01-10T16:18:09.401Z,0.9,82,56.0,2.7,89.9,190,0.380,0.931
2026-01-10T16:18:09.401Z,0.95,49,53.1,3.9,88.9,116,0.375,0.964
2026-01-10T16:19:09.402Z,0.8,143,56.4,0.3,90.0,291,0.396,0.853
2026-01-10T16:19:09.402Z,0.9,82,56.0,2.7,89.9,190,0.380,0.931
2026-01-10T16:19:09.402Z,0.95,49,53.1,3.9,88.9,116,0.375,0.964
2026-01-10T16:20:09.403Z,0.8,143,56.4,0.3,90.0,291,0.396,0.853
2026-01-10T16:20:09.403Z,0.9,82,56.0,2.7,89.9,190,0.380,0.931
2026-01-10T16:20:09.403Z,0.95,49,53.1,3.9,88.9,116,0.375,0.964
2026-01-10T16:21:09.404Z,0.8,143,56.4,0.3,90.0,291,0.396,0.853
2026-01-10T16:21:09.404Z,0.9,82,56.0,2.7,89.9,190,0.380,0.931
2026-01-10T16:21:09.404Z,0.95,49,53.1,3.9,88.9,116,0.375,0.964
2026-01-10T16:22:09.405Z,0.8,143,56.4,0.3,90.0,291,0.396,0.853
2026-01-10T16:22:09.405Z,0.9,82,56.0,2.7,89.9,190,0.380,0.931
2026-01-10T16:22:09.405Z,0.95,49,53.1,3.9,88.9,116,0.375,0.964
2026-01-10T16:23:09.406Z,0.8,143,56.4,0.3,90.0,291,0.396,0.853
2026-01-10T16:23:09.406Z,0.9,82,56.0,2.7,89.9,190,0.380,0.931
2026-01-10T16:23:09.406Z,0.95,49,53.1,3.9,88.9,116,0.375,0.964
2026-01-10T16:24:09.406Z,0.8,143,56.4,0.3,90.0,291,0.396,0.853
2026-01-10T16:24:09.406Z,0.9,82,56.0,2.7,89.9,190,0.380,0.931
2026-01-10T16:24:09.406Z,0.95,49,53.1,3.9,88.9,116,0.375,0.964
2026-01-10T16:25:09.407Z,0.8,143,56.4,0.3,90.0,291,0.396,0.853
2026-01-10T16:25:09.407Z,0.9,82,56.0,2.7,89.9,190,0.380,0.931
2026-01-10T16:25:09.407Z,0.95,49,53.1,3.9,88.9,116,0.375,0.964
2026-01-10T16:26:09.407Z,0.8,143,56.4,0.3,90.0,291,0.396,0.853
2026-01-10T16:26:09.407Z,0.9,82,56.0,2.7,89.9,190,0.380,0.931
2026-01-10T16:26:09.407Z,0.95,49,53.1,3.9,88.9,116,0.375,0.964
2026-01-10T16:27:09.409Z,0.8,143,56.4,0.3,90.0,291,0.396,0.853
2026-01-10T16:27:09.409Z,0.9,82,56.0,2.7,89.9,190,0.380,0.931
2026-01-10T16:27:09.409Z,0.95,49,53.1,3.9,88.9,116,0.375,0.964
2026-01-10T16:28:09.411Z,0.8,143,56.4,0.3,90.0,291,0.396,0.853
2026-01-10T16:28:09.411Z,0.9,82,56.0,2.7,89.9,190,0.380,0.931
2026-01-10T16:28:09.411Z,0.95,49,53.1,3.9,88.9,116,0.375,0.964
2026-01-10T16:29:09.413Z,0.8,143,56.4,0.3,90.0,291,0.396,0.853
2026-01-10T16:29:09.413Z,0.9,82,56.0,2.7,89.9,190,0.380,0.931
2026-01-10T16:29:09.413Z,0.95,49,53.1,3.9,88.9,116,0.375,0.964
2026-01-10T16:30:09.413Z,0.8,144,56.5,0.3,90.0,289,0.396,0.854
2026-01-10T16:30:09.413Z,0.9,82,56.0,2.7,89.9,190,0.380,0.931
2026-01-10T16:30:09.413Z,0.95,49,53.1,3.9,88.9,116,0.375,0.964
2026-01-10T16:31:09.414Z,0.8,144,56.5,0.3,90.0,289,0.396,0.854
2026-01-10T16:31:09.414Z,0.9,82,56.0,2.7,89.9,190,0.380,0.931
2026-01-10T16:31:09.414Z,0.95,49,53.1,3.9,88.9,116,0.375,0.964
2026-01-10T16:32:09.416Z,0.8,144,56.5,0.3,90.0,289,0.396,0.854
2026-01-10T16:32:09.416Z,0.9,82,56.0,2.7,89.9,190,0.380,0.931
2026-01-10T16:32:09.416Z,0.95,49,53.1,3.9,88.9,116,0.375,0.964
2026-01-10T16:33:09.416Z,0.8,144,56.5,0.3,90.0,289,0.396,0.854
2026-01-10T16:33:09.416Z,0.9,82,56.0,2.7,89.9,190,0.380,0.931
2026-01-10T16:33:09.416Z,0.95,49,53.1,3.9,88.9,116,0.375,0.964
2026-01-10T16:34:09.418Z,0.8,144,56.5,0.3,90.0,289,0.396,0.854
2026-01-10T16:34:09.418Z,0.9,82,56.0,2.7,89.9,190,0.380,0.931
2026-01-10T16:34:09.418Z,0.95,49,53.1,3.9,88.9,116,0.375,0.964
2026-01-10T16:35:09.419Z,0.8,144,56.5,0.3,90.0,289,0.396,0.854
2026-01-10T16:35:09.419Z,0.9,82,56.0,2.7,89.9,190,0.380,0.931
2026-01-10T16:35:09.419Z,0.95,49,53.1,3.9,88.9,116,0.375,0.964
2026-01-10T16:36:09.419Z,0.8,144,56.5,0.3,90.0,289,0.396,0.854
2026-01-10T16:36:09.419Z,0.9,82,56.0,2.7,89.9,190,0.380,0.931
2026-01-10T16:36:09.419Z,0.95,49,53.1,3.9,88.9,116,0.375,0.964
2026-01-10T16:37:09.420Z,0.8,144,56.5,0.3,90.0,289,0.396,0.854
2026-01-10T16:37:09.420Z,0.9,82,56.0,2.7,89.9,190,0.380,0.931
2026-01-10T16:37:09.420Z,0.95,49,53.1,3.9,88.9,116,0.375,0.964
2026-01-10T16:38:09.422Z,0.8,144,56.5,0.3,90.0,289,0.396,0.854
2026-01-10T16:38:09.422Z,0.9,82,56.0,2.7,89.9,190,0.380,0.931
2026-01-10T16:38:09.422Z,0.95,49,53.1,3.9,88.9,116,0.375,0.964
2026-01-10T16:39:09.423Z,0.8,144,56.5,0.3,90.0,289,0.396,0.854
2026-01-10T16:39:09.423Z,0.9,82,56.0,2.7,89.9,190,0.380,0.931
2026-01-10T16:39:09.423Z,0.95,49,53.1,3.9,88.9,116,0.375,0.964
2026-01-10T16:40:09.423Z,0.8,144,56.5,0.3,90.0,289,0.396,0.854
2026-01-10T16:40:09.423Z,0.9,82,56.0,2.7,89.9,190,0.380,0.931
2026-01-10T16:40:09.423Z,0.95,49,53.1,3.9,88.9,116,0.375,0.964
2026-01-10T16:41:09.426Z,0.8,144,56.5,0.3,90.0,289,0.396,0.854
2026-01-10T16:41:09.426Z,0.9,82,56.0,2.7,89.9,190,0.380,0.931
2026-01-10T16:41:09.426Z,0.95,49,53.1,3.9,88.9,116,0.375,0.964
2026-01-10T16:42:09.426Z,0.8,144,56.5,0.3,90.0,289,0.396,0.854
2026-01-10T16:42:09.426Z,0.9,82,56.0,2.7,89.9,190,0.380,0.931
2026-01-10T16:42:09.426Z,0.95,49,53.1,3.9,88.9,116,0.375,0.964
2026-01-10T16:43:09.426Z,0.8,144,56.5,0.3,90.0,289,0.396,0.854
2026-01-10T16:43:09.426Z,0.9,82,56.0,2.7,89.9,190,0.380,0.931
2026-01-10T16:43:09.426Z,0.95,49,53.1,3.9,88.9,116,0.375,0.964
2026-01-10T16:44:09.427Z,0.8,144,56.5,0.3,90.0,289,0.396,0.854
2026-01-10T16:44:09.427Z,0.9,82,56.0,2.7,89.9,190,0.380,0.931
2026-01-10T16:44:09.427Z,0.95,49,53.1,3.9,88.9,116,0.375,0.964
2026-01-10T16:45:09.429Z,0.8,144,56.5,0.3,90.0,289,0.396,0.854
2026-01-10T16:45:09.429Z,0.9,82,56.0,2.7,89.9,190,0.380,0.931
2026-01-10T16:45:09.429Z,0.95,49,53.1,3.9,88.9,116,0.375,0.964
2026-01-10T16:46:09.430Z,0.8,144,56.5,0.3,90.0,289,0.396,0.854
2026-01-10T16:46:09.430Z,0.9,82,56.0,2.7,89.9,190,0.380,0.931
2026-01-10T16:46:09.430Z,0.95,49,53.1,3.9,88.9,116,0.375,0.964
2026-01-10T16:47:09.431Z,0.8,144,56.5,0.3,90.0,289,0.396,0.854
2026-01-10T16:47:09.431Z,0.9,82,56.0,2.7,89.9,190,0.380,0.931
2026-01-10T16:47:09.431Z,0.95,49,53.1,3.9,88.9,116,0.375,0.964
2026-01-10T16:48:09.431Z,0.8,144,56.5,0.3,90.0,289,0.396,0.854
2026-01-10T16:48:09.431Z,0.9,82,56.0,2.7,89.9,190,0.380,0.931
2026-01-10T16:48:09.431Z,0.95,49,53.1,3.9,88.9,116,0.375,0.964
2026-01-10T16:49:09.433Z,0.8,144,56.5,0.3,90.0,289,0.396,0.854
2026-01-10T16:49:09.433Z,0.9,82,56.0,2.7,89.9,190,0.380,0.931
2026-01-10T16:49:09.433Z,0.95,49,53.1,3.9,88.9,116,0.375,0.964
2026-01-10T16:50:09.433Z,0.8,144,56.5,0.3,90.0,289,0.396,0.854
2026-01-10T16:50:09.433Z,0.9,82,56.0,2.7,89.9,190,0.380,0.931
2026-01-10T16:50:09.433Z,0.95,49,53.1,3.9,88.9,116,0.375,0.964
2026-01-10T16:51:09.434Z,0.8,144,56.5,0.3,90.0,289,0.396,0.854
2026-01-10T16:51:09.434Z,0.9,82,56.0,2.7,89.9,190,0.380,0.931
2026-01-10T16:51:09.434Z,0.95,49,53.1,3.9,88.9,116,0.375,0.964
2026-01-10T16:52:09.435Z,0.8,144,56.5,0.3,90.0,289,0.396,0.854
2026-01-10T16:52:09.435Z,0.9,82,56.0,2.7,89.9,190,0.380,0.931
2026-01-10T16:52:09.435Z,0.95,49,53.1,3.9,88.9,116,0.375,0.964
2026-01-10T16:53:09.435Z,0.8,144,56.5,0.3,90.0,289,0.396,0.854
2026-01-10T16:53:09.435Z,0.9,82,56.0,2.7,89.9,190,0.380,0.931
2026-01-10T16:53:09.435Z,0.95,49,53.1,3.9,88.9,116,0.375,0.964
2026-01-10T16:54:09.436Z,0.8,144,56.5,0.3,90.0,289,0.396,0.854
2026-01-10T16:54:09.436Z,0.9,82,56.0,2.7,89.9,190,0.380,0.931
2026-01-10T16:54:09.436Z,0.95,49,53.1,3.9,88.9,116,0.375,0.964
2026-01-10T16:55:09.438Z,0.8,144,56.5,0.3,90.0,289,0.396,0.854
2026-01-10T16:55:09.438Z,0.9,82,56.0,2.7,89.9,190,0.380,0.931
2026-01-10T16:55:09.438Z,0.95,49,53.1,3.9,88.9,116,0.375,0.964
2026-01-10T16:56:09.435Z,0.8,144,56.5,0.3,90.0,289,0.396,0.854
2026-01-10T16:56:09.435Z,0.9,82,56.0,2.7,89.9,190,0.380,0.931
2026-01-10T16:56:09.435Z,0.95,49,53.1,3.9,88.9,116,0.375,0.964
2026-01-10T16:57:09.436Z,0.8,144,56.5,0.3,90.0,289,0.396,0.854
2026-01-10T16:57:09.436Z,0.9,82,56.0,2.7,89.9,190,0.380,0.931
2026-01-10T16:57:09.436Z,0.95,49,53.1,3.9,88.9,116,0.375,0.964
2026-01-10T16:58:09.436Z,0.8,144,56.5,0.3,90.0,289,0.396,0.854
2026-01-10T16:58:09.436Z,0.9,82,56.0,2.7,89.9,190,0.380,0.931
2026-01-10T16:58:09.436Z,0.95,49,53.1,3.9,88.9,116,0.375,0.964
2026-01-10T16:59:09.438Z,0.8,144,56.5,0.3,90.0,289,0.396,0.854
2026-01-10T16:59:09.438Z,0.9,82,56.0,2.7,89.9,190,0.380,0.931
2026-01-10T16:59:09.438Z,0.95,49,53.1,3.9,88.9,116,0.375,0.964
2026-01-10T17:00:09.439Z,0.8,144,56.5,0.3,90.0,289,0.396,0.854
2026-01-10T17:00:09.439Z,0.9,82,56.0,2.7,89.9,190,0.380,0.931
2026-01-10T17:00:09.439Z,0.95,49,53.1,3.9,88.9,116,0.375,0.964
2026-01-10T17:01:09.451Z,0.8,144,56.5,0.3,90.0,289,0.396,0.854
2026-01-10T17:01:09.451Z,0.9,82,56.0,2.7,89.9,190,0.380,0.931
2026-01-10T17:01:09.451Z,0.95,49,53.1,3.9,88.9,116,0.375,0.964
2026-01-10T17:02:09.440Z,0.8,144,56.5,0.3,90.0,289,0.396,0.854
2026-01-10T17:02:09.440Z,0.9,82,56.0,2.7,89.9,190,0.380,0.931
2026-01-10T17:02:09.440Z,0.95,49,53.1,3.9,88.9,116,0.375,0.964
2026-01-10T17:03:09.440Z,0.8,144,56.5,0.3,90.0,289,0.396,0.854
2026-01-10T17:03:09.440Z,0.9,82,56.0,2.7,89.9,190,0.380,0.931
2026-01-10T17:03:09.440Z,0.95,49,53.1,3.9,88.9,116,0.375,0.964
2026-01-10T17:04:09.441Z,0.8,144,56.5,0.3,90.0,289,0.396,0.854
2026-01-10T17:04:09.441Z,0.9,82,56.0,2.7,89.9,190,0.380,0.931
2026-01-10T17:04:09.441Z,0.95,49,53.1,3.9,88.9,116,0.375,0.964
2026-01-10T17:05:09.441Z,0.8,144,56.5,0.3,90.0,289,0.396,0.854
2026-01-10T17:05:09.441Z,0.9,82,56.0,2.7,89.9,190,0.380,0.931
2026-01-10T17:05:09.441Z,0.95,49,53.1,3.9,88.9,116,0.375,0.964
2026-01-10T17:06:09.442Z,0.8,144,56.5,0.3,90.0,289,0.396,0.854
2026-01-10T17:06:09.442Z,0.9,82,56.0,2.7,89.9,190,0.380,0.931
2026-01-10T17:06:09.442Z,0.95,49,53.1,3.9,88.9,116,0.375,0.964
2026-01-10T17:07:09.444Z,0.8,144,56.5,0.3,90.0,289,0.396,0.854
2026-01-10T17:07:09.444Z,0.9,82,56.0,2.7,89.9,190,0.380,0.931
2026-01-10T17:07:09.444Z,0.95,49,53.1,3.9,88.9,116,0.375,0.964
2026-01-10T17:08:09.444Z,0.8,144,56.5,0.3,90.0,289,0.396,0.854
2026-01-10T17:08:09.444Z,0.9,82,56.0,2.7,89.9,190,0.380,0.931
2026-01-10T17:08:09.444Z,0.95,49,53.1,3.9,88.9,116,0.375,0.964
2026-01-10T17:09:09.445Z,0.8,144,56.5,0.3,90.0,289,0.396,0.854
2026-01-10T17:09:09.445Z,0.9,82,56.0,2.7,89.9,190,0.380,0.931
2026-01-10T17:09:09.445Z,0.95,49,53.1,3.9,88.9,116,0.375,0.964
2026-01-10T17:10:09.445Z,0.8,144,56.5,0.3,90.0,289,0.396,0.854
2026-01-10T17:10:09.445Z,0.9,82,56.0,2.7,89.9,190,0.380,0.931
2026-01-10T17:10:09.445Z,0.95,49,53.1,3.9,88.9,116,0.375,0.964
2026-01-10T17:11:09.445Z,0.8,144,56.5,0.3,90.0,289,0.396,0.854
2026-01-10T17:11:09.445Z,0.9,82,56.0,2.7,89.9,190,0.380,0.931
2026-01-10T17:11:09.445Z,0.95,49,53.1,3.9,88.9,116,0.375,0.964
2026-01-10T17:12:09.446Z,0.8,144,56.5,0.3,90.0,289,0.396,0.854
2026-01-10T17:12:09.446Z,0.9,82,56.0,2.7,89.9,190,0.380,0.931
2026-01-10T17:12:09.446Z,0.95,49,53.1,3.9,88.9,116,0.375,0.964
2026-01-10T17:13:09.445Z,0.8,144,56.5,0.3,90.0,289,0.396,0.854
2026-01-10T17:13:09.445Z,0.9,82,56.0,2.7,89.9,190,0.380,0.931
2026-01-10T17:13:09.445Z,0.95,49,53.1,3.9,88.9,116,0.375,0.964
2026-01-10T17:14:09.446Z,0.8,144,56.5,0.3,90.0,289,0.396,0.854
2026-01-10T17:14:09.446Z,0.9,82,56.0,2.7,89.9,190,0.380,0.931
2026-01-10T17:14:09.446Z,0.95,49,53.1,3.9,88.9,116,0.375,0.964
2026-01-10T17:15:09.447Z,0.8,144,56.5,0.3,90.0,289,0.396,0.854
2026-01-10T17:15:09.447Z,0.9,82,56.0,2.7,89.9,190,0.380,0.931
2026-01-10T17:15:09.447Z,0.95,49,53.1,3.9,88.9,116,0.375,0.964
2026-01-10T17:16:09.447Z,0.8,144,56.5,0.3,90.0,289,0.396,0.854
2026-01-10T17:16:09.447Z,0.9,82,56.0,2.7,89.9,190,0.380,0.931
2026-01-10T17:16:09.447Z,0.95,49,53.1,3.9,88.9,116,0.375,0.964
2026-01-10T17:17:09.454Z,0.8,144,56.5,0.3,90.0,289,0.396,0.854
2026-01-10T17:17:09.454Z,0.9,82,56.0,2.7,89.9,190,0.380,0.931
2026-01-10T17:17:09.454Z,0.95,49,53.1,3.9,88.9,116,0.375,0.964
2026-01-10T17:18:09.448Z,0.8,144,56.5,0.3,90.0,289,0.396,0.854
2026-01-10T17:18:09.448Z,0.9,82,56.0,2.7,89.9,190,0.380,0.931
2026-01-10T17:18:09.448Z,0.95,49,53.1,3.9,88.9,116,0.375,0.964
2026-01-10T17:19:09.449Z,0.8,144,56.5,0.3,90.0,289,0.396,0.854
2026-01-10T17:19:09.449Z,0.9,82,56.0,2.7,89.9,190,0.380,0.931
2026-01-10T17:19:09.449Z,0.95,49,53.1,3.9,88.9,116,0.375,0.964
2026-01-10T17:20:09.449Z,0.8,144,56.5,0.3,90.0,289,0.396,0.854
2026-01-10T17:20:09.449Z,0.9,82,56.0,2.7,89.9,190,0.380,0.931
2026-01-10T17:20:09.449Z,0.95,49,53.1,3.9,88.9,116,0.375,0.964
2026-01-10T17:21:09.450Z,0.8,144,56.5,0.3,90.0,289,0.396,0.854
2026-01-10T17:21:09.450Z,0.9,82,56.0,2.7,89.9,190,0.380,0.931
2026-01-10T17:21:09.450Z,0.95,49,53.1,3.9,88.9,116,0.375,0.964
2026-01-10T17:22:09.450Z,0.8,144,56.5,0.3,90.0,289,0.396,0.854
2026-01-10T17:22:09.450Z,0.9,82,56.0,2.7,89.9,190,0.380,0.931
2026-01-10T17:22:09.450Z,0.95,49,53.1,3.9,88.9,116,0.375,0.964
2026-01-10T17:23:09.457Z,0.8,144,56.5,0.3,90.0,289,0.396,0.854
2026-01-10T17:23:09.457Z,0.9,82,56.0,2.7,89.9,190,0.380,0.931
2026-01-10T17:23:09.457Z,0.95,49,53.1,3.9,88.9,116,0.375,0.964
2026-01-10T17:24:09.458Z,0.8,144,56.5,0.3,90.0,289,0.396,0.854
2026-01-10T17:24:09.458Z,0.9,82,56.0,2.7,89.9,190,0.380,0.931
2026-01-10T17:24:09.458Z,0.95,49,53.1,3.9,88.9,116,0.375,0.964
2026-01-10T17:25:09.460Z,0.8,144,56.5,0.3,90.0,289,0.396,0.854
2026-01-10T17:25:09.460Z,0.9,82,56.0,2.7,89.9,190,0.380,0.931
2026-01-10T17:25:09.460Z,0.95,49,53.1,3.9,88.9,116,0.375,0.964
2026-01-10T17:26:09.460Z,0.8,144,56.5,0.3,90.0,289,0.396,0.854
2026-01-10T17:26:09.460Z,0.9,82,56.0,2.7,89.9,190,0.380,0.931
2026-01-10T17:26:09.460Z,0.95,49,53.1,3.9,88.9,116,0.375,0.964
2026-01-10T17:27:09.460Z,0.8,144,56.5,0.3,90.0,289,0.396,0.854
2026-01-10T17:27:09.460Z,0.9,82,56.0,2.7,89.9,190,0.380,0.931
2026-01-10T17:27:09.460Z,0.95,49,53.1,3.9,88.9,116,0.375,0.964
2026-01-10T17:28:09.461Z,0.8,144,56.5,0.3,90.0,289,0.396,0.854
2026-01-10T17:28:09.461Z,0.9,82,56.0,2.7,89.9,190,0.380,0.931
2026-01-10T17:28:09.461Z,0.95,49,53.1,3.9,88.9,116,0.375,0.964
2026-01-10T17:29:09.462Z,0.8,144,56.5,0.3,90.0,289,0.396,0.854
2026-01-10T17:29:09.462Z,0.9,82,56.0,2.7,89.9,190,0.380,0.931
2026-01-10T17:29:09.462Z,0.95,49,53.1,3.9,88.9,116,0.375,0.964
2026-01-10T17:30:09.462Z,0.8,144,56.5,0.3,90.0,289,0.396,0.854
2026-01-10T17:30:09.462Z,0.9,82,56.0,2.7,89.9,190,0.380,0.931
2026-01-10T17:30:09.462Z,0.95,49,53.1,3.9,88.9,116,0.375,0.964
2026-01-10T17:31:09.461Z,0.8,144,56.5,0.3,90.0,289,0.396,0.854
2026-01-10T17:31:09.461Z,0.9,82,56.0,2.7,89.9,190,0.380,0.931
2026-01-10T17:31:09.461Z,0.95,49,53.1,3.9,88.9,116,0.375,0.964
2026-01-10T17:32:09.463Z,0.8,144,56.5,0.3,90.0,289,0.396,0.854
2026-01-10T17:32:09.463Z,0.9,82,56.0,2.7,89.9,190,0.380,0.931
2026-01-10T17:32:09.463Z,0.95,49,53.1,3.9,88.9,116,0.375,0.964
2026-01-10T17:33:09.462Z,0.8,144,56.5,0.3,90.0,289,0.396,0.854
2026-01-10T17:33:09.462Z,0.9,82,56.0,2.7,89.9,190,0.380,0.931
2026-01-10T17:33:09.462Z,0.95,49,53.1,3.9,88.9,116,0.375,0.964
2026-01-10T17:34:09.465Z,0.8,144,56.5,0.3,90.0,289,0.396,0.854
2026-01-10T17:34:09.465Z,0.9,82,56.0,2.7,89.9,190,0.380,0.931
2026-01-10T17:34:09.465Z,0.95,49,53.1,3.9,88.9,116,0.375,0.964
2026-01-10T17:35:09.465Z,0.8,144,56.5,0.3,90.0,289,0.396,0.854
2026-01-10T17:35:09.465Z,0.9,82,56.0,2.7,89.9,190,0.380,0.931
2026-01-10T17:35:09.465Z,0.95,49,53.1,3.9,88.9,116,0.375,0.964
2026-01-10T17:36:09.465Z,0.8,144,56.5,0.3,90.0,289,0.396,0.854
2026-01-10T17:36:09.465Z,0.9,82,56.0,2.7,89.9,190,0.380,0.931
2026-01-10T17:36:09.465Z,0.95,49,53.1,3.9,88.9,116,0.375,0.964
2026-01-10T17:37:09.466Z,0.8,144,56.5,0.3,90.0,289,0.396,0.854
2026-01-10T17:37:09.466Z,0.9,82,56.0,2.7,89.9,190,0.380,0.931
2026-01-10T17:37:09.466Z,0.95,49,53.1,3.9,88.9,116,0.375,0.964
2026-01-10T17:38:09.467Z,0.8,144,56.5,0.3,90.0,289,0.396,0.854
2026-01-10T17:38:09.467Z,0.9,82,56.0,2.7,89.9,190,0.380,0.931
2026-01-10T17:38:09.467Z,0.95,49,53.1,3.9,88.9,116,0.375,0.964
2026-01-10T17:39:09.465Z,0.8,144,56.5,0.3,90.0,289,0.396,0.854
2026-01-10T17:39:09.465Z,0.9,82,56.0,2.7,89.9,190,0.380,0.931
2026-01-10T17:39:09.465Z,0.95,49,53.1,3.9,88.9,116,0.375,0.964
2026-01-10T17:40:09.465Z,0.8,144,56.5,0.3,90.0,289,0.396,0.854
2026-01-10T17:40:09.465Z,0.9,82,56.0,2.7,89.9,190,0.380,0.931
2026-01-10T17:40:09.465Z,0.95,49,53.1,3.9,88.9,116,0.375,0.964
2026-01-10T17:41:09.466Z,0.8,144,56.5,0.3,90.0,289,0.396,0.854
2026-01-10T17:41:09.466Z,0.9,82,56.0,2.7,89.9,190,0.380,0.931
2026-01-10T17:41:09.466Z,0.95,49,53.1,3.9,88.9,116,0.375,0.964
2026-01-10T17:42:09.468Z,0.8,144,56.5,0.3,90.0,289,0.396,0.854
2026-01-10T17:42:09.468Z,0.9,82,56.0,2.7,89.9,190,0.380,0.931
2026-01-10T17:42:09.468Z,0.95,49,53.1,3.9,88.9,116,0.375,0.964
2026-01-10T17:43:09.467Z,0.8,144,56.5,0.3,90.0,289,0.396,0.854
2026-01-10T17:43:09.467Z,0.9,82,56.0,2.7,89.9,190,0.380,0.931
2026-01-10T17:43:09.467Z,0.95,49,53.1,3.9,88.9,116,0.375,0.964
2026-01-10T17:44:09.468Z,0.8,144,56.5,0.3,90.0,289,0.396,0.854
2026-01-10T17:44:09.468Z,0.9,82,56.0,2.7,89.9,190,0.380,0.931
2026-01-10T17:44:09.468Z,0.95,49,53.1,3.9,88.9,116,0.375,0.964
2026-01-10T17:45:09.469Z,0.8,144,56.5,0.3,90.0,289,0.396,0.854
2026-01-10T17:45:09.469Z,0.9,82,56.0,2.7,89.9,190,0.380,0.931
2026-01-10T17:45:09.469Z,0.95,49,53.1,3.9,88.9,116,0.375,0.964
2026-01-10T17:46:09.471Z,0.8,144,56.5,0.3,90.0,289,0.396,0.854
2026-01-10T17:46:09.471Z,0.9,82,56.0,2.7,89.9,190,0.380,0.931
2026-01-10T17:46:09.471Z,0.95,49,53.1,3.9,88.9,116,0.375,0.964
2026-01-10T17:47:09.470Z,0.8,144,56.5,0.3,90.0,289,0.396,0.854
2026-01-10T17:47:09.470Z,0.9,82,56.0,2.7,89.9,190,0.380,0.931
2026-01-10T17:47:09.470Z,0.95,49,53.1,3.9,88.9,116,0.375,0.964
2026-01-10T17:48:09.471Z,0.8,145,56.8,0.3,90.0,293,0.396,0.853
2026-01-10T17:48:09.471Z,0.9,82,56.0,2.7,89.9,190,0.380,0.931
2026-01-10T17:48:09.471Z,0.95,49,53.1,3.9,88.9,116,0.375,0.964
2026-01-10T17:49:09.471Z,0.8,145,56.8,0.3,90.0,293,0.396,0.853
2026-01-10T17:49:09.471Z,0.9,82,56.0,2.7,89.9,190,0.380,0.931
2026-01-10T17:49:09.471Z,0.95,49,53.1,3.9,88.9,116,0.375,0.964
2026-01-10T17:50:09.471Z,0.8,145,56.8,0.3,90.0,293,0.396,0.853
2026-01-10T17:50:09.471Z,0.9,82,56.0,2.7,89.9,190,0.380,0.931
2026-01-10T17:50:09.471Z,0.95,49,53.1,3.9,88.9,116,0.375,0.964
2026-01-10T17:51:09.474Z,0.8,145,56.8,0.3,90.0,293,0.396,0.853
2026-01-10T17:51:09.474Z,0.9,82,56.0,2.7,89.9,190,0.380,0.931
2026-01-10T17:51:09.474Z,0.95,49,53.1,3.9,88.9,116,0.375,0.964
2026-01-10T17:52:09.474Z,0.8,145,56.8,0.3,90.0,293,0.396,0.853
2026-01-10T17:52:09.474Z,0.9,82,56.0,2.7,89.9,190,0.380,0.931
2026-01-10T17:52:09.474Z,0.95,49,53.1,3.9,88.9,116,0.375,0.964
2026-01-10T17:53:09.474Z,0.8,145,56.8,0.3,90.0,293,0.396,0.853
2026-01-10T17:53:09.474Z,0.9,82,56.0,2.7,89.9,190,0.380,0.931
2026-01-10T17:53:09.474Z,0.95,49,53.1,3.9,88.9,116,0.375,0.964
2026-01-10T17:54:09.473Z,0.8,145,56.8,0.3,90.0,293,0.396,0.853
2026-01-10T17:54:09.473Z,0.9,82,56.0,2.7,89.9,190,0.380,0.931
2026-01-10T17:54:09.473Z,0.95,49,53.1,3.9,88.9,116,0.375,0.964
